
*** Running vivado
    with args -log BASIC.vds -m64 -product Vivado -mode batch -messageDb vivado.pb -notrace -source BASIC.tcl


****** Vivado v2020.1 (64-bit)
  **** SW Build 2902540 on Wed May 27 19:54:35 MDT 2020
  **** IP Build 2902112 on Wed May 27 22:43:36 MDT 2020
    ** Copyright 1986-2020 Xilinx, Inc. All Rights Reserved.

source BASIC.tcl -notrace
INFO: [IP_Flow 19-234] Refreshing IP repositories
INFO: [IP_Flow 19-1704] No user IP repositories specified
INFO: [IP_Flow 19-2313] Loaded Vivado IP repository '/media/steckler/xilinx_linux/vitis_2020.1/Vivado/2020.1/data/ip'.
INFO: [IP_Flow 19-234] Refreshing IP repositories
INFO: [IP_Flow 19-1704] No user IP repositories specified
WARNING: [IP_Flow 19-587] [HDL Parser] HDL port or parameter 'kill_cnt' has a dependency on the module local parameter or undefined parameter 'KILL_CNT_W'.
INFO: [IP_Flow 19-5107] Inferred bus interface 'rst' of definition 'xilinx.com:signal:reset:1.0' (from Xilinx Repository).
INFO: [IP_Flow 19-5107] Inferred bus interface 'clk' of definition 'xilinx.com:signal:clock:1.0' (from Xilinx Repository).
INFO: [IP_Flow 19-4728] Bus Interface 'clk': Added interface parameter 'ASSOCIATED_RESET' with value 'rst'.
WARNING: [IP_Flow 19-5661] Bus Interface 'clk' does not have any bus interfaces associated with it.
INFO: [IP_Flow 19-234] Refreshing IP repositories
INFO: [IP_Flow 19-1704] No user IP repositories specified
INFO: [IP_Flow 19-234] Refreshing IP repositories
INFO: [IP_Flow 19-1704] No user IP repositories specified
INFO: [IP_Flow 19-234] Refreshing IP repositories
INFO: [IP_Flow 19-1704] No user IP repositories specified
INFO: [IP_Flow 19-5151] The Range '31:0' is present in all ports of the interface 'rd'. It is assumed that this is meant to declare an array of interface. If this is not the desired behaviour, switch of this feature by disabling the parameter 'ips.enableInterfaceArrayInference'.
INFO: [IP_Flow 19-5151] The Range '31:0' is present in all ports of the interface 'rs1'. It is assumed that this is meant to declare an array of interface. If this is not the desired behaviour, switch of this feature by disabling the parameter 'ips.enableInterfaceArrayInference'.
INFO: [IP_Flow 19-5151] The Range '31:0' is present in all ports of the interface 'rs2'. It is assumed that this is meant to declare an array of interface. If this is not the desired behaviour, switch of this feature by disabling the parameter 'ips.enableInterfaceArrayInference'.
INFO: [IP_Flow 19-5107] Inferred bus interface 'clk' of definition 'xilinx.com:signal:clock:1.0' (from Xilinx Repository).
WARNING: [IP_Flow 19-5661] Bus Interface 'clk' does not have any bus interfaces associated with it.
INFO: [IP_Flow 19-234] Refreshing IP repositories
INFO: [IP_Flow 19-1704] No user IP repositories specified
INFO: [IP_Flow 19-234] Refreshing IP repositories
INFO: [IP_Flow 19-1704] No user IP repositories specified
INFO: [IP_Flow 19-234] Refreshing IP repositories
INFO: [IP_Flow 19-1704] No user IP repositories specified
INFO: [IP_Flow 19-234] Refreshing IP repositories
INFO: [IP_Flow 19-1704] No user IP repositories specified
INFO: [IP_Flow 19-234] Refreshing IP repositories
INFO: [IP_Flow 19-1704] No user IP repositories specified
INFO: [IP_Flow 19-234] Refreshing IP repositories
INFO: [IP_Flow 19-1704] No user IP repositories specified
INFO: [IP_Flow 19-234] Refreshing IP repositories
INFO: [IP_Flow 19-1704] No user IP repositories specified
INFO: [IP_Flow 19-234] Refreshing IP repositories
INFO: [IP_Flow 19-1704] No user IP repositories specified
INFO: [IP_Flow 19-5107] Inferred bus interface 'rst' of definition 'xilinx.com:signal:reset:1.0' (from Xilinx Repository).
INFO: [IP_Flow 19-5107] Inferred bus interface 'clk' of definition 'xilinx.com:signal:clock:1.0' (from Xilinx Repository).
INFO: [IP_Flow 19-4728] Bus Interface 'clk': Added interface parameter 'ASSOCIATED_RESET' with value 'rst'.
WARNING: [IP_Flow 19-5661] Bus Interface 'clk' does not have any bus interfaces associated with it.
INFO: [IP_Flow 19-234] Refreshing IP repositories
INFO: [IP_Flow 19-1704] No user IP repositories specified
INFO: [IP_Flow 19-5151] The Range '31:0' is present in all ports of the interface 'dmem'. It is assumed that this is meant to declare an array of interface. If this is not the desired behaviour, switch of this feature by disabling the parameter 'ips.enableInterfaceArrayInference'.
INFO: [IP_Flow 19-5107] Inferred bus interface 'rst' of definition 'xilinx.com:signal:reset:1.0' (from Xilinx Repository).
INFO: [IP_Flow 19-5107] Inferred bus interface 'clk' of definition 'xilinx.com:signal:clock:1.0' (from Xilinx Repository).
INFO: [IP_Flow 19-4728] Bus Interface 'clk': Added interface parameter 'ASSOCIATED_RESET' with value 'rst'.
WARNING: [IP_Flow 19-5661] Bus Interface 'clk' does not have any bus interfaces associated with it.
INFO: [IP_Flow 19-234] Refreshing IP repositories
INFO: [IP_Flow 19-1704] No user IP repositories specified
INFO: [IP_Flow 19-5151] The Range '31:0' is present in all ports of the interface 'interface_aximm'. It is assumed that this is meant to declare an array of interface. If this is not the desired behaviour, switch of this feature by disabling the parameter 'ips.enableInterfaceArrayInference'.
INFO: [IP_Flow 19-5107] Inferred bus interface 'rst' of definition 'xilinx.com:signal:reset:1.0' (from Xilinx Repository).
INFO: [IP_Flow 19-5107] Inferred bus interface 'clk' of definition 'xilinx.com:signal:clock:1.0' (from Xilinx Repository).
INFO: [IP_Flow 19-4728] Bus Interface 'clk': Added interface parameter 'ASSOCIATED_RESET' with value 'rst'.
INFO: [IP_Flow 19-818] Not transferring value dependency attribute "(1 << spirit:decode(id('MODELPARAM_VALUE.ADDR_WIDTH')))" into user parameter "WORDS".
WARNING: [IP_Flow 19-5661] Bus Interface 'clk' does not have any bus interfaces associated with it.
INFO: [IP_Flow 19-234] Refreshing IP repositories
INFO: [IP_Flow 19-1704] No user IP repositories specified
INFO: [IP_Flow 19-5107] Inferred bus interface 'rst' of definition 'xilinx.com:signal:reset:1.0' (from Xilinx Repository).
INFO: [IP_Flow 19-5107] Inferred bus interface 'clk' of definition 'xilinx.com:signal:clock:1.0' (from Xilinx Repository).
INFO: [IP_Flow 19-4728] Bus Interface 'clk': Added interface parameter 'ASSOCIATED_RESET' with value 'rst'.
WARNING: [IP_Flow 19-5661] Bus Interface 'clk' does not have any bus interfaces associated with it.
INFO: [IP_Flow 19-234] Refreshing IP repositories
INFO: [IP_Flow 19-1704] No user IP repositories specified
INFO: [IP_Flow 19-5151] The Range '31:0' is present in all ports of the interface 'rd'. It is assumed that this is meant to declare an array of interface. If this is not the desired behaviour, switch of this feature by disabling the parameter 'ips.enableInterfaceArrayInference'.
INFO: [IP_Flow 19-234] Refreshing IP repositories
INFO: [IP_Flow 19-1704] No user IP repositories specified
INFO: [IP_Flow 19-234] Refreshing IP repositories
INFO: [IP_Flow 19-1704] No user IP repositories specified
INFO: [IP_Flow 19-234] Refreshing IP repositories
INFO: [IP_Flow 19-1704] No user IP repositories specified
INFO: [IP_Flow 19-234] Refreshing IP repositories
INFO: [IP_Flow 19-1704] No user IP repositories specified
INFO: [IP_Flow 19-5151] The Range '31:0' is present in all ports of the interface 'interface_aximm'. It is assumed that this is meant to declare an array of interface. If this is not the desired behaviour, switch of this feature by disabling the parameter 'ips.enableInterfaceArrayInference'.
INFO: [IP_Flow 19-5107] Inferred bus interface 'rst' of definition 'xilinx.com:signal:reset:1.0' (from Xilinx Repository).
INFO: [IP_Flow 19-5107] Inferred bus interface 'clk' of definition 'xilinx.com:signal:clock:1.0' (from Xilinx Repository).
INFO: [IP_Flow 19-4728] Bus Interface 'clk': Added interface parameter 'ASSOCIATED_RESET' with value 'rst'.
WARNING: [IP_Flow 19-5661] Bus Interface 'clk' does not have any bus interfaces associated with it.
INFO: [IP_Flow 19-234] Refreshing IP repositories
INFO: [IP_Flow 19-1704] No user IP repositories specified
WARNING: [IP_Flow 19-587] [HDL Parser] HDL port or parameter 'write_txdata' has a dependency on the module local parameter or undefined parameter 'UART_TXDATA'.
WARNING: [IP_Flow 19-587] [HDL Parser] HDL port or parameter 'read_rxdata' has a dependency on the module local parameter or undefined parameter 'UART_RXDATA'.
INFO: [IP_Flow 19-5151] The Range '31:0' is present in all ports of the interface 'interface_aximm'. It is assumed that this is meant to declare an array of interface. If this is not the desired behaviour, switch of this feature by disabling the parameter 'ips.enableInterfaceArrayInference'.
INFO: [IP_Flow 19-5107] Inferred bus interface 'rst' of definition 'xilinx.com:signal:reset:1.0' (from Xilinx Repository).
INFO: [IP_Flow 19-5107] Inferred bus interface 'clk' of definition 'xilinx.com:signal:clock:1.0' (from Xilinx Repository).
INFO: [IP_Flow 19-4728] Bus Interface 'clk': Added interface parameter 'ASSOCIATED_RESET' with value 'rst'.
WARNING: [IP_Flow 19-5661] Bus Interface 'clk' does not have any bus interfaces associated with it.
INFO: [IP_Flow 19-234] Refreshing IP repositories
INFO: [IP_Flow 19-1704] No user IP repositories specified
INFO: [IP_Flow 19-5107] Inferred bus interface 'rst' of definition 'xilinx.com:signal:reset:1.0' (from Xilinx Repository).
INFO: [IP_Flow 19-5107] Inferred bus interface 'clk' of definition 'xilinx.com:signal:clock:1.0' (from Xilinx Repository).
INFO: [IP_Flow 19-4728] Bus Interface 'clk': Added interface parameter 'ASSOCIATED_RESET' with value 'rst'.
WARNING: [IP_Flow 19-5661] Bus Interface 'clk' does not have any bus interfaces associated with it.
INFO: [IP_Flow 19-234] Refreshing IP repositories
INFO: [IP_Flow 19-1704] No user IP repositories specified
WARNING: [IP_Flow 19-587] [HDL Parser] HDL port or parameter 'if_tag' has a dependency on the module local parameter or undefined parameter 'TAG_BITS'.
WARNING: [IP_Flow 19-587] [HDL Parser] HDL port or parameter 'update_tag' has a dependency on the module local parameter or undefined parameter 'TAG_BITS'.
INFO: [IP_Flow 19-5107] Inferred bus interface 'rst' of definition 'xilinx.com:signal:reset:1.0' (from Xilinx Repository).
INFO: [IP_Flow 19-5107] Inferred bus interface 'clk' of definition 'xilinx.com:signal:clock:1.0' (from Xilinx Repository).
INFO: [IP_Flow 19-4728] Bus Interface 'clk': Added interface parameter 'ASSOCIATED_RESET' with value 'rst'.
INFO: [IP_Flow 19-818] Not transferring value dependency attribute "(1 << spirit:decode(id('MODELPARAM_VALUE.ENTRY_BITS')))" into user parameter "ENTRY_NUM".
WARNING: [IP_Flow 19-5661] Bus Interface 'clk' does not have any bus interfaces associated with it.
INFO: [IP_Flow 19-234] Refreshing IP repositories
INFO: [IP_Flow 19-1704] No user IP repositories specified
WARNING: [IP_Flow 19-587] [HDL Parser] HDL port or parameter 'hit_value' has a dependency on the module local parameter or undefined parameter 'ADDR_VALUE'.
WARNING: [IP_Flow 19-587] [HDL Parser] HDL port or parameter 'hit_cmp' has a dependency on the module local parameter or undefined parameter 'ADDR_CMP'.
WARNING: [IP_Flow 19-587] [HDL Parser] HDL port or parameter 'hit_ctrl' has a dependency on the module local parameter or undefined parameter 'ADDR_CTRL'.
WARNING: [IP_Flow 19-587] [HDL Parser] HDL port or parameter 'hit_status' has a dependency on the module local parameter or undefined parameter 'ADDR_STATUS'.
INFO: [IP_Flow 19-5151] The Range '31:0' is present in all ports of the interface 'interface_aximm'. It is assumed that this is meant to declare an array of interface. If this is not the desired behaviour, switch of this feature by disabling the parameter 'ips.enableInterfaceArrayInference'.
INFO: [IP_Flow 19-5107] Inferred bus interface 'rst' of definition 'xilinx.com:signal:reset:1.0' (from Xilinx Repository).
INFO: [IP_Flow 19-5107] Inferred bus interface 'clk' of definition 'xilinx.com:signal:clock:1.0' (from Xilinx Repository).
INFO: [IP_Flow 19-5107] Inferred bus interface 'timer_irq' of definition 'xilinx.com:signal:interrupt:1.0' (from Xilinx Repository).
INFO: [IP_Flow 19-4728] Bus Interface 'timer_irq': Added interface parameter 'SENSITIVITY' with value 'LEVEL_HIGH'.
INFO: [IP_Flow 19-4728] Bus Interface 'clk': Added interface parameter 'ASSOCIATED_RESET' with value 'rst'.
WARNING: [IP_Flow 19-5661] Bus Interface 'clk' does not have any bus interfaces associated with it.
INFO: [IP_Flow 19-234] Refreshing IP repositories
INFO: [IP_Flow 19-1704] No user IP repositories specified
INFO: [IP_Flow 19-5151] The Range '31:0' is present in all ports of the interface 'gpio'. It is assumed that this is meant to declare an array of interface. If this is not the desired behaviour, switch of this feature by disabling the parameter 'ips.enableInterfaceArrayInference'.
INFO: [IP_Flow 19-5151] The Range '31:0' is present in all ports of the interface 'mem_req'. It is assumed that this is meant to declare an array of interface. If this is not the desired behaviour, switch of this feature by disabling the parameter 'ips.enableInterfaceArrayInference'.
INFO: [IP_Flow 19-5151] The Range '31:0' is present in all ports of the interface 'mem_rsp'. It is assumed that this is meant to declare an array of interface. If this is not the desired behaviour, switch of this feature by disabling the parameter 'ips.enableInterfaceArrayInference'.
INFO: [IP_Flow 19-5151] The Range '31:0' is present in all ports of the interface 'ram'. It is assumed that this is meant to declare an array of interface. If this is not the desired behaviour, switch of this feature by disabling the parameter 'ips.enableInterfaceArrayInference'.
INFO: [IP_Flow 19-5151] The Range '31:0' is present in all ports of the interface 'timer'. It is assumed that this is meant to declare an array of interface. If this is not the desired behaviour, switch of this feature by disabling the parameter 'ips.enableInterfaceArrayInference'.
INFO: [IP_Flow 19-5151] The Range '31:0' is present in all ports of the interface 'uart'. It is assumed that this is meant to declare an array of interface. If this is not the desired behaviour, switch of this feature by disabling the parameter 'ips.enableInterfaceArrayInference'.
INFO: [IP_Flow 19-5107] Inferred bus interface 'rst' of definition 'xilinx.com:signal:reset:1.0' (from Xilinx Repository).
INFO: [IP_Flow 19-5107] Inferred bus interface 'clk' of definition 'xilinx.com:signal:clock:1.0' (from Xilinx Repository).
INFO: [IP_Flow 19-4728] Bus Interface 'clk': Added interface parameter 'ASSOCIATED_RESET' with value 'rst'.
WARNING: [IP_Flow 19-5661] Bus Interface 'clk' does not have any bus interfaces associated with it.
INFO: [IP_Flow 19-234] Refreshing IP repositories
INFO: [IP_Flow 19-1704] No user IP repositories specified
INFO: [IP_Flow 19-5107] Inferred bus interface 'rst' of definition 'xilinx.com:signal:reset:1.0' (from Xilinx Repository).
INFO: [IP_Flow 19-5107] Inferred bus interface 'clk' of definition 'xilinx.com:signal:clock:1.0' (from Xilinx Repository).
INFO: [IP_Flow 19-4728] Bus Interface 'clk': Added interface parameter 'ASSOCIATED_RESET' with value 'rst'.
WARNING: [IP_Flow 19-5661] Bus Interface 'clk' does not have any bus interfaces associated with it.
INFO: [IP_Flow 19-234] Refreshing IP repositories
INFO: [IP_Flow 19-1704] No user IP repositories specified
add_files: Time (s): cpu = 00:00:39 ; elapsed = 00:00:20 . Memory (MB): peak = 2462.293 ; gain = 328.164 ; free physical = 1917 ; free virtual = 15488
Command: synth_design -top BASIC -part xczu5ev-sfvc784-2-i -mode out_of_context
Starting synth_design
WARNING: [Vivado_Tcl 4-393] The 'Synthesis' target of the following IPs are stale, please generate the output products using the generate_target or synth_ip command before running synth_design.
/media/steckler/xilinx_linux/RISCV_ZYNQ/V2/RVI20U32/RISCV/RISCV.srcs/sources_1/bd/BASIC/BASIC.bd

WARNING: [Vivado_Tcl 4-393] The 'Implementation' target of the following IPs are stale, please generate the output products using the generate_target or synth_ip command before running synth_design.
/media/steckler/xilinx_linux/RISCV_ZYNQ/V2/RVI20U32/RISCV/RISCV.srcs/sources_1/bd/BASIC/BASIC.bd

Attempting to get a license for feature 'Synthesis' and/or device 'xczu5ev'
INFO: [Common 17-349] Got license for feature 'Synthesis' and/or device 'xczu5ev'
INFO: [Device 21-403] Loading part xczu5ev-sfvc784-2-i
INFO: [Synth 8-7079] Multithreading enabled for synth_design using a maximum of 4 processes.
INFO: [Synth 8-7078] Launching helper process for spawning children vivado processes
INFO: [Synth 8-7075] Helper process launched with PID 12983
---------------------------------------------------------------------------------
Starting RTL Elaboration : Time (s): cpu = 00:00:09 ; elapsed = 00:00:20 . Memory (MB): peak = 2675.449 ; gain = 23.902 ; free physical = 4818 ; free virtual = 18755
---------------------------------------------------------------------------------
INFO: [Synth 8-6157] synthesizing module 'BASIC' [/media/steckler/xilinx_linux/RISCV_ZYNQ/V2/RVI20U32/RISCV/RISCV.srcs/sources_1/bd/BASIC/synth/BASIC.v:13]
INFO: [Synth 8-6157] synthesizing module 'Core_RV32I_imp_1VYNK5M' [/media/steckler/xilinx_linux/RISCV_ZYNQ/V2/RVI20U32/RISCV/RISCV.srcs/sources_1/bd/BASIC/synth/BASIC.v:215]
INFO: [Synth 8-6157] synthesizing module 'RV32I_EX_imp_VZHXQ1' [/media/steckler/xilinx_linux/RISCV_ZYNQ/V2/RVI20U32/RISCV/RISCV.srcs/sources_1/bd/BASIC/synth/BASIC.v:778]
INFO: [Synth 8-6157] synthesizing module 'BASIC_alu_0_0' [/media/steckler/xilinx_linux/RISCV_ZYNQ/V2/RVI20U32/RISCV/RISCV.srcs/sources_1/bd/BASIC/ip/BASIC_alu_0_0/synth/BASIC_alu_0_0.v:58]
INFO: [Synth 8-6157] synthesizing module 'alu' [/media/steckler/xilinx_linux/RISCV_ZYNQ/V2/RVI20U32/RISCV/RISCV.srcs/sources_1/new/alu.v:3]
	Parameter ALU_ADD bound to: 4'b0000 
	Parameter ALU_SUB bound to: 4'b0001 
	Parameter ALU_AND bound to: 4'b0010 
	Parameter ALU_OR bound to: 4'b0011 
	Parameter ALU_XOR bound to: 4'b0100 
	Parameter ALU_SLL bound to: 4'b0101 
	Parameter ALU_SRL bound to: 4'b0110 
	Parameter ALU_SRA bound to: 4'b0111 
	Parameter ALU_SLT bound to: 4'b1000 
	Parameter ALU_SLTU bound to: 4'b1001 
	Parameter ALU_COPY_B bound to: 4'b1010 
INFO: [Synth 8-6155] done synthesizing module 'alu' (1#1) [/media/steckler/xilinx_linux/RISCV_ZYNQ/V2/RVI20U32/RISCV/RISCV.srcs/sources_1/new/alu.v:3]
INFO: [Synth 8-6155] done synthesizing module 'BASIC_alu_0_0' (2#1) [/media/steckler/xilinx_linux/RISCV_ZYNQ/V2/RVI20U32/RISCV/RISCV.srcs/sources_1/bd/BASIC/ip/BASIC_alu_0_0/synth/BASIC_alu_0_0.v:58]
INFO: [Synth 8-6157] synthesizing module 'BASIC_branch_0_0' [/media/steckler/xilinx_linux/RISCV_ZYNQ/V2/RVI20U32/RISCV/RISCV.srcs/sources_1/bd/BASIC/ip/BASIC_branch_0_0/synth/BASIC_branch_0_0.v:58]
INFO: [Synth 8-6157] synthesizing module 'branch' [/media/steckler/xilinx_linux/RISCV_ZYNQ/V2/RVI20U32/RISCV/RISCV.srcs/sources_1/new/branch.v:3]
	Parameter BR_BEQ bound to: 3'b000 
	Parameter BR_BNE bound to: 3'b001 
	Parameter BR_BLT bound to: 3'b100 
	Parameter BR_BGE bound to: 3'b101 
	Parameter BR_BLTU bound to: 3'b110 
	Parameter BR_BGEU bound to: 3'b111 
	Parameter EXC_NONE bound to: 4'b1111 
	Parameter EXC_INSTR_ADDR_MISALIGNED bound to: 4'b0000 
INFO: [Synth 8-6155] done synthesizing module 'branch' (3#1) [/media/steckler/xilinx_linux/RISCV_ZYNQ/V2/RVI20U32/RISCV/RISCV.srcs/sources_1/new/branch.v:3]
INFO: [Synth 8-6155] done synthesizing module 'BASIC_branch_0_0' (4#1) [/media/steckler/xilinx_linux/RISCV_ZYNQ/V2/RVI20U32/RISCV/RISCV.srcs/sources_1/bd/BASIC/ip/BASIC_branch_0_0/synth/BASIC_branch_0_0.v:58]
WARNING: [Synth 8-7071] port 'instr_addr_misaligned' of module 'BASIC_branch_0_0' is unconnected for instance 'branch_0' [/media/steckler/xilinx_linux/RISCV_ZYNQ/V2/RVI20U32/RISCV/RISCV.srcs/sources_1/bd/BASIC/synth/BASIC.v:1024]
WARNING: [Synth 8-7071] port 'instr_addr_misaligned_target' of module 'BASIC_branch_0_0' is unconnected for instance 'branch_0' [/media/steckler/xilinx_linux/RISCV_ZYNQ/V2/RVI20U32/RISCV/RISCV.srcs/sources_1/bd/BASIC/synth/BASIC.v:1024]
WARNING: [Synth 8-7071] port 'ex_control_flow_change' of module 'BASIC_branch_0_0' is unconnected for instance 'branch_0' [/media/steckler/xilinx_linux/RISCV_ZYNQ/V2/RVI20U32/RISCV/RISCV.srcs/sources_1/bd/BASIC/synth/BASIC.v:1024]
WARNING: [Synth 8-7071] port 'ex_mispredict' of module 'BASIC_branch_0_0' is unconnected for instance 'branch_0' [/media/steckler/xilinx_linux/RISCV_ZYNQ/V2/RVI20U32/RISCV/RISCV.srcs/sources_1/bd/BASIC/synth/BASIC.v:1024]
WARNING: [Synth 8-7023] instance 'branch_0' of module 'BASIC_branch_0_0' has 26 connections declared, but only 22 given [/media/steckler/xilinx_linux/RISCV_ZYNQ/V2/RVI20U32/RISCV/RISCV.srcs/sources_1/bd/BASIC/synth/BASIC.v:1024]
INFO: [Synth 8-6157] synthesizing module 'BASIC_ex_mem_reg_1_0' [/media/steckler/xilinx_linux/RISCV_ZYNQ/V2/RVI20U32/RISCV/RISCV.srcs/sources_1/bd/BASIC/ip/BASIC_ex_mem_reg_1_0/synth/BASIC_ex_mem_reg_1_0.v:58]
INFO: [Synth 8-6157] synthesizing module 'ex_mem_reg' [/media/steckler/xilinx_linux/RISCV_ZYNQ/V2/RVI20U32/RISCV/RISCV.srcs/sources_1/new/ex_mem_reg.v:3]
INFO: [Synth 8-6155] done synthesizing module 'ex_mem_reg' (5#1) [/media/steckler/xilinx_linux/RISCV_ZYNQ/V2/RVI20U32/RISCV/RISCV.srcs/sources_1/new/ex_mem_reg.v:3]
INFO: [Synth 8-6155] done synthesizing module 'BASIC_ex_mem_reg_1_0' (6#1) [/media/steckler/xilinx_linux/RISCV_ZYNQ/V2/RVI20U32/RISCV/RISCV.srcs/sources_1/bd/BASIC/ip/BASIC_ex_mem_reg_1_0/synth/BASIC_ex_mem_reg_1_0.v:58]
WARNING: [Synth 8-7071] port 'mem_pc' of module 'BASIC_ex_mem_reg_1_0' is unconnected for instance 'ex_mem_reg_1' [/media/steckler/xilinx_linux/RISCV_ZYNQ/V2/RVI20U32/RISCV/RISCV.srcs/sources_1/bd/BASIC/synth/BASIC.v:1047]
WARNING: [Synth 8-7071] port 'mem_exception_valid' of module 'BASIC_ex_mem_reg_1_0' is unconnected for instance 'ex_mem_reg_1' [/media/steckler/xilinx_linux/RISCV_ZYNQ/V2/RVI20U32/RISCV/RISCV.srcs/sources_1/bd/BASIC/synth/BASIC.v:1047]
WARNING: [Synth 8-7071] port 'mem_exception_cause' of module 'BASIC_ex_mem_reg_1_0' is unconnected for instance 'ex_mem_reg_1' [/media/steckler/xilinx_linux/RISCV_ZYNQ/V2/RVI20U32/RISCV/RISCV.srcs/sources_1/bd/BASIC/synth/BASIC.v:1047]
WARNING: [Synth 8-7071] port 'mem_exception_tval' of module 'BASIC_ex_mem_reg_1_0' is unconnected for instance 'ex_mem_reg_1' [/media/steckler/xilinx_linux/RISCV_ZYNQ/V2/RVI20U32/RISCV/RISCV.srcs/sources_1/bd/BASIC/synth/BASIC.v:1047]
WARNING: [Synth 8-7023] instance 'ex_mem_reg_1' of module 'BASIC_ex_mem_reg_1_0' has 36 connections declared, but only 32 given [/media/steckler/xilinx_linux/RISCV_ZYNQ/V2/RVI20U32/RISCV/RISCV.srcs/sources_1/bd/BASIC/synth/BASIC.v:1047]
INFO: [Synth 8-6157] synthesizing module 'BASIC_forward_mux_0_0' [/media/steckler/xilinx_linux/RISCV_ZYNQ/V2/RVI20U32/RISCV/RISCV.srcs/sources_1/bd/BASIC/ip/BASIC_forward_mux_0_0/synth/BASIC_forward_mux_0_0.v:58]
INFO: [Synth 8-6157] synthesizing module 'forward_mux' [/media/steckler/xilinx_linux/RISCV_ZYNQ/V2/RVI20U32/RISCV/RISCV.srcs/sources_1/new/forward_mux.v:3]
INFO: [Synth 8-226] default block is never used [/media/steckler/xilinx_linux/RISCV_ZYNQ/V2/RVI20U32/RISCV/RISCV.srcs/sources_1/new/forward_mux.v:15]
INFO: [Synth 8-6155] done synthesizing module 'forward_mux' (7#1) [/media/steckler/xilinx_linux/RISCV_ZYNQ/V2/RVI20U32/RISCV/RISCV.srcs/sources_1/new/forward_mux.v:3]
INFO: [Synth 8-6155] done synthesizing module 'BASIC_forward_mux_0_0' (8#1) [/media/steckler/xilinx_linux/RISCV_ZYNQ/V2/RVI20U32/RISCV/RISCV.srcs/sources_1/bd/BASIC/ip/BASIC_forward_mux_0_0/synth/BASIC_forward_mux_0_0.v:58]
INFO: [Synth 8-6157] synthesizing module 'BASIC_forward_mux_0_1' [/media/steckler/xilinx_linux/RISCV_ZYNQ/V2/RVI20U32/RISCV/RISCV.srcs/sources_1/bd/BASIC/ip/BASIC_forward_mux_0_1/synth/BASIC_forward_mux_0_1.v:58]
INFO: [Synth 8-6155] done synthesizing module 'BASIC_forward_mux_0_1' (9#1) [/media/steckler/xilinx_linux/RISCV_ZYNQ/V2/RVI20U32/RISCV/RISCV.srcs/sources_1/bd/BASIC/ip/BASIC_forward_mux_0_1/synth/BASIC_forward_mux_0_1.v:58]
INFO: [Synth 8-6157] synthesizing module 'BASIC_forward_mux_1_0' [/media/steckler/xilinx_linux/RISCV_ZYNQ/V2/RVI20U32/RISCV/RISCV.srcs/sources_1/bd/BASIC/ip/BASIC_forward_mux_1_0/synth/BASIC_forward_mux_1_0.v:58]
INFO: [Synth 8-6155] done synthesizing module 'BASIC_forward_mux_1_0' (10#1) [/media/steckler/xilinx_linux/RISCV_ZYNQ/V2/RVI20U32/RISCV/RISCV.srcs/sources_1/bd/BASIC/ip/BASIC_forward_mux_1_0/synth/BASIC_forward_mux_1_0.v:58]
INFO: [Synth 8-6157] synthesizing module 'BASIC_forwarding_0_0' [/media/steckler/xilinx_linux/RISCV_ZYNQ/V2/RVI20U32/RISCV/RISCV.srcs/sources_1/bd/BASIC/ip/BASIC_forwarding_0_0/synth/BASIC_forwarding_0_0.v:58]
INFO: [Synth 8-6157] synthesizing module 'forwarding' [/media/steckler/xilinx_linux/RISCV_ZYNQ/V2/RVI20U32/RISCV/RISCV.srcs/sources_1/new/forwarding.v:3]
	Parameter B_RS2 bound to: 2'b00 
INFO: [Synth 8-6155] done synthesizing module 'forwarding' (11#1) [/media/steckler/xilinx_linux/RISCV_ZYNQ/V2/RVI20U32/RISCV/RISCV.srcs/sources_1/new/forwarding.v:3]
INFO: [Synth 8-6155] done synthesizing module 'BASIC_forwarding_0_0' (12#1) [/media/steckler/xilinx_linux/RISCV_ZYNQ/V2/RVI20U32/RISCV/RISCV.srcs/sources_1/bd/BASIC/ip/BASIC_forwarding_0_0/synth/BASIC_forwarding_0_0.v:58]
INFO: [Synth 8-6157] synthesizing module 'BASIC_operand_a_mux_0_0' [/media/steckler/xilinx_linux/RISCV_ZYNQ/V2/RVI20U32/RISCV/RISCV.srcs/sources_1/bd/BASIC/ip/BASIC_operand_a_mux_0_0/synth/BASIC_operand_a_mux_0_0.v:58]
INFO: [Synth 8-6157] synthesizing module 'operand_a_mux' [/media/steckler/xilinx_linux/RISCV_ZYNQ/V2/RVI20U32/RISCV/RISCV.srcs/sources_1/new/operand_a_mux.v:3]
	Parameter A_RS1 bound to: 2'b00 
	Parameter A_PC bound to: 2'b01 
	Parameter A_ZERO bound to: 2'b10 
INFO: [Synth 8-6155] done synthesizing module 'operand_a_mux' (13#1) [/media/steckler/xilinx_linux/RISCV_ZYNQ/V2/RVI20U32/RISCV/RISCV.srcs/sources_1/new/operand_a_mux.v:3]
INFO: [Synth 8-6155] done synthesizing module 'BASIC_operand_a_mux_0_0' (14#1) [/media/steckler/xilinx_linux/RISCV_ZYNQ/V2/RVI20U32/RISCV/RISCV.srcs/sources_1/bd/BASIC/ip/BASIC_operand_a_mux_0_0/synth/BASIC_operand_a_mux_0_0.v:58]
INFO: [Synth 8-6157] synthesizing module 'BASIC_operand_b_mux_0_0' [/media/steckler/xilinx_linux/RISCV_ZYNQ/V2/RVI20U32/RISCV/RISCV.srcs/sources_1/bd/BASIC/ip/BASIC_operand_b_mux_0_0/synth/BASIC_operand_b_mux_0_0.v:58]
INFO: [Synth 8-6157] synthesizing module 'operand_b_mux' [/media/steckler/xilinx_linux/RISCV_ZYNQ/V2/RVI20U32/RISCV/RISCV.srcs/sources_1/new/operand_b_mux.v:3]
	Parameter B_RS2 bound to: 2'b00 
	Parameter B_IMM bound to: 2'b01 
	Parameter B_FOUR bound to: 2'b10 
INFO: [Synth 8-6155] done synthesizing module 'operand_b_mux' (15#1) [/media/steckler/xilinx_linux/RISCV_ZYNQ/V2/RVI20U32/RISCV/RISCV.srcs/sources_1/new/operand_b_mux.v:3]
INFO: [Synth 8-6155] done synthesizing module 'BASIC_operand_b_mux_0_0' (16#1) [/media/steckler/xilinx_linux/RISCV_ZYNQ/V2/RVI20U32/RISCV/RISCV.srcs/sources_1/bd/BASIC/ip/BASIC_operand_b_mux_0_0/synth/BASIC_operand_b_mux_0_0.v:58]
INFO: [Synth 8-6157] synthesizing module 'BASIC_util_vector_logic_0_1' [/media/steckler/xilinx_linux/RISCV_ZYNQ/V2/RVI20U32/RISCV/RISCV.srcs/sources_1/bd/BASIC/ip/BASIC_util_vector_logic_0_1/synth/BASIC_util_vector_logic_0_1.v:57]
INFO: [Synth 8-6157] synthesizing module 'util_vector_logic_v2_0_1_util_vector_logic' [/media/steckler/xilinx_linux/RISCV_ZYNQ/V2/RVI20U32/RISCV/RISCV.srcs/sources_1/bd/BASIC/ipshared/2137/hdl/util_vector_logic_v2_0_vl_rfs.v:45]
	Parameter C_OPERATION bound to: and - type: string 
	Parameter C_SIZE bound to: 1 - type: integer 
INFO: [Synth 8-6155] done synthesizing module 'util_vector_logic_v2_0_1_util_vector_logic' (17#1) [/media/steckler/xilinx_linux/RISCV_ZYNQ/V2/RVI20U32/RISCV/RISCV.srcs/sources_1/bd/BASIC/ipshared/2137/hdl/util_vector_logic_v2_0_vl_rfs.v:45]
INFO: [Synth 8-6155] done synthesizing module 'BASIC_util_vector_logic_0_1' (18#1) [/media/steckler/xilinx_linux/RISCV_ZYNQ/V2/RVI20U32/RISCV/RISCV.srcs/sources_1/bd/BASIC/ip/BASIC_util_vector_logic_0_1/synth/BASIC_util_vector_logic_0_1.v:57]
INFO: [Synth 8-6157] synthesizing module 'BASIC_xlconstant_3_3' [/media/steckler/xilinx_linux/RISCV_ZYNQ/V2/RVI20U32/RISCV/RISCV.srcs/sources_1/bd/BASIC/ip/BASIC_xlconstant_3_3/synth/BASIC_xlconstant_3_3.v:57]
INFO: [Synth 8-6157] synthesizing module 'xlconstant_v1_1_7_xlconstant' [/media/steckler/xilinx_linux/RISCV_ZYNQ/V2/RVI20U32/RISCV/RISCV.srcs/sources_1/bd/BASIC/ipshared/fcfc/hdl/xlconstant_v1_1_vl_rfs.v:23]
	Parameter CONST_VAL bound to: 0 - type: integer 
	Parameter CONST_WIDTH bound to: 1 - type: integer 
INFO: [Synth 8-6155] done synthesizing module 'xlconstant_v1_1_7_xlconstant' (19#1) [/media/steckler/xilinx_linux/RISCV_ZYNQ/V2/RVI20U32/RISCV/RISCV.srcs/sources_1/bd/BASIC/ipshared/fcfc/hdl/xlconstant_v1_1_vl_rfs.v:23]
INFO: [Synth 8-6155] done synthesizing module 'BASIC_xlconstant_3_3' (20#1) [/media/steckler/xilinx_linux/RISCV_ZYNQ/V2/RVI20U32/RISCV/RISCV.srcs/sources_1/bd/BASIC/ip/BASIC_xlconstant_3_3/synth/BASIC_xlconstant_3_3.v:57]
INFO: [Synth 8-6155] done synthesizing module 'RV32I_EX_imp_VZHXQ1' (21#1) [/media/steckler/xilinx_linux/RISCV_ZYNQ/V2/RVI20U32/RISCV/RISCV.srcs/sources_1/bd/BASIC/synth/BASIC.v:778]
WARNING: [Synth 8-7071] port 'branch_taken' of module 'RV32I_EX_imp_VZHXQ1' is unconnected for instance 'RV32I_EX' [/media/steckler/xilinx_linux/RISCV_ZYNQ/V2/RVI20U32/RISCV/RISCV.srcs/sources_1/bd/BASIC/synth/BASIC.v:329]
WARNING: [Synth 8-7071] port 'ex_actual_next_pc' of module 'RV32I_EX_imp_VZHXQ1' is unconnected for instance 'RV32I_EX' [/media/steckler/xilinx_linux/RISCV_ZYNQ/V2/RVI20U32/RISCV/RISCV.srcs/sources_1/bd/BASIC/synth/BASIC.v:329]
WARNING: [Synth 8-7023] instance 'RV32I_EX' of module 'RV32I_EX_imp_VZHXQ1' has 56 connections declared, but only 54 given [/media/steckler/xilinx_linux/RISCV_ZYNQ/V2/RVI20U32/RISCV/RISCV.srcs/sources_1/bd/BASIC/synth/BASIC.v:329]
INFO: [Synth 8-6157] synthesizing module 'RV32I_ID_imp_1HJBFQL' [/media/steckler/xilinx_linux/RISCV_ZYNQ/V2/RVI20U32/RISCV/RISCV.srcs/sources_1/bd/BASIC/synth/BASIC.v:1136]
INFO: [Synth 8-6157] synthesizing module 'BASIC_control_0_0' [/media/steckler/xilinx_linux/RISCV_ZYNQ/V2/RVI20U32/RISCV/RISCV.srcs/sources_1/bd/BASIC/ip/BASIC_control_0_0/synth/BASIC_control_0_0.v:58]
INFO: [Synth 8-6157] synthesizing module 'control' [/media/steckler/xilinx_linux/RISCV_ZYNQ/V2/RVI20U32/RISCV/RISCV.srcs/sources_1/new/control.v:3]
	Parameter IMM_I bound to: 3'b000 
	Parameter IMM_S bound to: 3'b001 
	Parameter IMM_B bound to: 3'b010 
	Parameter IMM_U bound to: 3'b011 
	Parameter IMM_J bound to: 3'b100 
	Parameter A_RS1 bound to: 2'b00 
	Parameter A_PC bound to: 2'b01 
	Parameter A_ZERO bound to: 2'b10 
	Parameter B_RS2 bound to: 2'b00 
	Parameter B_IMM bound to: 2'b01 
	Parameter B_4 bound to: 2'b10 
	Parameter WB_ALU bound to: 2'b00 
	Parameter WB_MEM bound to: 2'b01 
	Parameter WB_PC4 bound to: 2'b10 
	Parameter WB_IMM bound to: 2'b11 
	Parameter ALU_ADD bound to: 4'b0000 
	Parameter ALU_SUB bound to: 4'b0001 
	Parameter ALU_AND bound to: 4'b0010 
	Parameter ALU_OR bound to: 4'b0011 
	Parameter ALU_XOR bound to: 4'b0100 
	Parameter ALU_SLL bound to: 4'b0101 
	Parameter ALU_SRL bound to: 4'b0110 
	Parameter ALU_SRA bound to: 4'b0111 
	Parameter ALU_SLT bound to: 4'b1000 
	Parameter ALU_SLTU bound to: 4'b1001 
	Parameter SZ_B bound to: 2'b00 
	Parameter SZ_H bound to: 2'b01 
	Parameter SZ_W bound to: 2'b10 
INFO: [Synth 8-226] default block is never used [/media/steckler/xilinx_linux/RISCV_ZYNQ/V2/RVI20U32/RISCV/RISCV.srcs/sources_1/new/control.v:113]
INFO: [Synth 8-226] default block is never used [/media/steckler/xilinx_linux/RISCV_ZYNQ/V2/RVI20U32/RISCV/RISCV.srcs/sources_1/new/control.v:136]
INFO: [Synth 8-6155] done synthesizing module 'control' (22#1) [/media/steckler/xilinx_linux/RISCV_ZYNQ/V2/RVI20U32/RISCV/RISCV.srcs/sources_1/new/control.v:3]
INFO: [Synth 8-6155] done synthesizing module 'BASIC_control_0_0' (23#1) [/media/steckler/xilinx_linux/RISCV_ZYNQ/V2/RVI20U32/RISCV/RISCV.srcs/sources_1/bd/BASIC/ip/BASIC_control_0_0/synth/BASIC_control_0_0.v:58]
INFO: [Synth 8-6157] synthesizing module 'BASIC_decoder_0_0' [/media/steckler/xilinx_linux/RISCV_ZYNQ/V2/RVI20U32/RISCV/RISCV.srcs/sources_1/bd/BASIC/ip/BASIC_decoder_0_0/synth/BASIC_decoder_0_0.v:58]
INFO: [Synth 8-6157] synthesizing module 'decoder' [/media/steckler/xilinx_linux/RISCV_ZYNQ/V2/RVI20U32/RISCV/RISCV.srcs/sources_1/new/decoder.v:3]
	Parameter FMT_R bound to: 3'b000 
	Parameter FMT_I bound to: 3'b001 
	Parameter FMT_S bound to: 3'b010 
	Parameter FMT_B bound to: 3'b011 
	Parameter FMT_U bound to: 3'b100 
	Parameter FMT_J bound to: 3'b101 
	Parameter FMT_UNKNOWN bound to: 3'b111 
INFO: [Synth 8-6155] done synthesizing module 'decoder' (24#1) [/media/steckler/xilinx_linux/RISCV_ZYNQ/V2/RVI20U32/RISCV/RISCV.srcs/sources_1/new/decoder.v:3]
INFO: [Synth 8-6155] done synthesizing module 'BASIC_decoder_0_0' (25#1) [/media/steckler/xilinx_linux/RISCV_ZYNQ/V2/RVI20U32/RISCV/RISCV.srcs/sources_1/bd/BASIC/ip/BASIC_decoder_0_0/synth/BASIC_decoder_0_0.v:58]
WARNING: [Synth 8-7071] port 'illegal_opcode' of module 'BASIC_decoder_0_0' is unconnected for instance 'decoder_0' [/media/steckler/xilinx_linux/RISCV_ZYNQ/V2/RVI20U32/RISCV/RISCV.srcs/sources_1/bd/BASIC/synth/BASIC.v:1352]
WARNING: [Synth 8-7023] instance 'decoder_0' of module 'BASIC_decoder_0_0' has 17 connections declared, but only 16 given [/media/steckler/xilinx_linux/RISCV_ZYNQ/V2/RVI20U32/RISCV/RISCV.srcs/sources_1/bd/BASIC/synth/BASIC.v:1352]
INFO: [Synth 8-6157] synthesizing module 'BASIC_id_ex_reg_0_1' [/media/steckler/xilinx_linux/RISCV_ZYNQ/V2/RVI20U32/RISCV/RISCV.srcs/sources_1/bd/BASIC/ip/BASIC_id_ex_reg_0_1/synth/BASIC_id_ex_reg_0_1.v:58]
INFO: [Synth 8-6157] synthesizing module 'id_ex_reg' [/media/steckler/xilinx_linux/RISCV_ZYNQ/V2/RVI20U32/RISCV/RISCV.srcs/sources_1/new/id_ex_reg.v:3]
INFO: [Synth 8-6155] done synthesizing module 'id_ex_reg' (26#1) [/media/steckler/xilinx_linux/RISCV_ZYNQ/V2/RVI20U32/RISCV/RISCV.srcs/sources_1/new/id_ex_reg.v:3]
INFO: [Synth 8-6155] done synthesizing module 'BASIC_id_ex_reg_0_1' (27#1) [/media/steckler/xilinx_linux/RISCV_ZYNQ/V2/RVI20U32/RISCV/RISCV.srcs/sources_1/bd/BASIC/ip/BASIC_id_ex_reg_0_1/synth/BASIC_id_ex_reg_0_1.v:58]
INFO: [Synth 8-6157] synthesizing module 'BASIC_imm_mux_0_0' [/media/steckler/xilinx_linux/RISCV_ZYNQ/V2/RVI20U32/RISCV/RISCV.srcs/sources_1/bd/BASIC/ip/BASIC_imm_mux_0_0/synth/BASIC_imm_mux_0_0.v:58]
INFO: [Synth 8-6157] synthesizing module 'imm_mux' [/media/steckler/xilinx_linux/RISCV_ZYNQ/V2/RVI20U32/RISCV/RISCV.srcs/sources_1/new/imm_mux.v:3]
	Parameter IMM_I bound to: 3'b000 
	Parameter IMM_S bound to: 3'b001 
	Parameter IMM_B bound to: 3'b010 
	Parameter IMM_U bound to: 3'b011 
	Parameter IMM_J bound to: 3'b100 
INFO: [Synth 8-6155] done synthesizing module 'imm_mux' (28#1) [/media/steckler/xilinx_linux/RISCV_ZYNQ/V2/RVI20U32/RISCV/RISCV.srcs/sources_1/new/imm_mux.v:3]
INFO: [Synth 8-6155] done synthesizing module 'BASIC_imm_mux_0_0' (29#1) [/media/steckler/xilinx_linux/RISCV_ZYNQ/V2/RVI20U32/RISCV/RISCV.srcs/sources_1/bd/BASIC/ip/BASIC_imm_mux_0_0/synth/BASIC_imm_mux_0_0.v:58]
INFO: [Synth 8-6157] synthesizing module 'BASIC_regfile_0_0' [/media/steckler/xilinx_linux/RISCV_ZYNQ/V2/RVI20U32/RISCV/RISCV.srcs/sources_1/bd/BASIC/ip/BASIC_regfile_0_0/synth/BASIC_regfile_0_0.v:58]
INFO: [Synth 8-6157] synthesizing module 'regfile' [/media/steckler/xilinx_linux/RISCV_ZYNQ/V2/RVI20U32/RISCV/RISCV.srcs/sources_1/new/regfile.v:3]
INFO: [Synth 8-6155] done synthesizing module 'regfile' (30#1) [/media/steckler/xilinx_linux/RISCV_ZYNQ/V2/RVI20U32/RISCV/RISCV.srcs/sources_1/new/regfile.v:3]
INFO: [Synth 8-6155] done synthesizing module 'BASIC_regfile_0_0' (31#1) [/media/steckler/xilinx_linux/RISCV_ZYNQ/V2/RVI20U32/RISCV/RISCV.srcs/sources_1/bd/BASIC/ip/BASIC_regfile_0_0/synth/BASIC_regfile_0_0.v:58]
INFO: [Synth 8-6155] done synthesizing module 'RV32I_ID_imp_1HJBFQL' (32#1) [/media/steckler/xilinx_linux/RISCV_ZYNQ/V2/RVI20U32/RISCV/RISCV.srcs/sources_1/bd/BASIC/synth/BASIC.v:1136]
WARNING: [Synth 8-7071] port 'mem_we' of module 'RV32I_ID_imp_1HJBFQL' is unconnected for instance 'RV32I_ID' [/media/steckler/xilinx_linux/RISCV_ZYNQ/V2/RVI20U32/RISCV/RISCV.srcs/sources_1/bd/BASIC/synth/BASIC.v:384]
WARNING: [Synth 8-7023] instance 'RV32I_ID' of module 'RV32I_ID_imp_1HJBFQL' has 42 connections declared, but only 41 given [/media/steckler/xilinx_linux/RISCV_ZYNQ/V2/RVI20U32/RISCV/RISCV.srcs/sources_1/bd/BASIC/synth/BASIC.v:384]
INFO: [Synth 8-6157] synthesizing module 'RV32I_IF_imp_136QK4M' [/media/steckler/xilinx_linux/RISCV_ZYNQ/V2/RVI20U32/RISCV/RISCV.srcs/sources_1/bd/BASIC/synth/BASIC.v:1441]
INFO: [Synth 8-6157] synthesizing module 'RV32I_ROM_MEMORY_imp_X8L5SE' [/media/steckler/xilinx_linux/RISCV_ZYNQ/V2/RVI20U32/RISCV/RISCV.srcs/sources_1/bd/BASIC/synth/BASIC.v:1873]
INFO: [Synth 8-638] synthesizing module 'BASIC_blk_mem_gen_0_0' [/media/steckler/xilinx_linux/RISCV_ZYNQ/V2/RVI20U32/RISCV/RISCV.srcs/sources_1/bd/BASIC/ip/BASIC_blk_mem_gen_0_0/synth/BASIC_blk_mem_gen_0_0.vhd:68]
	Parameter C_FAMILY bound to: zynquplus - type: string 
	Parameter C_XDEVICEFAMILY bound to: zynquplus - type: string 
	Parameter C_ELABORATION_DIR bound to: ./ - type: string 
	Parameter C_INTERFACE_TYPE bound to: 0 - type: integer 
	Parameter C_AXI_TYPE bound to: 1 - type: integer 
	Parameter C_AXI_SLAVE_TYPE bound to: 0 - type: integer 
	Parameter C_USE_BRAM_BLOCK bound to: 0 - type: integer 
	Parameter C_ENABLE_32BIT_ADDRESS bound to: 0 - type: integer 
	Parameter C_CTRL_ECC_ALGO bound to: NONE - type: string 
	Parameter C_HAS_AXI_ID bound to: 0 - type: integer 
	Parameter C_AXI_ID_WIDTH bound to: 4 - type: integer 
	Parameter C_MEM_TYPE bound to: 3 - type: integer 
	Parameter C_BYTE_SIZE bound to: 9 - type: integer 
	Parameter C_ALGORITHM bound to: 1 - type: integer 
	Parameter C_PRIM_TYPE bound to: 1 - type: integer 
	Parameter C_LOAD_INIT_FILE bound to: 1 - type: integer 
	Parameter C_INIT_FILE_NAME bound to: BASIC_blk_mem_gen_0_0.mif - type: string 
	Parameter C_INIT_FILE bound to: NONE - type: string 
	Parameter C_USE_DEFAULT_DATA bound to: 1 - type: integer 
	Parameter C_DEFAULT_DATA bound to: 0 - type: string 
	Parameter C_HAS_RSTA bound to: 0 - type: integer 
	Parameter C_RST_PRIORITY_A bound to: CE - type: string 
	Parameter C_RSTRAM_A bound to: 0 - type: integer 
	Parameter C_INITA_VAL bound to: 0 - type: string 
	Parameter C_HAS_ENA bound to: 1 - type: integer 
	Parameter C_HAS_REGCEA bound to: 0 - type: integer 
	Parameter C_USE_BYTE_WEA bound to: 0 - type: integer 
	Parameter C_WEA_WIDTH bound to: 1 - type: integer 
	Parameter C_WRITE_MODE_A bound to: WRITE_FIRST - type: string 
	Parameter C_WRITE_WIDTH_A bound to: 32 - type: integer 
	Parameter C_READ_WIDTH_A bound to: 32 - type: integer 
	Parameter C_WRITE_DEPTH_A bound to: 2048 - type: integer 
	Parameter C_READ_DEPTH_A bound to: 2048 - type: integer 
	Parameter C_ADDRA_WIDTH bound to: 11 - type: integer 
	Parameter C_HAS_RSTB bound to: 0 - type: integer 
	Parameter C_RST_PRIORITY_B bound to: CE - type: string 
	Parameter C_RSTRAM_B bound to: 0 - type: integer 
	Parameter C_INITB_VAL bound to: 0 - type: string 
	Parameter C_HAS_ENB bound to: 0 - type: integer 
	Parameter C_HAS_REGCEB bound to: 0 - type: integer 
	Parameter C_USE_BYTE_WEB bound to: 0 - type: integer 
	Parameter C_WEB_WIDTH bound to: 1 - type: integer 
	Parameter C_WRITE_MODE_B bound to: WRITE_FIRST - type: string 
	Parameter C_WRITE_WIDTH_B bound to: 32 - type: integer 
	Parameter C_READ_WIDTH_B bound to: 32 - type: integer 
	Parameter C_WRITE_DEPTH_B bound to: 2048 - type: integer 
	Parameter C_READ_DEPTH_B bound to: 2048 - type: integer 
	Parameter C_ADDRB_WIDTH bound to: 11 - type: integer 
	Parameter C_HAS_MEM_OUTPUT_REGS_A bound to: 0 - type: integer 
	Parameter C_HAS_MEM_OUTPUT_REGS_B bound to: 0 - type: integer 
	Parameter C_HAS_MUX_OUTPUT_REGS_A bound to: 0 - type: integer 
	Parameter C_HAS_MUX_OUTPUT_REGS_B bound to: 0 - type: integer 
	Parameter C_MUX_PIPELINE_STAGES bound to: 0 - type: integer 
	Parameter C_HAS_SOFTECC_INPUT_REGS_A bound to: 0 - type: integer 
	Parameter C_HAS_SOFTECC_OUTPUT_REGS_B bound to: 0 - type: integer 
	Parameter C_USE_SOFTECC bound to: 0 - type: integer 
	Parameter C_USE_ECC bound to: 0 - type: integer 
	Parameter C_EN_ECC_PIPE bound to: 0 - type: integer 
	Parameter C_READ_LATENCY_A bound to: 1 - type: integer 
	Parameter C_READ_LATENCY_B bound to: 1 - type: integer 
	Parameter C_HAS_INJECTERR bound to: 0 - type: integer 
	Parameter C_SIM_COLLISION_CHECK bound to: ALL - type: string 
	Parameter C_COMMON_CLK bound to: 0 - type: integer 
	Parameter C_DISABLE_WARN_BHV_COLL bound to: 0 - type: integer 
	Parameter C_EN_SLEEP_PIN bound to: 0 - type: integer 
	Parameter C_USE_URAM bound to: 0 - type: integer 
	Parameter C_EN_RDADDRA_CHG bound to: 0 - type: integer 
	Parameter C_EN_RDADDRB_CHG bound to: 0 - type: integer 
	Parameter C_EN_DEEPSLEEP_PIN bound to: 0 - type: integer 
	Parameter C_EN_SHUTDOWN_PIN bound to: 0 - type: integer 
	Parameter C_EN_SAFETY_CKT bound to: 0 - type: integer 
	Parameter C_DISABLE_WARN_BHV_RANGE bound to: 0 - type: integer 
	Parameter C_COUNT_36K_BRAM bound to: 2 - type: string 
	Parameter C_COUNT_18K_BRAM bound to: 0 - type: string 
	Parameter C_EST_POWER_SUMMARY bound to: Estimated Power for IP     :     3.35575 mW - type: string 
INFO: [Synth 8-3491] module 'blk_mem_gen_v8_4_4' declared at '/media/steckler/xilinx_linux/RISCV_ZYNQ/V2/RVI20U32/RISCV/RISCV.srcs/sources_1/bd/BASIC/ipshared/2985/hdl/blk_mem_gen_v8_4_vhsyn_rfs.vhd:195321' bound to instance 'U0' of component 'blk_mem_gen_v8_4_4' [/media/steckler/xilinx_linux/RISCV_ZYNQ/V2/RVI20U32/RISCV/RISCV.srcs/sources_1/bd/BASIC/ip/BASIC_blk_mem_gen_0_0/synth/BASIC_blk_mem_gen_0_0.vhd:232]
INFO: [Synth 8-256] done synthesizing module 'BASIC_blk_mem_gen_0_0' (41#1) [/media/steckler/xilinx_linux/RISCV_ZYNQ/V2/RVI20U32/RISCV/RISCV.srcs/sources_1/bd/BASIC/ip/BASIC_blk_mem_gen_0_0/synth/BASIC_blk_mem_gen_0_0.vhd:68]
INFO: [Synth 8-6155] done synthesizing module 'RV32I_ROM_MEMORY_imp_X8L5SE' (42#1) [/media/steckler/xilinx_linux/RISCV_ZYNQ/V2/RVI20U32/RISCV/RISCV.srcs/sources_1/bd/BASIC/synth/BASIC.v:1873]
INFO: [Synth 8-6157] synthesizing module 'BASIC_branch_predictor_btb_0_0' [/media/steckler/xilinx_linux/RISCV_ZYNQ/V2/RVI20U32/RISCV/RISCV.srcs/sources_1/bd/BASIC/ip/BASIC_branch_predictor_btb_0_0/synth/BASIC_branch_predictor_btb_0_0.v:58]
INFO: [Synth 8-6157] synthesizing module 'branch_predictor_btb_bht' [/media/steckler/xilinx_linux/RISCV_ZYNQ/V2/RVI20U32/RISCV/RISCV.srcs/sources_1/new/branch_predictor_btb_bht.v:3]
	Parameter ENTRY_BITS bound to: 6 - type: integer 
	Parameter ENTRY_NUM bound to: 64 - type: integer 
	Parameter TAG_BITS bound to: 24 - type: integer 
INFO: [Synth 8-6155] done synthesizing module 'branch_predictor_btb_bht' (43#1) [/media/steckler/xilinx_linux/RISCV_ZYNQ/V2/RVI20U32/RISCV/RISCV.srcs/sources_1/new/branch_predictor_btb_bht.v:3]
INFO: [Synth 8-6155] done synthesizing module 'BASIC_branch_predictor_btb_0_0' (44#1) [/media/steckler/xilinx_linux/RISCV_ZYNQ/V2/RVI20U32/RISCV/RISCV.srcs/sources_1/bd/BASIC/ip/BASIC_branch_predictor_btb_0_0/synth/BASIC_branch_predictor_btb_0_0.v:58]
WARNING: [Synth 8-7071] port 'pred_target' of module 'BASIC_branch_predictor_btb_0_0' is unconnected for instance 'branch_predictor_btb_0' [/media/steckler/xilinx_linux/RISCV_ZYNQ/V2/RVI20U32/RISCV/RISCV.srcs/sources_1/bd/BASIC/synth/BASIC.v:1546]
WARNING: [Synth 8-7023] instance 'branch_predictor_btb_0' of module 'BASIC_branch_predictor_btb_0_0' has 12 connections declared, but only 11 given [/media/steckler/xilinx_linux/RISCV_ZYNQ/V2/RVI20U32/RISCV/RISCV.srcs/sources_1/bd/BASIC/synth/BASIC.v:1546]
INFO: [Synth 8-6157] synthesizing module 'BASIC_if_id_reg_0_0' [/media/steckler/xilinx_linux/RISCV_ZYNQ/V2/RVI20U32/RISCV/RISCV.srcs/sources_1/bd/BASIC/ip/BASIC_if_id_reg_0_0/synth/BASIC_if_id_reg_0_0.v:58]
INFO: [Synth 8-6157] synthesizing module 'if_id_reg' [/media/steckler/xilinx_linux/RISCV_ZYNQ/V2/RVI20U32/RISCV/RISCV.srcs/sources_1/new/if_id_reg.v:3]
	Parameter RV32I_NOP bound to: 19 - type: integer 
	Parameter FLUSH_EXTRA_KILLS bound to: 1 - type: integer 
	Parameter KILL_CNT_W bound to: 1 - type: integer 
INFO: [Synth 8-6155] done synthesizing module 'if_id_reg' (45#1) [/media/steckler/xilinx_linux/RISCV_ZYNQ/V2/RVI20U32/RISCV/RISCV.srcs/sources_1/new/if_id_reg.v:3]
INFO: [Synth 8-6155] done synthesizing module 'BASIC_if_id_reg_0_0' (46#1) [/media/steckler/xilinx_linux/RISCV_ZYNQ/V2/RVI20U32/RISCV/RISCV.srcs/sources_1/bd/BASIC/ip/BASIC_if_id_reg_0_0/synth/BASIC_if_id_reg_0_0.v:58]
INFO: [Synth 8-6157] synthesizing module 'BASIC_pc_to_imem_addr_0_0' [/media/steckler/xilinx_linux/RISCV_ZYNQ/V2/RVI20U32/RISCV/RISCV.srcs/sources_1/bd/BASIC/ip/BASIC_pc_to_imem_addr_0_0/synth/BASIC_pc_to_imem_addr_0_0.v:58]
INFO: [Synth 8-6157] synthesizing module 'pc_to_imem_addr' [/media/steckler/xilinx_linux/RISCV_ZYNQ/V2/RVI20U32/RISCV/RISCV.srcs/sources_1/new/pc_to_imem_addr.v:3]
	Parameter ADDR_W bound to: 11 - type: integer 
INFO: [Synth 8-6155] done synthesizing module 'pc_to_imem_addr' (47#1) [/media/steckler/xilinx_linux/RISCV_ZYNQ/V2/RVI20U32/RISCV/RISCV.srcs/sources_1/new/pc_to_imem_addr.v:3]
INFO: [Synth 8-6155] done synthesizing module 'BASIC_pc_to_imem_addr_0_0' (48#1) [/media/steckler/xilinx_linux/RISCV_ZYNQ/V2/RVI20U32/RISCV/RISCV.srcs/sources_1/bd/BASIC/ip/BASIC_pc_to_imem_addr_0_0/synth/BASIC_pc_to_imem_addr_0_0.v:58]
INFO: [Synth 8-6157] synthesizing module 'BASIC_pc_unit_0_0' [/media/steckler/xilinx_linux/RISCV_ZYNQ/V2/RVI20U32/RISCV/RISCV.srcs/sources_1/bd/BASIC/ip/BASIC_pc_unit_0_0/synth/BASIC_pc_unit_0_0.v:58]
INFO: [Synth 8-6157] synthesizing module 'pc_unit' [/media/steckler/xilinx_linux/RISCV_ZYNQ/V2/RVI20U32/RISCV/RISCV.srcs/sources_1/new/pc_unit.v:3]
	Parameter RESET_PC bound to: 0 - type: integer 
INFO: [Synth 8-6155] done synthesizing module 'pc_unit' (49#1) [/media/steckler/xilinx_linux/RISCV_ZYNQ/V2/RVI20U32/RISCV/RISCV.srcs/sources_1/new/pc_unit.v:3]
INFO: [Synth 8-6155] done synthesizing module 'BASIC_pc_unit_0_0' (50#1) [/media/steckler/xilinx_linux/RISCV_ZYNQ/V2/RVI20U32/RISCV/RISCV.srcs/sources_1/bd/BASIC/ip/BASIC_pc_unit_0_0/synth/BASIC_pc_unit_0_0.v:58]
WARNING: [Synth 8-7071] port 'pc_debug_last_redirect' of module 'BASIC_pc_unit_0_0' is unconnected for instance 'pc_unit_0' [/media/steckler/xilinx_linux/RISCV_ZYNQ/V2/RVI20U32/RISCV/RISCV.srcs/sources_1/bd/BASIC/synth/BASIC.v:1576]
WARNING: [Synth 8-7071] port 'pc_debug_redirect_pulse' of module 'BASIC_pc_unit_0_0' is unconnected for instance 'pc_unit_0' [/media/steckler/xilinx_linux/RISCV_ZYNQ/V2/RVI20U32/RISCV/RISCV.srcs/sources_1/bd/BASIC/synth/BASIC.v:1576]
WARNING: [Synth 8-7071] port 'pc_debug_last_predict' of module 'BASIC_pc_unit_0_0' is unconnected for instance 'pc_unit_0' [/media/steckler/xilinx_linux/RISCV_ZYNQ/V2/RVI20U32/RISCV/RISCV.srcs/sources_1/bd/BASIC/synth/BASIC.v:1576]
WARNING: [Synth 8-7071] port 'pc_debug_predict_pulse' of module 'BASIC_pc_unit_0_0' is unconnected for instance 'pc_unit_0' [/media/steckler/xilinx_linux/RISCV_ZYNQ/V2/RVI20U32/RISCV/RISCV.srcs/sources_1/bd/BASIC/synth/BASIC.v:1576]
WARNING: [Synth 8-7023] instance 'pc_unit_0' of module 'BASIC_pc_unit_0_0' has 13 connections declared, but only 9 given [/media/steckler/xilinx_linux/RISCV_ZYNQ/V2/RVI20U32/RISCV/RISCV.srcs/sources_1/bd/BASIC/synth/BASIC.v:1576]
INFO: [Synth 8-6157] synthesizing module 'BASIC_util_vector_logic_1_0' [/media/steckler/xilinx_linux/RISCV_ZYNQ/V2/RVI20U32/RISCV/RISCV.srcs/sources_1/bd/BASIC/ip/BASIC_util_vector_logic_1_0/synth/BASIC_util_vector_logic_1_0.v:57]
INFO: [Synth 8-6155] done synthesizing module 'BASIC_util_vector_logic_1_0' (51#1) [/media/steckler/xilinx_linux/RISCV_ZYNQ/V2/RVI20U32/RISCV/RISCV.srcs/sources_1/bd/BASIC/ip/BASIC_util_vector_logic_1_0/synth/BASIC_util_vector_logic_1_0.v:57]
INFO: [Synth 8-6157] synthesizing module 'BASIC_util_vector_logic_2_1' [/media/steckler/xilinx_linux/RISCV_ZYNQ/V2/RVI20U32/RISCV/RISCV.srcs/sources_1/bd/BASIC/ip/BASIC_util_vector_logic_2_1/synth/BASIC_util_vector_logic_2_1.v:57]
INFO: [Synth 8-6157] synthesizing module 'util_vector_logic_v2_0_1_util_vector_logic__parameterized0' [/media/steckler/xilinx_linux/RISCV_ZYNQ/V2/RVI20U32/RISCV/RISCV.srcs/sources_1/bd/BASIC/ipshared/2137/hdl/util_vector_logic_v2_0_vl_rfs.v:45]
	Parameter C_OPERATION bound to: not - type: string 
	Parameter C_SIZE bound to: 1 - type: integer 
INFO: [Synth 8-6155] done synthesizing module 'util_vector_logic_v2_0_1_util_vector_logic__parameterized0' (51#1) [/media/steckler/xilinx_linux/RISCV_ZYNQ/V2/RVI20U32/RISCV/RISCV.srcs/sources_1/bd/BASIC/ipshared/2137/hdl/util_vector_logic_v2_0_vl_rfs.v:45]
INFO: [Synth 8-6155] done synthesizing module 'BASIC_util_vector_logic_2_1' (52#1) [/media/steckler/xilinx_linux/RISCV_ZYNQ/V2/RVI20U32/RISCV/RISCV.srcs/sources_1/bd/BASIC/ip/BASIC_util_vector_logic_2_1/synth/BASIC_util_vector_logic_2_1.v:57]
INFO: [Synth 8-6157] synthesizing module 'BASIC_util_vector_logic_3_0' [/media/steckler/xilinx_linux/RISCV_ZYNQ/V2/RVI20U32/RISCV/RISCV.srcs/sources_1/bd/BASIC/ip/BASIC_util_vector_logic_3_0/synth/BASIC_util_vector_logic_3_0.v:57]
INFO: [Synth 8-6155] done synthesizing module 'BASIC_util_vector_logic_3_0' (53#1) [/media/steckler/xilinx_linux/RISCV_ZYNQ/V2/RVI20U32/RISCV/RISCV.srcs/sources_1/bd/BASIC/ip/BASIC_util_vector_logic_3_0/synth/BASIC_util_vector_logic_3_0.v:57]
INFO: [Synth 8-6157] synthesizing module 'BASIC_util_vector_logic_6_0' [/media/steckler/xilinx_linux/RISCV_ZYNQ/V2/RVI20U32/RISCV/RISCV.srcs/sources_1/bd/BASIC/ip/BASIC_util_vector_logic_6_0/synth/BASIC_util_vector_logic_6_0.v:57]
INFO: [Synth 8-6157] synthesizing module 'util_vector_logic_v2_0_1_util_vector_logic__parameterized1' [/media/steckler/xilinx_linux/RISCV_ZYNQ/V2/RVI20U32/RISCV/RISCV.srcs/sources_1/bd/BASIC/ipshared/2137/hdl/util_vector_logic_v2_0_vl_rfs.v:45]
	Parameter C_OPERATION bound to: or - type: string 
	Parameter C_SIZE bound to: 1 - type: integer 
INFO: [Synth 8-6155] done synthesizing module 'util_vector_logic_v2_0_1_util_vector_logic__parameterized1' (53#1) [/media/steckler/xilinx_linux/RISCV_ZYNQ/V2/RVI20U32/RISCV/RISCV.srcs/sources_1/bd/BASIC/ipshared/2137/hdl/util_vector_logic_v2_0_vl_rfs.v:45]
INFO: [Synth 8-6155] done synthesizing module 'BASIC_util_vector_logic_6_0' (54#1) [/media/steckler/xilinx_linux/RISCV_ZYNQ/V2/RVI20U32/RISCV/RISCV.srcs/sources_1/bd/BASIC/ip/BASIC_util_vector_logic_6_0/synth/BASIC_util_vector_logic_6_0.v:57]
INFO: [Synth 8-6157] synthesizing module 'BASIC_util_vector_logic_6_1' [/media/steckler/xilinx_linux/RISCV_ZYNQ/V2/RVI20U32/RISCV/RISCV.srcs/sources_1/bd/BASIC/ip/BASIC_util_vector_logic_6_1/synth/BASIC_util_vector_logic_6_1.v:57]
INFO: [Synth 8-6155] done synthesizing module 'BASIC_util_vector_logic_6_1' (55#1) [/media/steckler/xilinx_linux/RISCV_ZYNQ/V2/RVI20U32/RISCV/RISCV.srcs/sources_1/bd/BASIC/ip/BASIC_util_vector_logic_6_1/synth/BASIC_util_vector_logic_6_1.v:57]
INFO: [Synth 8-6157] synthesizing module 'BASIC_util_vector_logic_8_0' [/media/steckler/xilinx_linux/RISCV_ZYNQ/V2/RVI20U32/RISCV/RISCV.srcs/sources_1/bd/BASIC/ip/BASIC_util_vector_logic_8_0/synth/BASIC_util_vector_logic_8_0.v:57]
INFO: [Synth 8-6155] done synthesizing module 'BASIC_util_vector_logic_8_0' (56#1) [/media/steckler/xilinx_linux/RISCV_ZYNQ/V2/RVI20U32/RISCV/RISCV.srcs/sources_1/bd/BASIC/ip/BASIC_util_vector_logic_8_0/synth/BASIC_util_vector_logic_8_0.v:57]
INFO: [Synth 8-6157] synthesizing module 'BASIC_xlconstant_2_0' [/media/steckler/xilinx_linux/RISCV_ZYNQ/V2/RVI20U32/RISCV/RISCV.srcs/sources_1/bd/BASIC/ip/BASIC_xlconstant_2_0/synth/BASIC_xlconstant_2_0.v:57]
INFO: [Synth 8-6157] synthesizing module 'xlconstant_v1_1_7_xlconstant__parameterized0' [/media/steckler/xilinx_linux/RISCV_ZYNQ/V2/RVI20U32/RISCV/RISCV.srcs/sources_1/bd/BASIC/ipshared/fcfc/hdl/xlconstant_v1_1_vl_rfs.v:23]
	Parameter CONST_VAL bound to: 1 - type: integer 
	Parameter CONST_WIDTH bound to: 1 - type: integer 
INFO: [Synth 8-6155] done synthesizing module 'xlconstant_v1_1_7_xlconstant__parameterized0' (56#1) [/media/steckler/xilinx_linux/RISCV_ZYNQ/V2/RVI20U32/RISCV/RISCV.srcs/sources_1/bd/BASIC/ipshared/fcfc/hdl/xlconstant_v1_1_vl_rfs.v:23]
INFO: [Synth 8-6155] done synthesizing module 'BASIC_xlconstant_2_0' (57#1) [/media/steckler/xilinx_linux/RISCV_ZYNQ/V2/RVI20U32/RISCV/RISCV.srcs/sources_1/bd/BASIC/ip/BASIC_xlconstant_2_0/synth/BASIC_xlconstant_2_0.v:57]
INFO: [Synth 8-6155] done synthesizing module 'RV32I_IF_imp_136QK4M' (58#1) [/media/steckler/xilinx_linux/RISCV_ZYNQ/V2/RVI20U32/RISCV/RISCV.srcs/sources_1/bd/BASIC/synth/BASIC.v:1441]
INFO: [Synth 8-6157] synthesizing module 'RV32I_MEM_imp_12Q40FU' [/media/steckler/xilinx_linux/RISCV_ZYNQ/V2/RVI20U32/RISCV/RISCV.srcs/sources_1/bd/BASIC/synth/BASIC.v:1612]
INFO: [Synth 8-6157] synthesizing module 'BASIC_mem_stage_0_0' [/media/steckler/xilinx_linux/RISCV_ZYNQ/V2/RVI20U32/RISCV/RISCV.srcs/sources_1/bd/BASIC/ip/BASIC_mem_stage_0_0/synth/BASIC_mem_stage_0_0.v:58]
INFO: [Synth 8-6157] synthesizing module 'mem_stage' [/media/steckler/xilinx_linux/RISCV_ZYNQ/V2/RVI20U32/RISCV/RISCV.srcs/sources_1/new/mem_stage.v:3]
	Parameter SZ_B bound to: 2'b00 
	Parameter SZ_H bound to: 2'b01 
	Parameter SZ_W bound to: 2'b10 
	Parameter WB_ALU bound to: 2'b00 
	Parameter WB_MEM bound to: 2'b01 
	Parameter WB_PC4 bound to: 2'b10 
	Parameter WB_IMM_U bound to: 2'b11 
INFO: [Synth 8-226] default block is never used [/media/steckler/xilinx_linux/RISCV_ZYNQ/V2/RVI20U32/RISCV/RISCV.srcs/sources_1/new/mem_stage.v:233]
INFO: [Synth 8-6155] done synthesizing module 'mem_stage' (59#1) [/media/steckler/xilinx_linux/RISCV_ZYNQ/V2/RVI20U32/RISCV/RISCV.srcs/sources_1/new/mem_stage.v:3]
INFO: [Synth 8-6155] done synthesizing module 'BASIC_mem_stage_0_0' (60#1) [/media/steckler/xilinx_linux/RISCV_ZYNQ/V2/RVI20U32/RISCV/RISCV.srcs/sources_1/bd/BASIC/ip/BASIC_mem_stage_0_0/synth/BASIC_mem_stage_0_0.v:58]
WARNING: [Synth 8-7071] port 'dmem_valid' of module 'BASIC_mem_stage_0_0' is unconnected for instance 'mem_stage_0' [/media/steckler/xilinx_linux/RISCV_ZYNQ/V2/RVI20U32/RISCV/RISCV.srcs/sources_1/bd/BASIC/synth/BASIC.v:1758]
WARNING: [Synth 8-7071] port 'mem_out_mem_size' of module 'BASIC_mem_stage_0_0' is unconnected for instance 'mem_stage_0' [/media/steckler/xilinx_linux/RISCV_ZYNQ/V2/RVI20U32/RISCV/RISCV.srcs/sources_1/bd/BASIC/synth/BASIC.v:1758]
WARNING: [Synth 8-7071] port 'mem_out_mem_unsigned' of module 'BASIC_mem_stage_0_0' is unconnected for instance 'mem_stage_0' [/media/steckler/xilinx_linux/RISCV_ZYNQ/V2/RVI20U32/RISCV/RISCV.srcs/sources_1/bd/BASIC/synth/BASIC.v:1758]
WARNING: [Synth 8-7023] instance 'mem_stage_0' of module 'BASIC_mem_stage_0_0' has 36 connections declared, but only 33 given [/media/steckler/xilinx_linux/RISCV_ZYNQ/V2/RVI20U32/RISCV/RISCV.srcs/sources_1/bd/BASIC/synth/BASIC.v:1758]
INFO: [Synth 8-6157] synthesizing module 'BASIC_mem_wb_reg_0_0' [/media/steckler/xilinx_linux/RISCV_ZYNQ/V2/RVI20U32/RISCV/RISCV.srcs/sources_1/bd/BASIC/ip/BASIC_mem_wb_reg_0_0/synth/BASIC_mem_wb_reg_0_0.v:58]
INFO: [Synth 8-6157] synthesizing module 'mem_wb_reg' [/media/steckler/xilinx_linux/RISCV_ZYNQ/V2/RVI20U32/RISCV/RISCV.srcs/sources_1/new/mem_wb_reg.v:3]
INFO: [Synth 8-6155] done synthesizing module 'mem_wb_reg' (61#1) [/media/steckler/xilinx_linux/RISCV_ZYNQ/V2/RVI20U32/RISCV/RISCV.srcs/sources_1/new/mem_wb_reg.v:3]
INFO: [Synth 8-6155] done synthesizing module 'BASIC_mem_wb_reg_0_0' (62#1) [/media/steckler/xilinx_linux/RISCV_ZYNQ/V2/RVI20U32/RISCV/RISCV.srcs/sources_1/bd/BASIC/ip/BASIC_mem_wb_reg_0_0/synth/BASIC_mem_wb_reg_0_0.v:58]
INFO: [Synth 8-6157] synthesizing module 'BASIC_regfile_we_gen_0_0' [/media/steckler/xilinx_linux/RISCV_ZYNQ/V2/RVI20U32/RISCV/RISCV.srcs/sources_1/bd/BASIC/ip/BASIC_regfile_we_gen_0_0/synth/BASIC_regfile_we_gen_0_0.v:58]
INFO: [Synth 8-6157] synthesizing module 'regfile_we_gen' [/media/steckler/xilinx_linux/RISCV_ZYNQ/V2/RVI20U32/RISCV/RISCV.srcs/sources_1/new/regfile_we_gen.v:3]
INFO: [Synth 8-6155] done synthesizing module 'regfile_we_gen' (63#1) [/media/steckler/xilinx_linux/RISCV_ZYNQ/V2/RVI20U32/RISCV/RISCV.srcs/sources_1/new/regfile_we_gen.v:3]
INFO: [Synth 8-6155] done synthesizing module 'BASIC_regfile_we_gen_0_0' (64#1) [/media/steckler/xilinx_linux/RISCV_ZYNQ/V2/RVI20U32/RISCV/RISCV.srcs/sources_1/bd/BASIC/ip/BASIC_regfile_we_gen_0_0/synth/BASIC_regfile_we_gen_0_0.v:58]
INFO: [Synth 8-6157] synthesizing module 'BASIC_xlconstant_3_0' [/media/steckler/xilinx_linux/RISCV_ZYNQ/V2/RVI20U32/RISCV/RISCV.srcs/sources_1/bd/BASIC/ip/BASIC_xlconstant_3_0/synth/BASIC_xlconstant_3_0.v:57]
INFO: [Synth 8-6155] done synthesizing module 'BASIC_xlconstant_3_0' (65#1) [/media/steckler/xilinx_linux/RISCV_ZYNQ/V2/RVI20U32/RISCV/RISCV.srcs/sources_1/bd/BASIC/ip/BASIC_xlconstant_3_0/synth/BASIC_xlconstant_3_0.v:57]
INFO: [Synth 8-6155] done synthesizing module 'RV32I_MEM_imp_12Q40FU' (66#1) [/media/steckler/xilinx_linux/RISCV_ZYNQ/V2/RVI20U32/RISCV/RISCV.srcs/sources_1/bd/BASIC/synth/BASIC.v:1612]
INFO: [Synth 8-6157] synthesizing module 'RV32I_WB_imp_98K1CZ' [/media/steckler/xilinx_linux/RISCV_ZYNQ/V2/RVI20U32/RISCV/RISCV.srcs/sources_1/bd/BASIC/synth/BASIC.v:1899]
INFO: [Synth 8-6157] synthesizing module 'BASIC_wb_mux_0_0' [/media/steckler/xilinx_linux/RISCV_ZYNQ/V2/RVI20U32/RISCV/RISCV.srcs/sources_1/bd/BASIC/ip/BASIC_wb_mux_0_0/synth/BASIC_wb_mux_0_0.v:58]
INFO: [Synth 8-6157] synthesizing module 'wb_mux' [/media/steckler/xilinx_linux/RISCV_ZYNQ/V2/RVI20U32/RISCV/RISCV.srcs/sources_1/new/wb_mux.v:3]
	Parameter WB_ALU bound to: 2'b00 
	Parameter WB_MEM bound to: 2'b01 
	Parameter WB_PC4 bound to: 2'b10 
	Parameter WB_IMM bound to: 2'b11 
INFO: [Synth 8-226] default block is never used [/media/steckler/xilinx_linux/RISCV_ZYNQ/V2/RVI20U32/RISCV/RISCV.srcs/sources_1/new/wb_mux.v:18]
INFO: [Synth 8-6155] done synthesizing module 'wb_mux' (67#1) [/media/steckler/xilinx_linux/RISCV_ZYNQ/V2/RVI20U32/RISCV/RISCV.srcs/sources_1/new/wb_mux.v:3]
INFO: [Synth 8-6155] done synthesizing module 'BASIC_wb_mux_0_0' (68#1) [/media/steckler/xilinx_linux/RISCV_ZYNQ/V2/RVI20U32/RISCV/RISCV.srcs/sources_1/bd/BASIC/ip/BASIC_wb_mux_0_0/synth/BASIC_wb_mux_0_0.v:58]
INFO: [Synth 8-6155] done synthesizing module 'RV32I_WB_imp_98K1CZ' (69#1) [/media/steckler/xilinx_linux/RISCV_ZYNQ/V2/RVI20U32/RISCV/RISCV.srcs/sources_1/bd/BASIC/synth/BASIC.v:1899]
WARNING: [Synth 8-4446] all outputs are unconnected for this instance and logic may be removed [/media/steckler/xilinx_linux/RISCV_ZYNQ/V2/RVI20U32/RISCV/RISCV.srcs/sources_1/bd/BASIC/synth/BASIC.v:490]
INFO: [Synth 8-6157] synthesizing module 'BASIC_ila_0_0' [/media/steckler/xilinx_linux/RISCV_ZYNQ/V2/RVI20U32/RISCV/RISCV.srcs/sources_1/bd/BASIC/ip/BASIC_ila_0_0/synth/BASIC_ila_0_0.v:84]
INFO: [Synth 8-6157] synthesizing module 'CFGLUT5' [/media/steckler/xilinx_linux/vitis_2020.1/Vivado/2020.1/scripts/rt/data/unisim_comp.v:1524]
INFO: [Synth 8-6155] done synthesizing module 'CFGLUT5' (77#1) [/media/steckler/xilinx_linux/vitis_2020.1/Vivado/2020.1/scripts/rt/data/unisim_comp.v:1524]
INFO: [Synth 8-6157] synthesizing module 'CARRY4' [/media/steckler/xilinx_linux/vitis_2020.1/Vivado/2020.1/scripts/rt/data/unisim_comp.v:1487]
INFO: [Synth 8-6155] done synthesizing module 'CARRY4' (78#1) [/media/steckler/xilinx_linux/vitis_2020.1/Vivado/2020.1/scripts/rt/data/unisim_comp.v:1487]
INFO: [Synth 8-6157] synthesizing module 'SRLC32E' [/media/steckler/xilinx_linux/vitis_2020.1/Vivado/2020.1/scripts/rt/data/unisim_comp.v:78209]
INFO: [Synth 8-6155] done synthesizing module 'SRLC32E' (88#1) [/media/steckler/xilinx_linux/vitis_2020.1/Vivado/2020.1/scripts/rt/data/unisim_comp.v:78209]
INFO: [Synth 8-6157] synthesizing module 'SRL16E' [/media/steckler/xilinx_linux/vitis_2020.1/Vivado/2020.1/scripts/rt/data/unisim_comp.v:78059]
INFO: [Synth 8-6155] done synthesizing module 'SRL16E' (90#1) [/media/steckler/xilinx_linux/vitis_2020.1/Vivado/2020.1/scripts/rt/data/unisim_comp.v:78059]
INFO: [Synth 8-6157] synthesizing module 'SRLC16E' [/media/steckler/xilinx_linux/vitis_2020.1/Vivado/2020.1/scripts/rt/data/unisim_comp.v:78148]
INFO: [Synth 8-6155] done synthesizing module 'SRLC16E' (92#1) [/media/steckler/xilinx_linux/vitis_2020.1/Vivado/2020.1/scripts/rt/data/unisim_comp.v:78148]
INFO: [Synth 8-6157] synthesizing module 'FDRE' [/media/steckler/xilinx_linux/vitis_2020.1/Vivado/2020.1/scripts/rt/data/unisim_comp.v:13724]
INFO: [Synth 8-6155] done synthesizing module 'FDRE' (97#1) [/media/steckler/xilinx_linux/vitis_2020.1/Vivado/2020.1/scripts/rt/data/unisim_comp.v:13724]
WARNING: [Synth 8-7071] port 'clk_nobuf' of module 'ila_v6_2_11_ila' is unconnected for instance 'inst' [/media/steckler/xilinx_linux/RISCV_ZYNQ/V2/RVI20U32/RISCV/RISCV.srcs/sources_1/bd/BASIC/ip/BASIC_ila_0_0/synth/BASIC_ila_0_0.v:3217]
WARNING: [Synth 8-7071] port 'clkdiv_out' of module 'ila_v6_2_11_ila' is unconnected for instance 'inst' [/media/steckler/xilinx_linux/RISCV_ZYNQ/V2/RVI20U32/RISCV/RISCV.srcs/sources_1/bd/BASIC/ip/BASIC_ila_0_0/synth/BASIC_ila_0_0.v:3217]
WARNING: [Synth 8-7071] port 'trig_in' of module 'ila_v6_2_11_ila' is unconnected for instance 'inst' [/media/steckler/xilinx_linux/RISCV_ZYNQ/V2/RVI20U32/RISCV/RISCV.srcs/sources_1/bd/BASIC/ip/BASIC_ila_0_0/synth/BASIC_ila_0_0.v:3217]
WARNING: [Synth 8-7071] port 'trig_in_ack' of module 'ila_v6_2_11_ila' is unconnected for instance 'inst' [/media/steckler/xilinx_linux/RISCV_ZYNQ/V2/RVI20U32/RISCV/RISCV.srcs/sources_1/bd/BASIC/ip/BASIC_ila_0_0/synth/BASIC_ila_0_0.v:3217]
WARNING: [Synth 8-7071] port 'trig_out' of module 'ila_v6_2_11_ila' is unconnected for instance 'inst' [/media/steckler/xilinx_linux/RISCV_ZYNQ/V2/RVI20U32/RISCV/RISCV.srcs/sources_1/bd/BASIC/ip/BASIC_ila_0_0/synth/BASIC_ila_0_0.v:3217]
WARNING: [Synth 8-7071] port 'trig_out_ack' of module 'ila_v6_2_11_ila' is unconnected for instance 'inst' [/media/steckler/xilinx_linux/RISCV_ZYNQ/V2/RVI20U32/RISCV/RISCV.srcs/sources_1/bd/BASIC/ip/BASIC_ila_0_0/synth/BASIC_ila_0_0.v:3217]
WARNING: [Synth 8-7023] instance 'inst' of module 'ila_v6_2_11_ila' has 1033 connections declared, but only 1027 given [/media/steckler/xilinx_linux/RISCV_ZYNQ/V2/RVI20U32/RISCV/RISCV.srcs/sources_1/bd/BASIC/ip/BASIC_ila_0_0/synth/BASIC_ila_0_0.v:3217]
INFO: [Synth 8-6155] done synthesizing module 'BASIC_ila_0_0' (108#1) [/media/steckler/xilinx_linux/RISCV_ZYNQ/V2/RVI20U32/RISCV/RISCV.srcs/sources_1/bd/BASIC/ip/BASIC_ila_0_0/synth/BASIC_ila_0_0.v:84]
INFO: [Synth 8-6157] synthesizing module 'BASIC_load_use_detection_0_0' [/media/steckler/xilinx_linux/RISCV_ZYNQ/V2/RVI20U32/RISCV/RISCV.srcs/sources_1/bd/BASIC/ip/BASIC_load_use_detection_0_0/synth/BASIC_load_use_detection_0_0.v:58]
INFO: [Synth 8-6157] synthesizing module 'load_use_detection' [/media/steckler/xilinx_linux/RISCV_ZYNQ/V2/RVI20U32/RISCV/RISCV.srcs/sources_1/new/load_use_detection.v:3]
INFO: [Synth 8-6155] done synthesizing module 'load_use_detection' (109#1) [/media/steckler/xilinx_linux/RISCV_ZYNQ/V2/RVI20U32/RISCV/RISCV.srcs/sources_1/new/load_use_detection.v:3]
INFO: [Synth 8-6155] done synthesizing module 'BASIC_load_use_detection_0_0' (110#1) [/media/steckler/xilinx_linux/RISCV_ZYNQ/V2/RVI20U32/RISCV/RISCV.srcs/sources_1/bd/BASIC/ip/BASIC_load_use_detection_0_0/synth/BASIC_load_use_detection_0_0.v:58]
INFO: [Synth 8-6157] synthesizing module 'BASIC_priority_branch_OR_l_0_0' [/media/steckler/xilinx_linux/RISCV_ZYNQ/V2/RVI20U32/RISCV/RISCV.srcs/sources_1/bd/BASIC/ip/BASIC_priority_branch_OR_l_0_0/synth/BASIC_priority_branch_OR_l_0_0.v:58]
INFO: [Synth 8-6157] synthesizing module 'priority_branch_OR_load_use' [/media/steckler/xilinx_linux/RISCV_ZYNQ/V2/RVI20U32/RISCV/RISCV.srcs/sources_1/new/priority_branch_OR_load_use.v:3]
INFO: [Synth 8-6155] done synthesizing module 'priority_branch_OR_load_use' (111#1) [/media/steckler/xilinx_linux/RISCV_ZYNQ/V2/RVI20U32/RISCV/RISCV.srcs/sources_1/new/priority_branch_OR_load_use.v:3]
INFO: [Synth 8-6155] done synthesizing module 'BASIC_priority_branch_OR_l_0_0' (112#1) [/media/steckler/xilinx_linux/RISCV_ZYNQ/V2/RVI20U32/RISCV/RISCV.srcs/sources_1/bd/BASIC/ip/BASIC_priority_branch_OR_l_0_0/synth/BASIC_priority_branch_OR_l_0_0.v:58]
INFO: [Synth 8-6071] Mark debug on the nets applies keep_hierarchy on instance 'ila_0'. This will prevent further optimization [/media/steckler/xilinx_linux/RISCV_ZYNQ/V2/RVI20U32/RISCV/RISCV.srcs/sources_1/bd/BASIC/synth/BASIC.v:490]
INFO: [Synth 8-6071] Mark debug on the nets applies keep_hierarchy on instance 'RV32I_MEM'. This will prevent further optimization [/media/steckler/xilinx_linux/RISCV_ZYNQ/V2/RVI20U32/RISCV/RISCV.srcs/sources_1/bd/BASIC/synth/BASIC.v:448]
INFO: [Synth 8-6071] Mark debug on the nets applies keep_hierarchy on instance 'RV32I_IF'. This will prevent further optimization [/media/steckler/xilinx_linux/RISCV_ZYNQ/V2/RVI20U32/RISCV/RISCV.srcs/sources_1/bd/BASIC/synth/BASIC.v:426]
INFO: [Synth 8-6071] Mark debug on the nets applies keep_hierarchy on instance 'RV32I_ID'. This will prevent further optimization [/media/steckler/xilinx_linux/RISCV_ZYNQ/V2/RVI20U32/RISCV/RISCV.srcs/sources_1/bd/BASIC/synth/BASIC.v:384]
INFO: [Synth 8-6071] Mark debug on the nets applies keep_hierarchy on instance 'RV32I_EX'. This will prevent further optimization [/media/steckler/xilinx_linux/RISCV_ZYNQ/V2/RVI20U32/RISCV/RISCV.srcs/sources_1/bd/BASIC/synth/BASIC.v:329]
INFO: [Synth 8-6071] Mark debug on the nets applies keep_hierarchy on instance 'RV32I_WB'. This will prevent further optimization [/media/steckler/xilinx_linux/RISCV_ZYNQ/V2/RVI20U32/RISCV/RISCV.srcs/sources_1/bd/BASIC/synth/BASIC.v:483]
INFO: [Synth 8-6071] Mark debug on the nets applies keep_hierarchy on instance 'load_use_detection_0'. This will prevent further optimization [/media/steckler/xilinx_linux/RISCV_ZYNQ/V2/RVI20U32/RISCV/RISCV.srcs/sources_1/bd/BASIC/synth/BASIC.v:497]
INFO: [Synth 8-6155] done synthesizing module 'Core_RV32I_imp_1VYNK5M' (113#1) [/media/steckler/xilinx_linux/RISCV_ZYNQ/V2/RVI20U32/RISCV/RISCV.srcs/sources_1/bd/BASIC/synth/BASIC.v:215]
INFO: [Synth 8-6157] synthesizing module 'GPIO_imp_GTDX3I' [/media/steckler/xilinx_linux/RISCV_ZYNQ/V2/RVI20U32/RISCV/RISCV.srcs/sources_1/bd/BASIC/synth/BASIC.v:521]
INFO: [Synth 8-6157] synthesizing module 'BASIC_gpio_0_0' [/media/steckler/xilinx_linux/RISCV_ZYNQ/V2/RVI20U32/RISCV/RISCV.srcs/sources_1/bd/BASIC/ip/BASIC_gpio_0_0/synth/BASIC_gpio_0_0.v:58]
INFO: [Synth 8-6157] synthesizing module 'gpio' [/media/steckler/xilinx_linux/RISCV_ZYNQ/V2/RVI20U32/RISCV/RISCV.srcs/sources_1/new/gpio.v:3]
INFO: [Synth 8-6155] done synthesizing module 'gpio' (114#1) [/media/steckler/xilinx_linux/RISCV_ZYNQ/V2/RVI20U32/RISCV/RISCV.srcs/sources_1/new/gpio.v:3]
INFO: [Synth 8-6155] done synthesizing module 'BASIC_gpio_0_0' (115#1) [/media/steckler/xilinx_linux/RISCV_ZYNQ/V2/RVI20U32/RISCV/RISCV.srcs/sources_1/bd/BASIC/ip/BASIC_gpio_0_0/synth/BASIC_gpio_0_0.v:58]
WARNING: [Synth 8-7071] port 'gpio_dir' of module 'BASIC_gpio_0_0' is unconnected for instance 'gpio_0' [/media/steckler/xilinx_linux/RISCV_ZYNQ/V2/RVI20U32/RISCV/RISCV.srcs/sources_1/bd/BASIC/synth/BASIC.v:568]
WARNING: [Synth 8-7023] instance 'gpio_0' of module 'BASIC_gpio_0_0' has 12 connections declared, but only 11 given [/media/steckler/xilinx_linux/RISCV_ZYNQ/V2/RVI20U32/RISCV/RISCV.srcs/sources_1/bd/BASIC/synth/BASIC.v:568]
INFO: [Synth 8-6155] done synthesizing module 'GPIO_imp_GTDX3I' (116#1) [/media/steckler/xilinx_linux/RISCV_ZYNQ/V2/RVI20U32/RISCV/RISCV.srcs/sources_1/bd/BASIC/synth/BASIC.v:521]
INFO: [Synth 8-6157] synthesizing module 'MMIO_imp_LNKWBU' [/media/steckler/xilinx_linux/RISCV_ZYNQ/V2/RVI20U32/RISCV/RISCV.srcs/sources_1/bd/BASIC/synth/BASIC.v:582]
INFO: [Synth 8-6157] synthesizing module 'BASIC_mem_bus_registered_0_0' [/media/steckler/xilinx_linux/RISCV_ZYNQ/V2/RVI20U32/RISCV/RISCV.srcs/sources_1/bd/BASIC/ip/BASIC_mem_bus_registered_0_0/synth/BASIC_mem_bus_registered_0_0.v:58]
INFO: [Synth 8-6157] synthesizing module 'mem_bus_registered' [/media/steckler/xilinx_linux/RISCV_ZYNQ/V2/RVI20U32/RISCV/RISCV.srcs/sources_1/new/mem_bus_registered.v:1]
	Parameter RAM_BASE bound to: 8192 - type: integer 
	Parameter RAM_SIZE bound to: 4096 - type: integer 
	Parameter GPIO_BASE bound to: 12288 - type: integer 
	Parameter GPIO_SIZE bound to: 16 - type: integer 
	Parameter UART_BASE bound to: 12304 - type: integer 
	Parameter UART_SIZE bound to: 16 - type: integer 
	Parameter TIMER_BASE bound to: 12320 - type: integer 
	Parameter TIMER_SIZE bound to: 16 - type: integer 
	Parameter SEL_NONE bound to: 3'b000 
	Parameter SEL_RAM bound to: 3'b001 
	Parameter SEL_GPIO bound to: 3'b010 
	Parameter SEL_UART bound to: 3'b011 
	Parameter SEL_TIMER bound to: 3'b100 
INFO: [Synth 8-6155] done synthesizing module 'mem_bus_registered' (117#1) [/media/steckler/xilinx_linux/RISCV_ZYNQ/V2/RVI20U32/RISCV/RISCV.srcs/sources_1/new/mem_bus_registered.v:1]
INFO: [Synth 8-6155] done synthesizing module 'BASIC_mem_bus_registered_0_0' (118#1) [/media/steckler/xilinx_linux/RISCV_ZYNQ/V2/RVI20U32/RISCV/RISCV.srcs/sources_1/bd/BASIC/ip/BASIC_mem_bus_registered_0_0/synth/BASIC_mem_bus_registered_0_0.v:58]
WARNING: [Synth 8-7071] port 'mem_req_ready' of module 'BASIC_mem_bus_registered_0_0' is unconnected for instance 'mem_bus_registered_0' [/media/steckler/xilinx_linux/RISCV_ZYNQ/V2/RVI20U32/RISCV/RISCV.srcs/sources_1/bd/BASIC/synth/BASIC.v:734]
WARNING: [Synth 8-7071] port 'mem_rsp_error' of module 'BASIC_mem_bus_registered_0_0' is unconnected for instance 'mem_bus_registered_0' [/media/steckler/xilinx_linux/RISCV_ZYNQ/V2/RVI20U32/RISCV/RISCV.srcs/sources_1/bd/BASIC/synth/BASIC.v:734]
WARNING: [Synth 8-7023] instance 'mem_bus_registered_0' of module 'BASIC_mem_bus_registered_0_0' has 39 connections declared, but only 37 given [/media/steckler/xilinx_linux/RISCV_ZYNQ/V2/RVI20U32/RISCV/RISCV.srcs/sources_1/bd/BASIC/synth/BASIC.v:734]
INFO: [Synth 8-6157] synthesizing module 'BASIC_util_vector_logic_2_2' [/media/steckler/xilinx_linux/RISCV_ZYNQ/V2/RVI20U32/RISCV/RISCV.srcs/sources_1/bd/BASIC/ip/BASIC_util_vector_logic_2_2/synth/BASIC_util_vector_logic_2_2.v:57]
INFO: [Synth 8-6155] done synthesizing module 'BASIC_util_vector_logic_2_2' (119#1) [/media/steckler/xilinx_linux/RISCV_ZYNQ/V2/RVI20U32/RISCV/RISCV.srcs/sources_1/bd/BASIC/ip/BASIC_util_vector_logic_2_2/synth/BASIC_util_vector_logic_2_2.v:57]
INFO: [Synth 8-6155] done synthesizing module 'MMIO_imp_LNKWBU' (120#1) [/media/steckler/xilinx_linux/RISCV_ZYNQ/V2/RVI20U32/RISCV/RISCV.srcs/sources_1/bd/BASIC/synth/BASIC.v:582]
INFO: [Synth 8-6157] synthesizing module 'RV32I_RAM_MEMORY_imp_1A3BT4W' [/media/steckler/xilinx_linux/RISCV_ZYNQ/V2/RVI20U32/RISCV/RISCV.srcs/sources_1/bd/BASIC/synth/BASIC.v:1822]
INFO: [Synth 8-6157] synthesizing module 'BASIC_ram_data_1_0' [/media/steckler/xilinx_linux/RISCV_ZYNQ/V2/RVI20U32/RISCV/RISCV.srcs/sources_1/bd/BASIC/ip/BASIC_ram_data_1_0/synth/BASIC_ram_data_1_0.v:58]
INFO: [Synth 8-6157] synthesizing module 'ram_data' [/media/steckler/xilinx_linux/RISCV_ZYNQ/V2/RVI20U32/RISCV/RISCV.srcs/sources_1/new/ram_data.v:3]
	Parameter ADDR_WIDTH bound to: 10 - type: integer 
	Parameter WORDS bound to: 1024 - type: integer 
INFO: [Synth 8-6155] done synthesizing module 'ram_data' (121#1) [/media/steckler/xilinx_linux/RISCV_ZYNQ/V2/RVI20U32/RISCV/RISCV.srcs/sources_1/new/ram_data.v:3]
INFO: [Synth 8-6155] done synthesizing module 'BASIC_ram_data_1_0' (122#1) [/media/steckler/xilinx_linux/RISCV_ZYNQ/V2/RVI20U32/RISCV/RISCV.srcs/sources_1/bd/BASIC/ip/BASIC_ram_data_1_0/synth/BASIC_ram_data_1_0.v:58]
INFO: [Synth 8-6155] done synthesizing module 'RV32I_RAM_MEMORY_imp_1A3BT4W' (123#1) [/media/steckler/xilinx_linux/RISCV_ZYNQ/V2/RVI20U32/RISCV/RISCV.srcs/sources_1/bd/BASIC/synth/BASIC.v:1822]
INFO: [Synth 8-6157] synthesizing module 'TIMER_imp_1X1AELV' [/media/steckler/xilinx_linux/RISCV_ZYNQ/V2/RVI20U32/RISCV/RISCV.srcs/sources_1/bd/BASIC/synth/BASIC.v:1935]
INFO: [Synth 8-6157] synthesizing module 'BASIC_timer_0_0' [/media/steckler/xilinx_linux/RISCV_ZYNQ/V2/RVI20U32/RISCV/RISCV.srcs/sources_1/bd/BASIC/ip/BASIC_timer_0_0/synth/BASIC_timer_0_0.v:58]
INFO: [Synth 8-6157] synthesizing module 'timer' [/media/steckler/xilinx_linux/RISCV_ZYNQ/V2/RVI20U32/RISCV/RISCV.srcs/sources_1/new/timer.v:3]
	Parameter RESET_CMP bound to: 100000 - type: integer 
	Parameter ADDR_VALUE bound to: 4'b0000 
	Parameter ADDR_CMP bound to: 4'b0100 
	Parameter ADDR_CTRL bound to: 4'b1000 
	Parameter ADDR_STATUS bound to: 4'b1100 
INFO: [Synth 8-155] case statement is not full and has no default [/media/steckler/xilinx_linux/RISCV_ZYNQ/V2/RVI20U32/RISCV/RISCV.srcs/sources_1/new/timer.v:93]
INFO: [Synth 8-6155] done synthesizing module 'timer' (124#1) [/media/steckler/xilinx_linux/RISCV_ZYNQ/V2/RVI20U32/RISCV/RISCV.srcs/sources_1/new/timer.v:3]
INFO: [Synth 8-6155] done synthesizing module 'BASIC_timer_0_0' (125#1) [/media/steckler/xilinx_linux/RISCV_ZYNQ/V2/RVI20U32/RISCV/RISCV.srcs/sources_1/bd/BASIC/ip/BASIC_timer_0_0/synth/BASIC_timer_0_0.v:58]
WARNING: [Synth 8-7071] port 'error' of module 'BASIC_timer_0_0' is unconnected for instance 'timer_0' [/media/steckler/xilinx_linux/RISCV_ZYNQ/V2/RVI20U32/RISCV/RISCV.srcs/sources_1/bd/BASIC/synth/BASIC.v:1974]
WARNING: [Synth 8-7071] port 'timer_irq' of module 'BASIC_timer_0_0' is unconnected for instance 'timer_0' [/media/steckler/xilinx_linux/RISCV_ZYNQ/V2/RVI20U32/RISCV/RISCV.srcs/sources_1/bd/BASIC/synth/BASIC.v:1974]
WARNING: [Synth 8-7023] instance 'timer_0' of module 'BASIC_timer_0_0' has 11 connections declared, but only 9 given [/media/steckler/xilinx_linux/RISCV_ZYNQ/V2/RVI20U32/RISCV/RISCV.srcs/sources_1/bd/BASIC/synth/BASIC.v:1974]
INFO: [Synth 8-6155] done synthesizing module 'TIMER_imp_1X1AELV' (126#1) [/media/steckler/xilinx_linux/RISCV_ZYNQ/V2/RVI20U32/RISCV/RISCV.srcs/sources_1/bd/BASIC/synth/BASIC.v:1935]
INFO: [Synth 8-6157] synthesizing module 'UART_imp_OI5LS' [/media/steckler/xilinx_linux/RISCV_ZYNQ/V2/RVI20U32/RISCV/RISCV.srcs/sources_1/bd/BASIC/synth/BASIC.v:1986]
INFO: [Synth 8-6157] synthesizing module 'BASIC_uart_tx_0_0' [/media/steckler/xilinx_linux/RISCV_ZYNQ/V2/RVI20U32/RISCV/RISCV.srcs/sources_1/bd/BASIC/ip/BASIC_uart_tx_0_0/synth/BASIC_uart_tx_0_0.v:58]
INFO: [Synth 8-6157] synthesizing module 'uart_tx' [/media/steckler/xilinx_linux/RISCV_ZYNQ/V2/RVI20U32/RISCV/RISCV.srcs/sources_1/new/uart_tx.v:1]
	Parameter CLK_FREQ bound to: 200000000 - type: integer 
	Parameter BAUD bound to: 115200 - type: integer 
	Parameter CLKS_PER_BIT bound to: 1736 - type: integer 
	Parameter HALF_BIT_CLKS bound to: 868 - type: integer 
	Parameter UART_TXDATA bound to: 4'b0000 
	Parameter UART_STATUS bound to: 4'b0100 
	Parameter UART_RXDATA bound to: 4'b1000 
	Parameter RX_IDLE bound to: 2'b00 
	Parameter RX_START bound to: 2'b01 
	Parameter RX_DATA bound to: 2'b10 
	Parameter RX_STOP bound to: 2'b11 
INFO: [Synth 8-6155] done synthesizing module 'uart_tx' (127#1) [/media/steckler/xilinx_linux/RISCV_ZYNQ/V2/RVI20U32/RISCV/RISCV.srcs/sources_1/new/uart_tx.v:1]
INFO: [Synth 8-6155] done synthesizing module 'BASIC_uart_tx_0_0' (128#1) [/media/steckler/xilinx_linux/RISCV_ZYNQ/V2/RVI20U32/RISCV/RISCV.srcs/sources_1/bd/BASIC/ip/BASIC_uart_tx_0_0/synth/BASIC_uart_tx_0_0.v:58]
WARNING: [Synth 8-7071] port 'tx_busy' of module 'BASIC_uart_tx_0_0' is unconnected for instance 'uart_tx_0' [/media/steckler/xilinx_linux/RISCV_ZYNQ/V2/RVI20U32/RISCV/RISCV.srcs/sources_1/bd/BASIC/synth/BASIC.v:2026]
WARNING: [Synth 8-7071] port 'tx_ready' of module 'BASIC_uart_tx_0_0' is unconnected for instance 'uart_tx_0' [/media/steckler/xilinx_linux/RISCV_ZYNQ/V2/RVI20U32/RISCV/RISCV.srcs/sources_1/bd/BASIC/synth/BASIC.v:2026]
WARNING: [Synth 8-7071] port 'rx_busy' of module 'BASIC_uart_tx_0_0' is unconnected for instance 'uart_tx_0' [/media/steckler/xilinx_linux/RISCV_ZYNQ/V2/RVI20U32/RISCV/RISCV.srcs/sources_1/bd/BASIC/synth/BASIC.v:2026]
WARNING: [Synth 8-7071] port 'rx_ready' of module 'BASIC_uart_tx_0_0' is unconnected for instance 'uart_tx_0' [/media/steckler/xilinx_linux/RISCV_ZYNQ/V2/RVI20U32/RISCV/RISCV.srcs/sources_1/bd/BASIC/synth/BASIC.v:2026]
WARNING: [Synth 8-7023] instance 'uart_tx_0' of module 'BASIC_uart_tx_0_0' has 15 connections declared, but only 11 given [/media/steckler/xilinx_linux/RISCV_ZYNQ/V2/RVI20U32/RISCV/RISCV.srcs/sources_1/bd/BASIC/synth/BASIC.v:2026]
INFO: [Synth 8-6155] done synthesizing module 'UART_imp_OI5LS' (129#1) [/media/steckler/xilinx_linux/RISCV_ZYNQ/V2/RVI20U32/RISCV/RISCV.srcs/sources_1/bd/BASIC/synth/BASIC.v:1986]
INFO: [Synth 8-638] synthesizing module 'BASIC_proc_sys_reset_0_0' [/media/steckler/xilinx_linux/RISCV_ZYNQ/V2/RVI20U32/RISCV/RISCV.srcs/sources_1/bd/BASIC/ip/BASIC_proc_sys_reset_0_0/synth/BASIC_proc_sys_reset_0_0.vhd:74]
	Parameter C_FAMILY bound to: zynquplus - type: string 
	Parameter C_EXT_RST_WIDTH bound to: 4 - type: integer 
	Parameter C_AUX_RST_WIDTH bound to: 4 - type: integer 
	Parameter C_EXT_RESET_HIGH bound to: 1'b0 
	Parameter C_AUX_RESET_HIGH bound to: 1'b0 
	Parameter C_NUM_BUS_RST bound to: 1 - type: integer 
	Parameter C_NUM_PERP_RST bound to: 1 - type: integer 
	Parameter C_NUM_INTERCONNECT_ARESETN bound to: 1 - type: integer 
	Parameter C_NUM_PERP_ARESETN bound to: 1 - type: integer 
INFO: [Synth 8-3491] module 'proc_sys_reset' declared at '/media/steckler/xilinx_linux/RISCV_ZYNQ/V2/RVI20U32/RISCV/RISCV.srcs/sources_1/bd/BASIC/ipshared/8842/hdl/proc_sys_reset_v5_0_vh_rfs.vhd:1264' bound to instance 'U0' of component 'proc_sys_reset' [/media/steckler/xilinx_linux/RISCV_ZYNQ/V2/RVI20U32/RISCV/RISCV.srcs/sources_1/bd/BASIC/ip/BASIC_proc_sys_reset_0_0/synth/BASIC_proc_sys_reset_0_0.vhd:129]
INFO: [Synth 8-638] synthesizing module 'proc_sys_reset' [/media/steckler/xilinx_linux/RISCV_ZYNQ/V2/RVI20U32/RISCV/RISCV.srcs/sources_1/bd/BASIC/ipshared/8842/hdl/proc_sys_reset_v5_0_vh_rfs.vhd:1323]
	Parameter C_FAMILY bound to: zynquplus - type: string 
	Parameter C_EXT_RST_WIDTH bound to: 4 - type: integer 
	Parameter C_AUX_RST_WIDTH bound to: 4 - type: integer 
	Parameter C_EXT_RESET_HIGH bound to: 1'b0 
	Parameter C_AUX_RESET_HIGH bound to: 1'b0 
	Parameter C_NUM_BUS_RST bound to: 1 - type: integer 
	Parameter C_NUM_PERP_RST bound to: 1 - type: integer 
	Parameter C_NUM_INTERCONNECT_ARESETN bound to: 1 - type: integer 
	Parameter C_NUM_PERP_ARESETN bound to: 1 - type: integer 
	Parameter INIT bound to: 1'b1 
	Parameter IS_C_INVERTED bound to: 1'b0 
	Parameter IS_D_INVERTED bound to: 1'b0 
	Parameter IS_R_INVERTED bound to: 1'b0 
INFO: [Synth 8-113] binding component instance 'FDRE_inst' to cell 'FDRE' [/media/steckler/xilinx_linux/RISCV_ZYNQ/V2/RVI20U32/RISCV/RISCV.srcs/sources_1/bd/BASIC/ipshared/8842/hdl/proc_sys_reset_v5_0_vh_rfs.vhd:1392]
	Parameter INIT bound to: 1'b1 
	Parameter IS_C_INVERTED bound to: 1'b0 
	Parameter IS_D_INVERTED bound to: 1'b0 
	Parameter IS_R_INVERTED bound to: 1'b0 
INFO: [Synth 8-113] binding component instance 'FDRE_BSR' to cell 'FDRE' [/media/steckler/xilinx_linux/RISCV_ZYNQ/V2/RVI20U32/RISCV/RISCV.srcs/sources_1/bd/BASIC/ipshared/8842/hdl/proc_sys_reset_v5_0_vh_rfs.vhd:1408]
	Parameter INIT bound to: 1'b0 
	Parameter IS_C_INVERTED bound to: 1'b0 
	Parameter IS_D_INVERTED bound to: 1'b0 
	Parameter IS_R_INVERTED bound to: 1'b0 
INFO: [Synth 8-113] binding component instance 'FDRE_BSR_N' to cell 'FDRE' [/media/steckler/xilinx_linux/RISCV_ZYNQ/V2/RVI20U32/RISCV/RISCV.srcs/sources_1/bd/BASIC/ipshared/8842/hdl/proc_sys_reset_v5_0_vh_rfs.vhd:1434]
	Parameter INIT bound to: 1'b1 
	Parameter IS_C_INVERTED bound to: 1'b0 
	Parameter IS_D_INVERTED bound to: 1'b0 
	Parameter IS_R_INVERTED bound to: 1'b0 
INFO: [Synth 8-113] binding component instance 'FDRE_PER' to cell 'FDRE' [/media/steckler/xilinx_linux/RISCV_ZYNQ/V2/RVI20U32/RISCV/RISCV.srcs/sources_1/bd/BASIC/ipshared/8842/hdl/proc_sys_reset_v5_0_vh_rfs.vhd:1457]
	Parameter INIT bound to: 1'b0 
	Parameter IS_C_INVERTED bound to: 1'b0 
	Parameter IS_D_INVERTED bound to: 1'b0 
	Parameter IS_R_INVERTED bound to: 1'b0 
INFO: [Synth 8-113] binding component instance 'FDRE_PER_N' to cell 'FDRE' [/media/steckler/xilinx_linux/RISCV_ZYNQ/V2/RVI20U32/RISCV/RISCV.srcs/sources_1/bd/BASIC/ipshared/8842/hdl/proc_sys_reset_v5_0_vh_rfs.vhd:1481]
INFO: [Synth 8-638] synthesizing module 'lpf' [/media/steckler/xilinx_linux/RISCV_ZYNQ/V2/RVI20U32/RISCV/RISCV.srcs/sources_1/bd/BASIC/ipshared/8842/hdl/proc_sys_reset_v5_0_vh_rfs.vhd:816]
	Parameter C_EXT_RST_WIDTH bound to: 4 - type: integer 
	Parameter C_AUX_RST_WIDTH bound to: 4 - type: integer 
	Parameter C_EXT_RESET_HIGH bound to: 1'b0 
	Parameter C_AUX_RESET_HIGH bound to: 1'b0 
INFO: [Synth 8-3491] module 'SRL16' declared at '/media/steckler/xilinx_linux/vitis_2020.1/Vivado/2020.1/scripts/rt/data/unisim_comp.v:78043' bound to instance 'POR_SRL_I' of component 'SRL16' [/media/steckler/xilinx_linux/RISCV_ZYNQ/V2/RVI20U32/RISCV/RISCV.srcs/sources_1/bd/BASIC/ipshared/8842/hdl/proc_sys_reset_v5_0_vh_rfs.vhd:868]
INFO: [Synth 8-6157] synthesizing module 'SRL16' [/media/steckler/xilinx_linux/vitis_2020.1/Vivado/2020.1/scripts/rt/data/unisim_comp.v:78043]
	Parameter INIT bound to: 16'b0000000000000000 
INFO: [Synth 8-6155] done synthesizing module 'SRL16' (130#1) [/media/steckler/xilinx_linux/vitis_2020.1/Vivado/2020.1/scripts/rt/data/unisim_comp.v:78043]
INFO: [Synth 8-638] synthesizing module 'cdc_sync' [/media/steckler/xilinx_linux/RISCV_ZYNQ/V2/RVI20U32/RISCV/RISCV.srcs/sources_1/bd/BASIC/ipshared/ef1e/hdl/lib_cdc_v1_0_rfs.vhd:106]
	Parameter C_CDC_TYPE bound to: 1 - type: integer 
	Parameter C_RESET_STATE bound to: 0 - type: integer 
	Parameter C_SINGLE_BIT bound to: 1 - type: integer 
	Parameter C_FLOP_INPUT bound to: 0 - type: integer 
	Parameter C_VECTOR_WIDTH bound to: 2 - type: integer 
	Parameter C_MTBF_STAGES bound to: 4 - type: integer 
	Parameter INIT bound to: 1'b0 
INFO: [Synth 8-113] binding component instance 'CROSS_PLEVEL_IN2SCNDRY_IN_cdc_to' to cell 'FDR' [/media/steckler/xilinx_linux/RISCV_ZYNQ/V2/RVI20U32/RISCV/RISCV.srcs/sources_1/bd/BASIC/ipshared/ef1e/hdl/lib_cdc_v1_0_rfs.vhd:514]
	Parameter INIT bound to: 1'b0 
INFO: [Synth 8-113] binding component instance 'CROSS_PLEVEL_IN2SCNDRY_s_level_out_d2' to cell 'FDR' [/media/steckler/xilinx_linux/RISCV_ZYNQ/V2/RVI20U32/RISCV/RISCV.srcs/sources_1/bd/BASIC/ipshared/ef1e/hdl/lib_cdc_v1_0_rfs.vhd:545]
	Parameter INIT bound to: 1'b0 
INFO: [Synth 8-113] binding component instance 'CROSS_PLEVEL_IN2SCNDRY_s_level_out_d3' to cell 'FDR' [/media/steckler/xilinx_linux/RISCV_ZYNQ/V2/RVI20U32/RISCV/RISCV.srcs/sources_1/bd/BASIC/ipshared/ef1e/hdl/lib_cdc_v1_0_rfs.vhd:554]
	Parameter INIT bound to: 1'b0 
INFO: [Synth 8-113] binding component instance 'CROSS_PLEVEL_IN2SCNDRY_s_level_out_d4' to cell 'FDR' [/media/steckler/xilinx_linux/RISCV_ZYNQ/V2/RVI20U32/RISCV/RISCV.srcs/sources_1/bd/BASIC/ipshared/ef1e/hdl/lib_cdc_v1_0_rfs.vhd:564]
	Parameter INIT bound to: 1'b0 
INFO: [Synth 8-113] binding component instance 'CROSS_PLEVEL_IN2SCNDRY_s_level_out_d5' to cell 'FDR' [/media/steckler/xilinx_linux/RISCV_ZYNQ/V2/RVI20U32/RISCV/RISCV.srcs/sources_1/bd/BASIC/ipshared/ef1e/hdl/lib_cdc_v1_0_rfs.vhd:574]
	Parameter INIT bound to: 1'b0 
INFO: [Synth 8-113] binding component instance 'CROSS_PLEVEL_IN2SCNDRY_s_level_out_d6' to cell 'FDR' [/media/steckler/xilinx_linux/RISCV_ZYNQ/V2/RVI20U32/RISCV/RISCV.srcs/sources_1/bd/BASIC/ipshared/ef1e/hdl/lib_cdc_v1_0_rfs.vhd:584]
INFO: [Synth 8-256] done synthesizing module 'cdc_sync' (131#1) [/media/steckler/xilinx_linux/RISCV_ZYNQ/V2/RVI20U32/RISCV/RISCV.srcs/sources_1/bd/BASIC/ipshared/ef1e/hdl/lib_cdc_v1_0_rfs.vhd:106]
INFO: [Synth 8-256] done synthesizing module 'lpf' (132#1) [/media/steckler/xilinx_linux/RISCV_ZYNQ/V2/RVI20U32/RISCV/RISCV.srcs/sources_1/bd/BASIC/ipshared/8842/hdl/proc_sys_reset_v5_0_vh_rfs.vhd:816]
INFO: [Synth 8-638] synthesizing module 'sequence_psr' [/media/steckler/xilinx_linux/RISCV_ZYNQ/V2/RVI20U32/RISCV/RISCV.srcs/sources_1/bd/BASIC/ipshared/8842/hdl/proc_sys_reset_v5_0_vh_rfs.vhd:301]
INFO: [Synth 8-638] synthesizing module 'upcnt_n' [/media/steckler/xilinx_linux/RISCV_ZYNQ/V2/RVI20U32/RISCV/RISCV.srcs/sources_1/bd/BASIC/ipshared/8842/hdl/proc_sys_reset_v5_0_vh_rfs.vhd:125]
	Parameter C_SIZE bound to: 6 - type: integer 
INFO: [Synth 8-256] done synthesizing module 'upcnt_n' (133#1) [/media/steckler/xilinx_linux/RISCV_ZYNQ/V2/RVI20U32/RISCV/RISCV.srcs/sources_1/bd/BASIC/ipshared/8842/hdl/proc_sys_reset_v5_0_vh_rfs.vhd:125]
INFO: [Synth 8-256] done synthesizing module 'sequence_psr' (134#1) [/media/steckler/xilinx_linux/RISCV_ZYNQ/V2/RVI20U32/RISCV/RISCV.srcs/sources_1/bd/BASIC/ipshared/8842/hdl/proc_sys_reset_v5_0_vh_rfs.vhd:301]
INFO: [Synth 8-256] done synthesizing module 'proc_sys_reset' (135#1) [/media/steckler/xilinx_linux/RISCV_ZYNQ/V2/RVI20U32/RISCV/RISCV.srcs/sources_1/bd/BASIC/ipshared/8842/hdl/proc_sys_reset_v5_0_vh_rfs.vhd:1323]
INFO: [Synth 8-256] done synthesizing module 'BASIC_proc_sys_reset_0_0' (136#1) [/media/steckler/xilinx_linux/RISCV_ZYNQ/V2/RVI20U32/RISCV/RISCV.srcs/sources_1/bd/BASIC/ip/BASIC_proc_sys_reset_0_0/synth/BASIC_proc_sys_reset_0_0.vhd:74]
WARNING: [Synth 8-7071] port 'mb_reset' of module 'BASIC_proc_sys_reset_0_0' is unconnected for instance 'proc_sys_reset_0' [/media/steckler/xilinx_linux/RISCV_ZYNQ/V2/RVI20U32/RISCV/RISCV.srcs/sources_1/bd/BASIC/synth/BASIC.v:159]
WARNING: [Synth 8-7071] port 'bus_struct_reset' of module 'BASIC_proc_sys_reset_0_0' is unconnected for instance 'proc_sys_reset_0' [/media/steckler/xilinx_linux/RISCV_ZYNQ/V2/RVI20U32/RISCV/RISCV.srcs/sources_1/bd/BASIC/synth/BASIC.v:159]
WARNING: [Synth 8-7071] port 'interconnect_aresetn' of module 'BASIC_proc_sys_reset_0_0' is unconnected for instance 'proc_sys_reset_0' [/media/steckler/xilinx_linux/RISCV_ZYNQ/V2/RVI20U32/RISCV/RISCV.srcs/sources_1/bd/BASIC/synth/BASIC.v:159]
WARNING: [Synth 8-7071] port 'peripheral_aresetn' of module 'BASIC_proc_sys_reset_0_0' is unconnected for instance 'proc_sys_reset_0' [/media/steckler/xilinx_linux/RISCV_ZYNQ/V2/RVI20U32/RISCV/RISCV.srcs/sources_1/bd/BASIC/synth/BASIC.v:159]
WARNING: [Synth 8-7023] instance 'proc_sys_reset_0' of module 'BASIC_proc_sys_reset_0_0' has 10 connections declared, but only 6 given [/media/steckler/xilinx_linux/RISCV_ZYNQ/V2/RVI20U32/RISCV/RISCV.srcs/sources_1/bd/BASIC/synth/BASIC.v:159]
INFO: [Synth 8-6157] synthesizing module 'BASIC_util_vector_logic_2_0' [/media/steckler/xilinx_linux/RISCV_ZYNQ/V2/RVI20U32/RISCV/RISCV.srcs/sources_1/bd/BASIC/ip/BASIC_util_vector_logic_2_0/synth/BASIC_util_vector_logic_2_0.v:57]
INFO: [Synth 8-6155] done synthesizing module 'BASIC_util_vector_logic_2_0' (137#1) [/media/steckler/xilinx_linux/RISCV_ZYNQ/V2/RVI20U32/RISCV/RISCV.srcs/sources_1/bd/BASIC/ip/BASIC_util_vector_logic_2_0/synth/BASIC_util_vector_logic_2_0.v:57]
INFO: [Synth 8-6157] synthesizing module 'BASIC_util_vector_logic_2_3' [/media/steckler/xilinx_linux/RISCV_ZYNQ/V2/RVI20U32/RISCV/RISCV.srcs/sources_1/bd/BASIC/ip/BASIC_util_vector_logic_2_3/synth/BASIC_util_vector_logic_2_3.v:57]
INFO: [Synth 8-6155] done synthesizing module 'BASIC_util_vector_logic_2_3' (138#1) [/media/steckler/xilinx_linux/RISCV_ZYNQ/V2/RVI20U32/RISCV/RISCV.srcs/sources_1/bd/BASIC/ip/BASIC_util_vector_logic_2_3/synth/BASIC_util_vector_logic_2_3.v:57]
INFO: [Synth 8-6157] synthesizing module 'BASIC_vio_0_0' [/media/steckler/xilinx_linux/RISCV_ZYNQ/V2/RVI20U32/RISCV/RISCV.srcs/sources_1/bd/BASIC/ip/BASIC_vio_0_0/synth/BASIC_vio_0_0.v:59]
INFO: [Synth 8-6155] done synthesizing module 'BASIC_vio_0_0' (143#1) [/media/steckler/xilinx_linux/RISCV_ZYNQ/V2/RVI20U32/RISCV/RISCV.srcs/sources_1/bd/BASIC/ip/BASIC_vio_0_0/synth/BASIC_vio_0_0.v:59]
INFO: [Synth 8-6157] synthesizing module 'BASIC_xlconcat_0_0' [/media/steckler/xilinx_linux/RISCV_ZYNQ/V2/RVI20U32/RISCV/RISCV.srcs/sources_1/bd/BASIC/ip/BASIC_xlconcat_0_0/synth/BASIC_xlconcat_0_0.v:58]
INFO: [Synth 8-6157] synthesizing module 'xlconcat_v2_1_3_xlconcat' [/media/steckler/xilinx_linux/RISCV_ZYNQ/V2/RVI20U32/RISCV/RISCV.srcs/sources_1/bd/BASIC/ipshared/442e/hdl/xlconcat_v2_1_vl_rfs.v:14]
	Parameter IN0_WIDTH bound to: 1 - type: integer 
	Parameter IN1_WIDTH bound to: 1 - type: integer 
	Parameter IN2_WIDTH bound to: 1 - type: integer 
	Parameter IN3_WIDTH bound to: 1 - type: integer 
	Parameter IN4_WIDTH bound to: 1 - type: integer 
	Parameter IN5_WIDTH bound to: 1 - type: integer 
	Parameter IN6_WIDTH bound to: 1 - type: integer 
	Parameter IN7_WIDTH bound to: 1 - type: integer 
	Parameter IN8_WIDTH bound to: 1 - type: integer 
	Parameter IN9_WIDTH bound to: 1 - type: integer 
	Parameter IN10_WIDTH bound to: 1 - type: integer 
	Parameter IN11_WIDTH bound to: 1 - type: integer 
	Parameter IN12_WIDTH bound to: 1 - type: integer 
	Parameter IN13_WIDTH bound to: 1 - type: integer 
	Parameter IN14_WIDTH bound to: 1 - type: integer 
	Parameter IN15_WIDTH bound to: 1 - type: integer 
	Parameter IN16_WIDTH bound to: 1 - type: integer 
	Parameter IN17_WIDTH bound to: 1 - type: integer 
	Parameter IN18_WIDTH bound to: 1 - type: integer 
	Parameter IN19_WIDTH bound to: 1 - type: integer 
	Parameter IN20_WIDTH bound to: 1 - type: integer 
	Parameter IN21_WIDTH bound to: 1 - type: integer 
	Parameter IN22_WIDTH bound to: 1 - type: integer 
	Parameter IN23_WIDTH bound to: 1 - type: integer 
	Parameter IN24_WIDTH bound to: 1 - type: integer 
	Parameter IN25_WIDTH bound to: 1 - type: integer 
	Parameter IN26_WIDTH bound to: 1 - type: integer 
	Parameter IN27_WIDTH bound to: 1 - type: integer 
	Parameter IN28_WIDTH bound to: 1 - type: integer 
	Parameter IN29_WIDTH bound to: 1 - type: integer 
	Parameter IN30_WIDTH bound to: 1 - type: integer 
	Parameter IN31_WIDTH bound to: 1 - type: integer 
	Parameter dout_width bound to: 8 - type: integer 
	Parameter NUM_PORTS bound to: 8 - type: integer 
INFO: [Synth 8-6155] done synthesizing module 'xlconcat_v2_1_3_xlconcat' (144#1) [/media/steckler/xilinx_linux/RISCV_ZYNQ/V2/RVI20U32/RISCV/RISCV.srcs/sources_1/bd/BASIC/ipshared/442e/hdl/xlconcat_v2_1_vl_rfs.v:14]
INFO: [Synth 8-6155] done synthesizing module 'BASIC_xlconcat_0_0' (145#1) [/media/steckler/xilinx_linux/RISCV_ZYNQ/V2/RVI20U32/RISCV/RISCV.srcs/sources_1/bd/BASIC/ip/BASIC_xlconcat_0_0/synth/BASIC_xlconcat_0_0.v:58]
INFO: [Synth 8-6157] synthesizing module 'BASIC_xlconstant_0_0' [/media/steckler/xilinx_linux/RISCV_ZYNQ/V2/RVI20U32/RISCV/RISCV.srcs/sources_1/bd/BASIC/ip/BASIC_xlconstant_0_0/synth/BASIC_xlconstant_0_0.v:57]
INFO: [Synth 8-6155] done synthesizing module 'BASIC_xlconstant_0_0' (146#1) [/media/steckler/xilinx_linux/RISCV_ZYNQ/V2/RVI20U32/RISCV/RISCV.srcs/sources_1/bd/BASIC/ip/BASIC_xlconstant_0_0/synth/BASIC_xlconstant_0_0.v:57]
INFO: [Synth 8-6157] synthesizing module 'BASIC_xlconstant_0_1' [/media/steckler/xilinx_linux/RISCV_ZYNQ/V2/RVI20U32/RISCV/RISCV.srcs/sources_1/bd/BASIC/ip/BASIC_xlconstant_0_1/synth/BASIC_xlconstant_0_1.v:57]
INFO: [Common 17-14] Message 'Synth 8-6157' appears 100 times and further instances of the messages will be disabled. Use the Tcl command set_msg_config to change the current settings.
INFO: [Synth 8-6155] done synthesizing module 'BASIC_xlconstant_0_1' (147#1) [/media/steckler/xilinx_linux/RISCV_ZYNQ/V2/RVI20U32/RISCV/RISCV.srcs/sources_1/bd/BASIC/ip/BASIC_xlconstant_0_1/synth/BASIC_xlconstant_0_1.v:57]
	Parameter DIN_WIDTH bound to: 8 - type: integer 
	Parameter DIN_FROM bound to: 1 - type: integer 
	Parameter DIN_TO bound to: 0 - type: integer 
INFO: [Synth 8-6155] done synthesizing module 'xlslice_v1_0_2_xlslice' (148#1) [/media/steckler/xilinx_linux/RISCV_ZYNQ/V2/RVI20U32/RISCV/RISCV.srcs/sources_1/bd/BASIC/ipshared/11d0/hdl/xlslice_v1_0_vl_rfs.v:13]
INFO: [Common 17-14] Message 'Synth 8-6155' appears 100 times and further instances of the messages will be disabled. Use the Tcl command set_msg_config to change the current settings.
	Parameter C_MAXIGP0_DATA_WIDTH bound to: 32 - type: integer 
	Parameter C_MAXIGP1_DATA_WIDTH bound to: 128 - type: integer 
	Parameter C_MAXIGP2_DATA_WIDTH bound to: 32 - type: integer 
	Parameter C_SAXIGP0_DATA_WIDTH bound to: 64 - type: integer 
	Parameter C_SAXIGP1_DATA_WIDTH bound to: 128 - type: integer 
	Parameter C_SAXIGP2_DATA_WIDTH bound to: 128 - type: integer 
	Parameter C_SAXIGP3_DATA_WIDTH bound to: 128 - type: integer 
	Parameter C_SAXIGP4_DATA_WIDTH bound to: 128 - type: integer 
	Parameter C_SAXIGP5_DATA_WIDTH bound to: 128 - type: integer 
	Parameter C_SAXIGP6_DATA_WIDTH bound to: 128 - type: integer 
	Parameter C_SD0_INTERNAL_BUS_WIDTH bound to: 8 - type: integer 
	Parameter C_SD1_INTERNAL_BUS_WIDTH bound to: 4 - type: integer 
	Parameter C_PL_CLK0_BUF bound to: TRUE - type: string 
	Parameter C_PL_CLK1_BUF bound to: TRUE - type: string 
	Parameter C_PL_CLK2_BUF bound to: FALSE - type: string 
	Parameter C_PL_CLK3_BUF bound to: FALSE - type: string 
	Parameter C_NUM_F2P_0_INTR_INPUTS bound to: 1 - type: integer 
	Parameter C_NUM_F2P_1_INTR_INPUTS bound to: 1 - type: integer 
	Parameter C_NUM_FABRIC_RESETS bound to: 1 - type: integer 
	Parameter C_EMIO_GPIO_WIDTH bound to: 95 - type: integer 
	Parameter C_USE_DIFF_RW_CLK_GP0 bound to: 0 - type: integer 
	Parameter C_USE_DIFF_RW_CLK_GP1 bound to: 0 - type: integer 
	Parameter C_USE_DIFF_RW_CLK_GP2 bound to: 0 - type: integer 
	Parameter C_USE_DIFF_RW_CLK_GP3 bound to: 0 - type: integer 
	Parameter C_USE_DIFF_RW_CLK_GP4 bound to: 0 - type: integer 
	Parameter C_USE_DIFF_RW_CLK_GP5 bound to: 0 - type: integer 
	Parameter C_USE_DIFF_RW_CLK_GP6 bound to: 0 - type: integer 
	Parameter C_TRACE_PIPELINE_WIDTH bound to: 8 - type: integer 
	Parameter C_EN_EMIO_TRACE bound to: 0 - type: integer 
	Parameter C_EN_FIFO_ENET0 bound to: 0 - type: string 
	Parameter C_EN_FIFO_ENET1 bound to: 0 - type: string 
	Parameter C_EN_FIFO_ENET2 bound to: 0 - type: string 
	Parameter C_EN_FIFO_ENET3 bound to: 0 - type: string 
	Parameter C_TRACE_DATA_WIDTH bound to: 32 - type: integer 
	Parameter C_USE_DEBUG_TEST bound to: 0 - type: integer 
	Parameter C_DP_USE_AUDIO bound to: 0 - type: integer 
	Parameter C_DP_USE_VIDEO bound to: 0 - type: integer 
	Parameter SIM_DEVICE bound to: ULTRASCALE_PLUS - type: string 
	Parameter STARTUP_SYNC bound to: FALSE - type: string 
WARNING: [Synth 8-689] width (4) of port connection 'EMIOSDIO1DATAOUT' does not match port width (8) of module 'PS8' [/media/steckler/xilinx_linux/RISCV_ZYNQ/V2/RVI20U32/RISCV/RISCV.srcs/sources_1/bd/BASIC/ip/BASIC_zynq_ultra_ps_e_0_0/hdl/zynq_ultra_ps_e_v3_3_2.v:4712]
WARNING: [Synth 8-689] width (4) of port connection 'EMIOSDIO1DATAENA' does not match port width (8) of module 'PS8' [/media/steckler/xilinx_linux/RISCV_ZYNQ/V2/RVI20U32/RISCV/RISCV.srcs/sources_1/bd/BASIC/ip/BASIC_zynq_ultra_ps_e_0_0/hdl/zynq_ultra_ps_e_v3_3_2.v:4713]
WARNING: [Synth 8-7071] port 'PSS_ALTO_CORE_PAD_MGTTXN0OUT' of module 'PS8' is unconnected for instance 'PS8_i' [/media/steckler/xilinx_linux/RISCV_ZYNQ/V2/RVI20U32/RISCV/RISCV.srcs/sources_1/bd/BASIC/ip/BASIC_zynq_ultra_ps_e_0_0/hdl/zynq_ultra_ps_e_v3_3_2.v:3889]
WARNING: [Synth 8-7071] port 'PSS_ALTO_CORE_PAD_MGTTXN1OUT' of module 'PS8' is unconnected for instance 'PS8_i' [/media/steckler/xilinx_linux/RISCV_ZYNQ/V2/RVI20U32/RISCV/RISCV.srcs/sources_1/bd/BASIC/ip/BASIC_zynq_ultra_ps_e_0_0/hdl/zynq_ultra_ps_e_v3_3_2.v:3889]
WARNING: [Synth 8-7071] port 'PSS_ALTO_CORE_PAD_MGTTXN2OUT' of module 'PS8' is unconnected for instance 'PS8_i' [/media/steckler/xilinx_linux/RISCV_ZYNQ/V2/RVI20U32/RISCV/RISCV.srcs/sources_1/bd/BASIC/ip/BASIC_zynq_ultra_ps_e_0_0/hdl/zynq_ultra_ps_e_v3_3_2.v:3889]
WARNING: [Synth 8-7071] port 'PSS_ALTO_CORE_PAD_MGTTXN3OUT' of module 'PS8' is unconnected for instance 'PS8_i' [/media/steckler/xilinx_linux/RISCV_ZYNQ/V2/RVI20U32/RISCV/RISCV.srcs/sources_1/bd/BASIC/ip/BASIC_zynq_ultra_ps_e_0_0/hdl/zynq_ultra_ps_e_v3_3_2.v:3889]
WARNING: [Synth 8-7071] port 'PSS_ALTO_CORE_PAD_MGTTXP0OUT' of module 'PS8' is unconnected for instance 'PS8_i' [/media/steckler/xilinx_linux/RISCV_ZYNQ/V2/RVI20U32/RISCV/RISCV.srcs/sources_1/bd/BASIC/ip/BASIC_zynq_ultra_ps_e_0_0/hdl/zynq_ultra_ps_e_v3_3_2.v:3889]
WARNING: [Synth 8-7071] port 'PSS_ALTO_CORE_PAD_MGTTXP1OUT' of module 'PS8' is unconnected for instance 'PS8_i' [/media/steckler/xilinx_linux/RISCV_ZYNQ/V2/RVI20U32/RISCV/RISCV.srcs/sources_1/bd/BASIC/ip/BASIC_zynq_ultra_ps_e_0_0/hdl/zynq_ultra_ps_e_v3_3_2.v:3889]
WARNING: [Synth 8-7071] port 'PSS_ALTO_CORE_PAD_MGTTXP2OUT' of module 'PS8' is unconnected for instance 'PS8_i' [/media/steckler/xilinx_linux/RISCV_ZYNQ/V2/RVI20U32/RISCV/RISCV.srcs/sources_1/bd/BASIC/ip/BASIC_zynq_ultra_ps_e_0_0/hdl/zynq_ultra_ps_e_v3_3_2.v:3889]
WARNING: [Synth 8-7071] port 'PSS_ALTO_CORE_PAD_MGTTXP3OUT' of module 'PS8' is unconnected for instance 'PS8_i' [/media/steckler/xilinx_linux/RISCV_ZYNQ/V2/RVI20U32/RISCV/RISCV.srcs/sources_1/bd/BASIC/ip/BASIC_zynq_ultra_ps_e_0_0/hdl/zynq_ultra_ps_e_v3_3_2.v:3889]
WARNING: [Synth 8-7071] port 'PSS_ALTO_CORE_PAD_PADO' of module 'PS8' is unconnected for instance 'PS8_i' [/media/steckler/xilinx_linux/RISCV_ZYNQ/V2/RVI20U32/RISCV/RISCV.srcs/sources_1/bd/BASIC/ip/BASIC_zynq_ultra_ps_e_0_0/hdl/zynq_ultra_ps_e_v3_3_2.v:3889]
WARNING: [Synth 8-7071] port 'PSS_ALTO_CORE_PAD_BOOTMODE' of module 'PS8' is unconnected for instance 'PS8_i' [/media/steckler/xilinx_linux/RISCV_ZYNQ/V2/RVI20U32/RISCV/RISCV.srcs/sources_1/bd/BASIC/ip/BASIC_zynq_ultra_ps_e_0_0/hdl/zynq_ultra_ps_e_v3_3_2.v:3889]
WARNING: [Synth 8-7071] port 'PSS_ALTO_CORE_PAD_CLK' of module 'PS8' is unconnected for instance 'PS8_i' [/media/steckler/xilinx_linux/RISCV_ZYNQ/V2/RVI20U32/RISCV/RISCV.srcs/sources_1/bd/BASIC/ip/BASIC_zynq_ultra_ps_e_0_0/hdl/zynq_ultra_ps_e_v3_3_2.v:3889]
WARNING: [Synth 8-7071] port 'PSS_ALTO_CORE_PAD_DONEB' of module 'PS8' is unconnected for instance 'PS8_i' [/media/steckler/xilinx_linux/RISCV_ZYNQ/V2/RVI20U32/RISCV/RISCV.srcs/sources_1/bd/BASIC/ip/BASIC_zynq_ultra_ps_e_0_0/hdl/zynq_ultra_ps_e_v3_3_2.v:3889]
WARNING: [Synth 8-7071] port 'PSS_ALTO_CORE_PAD_DRAMA' of module 'PS8' is unconnected for instance 'PS8_i' [/media/steckler/xilinx_linux/RISCV_ZYNQ/V2/RVI20U32/RISCV/RISCV.srcs/sources_1/bd/BASIC/ip/BASIC_zynq_ultra_ps_e_0_0/hdl/zynq_ultra_ps_e_v3_3_2.v:3889]
WARNING: [Synth 8-7071] port 'PSS_ALTO_CORE_PAD_DRAMACTN' of module 'PS8' is unconnected for instance 'PS8_i' [/media/steckler/xilinx_linux/RISCV_ZYNQ/V2/RVI20U32/RISCV/RISCV.srcs/sources_1/bd/BASIC/ip/BASIC_zynq_ultra_ps_e_0_0/hdl/zynq_ultra_ps_e_v3_3_2.v:3889]
WARNING: [Synth 8-7071] port 'PSS_ALTO_CORE_PAD_DRAMALERTN' of module 'PS8' is unconnected for instance 'PS8_i' [/media/steckler/xilinx_linux/RISCV_ZYNQ/V2/RVI20U32/RISCV/RISCV.srcs/sources_1/bd/BASIC/ip/BASIC_zynq_ultra_ps_e_0_0/hdl/zynq_ultra_ps_e_v3_3_2.v:3889]
WARNING: [Synth 8-7071] port 'PSS_ALTO_CORE_PAD_DRAMBA' of module 'PS8' is unconnected for instance 'PS8_i' [/media/steckler/xilinx_linux/RISCV_ZYNQ/V2/RVI20U32/RISCV/RISCV.srcs/sources_1/bd/BASIC/ip/BASIC_zynq_ultra_ps_e_0_0/hdl/zynq_ultra_ps_e_v3_3_2.v:3889]
WARNING: [Synth 8-7071] port 'PSS_ALTO_CORE_PAD_DRAMBG' of module 'PS8' is unconnected for instance 'PS8_i' [/media/steckler/xilinx_linux/RISCV_ZYNQ/V2/RVI20U32/RISCV/RISCV.srcs/sources_1/bd/BASIC/ip/BASIC_zynq_ultra_ps_e_0_0/hdl/zynq_ultra_ps_e_v3_3_2.v:3889]
WARNING: [Synth 8-7071] port 'PSS_ALTO_CORE_PAD_DRAMCK' of module 'PS8' is unconnected for instance 'PS8_i' [/media/steckler/xilinx_linux/RISCV_ZYNQ/V2/RVI20U32/RISCV/RISCV.srcs/sources_1/bd/BASIC/ip/BASIC_zynq_ultra_ps_e_0_0/hdl/zynq_ultra_ps_e_v3_3_2.v:3889]
WARNING: [Synth 8-7071] port 'PSS_ALTO_CORE_PAD_DRAMCKE' of module 'PS8' is unconnected for instance 'PS8_i' [/media/steckler/xilinx_linux/RISCV_ZYNQ/V2/RVI20U32/RISCV/RISCV.srcs/sources_1/bd/BASIC/ip/BASIC_zynq_ultra_ps_e_0_0/hdl/zynq_ultra_ps_e_v3_3_2.v:3889]
WARNING: [Synth 8-7071] port 'PSS_ALTO_CORE_PAD_DRAMCKN' of module 'PS8' is unconnected for instance 'PS8_i' [/media/steckler/xilinx_linux/RISCV_ZYNQ/V2/RVI20U32/RISCV/RISCV.srcs/sources_1/bd/BASIC/ip/BASIC_zynq_ultra_ps_e_0_0/hdl/zynq_ultra_ps_e_v3_3_2.v:3889]
WARNING: [Synth 8-7071] port 'PSS_ALTO_CORE_PAD_DRAMCSN' of module 'PS8' is unconnected for instance 'PS8_i' [/media/steckler/xilinx_linux/RISCV_ZYNQ/V2/RVI20U32/RISCV/RISCV.srcs/sources_1/bd/BASIC/ip/BASIC_zynq_ultra_ps_e_0_0/hdl/zynq_ultra_ps_e_v3_3_2.v:3889]
WARNING: [Synth 8-7071] port 'PSS_ALTO_CORE_PAD_DRAMDM' of module 'PS8' is unconnected for instance 'PS8_i' [/media/steckler/xilinx_linux/RISCV_ZYNQ/V2/RVI20U32/RISCV/RISCV.srcs/sources_1/bd/BASIC/ip/BASIC_zynq_ultra_ps_e_0_0/hdl/zynq_ultra_ps_e_v3_3_2.v:3889]
WARNING: [Synth 8-7071] port 'PSS_ALTO_CORE_PAD_DRAMDQ' of module 'PS8' is unconnected for instance 'PS8_i' [/media/steckler/xilinx_linux/RISCV_ZYNQ/V2/RVI20U32/RISCV/RISCV.srcs/sources_1/bd/BASIC/ip/BASIC_zynq_ultra_ps_e_0_0/hdl/zynq_ultra_ps_e_v3_3_2.v:3889]
WARNING: [Synth 8-7071] port 'PSS_ALTO_CORE_PAD_DRAMDQS' of module 'PS8' is unconnected for instance 'PS8_i' [/media/steckler/xilinx_linux/RISCV_ZYNQ/V2/RVI20U32/RISCV/RISCV.srcs/sources_1/bd/BASIC/ip/BASIC_zynq_ultra_ps_e_0_0/hdl/zynq_ultra_ps_e_v3_3_2.v:3889]
WARNING: [Synth 8-7071] port 'PSS_ALTO_CORE_PAD_DRAMDQSN' of module 'PS8' is unconnected for instance 'PS8_i' [/media/steckler/xilinx_linux/RISCV_ZYNQ/V2/RVI20U32/RISCV/RISCV.srcs/sources_1/bd/BASIC/ip/BASIC_zynq_ultra_ps_e_0_0/hdl/zynq_ultra_ps_e_v3_3_2.v:3889]
WARNING: [Synth 8-7071] port 'PSS_ALTO_CORE_PAD_DRAMODT' of module 'PS8' is unconnected for instance 'PS8_i' [/media/steckler/xilinx_linux/RISCV_ZYNQ/V2/RVI20U32/RISCV/RISCV.srcs/sources_1/bd/BASIC/ip/BASIC_zynq_ultra_ps_e_0_0/hdl/zynq_ultra_ps_e_v3_3_2.v:3889]
WARNING: [Synth 8-7071] port 'PSS_ALTO_CORE_PAD_DRAMPARITY' of module 'PS8' is unconnected for instance 'PS8_i' [/media/steckler/xilinx_linux/RISCV_ZYNQ/V2/RVI20U32/RISCV/RISCV.srcs/sources_1/bd/BASIC/ip/BASIC_zynq_ultra_ps_e_0_0/hdl/zynq_ultra_ps_e_v3_3_2.v:3889]
WARNING: [Synth 8-7071] port 'PSS_ALTO_CORE_PAD_DRAMRAMRSTN' of module 'PS8' is unconnected for instance 'PS8_i' [/media/steckler/xilinx_linux/RISCV_ZYNQ/V2/RVI20U32/RISCV/RISCV.srcs/sources_1/bd/BASIC/ip/BASIC_zynq_ultra_ps_e_0_0/hdl/zynq_ultra_ps_e_v3_3_2.v:3889]
WARNING: [Synth 8-7071] port 'PSS_ALTO_CORE_PAD_ERROROUT' of module 'PS8' is unconnected for instance 'PS8_i' [/media/steckler/xilinx_linux/RISCV_ZYNQ/V2/RVI20U32/RISCV/RISCV.srcs/sources_1/bd/BASIC/ip/BASIC_zynq_ultra_ps_e_0_0/hdl/zynq_ultra_ps_e_v3_3_2.v:3889]
WARNING: [Synth 8-7071] port 'PSS_ALTO_CORE_PAD_ERRORSTATUS' of module 'PS8' is unconnected for instance 'PS8_i' [/media/steckler/xilinx_linux/RISCV_ZYNQ/V2/RVI20U32/RISCV/RISCV.srcs/sources_1/bd/BASIC/ip/BASIC_zynq_ultra_ps_e_0_0/hdl/zynq_ultra_ps_e_v3_3_2.v:3889]
WARNING: [Synth 8-7071] port 'PSS_ALTO_CORE_PAD_INITB' of module 'PS8' is unconnected for instance 'PS8_i' [/media/steckler/xilinx_linux/RISCV_ZYNQ/V2/RVI20U32/RISCV/RISCV.srcs/sources_1/bd/BASIC/ip/BASIC_zynq_ultra_ps_e_0_0/hdl/zynq_ultra_ps_e_v3_3_2.v:3889]
WARNING: [Synth 8-7071] port 'PSS_ALTO_CORE_PAD_JTAGTCK' of module 'PS8' is unconnected for instance 'PS8_i' [/media/steckler/xilinx_linux/RISCV_ZYNQ/V2/RVI20U32/RISCV/RISCV.srcs/sources_1/bd/BASIC/ip/BASIC_zynq_ultra_ps_e_0_0/hdl/zynq_ultra_ps_e_v3_3_2.v:3889]
WARNING: [Synth 8-7071] port 'PSS_ALTO_CORE_PAD_JTAGTDI' of module 'PS8' is unconnected for instance 'PS8_i' [/media/steckler/xilinx_linux/RISCV_ZYNQ/V2/RVI20U32/RISCV/RISCV.srcs/sources_1/bd/BASIC/ip/BASIC_zynq_ultra_ps_e_0_0/hdl/zynq_ultra_ps_e_v3_3_2.v:3889]
WARNING: [Synth 8-7071] port 'PSS_ALTO_CORE_PAD_JTAGTDO' of module 'PS8' is unconnected for instance 'PS8_i' [/media/steckler/xilinx_linux/RISCV_ZYNQ/V2/RVI20U32/RISCV/RISCV.srcs/sources_1/bd/BASIC/ip/BASIC_zynq_ultra_ps_e_0_0/hdl/zynq_ultra_ps_e_v3_3_2.v:3889]
WARNING: [Synth 8-7071] port 'PSS_ALTO_CORE_PAD_JTAGTMS' of module 'PS8' is unconnected for instance 'PS8_i' [/media/steckler/xilinx_linux/RISCV_ZYNQ/V2/RVI20U32/RISCV/RISCV.srcs/sources_1/bd/BASIC/ip/BASIC_zynq_ultra_ps_e_0_0/hdl/zynq_ultra_ps_e_v3_3_2.v:3889]
WARNING: [Synth 8-7071] port 'PSS_ALTO_CORE_PAD_MIO' of module 'PS8' is unconnected for instance 'PS8_i' [/media/steckler/xilinx_linux/RISCV_ZYNQ/V2/RVI20U32/RISCV/RISCV.srcs/sources_1/bd/BASIC/ip/BASIC_zynq_ultra_ps_e_0_0/hdl/zynq_ultra_ps_e_v3_3_2.v:3889]
WARNING: [Synth 8-7071] port 'PSS_ALTO_CORE_PAD_PORB' of module 'PS8' is unconnected for instance 'PS8_i' [/media/steckler/xilinx_linux/RISCV_ZYNQ/V2/RVI20U32/RISCV/RISCV.srcs/sources_1/bd/BASIC/ip/BASIC_zynq_ultra_ps_e_0_0/hdl/zynq_ultra_ps_e_v3_3_2.v:3889]
WARNING: [Synth 8-7071] port 'PSS_ALTO_CORE_PAD_PROGB' of module 'PS8' is unconnected for instance 'PS8_i' [/media/steckler/xilinx_linux/RISCV_ZYNQ/V2/RVI20U32/RISCV/RISCV.srcs/sources_1/bd/BASIC/ip/BASIC_zynq_ultra_ps_e_0_0/hdl/zynq_ultra_ps_e_v3_3_2.v:3889]
WARNING: [Synth 8-7071] port 'PSS_ALTO_CORE_PAD_RCALIBINOUT' of module 'PS8' is unconnected for instance 'PS8_i' [/media/steckler/xilinx_linux/RISCV_ZYNQ/V2/RVI20U32/RISCV/RISCV.srcs/sources_1/bd/BASIC/ip/BASIC_zynq_ultra_ps_e_0_0/hdl/zynq_ultra_ps_e_v3_3_2.v:3889]
WARNING: [Synth 8-7071] port 'PSS_ALTO_CORE_PAD_SRSTB' of module 'PS8' is unconnected for instance 'PS8_i' [/media/steckler/xilinx_linux/RISCV_ZYNQ/V2/RVI20U32/RISCV/RISCV.srcs/sources_1/bd/BASIC/ip/BASIC_zynq_ultra_ps_e_0_0/hdl/zynq_ultra_ps_e_v3_3_2.v:3889]
WARNING: [Synth 8-7071] port 'PSS_ALTO_CORE_PAD_ZQ' of module 'PS8' is unconnected for instance 'PS8_i' [/media/steckler/xilinx_linux/RISCV_ZYNQ/V2/RVI20U32/RISCV/RISCV.srcs/sources_1/bd/BASIC/ip/BASIC_zynq_ultra_ps_e_0_0/hdl/zynq_ultra_ps_e_v3_3_2.v:3889]
WARNING: [Synth 8-7071] port 'PSS_ALTO_CORE_PAD_MGTRXN0IN' of module 'PS8' is unconnected for instance 'PS8_i' [/media/steckler/xilinx_linux/RISCV_ZYNQ/V2/RVI20U32/RISCV/RISCV.srcs/sources_1/bd/BASIC/ip/BASIC_zynq_ultra_ps_e_0_0/hdl/zynq_ultra_ps_e_v3_3_2.v:3889]
WARNING: [Synth 8-7071] port 'PSS_ALTO_CORE_PAD_MGTRXN1IN' of module 'PS8' is unconnected for instance 'PS8_i' [/media/steckler/xilinx_linux/RISCV_ZYNQ/V2/RVI20U32/RISCV/RISCV.srcs/sources_1/bd/BASIC/ip/BASIC_zynq_ultra_ps_e_0_0/hdl/zynq_ultra_ps_e_v3_3_2.v:3889]
WARNING: [Synth 8-7071] port 'PSS_ALTO_CORE_PAD_MGTRXN2IN' of module 'PS8' is unconnected for instance 'PS8_i' [/media/steckler/xilinx_linux/RISCV_ZYNQ/V2/RVI20U32/RISCV/RISCV.srcs/sources_1/bd/BASIC/ip/BASIC_zynq_ultra_ps_e_0_0/hdl/zynq_ultra_ps_e_v3_3_2.v:3889]
WARNING: [Synth 8-7071] port 'PSS_ALTO_CORE_PAD_MGTRXN3IN' of module 'PS8' is unconnected for instance 'PS8_i' [/media/steckler/xilinx_linux/RISCV_ZYNQ/V2/RVI20U32/RISCV/RISCV.srcs/sources_1/bd/BASIC/ip/BASIC_zynq_ultra_ps_e_0_0/hdl/zynq_ultra_ps_e_v3_3_2.v:3889]
WARNING: [Synth 8-7071] port 'PSS_ALTO_CORE_PAD_MGTRXP0IN' of module 'PS8' is unconnected for instance 'PS8_i' [/media/steckler/xilinx_linux/RISCV_ZYNQ/V2/RVI20U32/RISCV/RISCV.srcs/sources_1/bd/BASIC/ip/BASIC_zynq_ultra_ps_e_0_0/hdl/zynq_ultra_ps_e_v3_3_2.v:3889]
WARNING: [Synth 8-7071] port 'PSS_ALTO_CORE_PAD_MGTRXP1IN' of module 'PS8' is unconnected for instance 'PS8_i' [/media/steckler/xilinx_linux/RISCV_ZYNQ/V2/RVI20U32/RISCV/RISCV.srcs/sources_1/bd/BASIC/ip/BASIC_zynq_ultra_ps_e_0_0/hdl/zynq_ultra_ps_e_v3_3_2.v:3889]
WARNING: [Synth 8-7071] port 'PSS_ALTO_CORE_PAD_MGTRXP2IN' of module 'PS8' is unconnected for instance 'PS8_i' [/media/steckler/xilinx_linux/RISCV_ZYNQ/V2/RVI20U32/RISCV/RISCV.srcs/sources_1/bd/BASIC/ip/BASIC_zynq_ultra_ps_e_0_0/hdl/zynq_ultra_ps_e_v3_3_2.v:3889]
WARNING: [Synth 8-7071] port 'PSS_ALTO_CORE_PAD_MGTRXP3IN' of module 'PS8' is unconnected for instance 'PS8_i' [/media/steckler/xilinx_linux/RISCV_ZYNQ/V2/RVI20U32/RISCV/RISCV.srcs/sources_1/bd/BASIC/ip/BASIC_zynq_ultra_ps_e_0_0/hdl/zynq_ultra_ps_e_v3_3_2.v:3889]
WARNING: [Synth 8-7071] port 'PSS_ALTO_CORE_PAD_PADI' of module 'PS8' is unconnected for instance 'PS8_i' [/media/steckler/xilinx_linux/RISCV_ZYNQ/V2/RVI20U32/RISCV/RISCV.srcs/sources_1/bd/BASIC/ip/BASIC_zynq_ultra_ps_e_0_0/hdl/zynq_ultra_ps_e_v3_3_2.v:3889]
WARNING: [Synth 8-7071] port 'PSS_ALTO_CORE_PAD_REFN0IN' of module 'PS8' is unconnected for instance 'PS8_i' [/media/steckler/xilinx_linux/RISCV_ZYNQ/V2/RVI20U32/RISCV/RISCV.srcs/sources_1/bd/BASIC/ip/BASIC_zynq_ultra_ps_e_0_0/hdl/zynq_ultra_ps_e_v3_3_2.v:3889]
WARNING: [Synth 8-7071] port 'PSS_ALTO_CORE_PAD_REFN1IN' of module 'PS8' is unconnected for instance 'PS8_i' [/media/steckler/xilinx_linux/RISCV_ZYNQ/V2/RVI20U32/RISCV/RISCV.srcs/sources_1/bd/BASIC/ip/BASIC_zynq_ultra_ps_e_0_0/hdl/zynq_ultra_ps_e_v3_3_2.v:3889]
WARNING: [Synth 8-7071] port 'PSS_ALTO_CORE_PAD_REFN2IN' of module 'PS8' is unconnected for instance 'PS8_i' [/media/steckler/xilinx_linux/RISCV_ZYNQ/V2/RVI20U32/RISCV/RISCV.srcs/sources_1/bd/BASIC/ip/BASIC_zynq_ultra_ps_e_0_0/hdl/zynq_ultra_ps_e_v3_3_2.v:3889]
WARNING: [Synth 8-7071] port 'PSS_ALTO_CORE_PAD_REFN3IN' of module 'PS8' is unconnected for instance 'PS8_i' [/media/steckler/xilinx_linux/RISCV_ZYNQ/V2/RVI20U32/RISCV/RISCV.srcs/sources_1/bd/BASIC/ip/BASIC_zynq_ultra_ps_e_0_0/hdl/zynq_ultra_ps_e_v3_3_2.v:3889]
WARNING: [Synth 8-7071] port 'PSS_ALTO_CORE_PAD_REFP0IN' of module 'PS8' is unconnected for instance 'PS8_i' [/media/steckler/xilinx_linux/RISCV_ZYNQ/V2/RVI20U32/RISCV/RISCV.srcs/sources_1/bd/BASIC/ip/BASIC_zynq_ultra_ps_e_0_0/hdl/zynq_ultra_ps_e_v3_3_2.v:3889]
WARNING: [Synth 8-7071] port 'PSS_ALTO_CORE_PAD_REFP1IN' of module 'PS8' is unconnected for instance 'PS8_i' [/media/steckler/xilinx_linux/RISCV_ZYNQ/V2/RVI20U32/RISCV/RISCV.srcs/sources_1/bd/BASIC/ip/BASIC_zynq_ultra_ps_e_0_0/hdl/zynq_ultra_ps_e_v3_3_2.v:3889]
WARNING: [Synth 8-7071] port 'PSS_ALTO_CORE_PAD_REFP2IN' of module 'PS8' is unconnected for instance 'PS8_i' [/media/steckler/xilinx_linux/RISCV_ZYNQ/V2/RVI20U32/RISCV/RISCV.srcs/sources_1/bd/BASIC/ip/BASIC_zynq_ultra_ps_e_0_0/hdl/zynq_ultra_ps_e_v3_3_2.v:3889]
WARNING: [Synth 8-7071] port 'PSS_ALTO_CORE_PAD_REFP3IN' of module 'PS8' is unconnected for instance 'PS8_i' [/media/steckler/xilinx_linux/RISCV_ZYNQ/V2/RVI20U32/RISCV/RISCV.srcs/sources_1/bd/BASIC/ip/BASIC_zynq_ultra_ps_e_0_0/hdl/zynq_ultra_ps_e_v3_3_2.v:3889]
WARNING: [Synth 8-7023] instance 'PS8_i' of module 'PS8' has 1015 connections declared, but only 957 given [/media/steckler/xilinx_linux/RISCV_ZYNQ/V2/RVI20U32/RISCV/RISCV.srcs/sources_1/bd/BASIC/ip/BASIC_zynq_ultra_ps_e_0_0/hdl/zynq_ultra_ps_e_v3_3_2.v:3889]
WARNING: [Synth 8-7071] port 'emio_enet0_signal_detect' of module 'zynq_ultra_ps_e_v3_3_2_zynq_ultra_ps_e' is unconnected for instance 'inst' [/media/steckler/xilinx_linux/RISCV_ZYNQ/V2/RVI20U32/RISCV/RISCV.srcs/sources_1/bd/BASIC/ip/BASIC_zynq_ultra_ps_e_0_0/synth/BASIC_zynq_ultra_ps_e_0_0.v:275]
WARNING: [Synth 8-7071] port 'emio_enet1_signal_detect' of module 'zynq_ultra_ps_e_v3_3_2_zynq_ultra_ps_e' is unconnected for instance 'inst' [/media/steckler/xilinx_linux/RISCV_ZYNQ/V2/RVI20U32/RISCV/RISCV.srcs/sources_1/bd/BASIC/ip/BASIC_zynq_ultra_ps_e_0_0/synth/BASIC_zynq_ultra_ps_e_0_0.v:275]
WARNING: [Synth 8-7071] port 'emio_enet2_signal_detect' of module 'zynq_ultra_ps_e_v3_3_2_zynq_ultra_ps_e' is unconnected for instance 'inst' [/media/steckler/xilinx_linux/RISCV_ZYNQ/V2/RVI20U32/RISCV/RISCV.srcs/sources_1/bd/BASIC/ip/BASIC_zynq_ultra_ps_e_0_0/synth/BASIC_zynq_ultra_ps_e_0_0.v:275]
INFO: [Common 17-14] Message 'Synth 8-7071' appears 100 times and further instances of the messages will be disabled. Use the Tcl command set_msg_config to change the current settings.
WARNING: [Synth 8-7023] instance 'inst' of module 'zynq_ultra_ps_e_v3_3_2_zynq_ultra_ps_e' has 1491 connections declared, but only 1487 given [/media/steckler/xilinx_linux/RISCV_ZYNQ/V2/RVI20U32/RISCV/RISCV.srcs/sources_1/bd/BASIC/ip/BASIC_zynq_ultra_ps_e_0_0/synth/BASIC_zynq_ultra_ps_e_0_0.v:275]
WARNING: [Synth 8-7023] instance 'zynq_ultra_ps_e_0' of module 'BASIC_zynq_ultra_ps_e_0_0' has 56 connections declared, but only 19 given [/media/steckler/xilinx_linux/RISCV_ZYNQ/V2/RVI20U32/RISCV/RISCV.srcs/sources_1/bd/BASIC/synth/BASIC.v:193]
INFO: [Synth 8-6071] Mark debug on the nets applies keep_hierarchy on instance 'vio_0'. This will prevent further optimization [/media/steckler/xilinx_linux/RISCV_ZYNQ/V2/RVI20U32/RISCV/RISCV.srcs/sources_1/bd/BASIC/synth/BASIC.v:173]
INFO: [Synth 8-6071] Mark debug on the nets applies keep_hierarchy on instance 'util_vector_logic_2'. This will prevent further optimization [/media/steckler/xilinx_linux/RISCV_ZYNQ/V2/RVI20U32/RISCV/RISCV.srcs/sources_1/bd/BASIC/synth/BASIC.v:166]
---------------------------------------------------------------------------------
Finished RTL Elaboration : Time (s): cpu = 00:00:48 ; elapsed = 00:01:10 . Memory (MB): peak = 3090.309 ; gain = 438.762 ; free physical = 3682 ; free virtual = 17742
---------------------------------------------------------------------------------
---------------------------------------------------------------------------------
Start Handling Custom Attributes
---------------------------------------------------------------------------------
---------------------------------------------------------------------------------
Finished Handling Custom Attributes : Time (s): cpu = 00:00:50 ; elapsed = 00:01:12 . Memory (MB): peak = 3090.309 ; gain = 438.762 ; free physical = 3615 ; free virtual = 17671
---------------------------------------------------------------------------------
---------------------------------------------------------------------------------
Finished RTL Optimization Phase 1 : Time (s): cpu = 00:00:50 ; elapsed = 00:01:12 . Memory (MB): peak = 3090.309 ; gain = 438.762 ; free physical = 3615 ; free virtual = 17671
---------------------------------------------------------------------------------
Netlist sorting complete. Time (s): cpu = 00:00:00.42 ; elapsed = 00:00:00.41 . Memory (MB): peak = 3090.309 ; gain = 0.000 ; free physical = 3870 ; free virtual = 17929
INFO: [Netlist 29-17] Analyzing 106 Unisim elements for replacement
INFO: [Netlist 29-28] Unisim Transformation completed in 0 CPU seconds
INFO: [Project 1-570] Preparing netlist for logic optimization

Processing XDC Constraints
Initializing timing engine
Parsing XDC File [/media/steckler/xilinx_linux/RISCV_ZYNQ/V2/RVI20U32/RISCV/RISCV.srcs/sources_1/bd/BASIC/BASIC_ooc.xdc]
Finished Parsing XDC File [/media/steckler/xilinx_linux/RISCV_ZYNQ/V2/RVI20U32/RISCV/RISCV.srcs/sources_1/bd/BASIC/BASIC_ooc.xdc]
Parsing XDC File [/media/steckler/xilinx_linux/RISCV_ZYNQ/V2/RVI20U32/RISCV/RISCV.srcs/sources_1/bd/BASIC/ip/BASIC_zynq_ultra_ps_e_0_0/BASIC_zynq_ultra_ps_e_0_0.xdc] for cell 'zynq_ultra_ps_e_0/inst'
Finished Parsing XDC File [/media/steckler/xilinx_linux/RISCV_ZYNQ/V2/RVI20U32/RISCV/RISCV.srcs/sources_1/bd/BASIC/ip/BASIC_zynq_ultra_ps_e_0_0/BASIC_zynq_ultra_ps_e_0_0.xdc] for cell 'zynq_ultra_ps_e_0/inst'
Parsing XDC File [/media/steckler/xilinx_linux/RISCV_ZYNQ/V2/RVI20U32/RISCV/RISCV.srcs/sources_1/bd/BASIC/ip/BASIC_proc_sys_reset_0_0/BASIC_proc_sys_reset_0_0_board.xdc] for cell 'proc_sys_reset_0/U0'
Finished Parsing XDC File [/media/steckler/xilinx_linux/RISCV_ZYNQ/V2/RVI20U32/RISCV/RISCV.srcs/sources_1/bd/BASIC/ip/BASIC_proc_sys_reset_0_0/BASIC_proc_sys_reset_0_0_board.xdc] for cell 'proc_sys_reset_0/U0'
Parsing XDC File [/media/steckler/xilinx_linux/RISCV_ZYNQ/V2/RVI20U32/RISCV/RISCV.srcs/sources_1/bd/BASIC/ip/BASIC_proc_sys_reset_0_0/BASIC_proc_sys_reset_0_0.xdc] for cell 'proc_sys_reset_0/U0'
Finished Parsing XDC File [/media/steckler/xilinx_linux/RISCV_ZYNQ/V2/RVI20U32/RISCV/RISCV.srcs/sources_1/bd/BASIC/ip/BASIC_proc_sys_reset_0_0/BASIC_proc_sys_reset_0_0.xdc] for cell 'proc_sys_reset_0/U0'
Parsing XDC File [/media/steckler/xilinx_linux/RISCV_ZYNQ/V2/RVI20U32/RISCV/RISCV.srcs/sources_1/bd/BASIC/ip/BASIC_ila_0_0/ila_v6_2/constraints/ila.xdc] for cell 'Core_RV32I/ila_0/inst'
Finished Parsing XDC File [/media/steckler/xilinx_linux/RISCV_ZYNQ/V2/RVI20U32/RISCV/RISCV.srcs/sources_1/bd/BASIC/ip/BASIC_ila_0_0/ila_v6_2/constraints/ila.xdc] for cell 'Core_RV32I/ila_0/inst'
Parsing XDC File [/media/steckler/xilinx_linux/RISCV_ZYNQ/V2/RVI20U32/RISCV/RISCV.srcs/sources_1/bd/BASIC/ip/BASIC_vio_0_0/BASIC_vio_0_0.xdc] for cell 'vio_0'
Finished Parsing XDC File [/media/steckler/xilinx_linux/RISCV_ZYNQ/V2/RVI20U32/RISCV/RISCV.srcs/sources_1/bd/BASIC/ip/BASIC_vio_0_0/BASIC_vio_0_0.xdc] for cell 'vio_0'
Parsing XDC File [/media/steckler/xilinx_linux/RISCV_ZYNQ/V2/RVI20U32/RISCV/RISCV.runs/BASIC_synth_1/dont_touch.xdc]
Finished Parsing XDC File [/media/steckler/xilinx_linux/RISCV_ZYNQ/V2/RVI20U32/RISCV/RISCV.runs/BASIC_synth_1/dont_touch.xdc]
INFO: [Project 1-236] Implementation specific constraints were found while reading constraint file [/media/steckler/xilinx_linux/RISCV_ZYNQ/V2/RVI20U32/RISCV/RISCV.runs/BASIC_synth_1/dont_touch.xdc]. These constraints will be ignored for synthesis but will be used in implementation. Impacted constraints are listed in the file [.Xil/BASIC_propImpl.xdc].
Resolution: To avoid this warning, move constraints listed in [.Xil/BASIC_propImpl.xdc] to another XDC file and exclude this new file from synthesis with the used_in_synthesis property (File Properties dialog in GUI) and re-run elaboration/synthesis.
Completed Processing XDC Constraints

Netlist sorting complete. Time (s): cpu = 00:00:00 ; elapsed = 00:00:00 . Memory (MB): peak = 3122.324 ; gain = 0.000 ; free physical = 3803 ; free virtual = 17894
INFO: [Project 1-111] Unisim Transformation Summary:
  A total of 82 instances were transformed.
  CFGLUT5 => CFGLUT5 (SRL16E, SRLC32E): 60 instances
  CFGLUT5 => SRLC32E: 9 instances
  FDR => FDRE: 12 instances
  SRL16 => SRL16E: 1 instance 

Constraint Validation Runtime : Time (s): cpu = 00:00:00.35 ; elapsed = 00:00:00.29 . Memory (MB): peak = 3122.324 ; gain = 0.000 ; free physical = 3803 ; free virtual = 17894
---------------------------------------------------------------------------------
Finished Constraint Validation : Time (s): cpu = 00:01:10 ; elapsed = 00:01:36 . Memory (MB): peak = 3122.324 ; gain = 470.777 ; free physical = 5174 ; free virtual = 19412
---------------------------------------------------------------------------------
---------------------------------------------------------------------------------
Start Loading Part and Timing Information
---------------------------------------------------------------------------------
Loading part: xczu5ev-sfvc784-2-i
INFO: [Synth 8-6742] Reading net delay rules and data
---------------------------------------------------------------------------------
Finished Loading Part and Timing Information : Time (s): cpu = 00:01:10 ; elapsed = 00:01:36 . Memory (MB): peak = 3122.324 ; gain = 470.777 ; free physical = 5174 ; free virtual = 19412
---------------------------------------------------------------------------------
---------------------------------------------------------------------------------
Start Applying 'set_property' XDC Constraints
---------------------------------------------------------------------------------
Applied set_property DONT_TOUCH = true for zynq_ultra_ps_e_0/inst/PS8_i. (constraint file  /media/steckler/xilinx_linux/RISCV_ZYNQ/V2/RVI20U32/RISCV/RISCV.srcs/sources_1/bd/BASIC/ip/BASIC_zynq_ultra_ps_e_0_0/BASIC_zynq_ultra_ps_e_0_0.xdc, line 26).
Applied set_property DONT_TOUCH = true for zynq_ultra_ps_e_0/inst. (constraint file  /media/steckler/xilinx_linux/RISCV_ZYNQ/V2/RVI20U32/RISCV/RISCV.runs/BASIC_synth_1/dont_touch.xdc, line 163).
Applied set_property DONT_TOUCH = true for proc_sys_reset_0/U0. (constraint file  /media/steckler/xilinx_linux/RISCV_ZYNQ/V2/RVI20U32/RISCV/RISCV.runs/BASIC_synth_1/dont_touch.xdc, line 166).
Applied set_property DONT_TOUCH = true for Core_RV32I/ila_0/inst. (constraint file  /media/steckler/xilinx_linux/RISCV_ZYNQ/V2/RVI20U32/RISCV/RISCV.runs/BASIC_synth_1/dont_touch.xdc, line 174).
Applied set_property DONT_TOUCH = true for Core_RV32I/RV32I_IF/pc_unit_0. (constraint file  auto generated constraint, line ).
Applied set_property DONT_TOUCH = true for zynq_ultra_ps_e_0. (constraint file  auto generated constraint, line ).
Applied set_property DONT_TOUCH = true for proc_sys_reset_0. (constraint file  auto generated constraint, line ).
Applied set_property DONT_TOUCH = true for xlconstant_0. (constraint file  auto generated constraint, line ).
Applied set_property DONT_TOUCH = true for Core_RV32I/RV32I_IF/RV32I_ROM_MEMORY/blk_mem_gen_0. (constraint file  auto generated constraint, line ).
Applied set_property DONT_TOUCH = true for Core_RV32I/RV32I_IF/pc_to_imem_addr_0. (constraint file  auto generated constraint, line ).
Applied set_property DONT_TOUCH = true for Core_RV32I/RV32I_IF/if_id_reg_0. (constraint file  auto generated constraint, line ).
Applied set_property DONT_TOUCH = true for Core_RV32I/RV32I_IF/xlconstant_3. (constraint file  auto generated constraint, line ).
Applied set_property DONT_TOUCH = true for Core_RV32I/RV32I_ID/decoder_0. (constraint file  auto generated constraint, line ).
Applied set_property DONT_TOUCH = true for Core_RV32I/RV32I_ID/control_0. (constraint file  auto generated constraint, line ).
Applied set_property DONT_TOUCH = true for Core_RV32I/RV32I_ID/regfile_0. (constraint file  auto generated constraint, line ).
Applied set_property DONT_TOUCH = true for Core_RV32I/RV32I_ID/imm_mux_0. (constraint file  auto generated constraint, line ).
Applied set_property DONT_TOUCH = true for Core_RV32I/RV32I_EX/alu_0. (constraint file  auto generated constraint, line ).
Applied set_property DONT_TOUCH = true for Core_RV32I/RV32I_EX/forwarding_0. (constraint file  auto generated constraint, line ).
Applied set_property DONT_TOUCH = true for Core_RV32I/RV32I_EX/forward_mux_0. (constraint file  auto generated constraint, line ).
Applied set_property DONT_TOUCH = true for Core_RV32I/RV32I_EX/operand_b_mux_0. (constraint file  auto generated constraint, line ).
Applied set_property DONT_TOUCH = true for Core_RV32I/RV32I_EX/operand_a_mux_0. (constraint file  auto generated constraint, line ).
Applied set_property DONT_TOUCH = true for Core_RV32I/RV32I_EX/forward_mux_1. (constraint file  auto generated constraint, line ).
Applied set_property DONT_TOUCH = true for Core_RV32I/RV32I_EX/branch_0. (constraint file  auto generated constraint, line ).
Applied set_property DONT_TOUCH = true for Core_RV32I/RV32I_EX/ex_mem_reg_1. (constraint file  auto generated constraint, line ).
Applied set_property DONT_TOUCH = true for Core_RV32I/RV32I_MEM/mem_stage_0. (constraint file  auto generated constraint, line ).
Applied set_property DONT_TOUCH = true for RV32I_RAM_MEMORY/ram_data_1. (constraint file  auto generated constraint, line ).
Applied set_property DONT_TOUCH = true for Core_RV32I/RV32I_MEM/mem_wb_reg_0. (constraint file  auto generated constraint, line ).
Applied set_property DONT_TOUCH = true for Core_RV32I/RV32I_WB/wb_mux_0. (constraint file  auto generated constraint, line ).
Applied set_property DONT_TOUCH = true for Core_RV32I/RV32I_EX/util_vector_logic_1. (constraint file  auto generated constraint, line ).
Applied set_property DONT_TOUCH = true for Core_RV32I/RV32I_IF/util_vector_logic_2. (constraint file  auto generated constraint, line ).
Applied set_property DONT_TOUCH = true for Core_RV32I/load_use_detection_0. (constraint file  auto generated constraint, line ).
Applied set_property DONT_TOUCH = true for Core_RV32I/priority_branch_OR_l_0. (constraint file  auto generated constraint, line ).
Applied set_property DONT_TOUCH = true for Core_RV32I/ila_0. (constraint file  auto generated constraint, line ).
Applied set_property DONT_TOUCH = true for vio_0. (constraint file  auto generated constraint, line ).
Applied set_property DONT_TOUCH = true for util_vector_logic_2. (constraint file  auto generated constraint, line ).
Applied set_property DONT_TOUCH = true for Core_RV32I/RV32I_EX/forward_mux_2. (constraint file  auto generated constraint, line ).
Applied set_property DONT_TOUCH = true for Core_RV32I/RV32I_MEM/regfile_we_gen_0. (constraint file  auto generated constraint, line ).
Applied set_property DONT_TOUCH = true for Core_RV32I/RV32I_IF/util_vector_logic_3. (constraint file  auto generated constraint, line ).
Applied set_property DONT_TOUCH = true for Core_RV32I/RV32I_MEM/xlconstant_3. (constraint file  auto generated constraint, line ).
Applied set_property DONT_TOUCH = true for GPIO/gpio_0. (constraint file  auto generated constraint, line ).
Applied set_property DONT_TOUCH = true for MMIO/util_vector_logic_3. (constraint file  auto generated constraint, line ).
Applied set_property DONT_TOUCH = true for xlslice_0. (constraint file  auto generated constraint, line ).
Applied set_property DONT_TOUCH = true for UART/uart_tx_0. (constraint file  auto generated constraint, line ).
Applied set_property DONT_TOUCH = true for Core_RV32I/RV32I_ID/id_ex_reg_1. (constraint file  auto generated constraint, line ).
Applied set_property DONT_TOUCH = true for Core_RV32I/RV32I_IF/branch_predictor_btb_0. (constraint file  auto generated constraint, line ).
Applied set_property DONT_TOUCH = true for Core_RV32I/RV32I_IF/util_vector_logic_6. (constraint file  auto generated constraint, line ).
Applied set_property DONT_TOUCH = true for TIMER/timer_0. (constraint file  auto generated constraint, line ).
Applied set_property DONT_TOUCH = true for MMIO/mem_bus_registered_0. (constraint file  auto generated constraint, line ).
Applied set_property DONT_TOUCH = true for util_vector_logic_3. (constraint file  auto generated constraint, line ).
Applied set_property DONT_TOUCH = true for xlconcat_0. (constraint file  auto generated constraint, line ).
Applied set_property DONT_TOUCH = true for xlconstant_1. (constraint file  auto generated constraint, line ).
Applied set_property DONT_TOUCH = true for Core_RV32I/RV32I_IF/util_vector_logic_7. (constraint file  auto generated constraint, line ).
Applied set_property DONT_TOUCH = true for Core_RV32I/RV32I_EX/xlconstant_3. (constraint file  auto generated constraint, line ).
Applied set_property DONT_TOUCH = true for Core_RV32I/RV32I_IF/util_vector_logic_8. (constraint file  auto generated constraint, line ).
Applied set_property DONT_TOUCH = true for Core_RV32I/RV32I_IF/util_vector_logic_9. (constraint file  auto generated constraint, line ).
---------------------------------------------------------------------------------
Finished applying 'set_property' XDC Constraints : Time (s): cpu = 00:01:10 ; elapsed = 00:01:36 . Memory (MB): peak = 3122.324 ; gain = 470.777 ; free physical = 5146 ; free virtual = 19392
---------------------------------------------------------------------------------
INFO: [Synth 8-802] inferred FSM for state register 'current_state_reg' in module 'xsdbs_v1_0_2_reg_p2s__parameterized5'
INFO: [Synth 8-802] inferred FSM for state register 'current_state_reg' in module 'xsdbs_v1_0_2_reg_p2s'
INFO: [Synth 8-802] inferred FSM for state register 'current_state_reg' in module 'xsdbs_v1_0_2_reg_p2s__parameterized0'
INFO: [Synth 8-802] inferred FSM for state register 'current_state_reg' in module 'xsdbs_v1_0_2_reg_p2s__parameterized1'
INFO: [Synth 8-802] inferred FSM for state register 'current_state_reg' in module 'xsdbs_v1_0_2_reg_p2s__parameterized2'
INFO: [Synth 8-802] inferred FSM for state register 'current_state_reg' in module 'xsdbs_v1_0_2_reg_p2s__parameterized3'
INFO: [Synth 8-802] inferred FSM for state register 'current_state_reg' in module 'xsdbs_v1_0_2_reg_p2s__parameterized4'
INFO: [Synth 8-802] inferred FSM for state register 'rx_state_reg' in module 'uart_tx'
INFO: [Synth 8-6904] The RAM "regfile:/regs_reg" of size (depth=32 x width=32) is automatically implemented using LUTRAM. BRAM implementation would be inefficient 
---------------------------------------------------------------------------------------------------
                   State |                     New Encoding |                Previous Encoding 
---------------------------------------------------------------------------------------------------
*
                    IDLE |                             0001 |                             0001
                     REG |                             0010 |                             0010
                     P2S |                             0100 |                             0100
                     S2P |                             1000 |                             1000
---------------------------------------------------------------------------------------------------
INFO: [Synth 8-3898] No Re-encoding of one hot register 'current_state_reg' in module 'xsdbs_v1_0_2_reg_p2s__parameterized5'
---------------------------------------------------------------------------------------------------
                   State |                     New Encoding |                Previous Encoding 
---------------------------------------------------------------------------------------------------
*
                    IDLE |                             0001 |                             0001
                     REG |                             0010 |                             0010
                     P2S |                             0100 |                             0100
                     S2P |                             1000 |                             1000
---------------------------------------------------------------------------------------------------
INFO: [Synth 8-3898] No Re-encoding of one hot register 'current_state_reg' in module 'xsdbs_v1_0_2_reg_p2s'
---------------------------------------------------------------------------------------------------
                   State |                     New Encoding |                Previous Encoding 
---------------------------------------------------------------------------------------------------
*
                    IDLE |                             0001 |                             0001
                     REG |                             0010 |                             0010
                     P2S |                             0100 |                             0100
                     S2P |                             1000 |                             1000
---------------------------------------------------------------------------------------------------
INFO: [Synth 8-3898] No Re-encoding of one hot register 'current_state_reg' in module 'xsdbs_v1_0_2_reg_p2s__parameterized0'
---------------------------------------------------------------------------------------------------
                   State |                     New Encoding |                Previous Encoding 
---------------------------------------------------------------------------------------------------
*
                    IDLE |                             0001 |                             0001
                     REG |                             0010 |                             0010
                     P2S |                             0100 |                             0100
                     S2P |                             1000 |                             1000
---------------------------------------------------------------------------------------------------
INFO: [Synth 8-3898] No Re-encoding of one hot register 'current_state_reg' in module 'xsdbs_v1_0_2_reg_p2s__parameterized1'
---------------------------------------------------------------------------------------------------
                   State |                     New Encoding |                Previous Encoding 
---------------------------------------------------------------------------------------------------
*
                    IDLE |                             0001 |                             0001
                     REG |                             0010 |                             0010
                     P2S |                             0100 |                             0100
                     S2P |                             1000 |                             1000
---------------------------------------------------------------------------------------------------
INFO: [Synth 8-3898] No Re-encoding of one hot register 'current_state_reg' in module 'xsdbs_v1_0_2_reg_p2s__parameterized2'
---------------------------------------------------------------------------------------------------
                   State |                     New Encoding |                Previous Encoding 
---------------------------------------------------------------------------------------------------
*
                    IDLE |                             0001 |                             0001
                     REG |                             0010 |                             0010
                     P2S |                             0100 |                             0100
                     S2P |                             1000 |                             1000
---------------------------------------------------------------------------------------------------
INFO: [Synth 8-3898] No Re-encoding of one hot register 'current_state_reg' in module 'xsdbs_v1_0_2_reg_p2s__parameterized3'
---------------------------------------------------------------------------------------------------
                   State |                     New Encoding |                Previous Encoding 
---------------------------------------------------------------------------------------------------
*
                    IDLE |                             0001 |                             0001
                     REG |                             0010 |                             0010
                     P2S |                             0100 |                             0100
                     S2P |                             1000 |                             1000
---------------------------------------------------------------------------------------------------
INFO: [Synth 8-3898] No Re-encoding of one hot register 'current_state_reg' in module 'xsdbs_v1_0_2_reg_p2s__parameterized4'
---------------------------------------------------------------------------------------------------
                   State |                     New Encoding |                Previous Encoding 
---------------------------------------------------------------------------------------------------
                 RX_IDLE |                               00 |                               00
                RX_START |                               01 |                               01
                 RX_DATA |                               10 |                               10
                 RX_STOP |                               11 |                               11
---------------------------------------------------------------------------------------------------
INFO: [Synth 8-3354] encoded FSM with state register 'rx_state_reg' using encoding 'sequential' in module 'uart_tx'
---------------------------------------------------------------------------------
Finished RTL Optimization Phase 2 : Time (s): cpu = 00:01:16 ; elapsed = 00:01:43 . Memory (MB): peak = 3122.324 ; gain = 470.777 ; free physical = 251 ; free virtual = 14197
---------------------------------------------------------------------------------
---------------------------------------------------------------------------------
Start RTL Component Statistics 
---------------------------------------------------------------------------------
---------------------------------------------------------------------------------
Finished RTL Component Statistics 
---------------------------------------------------------------------------------
---------------------------------------------------------------------------------
Start Part Resource Summary
---------------------------------------------------------------------------------
Part Resources:
DSPs: 1248 (col length:96)
BRAMs: 288 (col length: RAMB18 96 RAMB36 48)
---------------------------------------------------------------------------------
Finished Part Resource Summary
---------------------------------------------------------------------------------
---------------------------------------------------------------------------------
Start Cross Boundary and Area Optimization
---------------------------------------------------------------------------------
INFO: [Synth 8-6904] The RAM "Core_RV32I/RV32I_ID/regfile_0/inst/regs_reg" of size (depth=32 x width=32) is automatically implemented using LUTRAM. BRAM implementation would be inefficient 
---------------------------------------------------------------------------------
Finished Cross Boundary and Area Optimization : Time (s): cpu = 00:01:38 ; elapsed = 00:02:07 . Memory (MB): peak = 3122.324 ; gain = 470.777 ; free physical = 272 ; free virtual = 14143
---------------------------------------------------------------------------------
---------------------------------------------------------------------------------
Start Applying XDC Timing Constraints
---------------------------------------------------------------------------------
---------------------------------------------------------------------------------
Finished Applying XDC Timing Constraints : Time (s): cpu = 00:02:00 ; elapsed = 00:02:45 . Memory (MB): peak = 4458.895 ; gain = 1807.348 ; free physical = 150 ; free virtual = 12702
---------------------------------------------------------------------------------
---------------------------------------------------------------------------------
Start Timing Optimization
---------------------------------------------------------------------------------
---------------------------------------------------------------------------------
Finished Timing Optimization : Time (s): cpu = 00:02:04 ; elapsed = 00:02:49 . Memory (MB): peak = 4527.949 ; gain = 1876.402 ; free physical = 146 ; free virtual = 12642
---------------------------------------------------------------------------------
---------------------------------------------------------------------------------
Start Technology Mapping
---------------------------------------------------------------------------------
---------------------------------------------------------------------------------
Finished Technology Mapping : Time (s): cpu = 00:02:14 ; elapsed = 00:03:01 . Memory (MB): peak = 4543.965 ; gain = 1892.418 ; free physical = 186 ; free virtual = 12640
---------------------------------------------------------------------------------
---------------------------------------------------------------------------------
Start IO Insertion
---------------------------------------------------------------------------------
---------------------------------------------------------------------------------
Start Flattening Before IO Insertion
---------------------------------------------------------------------------------
---------------------------------------------------------------------------------
Finished Flattening Before IO Insertion
---------------------------------------------------------------------------------
---------------------------------------------------------------------------------
Start Final Netlist Cleanup
---------------------------------------------------------------------------------
---------------------------------------------------------------------------------
Finished Final Netlist Cleanup
---------------------------------------------------------------------------------
WARNING: [Synth 8-3295] tying undriven pin dummy_inferred:in0 to constant 0
WARNING: [Synth 8-3295] tying undriven pin inst:sl_iport0[36] to constant 0
WARNING: [Synth 8-3295] tying undriven pin inst:sl_iport0[35] to constant 0
WARNING: [Synth 8-3295] tying undriven pin inst:sl_iport0[34] to constant 0
WARNING: [Synth 8-3295] tying undriven pin inst:sl_iport0[33] to constant 0
WARNING: [Synth 8-3295] tying undriven pin inst:sl_iport0[32] to constant 0
WARNING: [Synth 8-3295] tying undriven pin inst:sl_iport0[31] to constant 0
WARNING: [Synth 8-3295] tying undriven pin inst:sl_iport0[30] to constant 0
WARNING: [Synth 8-3295] tying undriven pin inst:sl_iport0[29] to constant 0
WARNING: [Synth 8-3295] tying undriven pin inst:sl_iport0[28] to constant 0
WARNING: [Synth 8-3295] tying undriven pin inst:sl_iport0[27] to constant 0
WARNING: [Synth 8-3295] tying undriven pin inst:sl_iport0[26] to constant 0
WARNING: [Synth 8-3295] tying undriven pin inst:sl_iport0[25] to constant 0
WARNING: [Synth 8-3295] tying undriven pin inst:sl_iport0[24] to constant 0
WARNING: [Synth 8-3295] tying undriven pin inst:sl_iport0[23] to constant 0
WARNING: [Synth 8-3295] tying undriven pin inst:sl_iport0[22] to constant 0
WARNING: [Synth 8-3295] tying undriven pin inst:sl_iport0[21] to constant 0
WARNING: [Synth 8-3295] tying undriven pin inst:sl_iport0[20] to constant 0
WARNING: [Synth 8-3295] tying undriven pin inst:sl_iport0[19] to constant 0
WARNING: [Synth 8-3295] tying undriven pin inst:sl_iport0[18] to constant 0
WARNING: [Synth 8-3295] tying undriven pin inst:sl_iport0[17] to constant 0
WARNING: [Synth 8-3295] tying undriven pin inst:sl_iport0[16] to constant 0
WARNING: [Synth 8-3295] tying undriven pin inst:sl_iport0[15] to constant 0
WARNING: [Synth 8-3295] tying undriven pin inst:sl_iport0[14] to constant 0
WARNING: [Synth 8-3295] tying undriven pin inst:sl_iport0[13] to constant 0
WARNING: [Synth 8-3295] tying undriven pin inst:sl_iport0[12] to constant 0
WARNING: [Synth 8-3295] tying undriven pin inst:sl_iport0[11] to constant 0
WARNING: [Synth 8-3295] tying undriven pin inst:sl_iport0[10] to constant 0
WARNING: [Synth 8-3295] tying undriven pin inst:sl_iport0[9] to constant 0
WARNING: [Synth 8-3295] tying undriven pin inst:sl_iport0[8] to constant 0
WARNING: [Synth 8-3295] tying undriven pin inst:sl_iport0[7] to constant 0
WARNING: [Synth 8-3295] tying undriven pin inst:sl_iport0[6] to constant 0
WARNING: [Synth 8-3295] tying undriven pin inst:sl_iport0[5] to constant 0
WARNING: [Synth 8-3295] tying undriven pin inst:sl_iport0[4] to constant 0
WARNING: [Synth 8-3295] tying undriven pin inst:sl_iport0[3] to constant 0
WARNING: [Synth 8-3295] tying undriven pin inst:sl_iport0[2] to constant 0
WARNING: [Synth 8-3295] tying undriven pin inst:sl_iport0[1] to constant 0
WARNING: [Synth 8-3295] tying undriven pin inst:sl_iport0[0] to constant 0
WARNING: [Synth 8-3295] tying undriven pin inst:trig_in to constant 0
WARNING: [Synth 8-3295] tying undriven pin inst:trig_out_ack to constant 0
WARNING: [Synth 8-3295] tying undriven pin inst:sl_iport0[36] to constant 0
WARNING: [Synth 8-3295] tying undriven pin inst:sl_iport0[35] to constant 0
WARNING: [Synth 8-3295] tying undriven pin inst:sl_iport0[34] to constant 0
WARNING: [Synth 8-3295] tying undriven pin inst:sl_iport0[33] to constant 0
WARNING: [Synth 8-3295] tying undriven pin inst:sl_iport0[32] to constant 0
WARNING: [Synth 8-3295] tying undriven pin inst:sl_iport0[31] to constant 0
WARNING: [Synth 8-3295] tying undriven pin inst:sl_iport0[30] to constant 0
WARNING: [Synth 8-3295] tying undriven pin inst:sl_iport0[29] to constant 0
WARNING: [Synth 8-3295] tying undriven pin inst:sl_iport0[28] to constant 0
WARNING: [Synth 8-3295] tying undriven pin inst:sl_iport0[27] to constant 0
WARNING: [Synth 8-3295] tying undriven pin inst:sl_iport0[26] to constant 0
WARNING: [Synth 8-3295] tying undriven pin inst:sl_iport0[25] to constant 0
WARNING: [Synth 8-3295] tying undriven pin inst:sl_iport0[24] to constant 0
WARNING: [Synth 8-3295] tying undriven pin inst:sl_iport0[23] to constant 0
WARNING: [Synth 8-3295] tying undriven pin inst:sl_iport0[22] to constant 0
WARNING: [Synth 8-3295] tying undriven pin inst:sl_iport0[21] to constant 0
WARNING: [Synth 8-3295] tying undriven pin inst:sl_iport0[20] to constant 0
WARNING: [Synth 8-3295] tying undriven pin inst:sl_iport0[19] to constant 0
WARNING: [Synth 8-3295] tying undriven pin inst:sl_iport0[18] to constant 0
WARNING: [Synth 8-3295] tying undriven pin inst:sl_iport0[17] to constant 0
WARNING: [Synth 8-3295] tying undriven pin inst:sl_iport0[16] to constant 0
WARNING: [Synth 8-3295] tying undriven pin inst:sl_iport0[15] to constant 0
WARNING: [Synth 8-3295] tying undriven pin inst:sl_iport0[14] to constant 0
WARNING: [Synth 8-3295] tying undriven pin inst:sl_iport0[13] to constant 0
WARNING: [Synth 8-3295] tying undriven pin inst:sl_iport0[12] to constant 0
WARNING: [Synth 8-3295] tying undriven pin inst:sl_iport0[11] to constant 0
WARNING: [Synth 8-3295] tying undriven pin inst:sl_iport0[10] to constant 0
WARNING: [Synth 8-3295] tying undriven pin inst:sl_iport0[9] to constant 0
WARNING: [Synth 8-3295] tying undriven pin inst:sl_iport0[8] to constant 0
WARNING: [Synth 8-3295] tying undriven pin inst:sl_iport0[7] to constant 0
WARNING: [Synth 8-3295] tying undriven pin inst:sl_iport0[6] to constant 0
WARNING: [Synth 8-3295] tying undriven pin inst:sl_iport0[5] to constant 0
WARNING: [Synth 8-3295] tying undriven pin inst:sl_iport0[4] to constant 0
WARNING: [Synth 8-3295] tying undriven pin inst:sl_iport0[3] to constant 0
WARNING: [Synth 8-3295] tying undriven pin inst:sl_iport0[2] to constant 0
WARNING: [Synth 8-3295] tying undriven pin inst:sl_iport0[1] to constant 0
WARNING: [Synth 8-3295] tying undriven pin inst:sl_iport0[0] to constant 0
WARNING: [Synth 8-3295] tying undriven pin trace_ctl_pipe[0]_inferred:in0 to constant 0
WARNING: [Synth 8-3295] tying undriven pin trace_data_pipe[0]_inferred:in0[31] to constant 0
WARNING: [Synth 8-3295] tying undriven pin trace_data_pipe[0]_inferred:in0[30] to constant 0
WARNING: [Synth 8-3295] tying undriven pin trace_data_pipe[0]_inferred:in0[29] to constant 0
WARNING: [Synth 8-3295] tying undriven pin trace_data_pipe[0]_inferred:in0[28] to constant 0
WARNING: [Synth 8-3295] tying undriven pin trace_data_pipe[0]_inferred:in0[27] to constant 0
WARNING: [Synth 8-3295] tying undriven pin trace_data_pipe[0]_inferred:in0[26] to constant 0
WARNING: [Synth 8-3295] tying undriven pin trace_data_pipe[0]_inferred:in0[25] to constant 0
WARNING: [Synth 8-3295] tying undriven pin trace_data_pipe[0]_inferred:in0[24] to constant 0
WARNING: [Synth 8-3295] tying undriven pin trace_data_pipe[0]_inferred:in0[23] to constant 0
WARNING: [Synth 8-3295] tying undriven pin trace_data_pipe[0]_inferred:in0[22] to constant 0
WARNING: [Synth 8-3295] tying undriven pin trace_data_pipe[0]_inferred:in0[21] to constant 0
WARNING: [Synth 8-3295] tying undriven pin trace_data_pipe[0]_inferred:in0[20] to constant 0
WARNING: [Synth 8-3295] tying undriven pin trace_data_pipe[0]_inferred:in0[19] to constant 0
WARNING: [Synth 8-3295] tying undriven pin trace_data_pipe[0]_inferred:in0[18] to constant 0
WARNING: [Synth 8-3295] tying undriven pin trace_data_pipe[0]_inferred:in0[17] to constant 0
WARNING: [Synth 8-3295] tying undriven pin trace_data_pipe[0]_inferred:in0[16] to constant 0
WARNING: [Synth 8-3295] tying undriven pin trace_data_pipe[0]_inferred:in0[15] to constant 0
WARNING: [Synth 8-3295] tying undriven pin trace_data_pipe[0]_inferred:in0[14] to constant 0
WARNING: [Synth 8-3295] tying undriven pin trace_data_pipe[0]_inferred:in0[13] to constant 0
WARNING: [Synth 8-3295] tying undriven pin trace_data_pipe[0]_inferred:in0[12] to constant 0
WARNING: [Synth 8-3295] tying undriven pin trace_data_pipe[0]_inferred:in0[11] to constant 0
WARNING: [Synth 8-3295] tying undriven pin trace_data_pipe[0]_inferred:in0[10] to constant 0
INFO: [Common 17-14] Message 'Synth 8-3295' appears 100 times and further instances of the messages will be disabled. Use the Tcl command set_msg_config to change the current settings.
---------------------------------------------------------------------------------
Finished IO Insertion : Time (s): cpu = 00:02:21 ; elapsed = 00:03:07 . Memory (MB): peak = 4543.965 ; gain = 1892.418 ; free physical = 180 ; free virtual = 12641
---------------------------------------------------------------------------------
---------------------------------------------------------------------------------
Start Renaming Generated Instances
---------------------------------------------------------------------------------
---------------------------------------------------------------------------------
Finished Renaming Generated Instances : Time (s): cpu = 00:02:21 ; elapsed = 00:03:07 . Memory (MB): peak = 4543.965 ; gain = 1892.418 ; free physical = 180 ; free virtual = 12641
---------------------------------------------------------------------------------
---------------------------------------------------------------------------------
Start Rebuilding User Hierarchy
---------------------------------------------------------------------------------
---------------------------------------------------------------------------------
Finished Rebuilding User Hierarchy : Time (s): cpu = 00:02:22 ; elapsed = 00:03:09 . Memory (MB): peak = 4543.965 ; gain = 1892.418 ; free physical = 182 ; free virtual = 12644
---------------------------------------------------------------------------------
---------------------------------------------------------------------------------
Start Renaming Generated Ports
---------------------------------------------------------------------------------
---------------------------------------------------------------------------------
Finished Renaming Generated Ports : Time (s): cpu = 00:02:22 ; elapsed = 00:03:09 . Memory (MB): peak = 4543.965 ; gain = 1892.418 ; free physical = 182 ; free virtual = 12644
---------------------------------------------------------------------------------
---------------------------------------------------------------------------------
Start Handling Custom Attributes
---------------------------------------------------------------------------------
---------------------------------------------------------------------------------
Finished Handling Custom Attributes : Time (s): cpu = 00:02:22 ; elapsed = 00:03:09 . Memory (MB): peak = 4543.965 ; gain = 1892.418 ; free physical = 182 ; free virtual = 12644
---------------------------------------------------------------------------------
---------------------------------------------------------------------------------
Start Renaming Generated Nets
---------------------------------------------------------------------------------
---------------------------------------------------------------------------------
Finished Renaming Generated Nets : Time (s): cpu = 00:02:22 ; elapsed = 00:03:09 . Memory (MB): peak = 4543.965 ; gain = 1892.418 ; free physical = 183 ; free virtual = 12645
---------------------------------------------------------------------------------
---------------------------------------------------------------------------------
Start Writing Synthesis Report
---------------------------------------------------------------------------------

Report BlackBoxes: 
+-+--------------+----------+
| |BlackBox name |Instances |
+-+--------------+----------+
+-+--------------+----------+

Report Cell Usage: 
+------+----------+------+
|      |Cell      |Count |
+------+----------+------+
|1     |BUFG_PS   |     2|
|2     |CARRY4    |    24|
|3     |CARRY8    |    59|
|4     |CFGLUT5   |    69|
|5     |LUT1      |   450|
|6     |LUT2      |   330|
|7     |LUT3      |   175|
|8     |LUT4      |   569|
|9     |LUT5      |   514|
|10    |LUT6      |  2443|
|11    |MUXF7     |   528|
|12    |MUXF8     |   240|
|13    |PS8       |     1|
|14    |RAM32M16  |     6|
|15    |RAM512X1S |    64|
|16    |RAMB18E2  |     1|
|17    |RAMB36E2  |     3|
|20    |SRL16     |     1|
|21    |SRL16E    |    48|
|22    |SRLC16E   |     2|
|23    |SRLC32E   |    17|
|24    |FDCE      |    98|
|25    |FDR       |     8|
|26    |FDRE      |  6653|
|27    |FDSE      |    89|
+------+----------+------+
---------------------------------------------------------------------------------
Finished Writing Synthesis Report : Time (s): cpu = 00:02:22 ; elapsed = 00:03:09 . Memory (MB): peak = 4543.965 ; gain = 1892.418 ; free physical = 183 ; free virtual = 12645
---------------------------------------------------------------------------------
Synthesis finished with 0 errors, 0 critical warnings and 345 warnings.
Synthesis Optimization Runtime : Time (s): cpu = 00:02:08 ; elapsed = 00:02:52 . Memory (MB): peak = 4543.965 ; gain = 1860.402 ; free physical = 225 ; free virtual = 12687
Synthesis Optimization Complete : Time (s): cpu = 00:02:23 ; elapsed = 00:03:09 . Memory (MB): peak = 4543.973 ; gain = 1892.418 ; free physical = 225 ; free virtual = 12687
INFO: [Project 1-571] Translating synthesized netlist
Netlist sorting complete. Time (s): cpu = 00:00:00.17 ; elapsed = 00:00:00.17 . Memory (MB): peak = 4543.973 ; gain = 0.000 ; free physical = 276 ; free virtual = 12752
INFO: [Netlist 29-17] Analyzing 999 Unisim elements for replacement
INFO: [Netlist 29-28] Unisim Transformation completed in 0 CPU seconds
INFO: [Project 1-570] Preparing netlist for logic optimization
INFO: [Opt 31-138] Pushed 0 inverter(s) to 0 load pin(s).
INFO: [Opt 31-422] The CLOCK_DOMAINS attribute on the BRAM cell Core_RV32I/RV32I_IF/RV32I_ROM_MEMORY/blk_mem_gen_0/U0/inst_blk_mem_gen/gnbram.gnativebmg.native_blk_mem_gen/valid.cstr/ramloop[0].ram.r/prim_init.ram/DEVICE_8SERIES.NO_BMM_INFO.SP.SIMPLE_PRIM36.ram has been changed from INDEPENDENT to COMMON to match the clocking topology used for the BRAM.
INFO: [Opt 31-422] The CLOCK_DOMAINS attribute on the BRAM cell Core_RV32I/RV32I_IF/RV32I_ROM_MEMORY/blk_mem_gen_0/U0/inst_blk_mem_gen/gnbram.gnativebmg.native_blk_mem_gen/valid.cstr/ramloop[1].ram.r/prim_init.ram/DEVICE_8SERIES.NO_BMM_INFO.SP.SIMPLE_PRIM36.ram has been changed from INDEPENDENT to COMMON to match the clocking topology used for the BRAM.
Netlist sorting complete. Time (s): cpu = 00:00:00 ; elapsed = 00:00:00 . Memory (MB): peak = 4979.848 ; gain = 0.000 ; free physical = 228 ; free virtual = 12544
INFO: [Project 1-111] Unisim Transformation Summary:
  A total of 162 instances were transformed.
  (CARRY4) => CARRY8: 14 instances
  CFGLUT5 => CFGLUT5 (SRL16E, SRLC32E): 60 instances
  CFGLUT5 => SRLC32E: 9 instances
  FDR => FDRE: 8 instances
  RAM32M16 => RAM32M16 (RAMD32(x14), RAMS32(x2)): 6 instances
  RAM512X1S => RAM512X1S (MUXF7(x4), MUXF8(x2), MUXF9, RAMS64E1(x8)): 64 instances
  SRL16 => SRL16E: 1 instance 

INFO: [Common 17-83] Releasing license: Synthesis
398 Infos, 257 Warnings, 0 Critical Warnings and 0 Errors encountered.
synth_design completed successfully
synth_design: Time (s): cpu = 00:03:33 ; elapsed = 00:03:49 . Memory (MB): peak = 4979.848 ; gain = 2517.555 ; free physical = 1436 ; free virtual = 13750
INFO: [Coretcl 2-1174] Renamed 234 cell refs.
INFO: [Common 17-1381] The checkpoint '/media/steckler/xilinx_linux/RISCV_ZYNQ/V2/RVI20U32/RISCV/RISCV.runs/BASIC_synth_1/BASIC.dcp' has been generated.
INFO: [runtcl-4] Executing : report_utilization -file BASIC_utilization_synth.rpt -pb BASIC_utilization_synth.pb
INFO: [Common 17-206] Exiting Vivado at Sat May 16 21:41:32 2026...
