Copyright 1986-2020 Xilinx, Inc. All Rights Reserved.
----------------------------------------------------------------------------------------------------------------------------------------------------------------------------------------------------------------------
| Tool Version      : Vivado v.2020.1 (lin64) Build 2902540 Wed May 27 19:54:35 MDT 2020
| Date              : Fri Jun  5 19:14:23 2026
| Host              : steckler-Default-string running 64-bit Ubuntu 18.04.6 LTS
| Command           : report_timing_summary -max_paths 10 -file RV32UI_wrapper_timing_summary_routed.rpt -pb RV32UI_wrapper_timing_summary_routed.pb -rpx RV32UI_wrapper_timing_summary_routed.rpx -warn_on_violation
| Design            : RV32UI_wrapper
| Device            : xczu5ev-sfvc784
| Speed File        : -2  PRODUCTION 1.27 02-28-2020
| Temperature Grade : I
----------------------------------------------------------------------------------------------------------------------------------------------------------------------------------------------------------------------

Timing Summary Report

------------------------------------------------------------------------------------------------
| Timer Settings
| --------------
------------------------------------------------------------------------------------------------

  Enable Multi Corner Analysis               :  Yes
  Enable Pessimism Removal                   :  Yes
  Pessimism Removal Resolution               :  Nearest Common Node
  Enable Input Delay Default Clock           :  No
  Enable Preset / Clear Arcs                 :  No
  Disable Flight Delays                      :  No
  Ignore I/O Paths                           :  No
  Timing Early Launch at Borrowing Latches   :  No
  Borrow Time for Max Delay Exceptions       :  Yes
  Merge Timing Exceptions                    :  Yes

  Corner  Analyze    Analyze    
  Name    Max Paths  Min Paths  
  ------  ---------  ---------  
  Slow    Yes        Yes        
  Fast    Yes        Yes        



check_timing report

Table of Contents
-----------------
1. checking no_clock (0)
2. checking constant_clock (0)
3. checking pulse_width_clock (0)
4. checking unconstrained_internal_endpoints (0)
5. checking no_input_delay (1)
6. checking no_output_delay (2)
7. checking multiple_clock (0)
8. checking generated_clocks (0)
9. checking loops (0)
10. checking partial_input_delay (0)
11. checking partial_output_delay (0)
12. checking latch_loops (0)

1. checking no_clock (0)
------------------------
 There are 0 register/latch pins with no clock.


2. checking constant_clock (0)
------------------------------
 There are 0 register/latch pins with constant_clock.


3. checking pulse_width_clock (0)
---------------------------------
 There are 0 register/latch pins which need pulse_width check


4. checking unconstrained_internal_endpoints (0)
------------------------------------------------
 There are 0 pins that are not constrained for maximum delay.

 There are 0 pins that are not constrained for maximum delay due to constant clock.


5. checking no_input_delay (1)
------------------------------
 There is 1 input port with no input delay specified. (HIGH)

 There are 0 input ports with no input delay but user has a false path constraint.


6. checking no_output_delay (2)
-------------------------------
 There are 2 ports with no output delay specified. (HIGH)

 There are 0 ports with no output delay but user has a false path constraint

 There are 0 ports with no output delay but with a timing clock defined on it or propagating through it


7. checking multiple_clock (0)
------------------------------
 There are 0 register/latch pins with multiple clocks.


8. checking generated_clocks (0)
--------------------------------
 There are 0 generated clocks that are not connected to a clock source.


9. checking loops (0)
---------------------
 There are 0 combinational loops in the design.


10. checking partial_input_delay (0)
------------------------------------
 There are 0 input ports with partial input delay specified.


11. checking partial_output_delay (0)
-------------------------------------
 There are 0 ports with partial output delay specified.


12. checking latch_loops (0)
----------------------------
 There are 0 combinational latch loops in the design through latch input



------------------------------------------------------------------------------------------------
| Design Timing Summary
| ---------------------
------------------------------------------------------------------------------------------------

    WNS(ns)      TNS(ns)  TNS Failing Endpoints  TNS Total Endpoints      WHS(ns)      THS(ns)  THS Failing Endpoints  THS Total Endpoints     WPWS(ns)     TPWS(ns)  TPWS Failing Endpoints  TPWS Total Endpoints  
    -------      -------  ---------------------  -------------------      -------      -------  ---------------------  -------------------     --------     --------  ----------------------  --------------------  
      0.350        0.000                      0                14038        0.002        0.000                      0                14022        1.125        0.000                       0                  4055  


All user specified timing constraints are met.


------------------------------------------------------------------------------------------------
| Clock Summary
| -------------
------------------------------------------------------------------------------------------------

Clock                                                                                                Waveform(ns)         Period(ns)      Frequency(MHz)
-----                                                                                                ------------         ----------      --------------
clk_pl_0                                                                                             {0.000 2.625}        5.250           190.476         
clk_pl_1                                                                                             {0.000 3.375}        6.750           148.148         
dbg_hub/inst/BSCANID.u_xsdbm_id/SWITCH_N_EXT_BSCAN.bscan_inst/SERIES7_BSCAN.bscan_inst/INTERNAL_TCK  {0.000 25.000}       50.000          20.000          


------------------------------------------------------------------------------------------------
| Intra Clock Table
| -----------------
------------------------------------------------------------------------------------------------

Clock                                                                                                    WNS(ns)      TNS(ns)  TNS Failing Endpoints  TNS Total Endpoints      WHS(ns)      THS(ns)  THS Failing Endpoints  THS Total Endpoints     WPWS(ns)     TPWS(ns)  TPWS Failing Endpoints  TPWS Total Endpoints  
-----                                                                                                    -------      -------  ---------------------  -------------------      -------      -------  ---------------------  -------------------     --------     --------  ----------------------  --------------------  
clk_pl_0                                                                                                   0.350        0.000                      0                12749        0.002        0.000                      0                12749        1.125        0.000                       0                  3564  
dbg_hub/inst/BSCANID.u_xsdbm_id/SWITCH_N_EXT_BSCAN.bscan_inst/SERIES7_BSCAN.bscan_inst/INTERNAL_TCK       14.754        0.000                      0                 1050        0.018        0.000                      0                 1050       24.468        0.000                       0                   491  


------------------------------------------------------------------------------------------------
| Inter Clock Table
| -----------------
------------------------------------------------------------------------------------------------

From Clock                                                                                           To Clock                                                                                                 WNS(ns)      TNS(ns)  TNS Failing Endpoints  TNS Total Endpoints      WHS(ns)      THS(ns)  THS Failing Endpoints  THS Total Endpoints  
----------                                                                                           --------                                                                                                 -------      -------  ---------------------  -------------------      -------      -------  ---------------------  -------------------  
dbg_hub/inst/BSCANID.u_xsdbm_id/SWITCH_N_EXT_BSCAN.bscan_inst/SERIES7_BSCAN.bscan_inst/INTERNAL_TCK  clk_pl_0                                                                                                  49.605        0.000                      0                    8                                                                        
clk_pl_0                                                                                             dbg_hub/inst/BSCANID.u_xsdbm_id/SWITCH_N_EXT_BSCAN.bscan_inst/SERIES7_BSCAN.bscan_inst/INTERNAL_TCK        4.707        0.000                      0                    8                                                                        


------------------------------------------------------------------------------------------------
| Other Path Groups Table
| -----------------------
------------------------------------------------------------------------------------------------

Path Group                                                                                           From Clock                                                                                           To Clock                                                                                                 WNS(ns)      TNS(ns)  TNS Failing Endpoints  TNS Total Endpoints      WHS(ns)      THS(ns)  THS Failing Endpoints  THS Total Endpoints  
----------                                                                                           ----------                                                                                           --------                                                                                                 -------      -------  ---------------------  -------------------      -------      -------  ---------------------  -------------------  
**async_default**                                                                                    clk_pl_0                                                                                             clk_pl_0                                                                                                   3.004        0.000                      0                  123        0.099        0.000                      0                  123  
**async_default**                                                                                    dbg_hub/inst/BSCANID.u_xsdbm_id/SWITCH_N_EXT_BSCAN.bscan_inst/SERIES7_BSCAN.bscan_inst/INTERNAL_TCK  dbg_hub/inst/BSCANID.u_xsdbm_id/SWITCH_N_EXT_BSCAN.bscan_inst/SERIES7_BSCAN.bscan_inst/INTERNAL_TCK       48.175        0.000                      0                  100        0.083        0.000                      0                  100  


------------------------------------------------------------------------------------------------
| Timing Details
| --------------
------------------------------------------------------------------------------------------------


---------------------------------------------------------------------------------------------------
From Clock:  clk_pl_0
  To Clock:  clk_pl_0

Setup :            0  Failing Endpoints,  Worst Slack        0.350ns,  Total Violation        0.000ns
Hold  :            0  Failing Endpoints,  Worst Slack        0.002ns,  Total Violation        0.000ns
PW    :            0  Failing Endpoints,  Worst Slack        1.125ns,  Total Violation        0.000ns
---------------------------------------------------------------------------------------------------


Max Delay Paths
--------------------------------------------------------------------------------------
Slack (MET) :             0.350ns  (required time - arrival time)
  Source:                 RV32UI_i/Core_RV32I/RV32I_MEM/mem_stage_0/inst/mem_resp_valid_reg/C
                            (rising edge-triggered cell FDRE clocked by clk_pl_0  {rise@0.000ns fall@2.625ns period=5.250ns})
  Destination:            RV32UI_i/Core_RV32I/RV32I_IF/if_id_reg_0/inst/id_pc4_out_reg[4]/R
                            (rising edge-triggered cell FDRE clocked by clk_pl_0  {rise@0.000ns fall@2.625ns period=5.250ns})
  Path Group:             clk_pl_0
  Path Type:              Setup (Max at Slow Process Corner)
  Requirement:            5.250ns  (clk_pl_0 rise@5.250ns - clk_pl_0 rise@0.000ns)
  Data Path Delay:        4.629ns  (logic 1.395ns (30.136%)  route 3.234ns (69.864%))
  Logic Levels:           18  (CARRY8=2 LUT2=6 LUT3=1 LUT5=3 LUT6=6)
  Clock Path Skew:        -0.078ns (DCD - SCD + CPR)
    Destination Clock Delay (DCD):    2.074ns = ( 7.324 - 5.250 ) 
    Source Clock Delay      (SCD):    2.344ns
    Clock Pessimism Removal (CPR):    0.192ns
  Clock Uncertainty:      0.119ns  ((TSJ^2 + DJ^2)^1/2) / 2 + PE
    Total System Jitter     (TSJ):    0.071ns
    Discrete Jitter          (DJ):    0.228ns
    Phase Error              (PE):    0.000ns
  Clock Net Delay (Source):      2.145ns (routing 0.998ns, distribution 1.147ns)
  Clock Net Delay (Destination): 1.914ns (routing 0.905ns, distribution 1.009ns)

    Location             Delay type                Incr(ns)  Path(ns)    Netlist Resource(s)
  -------------------------------------------------------------------    -------------------
                         (clock clk_pl_0 rise edge)
                                                      0.000     0.000 r  
    PS8_X0Y0             PS8                          0.000     0.000 r  RV32UI_i/zynq_ultra_ps_e_0/inst/PS8_i/PLCLK[0]
                         net (fo=1, routed)           0.171     0.171    RV32UI_i/zynq_ultra_ps_e_0/inst/pl_clk_unbuffered[0]
    BUFG_PS_X0Y77        BUFG_PS (Prop_BUFG_PS_I_O)
                                                      0.028     0.199 r  RV32UI_i/zynq_ultra_ps_e_0/inst/buffer_pl_clk_0.PL_CLK_0_BUFG/O
    X1Y2 (CLOCK_ROOT)    net (fo=3564, routed)        2.145     2.344    RV32UI_i/Core_RV32I/RV32I_MEM/mem_stage_0/inst/clk
    SLICE_X46Y228        FDRE                                         r  RV32UI_i/Core_RV32I/RV32I_MEM/mem_stage_0/inst/mem_resp_valid_reg/C
  -------------------------------------------------------------------    -------------------
    SLICE_X46Y228        FDRE (Prop_CFF_SLICEL_C_Q)
                                                      0.079     2.423 r  RV32UI_i/Core_RV32I/RV32I_MEM/mem_stage_0/inst/mem_resp_valid_reg/Q
                         net (fo=5, routed)           0.080     2.503    RV32UI_i/Core_RV32I/RV32I_MEM/mem_stage_0/inst/mem_resp_valid_reg_n_0
    SLICE_X46Y228        LUT5 (Prop_F6LUT_SLICEL_I1_O)
                                                      0.148     2.651 f  RV32UI_i/Core_RV32I/RV32I_MEM/mem_stage_0/inst/mem_out_rd_we_INST_0_i_1/O
                         net (fo=1, routed)           0.129     2.780    RV32UI_i/Core_RV32I/RV32I_MEM/mem_stage_0/inst/mem_out_rd_we_INST_0_i_1_n_0
    SLICE_X47Y228        LUT6 (Prop_F6LUT_SLICEL_I5_O)
                                                      0.049     2.829 r  RV32UI_i/Core_RV32I/RV32I_MEM/mem_stage_0/inst/mem_out_rd_we_INST_0/O
                         net (fo=2, routed)           0.088     2.917    RV32UI_i/Core_RV32I/RV32I_EX/util_vector_and_1/Op2[0]
    SLICE_X47Y227        LUT2 (Prop_D6LUT_SLICEL_I1_O)
                                                      0.122     3.039 r  RV32UI_i/Core_RV32I/RV32I_EX/util_vector_and_1/Res[0]_INST_0/O
                         net (fo=2, routed)           0.255     3.294    RV32UI_i/Core_RV32I/RV32I_EX/forwarding_0/mem_stage_rd_we
    SLICE_X48Y228        LUT5 (Prop_E6LUT_SLICEL_I4_O)
                                                      0.090     3.384 r  RV32UI_i/Core_RV32I/RV32I_EX/forwarding_0/forward_a[1]_INST_0_i_1/O
                         net (fo=2, routed)           0.040     3.424    RV32UI_i/Core_RV32I/RV32I_EX/forwarding_0/inst/forward_a113_out
    SLICE_X48Y228        LUT3 (Prop_C6LUT_SLICEL_I0_O)
                                                      0.035     3.459 r  RV32UI_i/Core_RV32I/RV32I_EX/forwarding_0/forward_a[1]_INST_0/O
                         net (fo=32, routed)          0.606     4.065    RV32UI_i/Core_RV32I/RV32I_EX/forward_mux_0/inst/forward_sel[1]
    SLICE_X50Y227        LUT6 (Prop_G6LUT_SLICEL_I3_O)
                                                      0.097     4.162 r  RV32UI_i/Core_RV32I/RV32I_EX/forward_mux_0/inst/out_data[16]_INST_0/O
                         net (fo=12, routed)          0.315     4.477    RV32UI_i/Core_RV32I/RV32I_EX/branch_0/inst/ex_rs1_data[16]
    SLICE_X50Y228        LUT6 (Prop_F6LUT_SLICEL_I3_O)
                                                      0.049     4.526 r  RV32UI_i/Core_RV32I/RV32I_EX/branch_0/inst/branch_taken_INST_0_i_15/O
                         net (fo=1, routed)           0.011     4.537    RV32UI_i/Core_RV32I/RV32I_EX/branch_0/inst/branch_taken_INST_0_i_15_n_0
    SLICE_X50Y228        CARRY8 (Prop_CARRY8_SLICEL_S[5]_CO[7])
                                                      0.155     4.692 f  RV32UI_i/Core_RV32I/RV32I_EX/branch_0/inst/branch_taken_INST_0_i_5/CO[7]
                         net (fo=1, routed)           0.026     4.718    RV32UI_i/Core_RV32I/RV32I_EX/branch_0/inst/branch_taken_INST_0_i_5_n_0
    SLICE_X50Y229        CARRY8 (Prop_CARRY8_SLICEL_CI_CO[2])
                                                      0.057     4.775 f  RV32UI_i/Core_RV32I/RV32I_EX/branch_0/inst/branch_taken_INST_0_i_3/CO[2]
                         net (fo=1, routed)           0.259     5.034    RV32UI_i/Core_RV32I/RV32I_EX/branch_0/inst/data0
    SLICE_X52Y230        LUT5 (Prop_G6LUT_SLICEL_I0_O)
                                                      0.035     5.069 f  RV32UI_i/Core_RV32I/RV32I_EX/branch_0/inst/branch_taken_INST_0_i_2/O
                         net (fo=2, routed)           0.057     5.126    RV32UI_i/Core_RV32I/RV32I_EX/branch_0/inst/branch_taken_INST_0_i_2_n_0
    SLICE_X52Y230        LUT6 (Prop_C6LUT_SLICEL_I1_O)
                                                      0.123     5.249 r  RV32UI_i/Core_RV32I/RV32I_EX/branch_0/inst/pc_redirect_target[31]_INST_0_i_2/O
                         net (fo=31, routed)          0.111     5.360    RV32UI_i/Core_RV32I/RV32I_EX/branch_0/inst/pc_redirect_target[31]_INST_0_i_2_n_0
    SLICE_X52Y231        LUT6 (Prop_D6LUT_SLICEL_I2_O)
                                                      0.036     5.396 r  RV32UI_i/Core_RV32I/RV32I_EX/branch_0/inst/ex_exception_valid_INST_0/O
                         net (fo=33, routed)          0.052     5.448    RV32UI_i/PRIVILEGED/exception_mux_0/ex_exception_valid
    SLICE_X52Y231        LUT2 (Prop_E6LUT_SLICEL_I1_O)
                                                      0.035     5.483 f  RV32UI_i/PRIVILEGED/exception_mux_0/exception_valid_INST_0/O
                         net (fo=36, routed)          0.065     5.548    RV32UI_i/PRIVILEGED/trap_controller_0/exception_valid
    SLICE_X52Y231        LUT6 (Prop_C6LUT_SLICEL_I3_O)
                                                      0.035     5.583 r  RV32UI_i/PRIVILEGED/trap_controller_0/mret_taken_INST_0/O
                         net (fo=33, routed)          0.063     5.646    RV32UI_i/PRIVILEGED/privileged_pc_redire_0/mret_taken
    SLICE_X52Y231        LUT2 (Prop_A6LUT_SLICEL_I1_O)
                                                      0.090     5.736 r  RV32UI_i/PRIVILEGED/privileged_pc_redire_0/priv_redirect_valid_INST_0/O
                         net (fo=36, routed)          0.284     6.020    RV32UI_i/Core_RV32I/priority_branch_OR_l_0/priv_redirect_valid
    SLICE_X49Y231        LUT2 (Prop_A6LUT_SLICEL_I1_O)
                                                      0.035     6.055 r  RV32UI_i/Core_RV32I/priority_branch_OR_l_0/if_id_flush_final_INST_0/O
                         net (fo=1, routed)           0.040     6.095    RV32UI_i/Core_RV32I/RV32I_IF/util_vector_or_0/Op1[0]
    SLICE_X49Y231        LUT2 (Prop_C6LUT_SLICEL_I0_O)
                                                      0.035     6.130 r  RV32UI_i/Core_RV32I/RV32I_IF/util_vector_or_0/Res[0]_INST_0/O
                         net (fo=1, routed)           0.041     6.171    RV32UI_i/Core_RV32I/RV32I_IF/if_id_reg_0/inst/flush
    SLICE_X49Y231        LUT2 (Prop_B6LUT_SLICEL_I1_O)
                                                      0.090     6.261 r  RV32UI_i/Core_RV32I/RV32I_IF/if_id_reg_0/inst/id_pc_out[31]_i_1/O
                         net (fo=162, routed)         0.712     6.973    RV32UI_i/Core_RV32I/RV32I_IF/if_id_reg_0/inst/id_pc_out[31]_i_1_n_0
    SLICE_X48Y229        FDRE                                         r  RV32UI_i/Core_RV32I/RV32I_IF/if_id_reg_0/inst/id_pc4_out_reg[4]/R
  -------------------------------------------------------------------    -------------------

                         (clock clk_pl_0 rise edge)
                                                      5.250     5.250 r  
    PS8_X0Y0             PS8                          0.000     5.250 r  RV32UI_i/zynq_ultra_ps_e_0/inst/PS8_i/PLCLK[0]
                         net (fo=1, routed)           0.135     5.385    RV32UI_i/zynq_ultra_ps_e_0/inst/pl_clk_unbuffered[0]
    BUFG_PS_X0Y77        BUFG_PS (Prop_BUFG_PS_I_O)
                                                      0.025     5.410 r  RV32UI_i/zynq_ultra_ps_e_0/inst/buffer_pl_clk_0.PL_CLK_0_BUFG/O
    X1Y2 (CLOCK_ROOT)    net (fo=3564, routed)        1.914     7.324    RV32UI_i/Core_RV32I/RV32I_IF/if_id_reg_0/inst/clk
    SLICE_X48Y229        FDRE                                         r  RV32UI_i/Core_RV32I/RV32I_IF/if_id_reg_0/inst/id_pc4_out_reg[4]/C
                         clock pessimism              0.192     7.516    
                         clock uncertainty           -0.119     7.397    
    SLICE_X48Y229        FDRE (Setup_EFF_SLICEL_C_R)
                                                     -0.074     7.323    RV32UI_i/Core_RV32I/RV32I_IF/if_id_reg_0/inst/id_pc4_out_reg[4]
  -------------------------------------------------------------------
                         required time                          7.323    
                         arrival time                          -6.973    
  -------------------------------------------------------------------
                         slack                                  0.350    

Slack (MET) :             0.350ns  (required time - arrival time)
  Source:                 RV32UI_i/Core_RV32I/RV32I_MEM/mem_stage_0/inst/mem_resp_valid_reg/C
                            (rising edge-triggered cell FDRE clocked by clk_pl_0  {rise@0.000ns fall@2.625ns period=5.250ns})
  Destination:            RV32UI_i/Core_RV32I/RV32I_IF/if_id_reg_0/inst/id_pc_out_reg[23]/R
                            (rising edge-triggered cell FDRE clocked by clk_pl_0  {rise@0.000ns fall@2.625ns period=5.250ns})
  Path Group:             clk_pl_0
  Path Type:              Setup (Max at Slow Process Corner)
  Requirement:            5.250ns  (clk_pl_0 rise@5.250ns - clk_pl_0 rise@0.000ns)
  Data Path Delay:        4.629ns  (logic 1.395ns (30.136%)  route 3.234ns (69.864%))
  Logic Levels:           18  (CARRY8=2 LUT2=6 LUT3=1 LUT5=3 LUT6=6)
  Clock Path Skew:        -0.078ns (DCD - SCD + CPR)
    Destination Clock Delay (DCD):    2.074ns = ( 7.324 - 5.250 ) 
    Source Clock Delay      (SCD):    2.344ns
    Clock Pessimism Removal (CPR):    0.192ns
  Clock Uncertainty:      0.119ns  ((TSJ^2 + DJ^2)^1/2) / 2 + PE
    Total System Jitter     (TSJ):    0.071ns
    Discrete Jitter          (DJ):    0.228ns
    Phase Error              (PE):    0.000ns
  Clock Net Delay (Source):      2.145ns (routing 0.998ns, distribution 1.147ns)
  Clock Net Delay (Destination): 1.914ns (routing 0.905ns, distribution 1.009ns)

    Location             Delay type                Incr(ns)  Path(ns)    Netlist Resource(s)
  -------------------------------------------------------------------    -------------------
                         (clock clk_pl_0 rise edge)
                                                      0.000     0.000 r  
    PS8_X0Y0             PS8                          0.000     0.000 r  RV32UI_i/zynq_ultra_ps_e_0/inst/PS8_i/PLCLK[0]
                         net (fo=1, routed)           0.171     0.171    RV32UI_i/zynq_ultra_ps_e_0/inst/pl_clk_unbuffered[0]
    BUFG_PS_X0Y77        BUFG_PS (Prop_BUFG_PS_I_O)
                                                      0.028     0.199 r  RV32UI_i/zynq_ultra_ps_e_0/inst/buffer_pl_clk_0.PL_CLK_0_BUFG/O
    X1Y2 (CLOCK_ROOT)    net (fo=3564, routed)        2.145     2.344    RV32UI_i/Core_RV32I/RV32I_MEM/mem_stage_0/inst/clk
    SLICE_X46Y228        FDRE                                         r  RV32UI_i/Core_RV32I/RV32I_MEM/mem_stage_0/inst/mem_resp_valid_reg/C
  -------------------------------------------------------------------    -------------------
    SLICE_X46Y228        FDRE (Prop_CFF_SLICEL_C_Q)
                                                      0.079     2.423 r  RV32UI_i/Core_RV32I/RV32I_MEM/mem_stage_0/inst/mem_resp_valid_reg/Q
                         net (fo=5, routed)           0.080     2.503    RV32UI_i/Core_RV32I/RV32I_MEM/mem_stage_0/inst/mem_resp_valid_reg_n_0
    SLICE_X46Y228        LUT5 (Prop_F6LUT_SLICEL_I1_O)
                                                      0.148     2.651 f  RV32UI_i/Core_RV32I/RV32I_MEM/mem_stage_0/inst/mem_out_rd_we_INST_0_i_1/O
                         net (fo=1, routed)           0.129     2.780    RV32UI_i/Core_RV32I/RV32I_MEM/mem_stage_0/inst/mem_out_rd_we_INST_0_i_1_n_0
    SLICE_X47Y228        LUT6 (Prop_F6LUT_SLICEL_I5_O)
                                                      0.049     2.829 r  RV32UI_i/Core_RV32I/RV32I_MEM/mem_stage_0/inst/mem_out_rd_we_INST_0/O
                         net (fo=2, routed)           0.088     2.917    RV32UI_i/Core_RV32I/RV32I_EX/util_vector_and_1/Op2[0]
    SLICE_X47Y227        LUT2 (Prop_D6LUT_SLICEL_I1_O)
                                                      0.122     3.039 r  RV32UI_i/Core_RV32I/RV32I_EX/util_vector_and_1/Res[0]_INST_0/O
                         net (fo=2, routed)           0.255     3.294    RV32UI_i/Core_RV32I/RV32I_EX/forwarding_0/mem_stage_rd_we
    SLICE_X48Y228        LUT5 (Prop_E6LUT_SLICEL_I4_O)
                                                      0.090     3.384 r  RV32UI_i/Core_RV32I/RV32I_EX/forwarding_0/forward_a[1]_INST_0_i_1/O
                         net (fo=2, routed)           0.040     3.424    RV32UI_i/Core_RV32I/RV32I_EX/forwarding_0/inst/forward_a113_out
    SLICE_X48Y228        LUT3 (Prop_C6LUT_SLICEL_I0_O)
                                                      0.035     3.459 r  RV32UI_i/Core_RV32I/RV32I_EX/forwarding_0/forward_a[1]_INST_0/O
                         net (fo=32, routed)          0.606     4.065    RV32UI_i/Core_RV32I/RV32I_EX/forward_mux_0/inst/forward_sel[1]
    SLICE_X50Y227        LUT6 (Prop_G6LUT_SLICEL_I3_O)
                                                      0.097     4.162 r  RV32UI_i/Core_RV32I/RV32I_EX/forward_mux_0/inst/out_data[16]_INST_0/O
                         net (fo=12, routed)          0.315     4.477    RV32UI_i/Core_RV32I/RV32I_EX/branch_0/inst/ex_rs1_data[16]
    SLICE_X50Y228        LUT6 (Prop_F6LUT_SLICEL_I3_O)
                                                      0.049     4.526 r  RV32UI_i/Core_RV32I/RV32I_EX/branch_0/inst/branch_taken_INST_0_i_15/O
                         net (fo=1, routed)           0.011     4.537    RV32UI_i/Core_RV32I/RV32I_EX/branch_0/inst/branch_taken_INST_0_i_15_n_0
    SLICE_X50Y228        CARRY8 (Prop_CARRY8_SLICEL_S[5]_CO[7])
                                                      0.155     4.692 f  RV32UI_i/Core_RV32I/RV32I_EX/branch_0/inst/branch_taken_INST_0_i_5/CO[7]
                         net (fo=1, routed)           0.026     4.718    RV32UI_i/Core_RV32I/RV32I_EX/branch_0/inst/branch_taken_INST_0_i_5_n_0
    SLICE_X50Y229        CARRY8 (Prop_CARRY8_SLICEL_CI_CO[2])
                                                      0.057     4.775 f  RV32UI_i/Core_RV32I/RV32I_EX/branch_0/inst/branch_taken_INST_0_i_3/CO[2]
                         net (fo=1, routed)           0.259     5.034    RV32UI_i/Core_RV32I/RV32I_EX/branch_0/inst/data0
    SLICE_X52Y230        LUT5 (Prop_G6LUT_SLICEL_I0_O)
                                                      0.035     5.069 f  RV32UI_i/Core_RV32I/RV32I_EX/branch_0/inst/branch_taken_INST_0_i_2/O
                         net (fo=2, routed)           0.057     5.126    RV32UI_i/Core_RV32I/RV32I_EX/branch_0/inst/branch_taken_INST_0_i_2_n_0
    SLICE_X52Y230        LUT6 (Prop_C6LUT_SLICEL_I1_O)
                                                      0.123     5.249 r  RV32UI_i/Core_RV32I/RV32I_EX/branch_0/inst/pc_redirect_target[31]_INST_0_i_2/O
                         net (fo=31, routed)          0.111     5.360    RV32UI_i/Core_RV32I/RV32I_EX/branch_0/inst/pc_redirect_target[31]_INST_0_i_2_n_0
    SLICE_X52Y231        LUT6 (Prop_D6LUT_SLICEL_I2_O)
                                                      0.036     5.396 r  RV32UI_i/Core_RV32I/RV32I_EX/branch_0/inst/ex_exception_valid_INST_0/O
                         net (fo=33, routed)          0.052     5.448    RV32UI_i/PRIVILEGED/exception_mux_0/ex_exception_valid
    SLICE_X52Y231        LUT2 (Prop_E6LUT_SLICEL_I1_O)
                                                      0.035     5.483 f  RV32UI_i/PRIVILEGED/exception_mux_0/exception_valid_INST_0/O
                         net (fo=36, routed)          0.065     5.548    RV32UI_i/PRIVILEGED/trap_controller_0/exception_valid
    SLICE_X52Y231        LUT6 (Prop_C6LUT_SLICEL_I3_O)
                                                      0.035     5.583 r  RV32UI_i/PRIVILEGED/trap_controller_0/mret_taken_INST_0/O
                         net (fo=33, routed)          0.063     5.646    RV32UI_i/PRIVILEGED/privileged_pc_redire_0/mret_taken
    SLICE_X52Y231        LUT2 (Prop_A6LUT_SLICEL_I1_O)
                                                      0.090     5.736 r  RV32UI_i/PRIVILEGED/privileged_pc_redire_0/priv_redirect_valid_INST_0/O
                         net (fo=36, routed)          0.284     6.020    RV32UI_i/Core_RV32I/priority_branch_OR_l_0/priv_redirect_valid
    SLICE_X49Y231        LUT2 (Prop_A6LUT_SLICEL_I1_O)
                                                      0.035     6.055 r  RV32UI_i/Core_RV32I/priority_branch_OR_l_0/if_id_flush_final_INST_0/O
                         net (fo=1, routed)           0.040     6.095    RV32UI_i/Core_RV32I/RV32I_IF/util_vector_or_0/Op1[0]
    SLICE_X49Y231        LUT2 (Prop_C6LUT_SLICEL_I0_O)
                                                      0.035     6.130 r  RV32UI_i/Core_RV32I/RV32I_IF/util_vector_or_0/Res[0]_INST_0/O
                         net (fo=1, routed)           0.041     6.171    RV32UI_i/Core_RV32I/RV32I_IF/if_id_reg_0/inst/flush
    SLICE_X49Y231        LUT2 (Prop_B6LUT_SLICEL_I1_O)
                                                      0.090     6.261 r  RV32UI_i/Core_RV32I/RV32I_IF/if_id_reg_0/inst/id_pc_out[31]_i_1/O
                         net (fo=162, routed)         0.712     6.973    RV32UI_i/Core_RV32I/RV32I_IF/if_id_reg_0/inst/id_pc_out[31]_i_1_n_0
    SLICE_X48Y229        FDRE                                         r  RV32UI_i/Core_RV32I/RV32I_IF/if_id_reg_0/inst/id_pc_out_reg[23]/R
  -------------------------------------------------------------------    -------------------

                         (clock clk_pl_0 rise edge)
                                                      5.250     5.250 r  
    PS8_X0Y0             PS8                          0.000     5.250 r  RV32UI_i/zynq_ultra_ps_e_0/inst/PS8_i/PLCLK[0]
                         net (fo=1, routed)           0.135     5.385    RV32UI_i/zynq_ultra_ps_e_0/inst/pl_clk_unbuffered[0]
    BUFG_PS_X0Y77        BUFG_PS (Prop_BUFG_PS_I_O)
                                                      0.025     5.410 r  RV32UI_i/zynq_ultra_ps_e_0/inst/buffer_pl_clk_0.PL_CLK_0_BUFG/O
    X1Y2 (CLOCK_ROOT)    net (fo=3564, routed)        1.914     7.324    RV32UI_i/Core_RV32I/RV32I_IF/if_id_reg_0/inst/clk
    SLICE_X48Y229        FDRE                                         r  RV32UI_i/Core_RV32I/RV32I_IF/if_id_reg_0/inst/id_pc_out_reg[23]/C
                         clock pessimism              0.192     7.516    
                         clock uncertainty           -0.119     7.397    
    SLICE_X48Y229        FDRE (Setup_EFF2_SLICEL_C_R)
                                                     -0.074     7.323    RV32UI_i/Core_RV32I/RV32I_IF/if_id_reg_0/inst/id_pc_out_reg[23]
  -------------------------------------------------------------------
                         required time                          7.323    
                         arrival time                          -6.973    
  -------------------------------------------------------------------
                         slack                                  0.350    

Slack (MET) :             0.350ns  (required time - arrival time)
  Source:                 RV32UI_i/Core_RV32I/RV32I_MEM/mem_stage_0/inst/mem_resp_valid_reg/C
                            (rising edge-triggered cell FDRE clocked by clk_pl_0  {rise@0.000ns fall@2.625ns period=5.250ns})
  Destination:            RV32UI_i/Core_RV32I/RV32I_IF/if_id_reg_0/inst/id_pc_out_reg[24]/R
                            (rising edge-triggered cell FDRE clocked by clk_pl_0  {rise@0.000ns fall@2.625ns period=5.250ns})
  Path Group:             clk_pl_0
  Path Type:              Setup (Max at Slow Process Corner)
  Requirement:            5.250ns  (clk_pl_0 rise@5.250ns - clk_pl_0 rise@0.000ns)
  Data Path Delay:        4.629ns  (logic 1.395ns (30.136%)  route 3.234ns (69.864%))
  Logic Levels:           18  (CARRY8=2 LUT2=6 LUT3=1 LUT5=3 LUT6=6)
  Clock Path Skew:        -0.078ns (DCD - SCD + CPR)
    Destination Clock Delay (DCD):    2.074ns = ( 7.324 - 5.250 ) 
    Source Clock Delay      (SCD):    2.344ns
    Clock Pessimism Removal (CPR):    0.192ns
  Clock Uncertainty:      0.119ns  ((TSJ^2 + DJ^2)^1/2) / 2 + PE
    Total System Jitter     (TSJ):    0.071ns
    Discrete Jitter          (DJ):    0.228ns
    Phase Error              (PE):    0.000ns
  Clock Net Delay (Source):      2.145ns (routing 0.998ns, distribution 1.147ns)
  Clock Net Delay (Destination): 1.914ns (routing 0.905ns, distribution 1.009ns)

    Location             Delay type                Incr(ns)  Path(ns)    Netlist Resource(s)
  -------------------------------------------------------------------    -------------------
                         (clock clk_pl_0 rise edge)
                                                      0.000     0.000 r  
    PS8_X0Y0             PS8                          0.000     0.000 r  RV32UI_i/zynq_ultra_ps_e_0/inst/PS8_i/PLCLK[0]
                         net (fo=1, routed)           0.171     0.171    RV32UI_i/zynq_ultra_ps_e_0/inst/pl_clk_unbuffered[0]
    BUFG_PS_X0Y77        BUFG_PS (Prop_BUFG_PS_I_O)
                                                      0.028     0.199 r  RV32UI_i/zynq_ultra_ps_e_0/inst/buffer_pl_clk_0.PL_CLK_0_BUFG/O
    X1Y2 (CLOCK_ROOT)    net (fo=3564, routed)        2.145     2.344    RV32UI_i/Core_RV32I/RV32I_MEM/mem_stage_0/inst/clk
    SLICE_X46Y228        FDRE                                         r  RV32UI_i/Core_RV32I/RV32I_MEM/mem_stage_0/inst/mem_resp_valid_reg/C
  -------------------------------------------------------------------    -------------------
    SLICE_X46Y228        FDRE (Prop_CFF_SLICEL_C_Q)
                                                      0.079     2.423 r  RV32UI_i/Core_RV32I/RV32I_MEM/mem_stage_0/inst/mem_resp_valid_reg/Q
                         net (fo=5, routed)           0.080     2.503    RV32UI_i/Core_RV32I/RV32I_MEM/mem_stage_0/inst/mem_resp_valid_reg_n_0
    SLICE_X46Y228        LUT5 (Prop_F6LUT_SLICEL_I1_O)
                                                      0.148     2.651 f  RV32UI_i/Core_RV32I/RV32I_MEM/mem_stage_0/inst/mem_out_rd_we_INST_0_i_1/O
                         net (fo=1, routed)           0.129     2.780    RV32UI_i/Core_RV32I/RV32I_MEM/mem_stage_0/inst/mem_out_rd_we_INST_0_i_1_n_0
    SLICE_X47Y228        LUT6 (Prop_F6LUT_SLICEL_I5_O)
                                                      0.049     2.829 r  RV32UI_i/Core_RV32I/RV32I_MEM/mem_stage_0/inst/mem_out_rd_we_INST_0/O
                         net (fo=2, routed)           0.088     2.917    RV32UI_i/Core_RV32I/RV32I_EX/util_vector_and_1/Op2[0]
    SLICE_X47Y227        LUT2 (Prop_D6LUT_SLICEL_I1_O)
                                                      0.122     3.039 r  RV32UI_i/Core_RV32I/RV32I_EX/util_vector_and_1/Res[0]_INST_0/O
                         net (fo=2, routed)           0.255     3.294    RV32UI_i/Core_RV32I/RV32I_EX/forwarding_0/mem_stage_rd_we
    SLICE_X48Y228        LUT5 (Prop_E6LUT_SLICEL_I4_O)
                                                      0.090     3.384 r  RV32UI_i/Core_RV32I/RV32I_EX/forwarding_0/forward_a[1]_INST_0_i_1/O
                         net (fo=2, routed)           0.040     3.424    RV32UI_i/Core_RV32I/RV32I_EX/forwarding_0/inst/forward_a113_out
    SLICE_X48Y228        LUT3 (Prop_C6LUT_SLICEL_I0_O)
                                                      0.035     3.459 r  RV32UI_i/Core_RV32I/RV32I_EX/forwarding_0/forward_a[1]_INST_0/O
                         net (fo=32, routed)          0.606     4.065    RV32UI_i/Core_RV32I/RV32I_EX/forward_mux_0/inst/forward_sel[1]
    SLICE_X50Y227        LUT6 (Prop_G6LUT_SLICEL_I3_O)
                                                      0.097     4.162 r  RV32UI_i/Core_RV32I/RV32I_EX/forward_mux_0/inst/out_data[16]_INST_0/O
                         net (fo=12, routed)          0.315     4.477    RV32UI_i/Core_RV32I/RV32I_EX/branch_0/inst/ex_rs1_data[16]
    SLICE_X50Y228        LUT6 (Prop_F6LUT_SLICEL_I3_O)
                                                      0.049     4.526 r  RV32UI_i/Core_RV32I/RV32I_EX/branch_0/inst/branch_taken_INST_0_i_15/O
                         net (fo=1, routed)           0.011     4.537    RV32UI_i/Core_RV32I/RV32I_EX/branch_0/inst/branch_taken_INST_0_i_15_n_0
    SLICE_X50Y228        CARRY8 (Prop_CARRY8_SLICEL_S[5]_CO[7])
                                                      0.155     4.692 f  RV32UI_i/Core_RV32I/RV32I_EX/branch_0/inst/branch_taken_INST_0_i_5/CO[7]
                         net (fo=1, routed)           0.026     4.718    RV32UI_i/Core_RV32I/RV32I_EX/branch_0/inst/branch_taken_INST_0_i_5_n_0
    SLICE_X50Y229        CARRY8 (Prop_CARRY8_SLICEL_CI_CO[2])
                                                      0.057     4.775 f  RV32UI_i/Core_RV32I/RV32I_EX/branch_0/inst/branch_taken_INST_0_i_3/CO[2]
                         net (fo=1, routed)           0.259     5.034    RV32UI_i/Core_RV32I/RV32I_EX/branch_0/inst/data0
    SLICE_X52Y230        LUT5 (Prop_G6LUT_SLICEL_I0_O)
                                                      0.035     5.069 f  RV32UI_i/Core_RV32I/RV32I_EX/branch_0/inst/branch_taken_INST_0_i_2/O
                         net (fo=2, routed)           0.057     5.126    RV32UI_i/Core_RV32I/RV32I_EX/branch_0/inst/branch_taken_INST_0_i_2_n_0
    SLICE_X52Y230        LUT6 (Prop_C6LUT_SLICEL_I1_O)
                                                      0.123     5.249 r  RV32UI_i/Core_RV32I/RV32I_EX/branch_0/inst/pc_redirect_target[31]_INST_0_i_2/O
                         net (fo=31, routed)          0.111     5.360    RV32UI_i/Core_RV32I/RV32I_EX/branch_0/inst/pc_redirect_target[31]_INST_0_i_2_n_0
    SLICE_X52Y231        LUT6 (Prop_D6LUT_SLICEL_I2_O)
                                                      0.036     5.396 r  RV32UI_i/Core_RV32I/RV32I_EX/branch_0/inst/ex_exception_valid_INST_0/O
                         net (fo=33, routed)          0.052     5.448    RV32UI_i/PRIVILEGED/exception_mux_0/ex_exception_valid
    SLICE_X52Y231        LUT2 (Prop_E6LUT_SLICEL_I1_O)
                                                      0.035     5.483 f  RV32UI_i/PRIVILEGED/exception_mux_0/exception_valid_INST_0/O
                         net (fo=36, routed)          0.065     5.548    RV32UI_i/PRIVILEGED/trap_controller_0/exception_valid
    SLICE_X52Y231        LUT6 (Prop_C6LUT_SLICEL_I3_O)
                                                      0.035     5.583 r  RV32UI_i/PRIVILEGED/trap_controller_0/mret_taken_INST_0/O
                         net (fo=33, routed)          0.063     5.646    RV32UI_i/PRIVILEGED/privileged_pc_redire_0/mret_taken
    SLICE_X52Y231        LUT2 (Prop_A6LUT_SLICEL_I1_O)
                                                      0.090     5.736 r  RV32UI_i/PRIVILEGED/privileged_pc_redire_0/priv_redirect_valid_INST_0/O
                         net (fo=36, routed)          0.284     6.020    RV32UI_i/Core_RV32I/priority_branch_OR_l_0/priv_redirect_valid
    SLICE_X49Y231        LUT2 (Prop_A6LUT_SLICEL_I1_O)
                                                      0.035     6.055 r  RV32UI_i/Core_RV32I/priority_branch_OR_l_0/if_id_flush_final_INST_0/O
                         net (fo=1, routed)           0.040     6.095    RV32UI_i/Core_RV32I/RV32I_IF/util_vector_or_0/Op1[0]
    SLICE_X49Y231        LUT2 (Prop_C6LUT_SLICEL_I0_O)
                                                      0.035     6.130 r  RV32UI_i/Core_RV32I/RV32I_IF/util_vector_or_0/Res[0]_INST_0/O
                         net (fo=1, routed)           0.041     6.171    RV32UI_i/Core_RV32I/RV32I_IF/if_id_reg_0/inst/flush
    SLICE_X49Y231        LUT2 (Prop_B6LUT_SLICEL_I1_O)
                                                      0.090     6.261 r  RV32UI_i/Core_RV32I/RV32I_IF/if_id_reg_0/inst/id_pc_out[31]_i_1/O
                         net (fo=162, routed)         0.712     6.973    RV32UI_i/Core_RV32I/RV32I_IF/if_id_reg_0/inst/id_pc_out[31]_i_1_n_0
    SLICE_X48Y229        FDRE                                         r  RV32UI_i/Core_RV32I/RV32I_IF/if_id_reg_0/inst/id_pc_out_reg[24]/R
  -------------------------------------------------------------------    -------------------

                         (clock clk_pl_0 rise edge)
                                                      5.250     5.250 r  
    PS8_X0Y0             PS8                          0.000     5.250 r  RV32UI_i/zynq_ultra_ps_e_0/inst/PS8_i/PLCLK[0]
                         net (fo=1, routed)           0.135     5.385    RV32UI_i/zynq_ultra_ps_e_0/inst/pl_clk_unbuffered[0]
    BUFG_PS_X0Y77        BUFG_PS (Prop_BUFG_PS_I_O)
                                                      0.025     5.410 r  RV32UI_i/zynq_ultra_ps_e_0/inst/buffer_pl_clk_0.PL_CLK_0_BUFG/O
    X1Y2 (CLOCK_ROOT)    net (fo=3564, routed)        1.914     7.324    RV32UI_i/Core_RV32I/RV32I_IF/if_id_reg_0/inst/clk
    SLICE_X48Y229        FDRE                                         r  RV32UI_i/Core_RV32I/RV32I_IF/if_id_reg_0/inst/id_pc_out_reg[24]/C
                         clock pessimism              0.192     7.516    
                         clock uncertainty           -0.119     7.397    
    SLICE_X48Y229        FDRE (Setup_FFF_SLICEL_C_R)
                                                     -0.074     7.323    RV32UI_i/Core_RV32I/RV32I_IF/if_id_reg_0/inst/id_pc_out_reg[24]
  -------------------------------------------------------------------
                         required time                          7.323    
                         arrival time                          -6.973    
  -------------------------------------------------------------------
                         slack                                  0.350    

Slack (MET) :             0.350ns  (required time - arrival time)
  Source:                 RV32UI_i/Core_RV32I/RV32I_MEM/mem_stage_0/inst/mem_resp_valid_reg/C
                            (rising edge-triggered cell FDRE clocked by clk_pl_0  {rise@0.000ns fall@2.625ns period=5.250ns})
  Destination:            RV32UI_i/Core_RV32I/RV32I_IF/if_id_reg_0/inst/id_pc_out_reg[27]/R
                            (rising edge-triggered cell FDRE clocked by clk_pl_0  {rise@0.000ns fall@2.625ns period=5.250ns})
  Path Group:             clk_pl_0
  Path Type:              Setup (Max at Slow Process Corner)
  Requirement:            5.250ns  (clk_pl_0 rise@5.250ns - clk_pl_0 rise@0.000ns)
  Data Path Delay:        4.629ns  (logic 1.395ns (30.136%)  route 3.234ns (69.864%))
  Logic Levels:           18  (CARRY8=2 LUT2=6 LUT3=1 LUT5=3 LUT6=6)
  Clock Path Skew:        -0.078ns (DCD - SCD + CPR)
    Destination Clock Delay (DCD):    2.074ns = ( 7.324 - 5.250 ) 
    Source Clock Delay      (SCD):    2.344ns
    Clock Pessimism Removal (CPR):    0.192ns
  Clock Uncertainty:      0.119ns  ((TSJ^2 + DJ^2)^1/2) / 2 + PE
    Total System Jitter     (TSJ):    0.071ns
    Discrete Jitter          (DJ):    0.228ns
    Phase Error              (PE):    0.000ns
  Clock Net Delay (Source):      2.145ns (routing 0.998ns, distribution 1.147ns)
  Clock Net Delay (Destination): 1.914ns (routing 0.905ns, distribution 1.009ns)

    Location             Delay type                Incr(ns)  Path(ns)    Netlist Resource(s)
  -------------------------------------------------------------------    -------------------
                         (clock clk_pl_0 rise edge)
                                                      0.000     0.000 r  
    PS8_X0Y0             PS8                          0.000     0.000 r  RV32UI_i/zynq_ultra_ps_e_0/inst/PS8_i/PLCLK[0]
                         net (fo=1, routed)           0.171     0.171    RV32UI_i/zynq_ultra_ps_e_0/inst/pl_clk_unbuffered[0]
    BUFG_PS_X0Y77        BUFG_PS (Prop_BUFG_PS_I_O)
                                                      0.028     0.199 r  RV32UI_i/zynq_ultra_ps_e_0/inst/buffer_pl_clk_0.PL_CLK_0_BUFG/O
    X1Y2 (CLOCK_ROOT)    net (fo=3564, routed)        2.145     2.344    RV32UI_i/Core_RV32I/RV32I_MEM/mem_stage_0/inst/clk
    SLICE_X46Y228        FDRE                                         r  RV32UI_i/Core_RV32I/RV32I_MEM/mem_stage_0/inst/mem_resp_valid_reg/C
  -------------------------------------------------------------------    -------------------
    SLICE_X46Y228        FDRE (Prop_CFF_SLICEL_C_Q)
                                                      0.079     2.423 r  RV32UI_i/Core_RV32I/RV32I_MEM/mem_stage_0/inst/mem_resp_valid_reg/Q
                         net (fo=5, routed)           0.080     2.503    RV32UI_i/Core_RV32I/RV32I_MEM/mem_stage_0/inst/mem_resp_valid_reg_n_0
    SLICE_X46Y228        LUT5 (Prop_F6LUT_SLICEL_I1_O)
                                                      0.148     2.651 f  RV32UI_i/Core_RV32I/RV32I_MEM/mem_stage_0/inst/mem_out_rd_we_INST_0_i_1/O
                         net (fo=1, routed)           0.129     2.780    RV32UI_i/Core_RV32I/RV32I_MEM/mem_stage_0/inst/mem_out_rd_we_INST_0_i_1_n_0
    SLICE_X47Y228        LUT6 (Prop_F6LUT_SLICEL_I5_O)
                                                      0.049     2.829 r  RV32UI_i/Core_RV32I/RV32I_MEM/mem_stage_0/inst/mem_out_rd_we_INST_0/O
                         net (fo=2, routed)           0.088     2.917    RV32UI_i/Core_RV32I/RV32I_EX/util_vector_and_1/Op2[0]
    SLICE_X47Y227        LUT2 (Prop_D6LUT_SLICEL_I1_O)
                                                      0.122     3.039 r  RV32UI_i/Core_RV32I/RV32I_EX/util_vector_and_1/Res[0]_INST_0/O
                         net (fo=2, routed)           0.255     3.294    RV32UI_i/Core_RV32I/RV32I_EX/forwarding_0/mem_stage_rd_we
    SLICE_X48Y228        LUT5 (Prop_E6LUT_SLICEL_I4_O)
                                                      0.090     3.384 r  RV32UI_i/Core_RV32I/RV32I_EX/forwarding_0/forward_a[1]_INST_0_i_1/O
                         net (fo=2, routed)           0.040     3.424    RV32UI_i/Core_RV32I/RV32I_EX/forwarding_0/inst/forward_a113_out
    SLICE_X48Y228        LUT3 (Prop_C6LUT_SLICEL_I0_O)
                                                      0.035     3.459 r  RV32UI_i/Core_RV32I/RV32I_EX/forwarding_0/forward_a[1]_INST_0/O
                         net (fo=32, routed)          0.606     4.065    RV32UI_i/Core_RV32I/RV32I_EX/forward_mux_0/inst/forward_sel[1]
    SLICE_X50Y227        LUT6 (Prop_G6LUT_SLICEL_I3_O)
                                                      0.097     4.162 r  RV32UI_i/Core_RV32I/RV32I_EX/forward_mux_0/inst/out_data[16]_INST_0/O
                         net (fo=12, routed)          0.315     4.477    RV32UI_i/Core_RV32I/RV32I_EX/branch_0/inst/ex_rs1_data[16]
    SLICE_X50Y228        LUT6 (Prop_F6LUT_SLICEL_I3_O)
                                                      0.049     4.526 r  RV32UI_i/Core_RV32I/RV32I_EX/branch_0/inst/branch_taken_INST_0_i_15/O
                         net (fo=1, routed)           0.011     4.537    RV32UI_i/Core_RV32I/RV32I_EX/branch_0/inst/branch_taken_INST_0_i_15_n_0
    SLICE_X50Y228        CARRY8 (Prop_CARRY8_SLICEL_S[5]_CO[7])
                                                      0.155     4.692 f  RV32UI_i/Core_RV32I/RV32I_EX/branch_0/inst/branch_taken_INST_0_i_5/CO[7]
                         net (fo=1, routed)           0.026     4.718    RV32UI_i/Core_RV32I/RV32I_EX/branch_0/inst/branch_taken_INST_0_i_5_n_0
    SLICE_X50Y229        CARRY8 (Prop_CARRY8_SLICEL_CI_CO[2])
                                                      0.057     4.775 f  RV32UI_i/Core_RV32I/RV32I_EX/branch_0/inst/branch_taken_INST_0_i_3/CO[2]
                         net (fo=1, routed)           0.259     5.034    RV32UI_i/Core_RV32I/RV32I_EX/branch_0/inst/data0
    SLICE_X52Y230        LUT5 (Prop_G6LUT_SLICEL_I0_O)
                                                      0.035     5.069 f  RV32UI_i/Core_RV32I/RV32I_EX/branch_0/inst/branch_taken_INST_0_i_2/O
                         net (fo=2, routed)           0.057     5.126    RV32UI_i/Core_RV32I/RV32I_EX/branch_0/inst/branch_taken_INST_0_i_2_n_0
    SLICE_X52Y230        LUT6 (Prop_C6LUT_SLICEL_I1_O)
                                                      0.123     5.249 r  RV32UI_i/Core_RV32I/RV32I_EX/branch_0/inst/pc_redirect_target[31]_INST_0_i_2/O
                         net (fo=31, routed)          0.111     5.360    RV32UI_i/Core_RV32I/RV32I_EX/branch_0/inst/pc_redirect_target[31]_INST_0_i_2_n_0
    SLICE_X52Y231        LUT6 (Prop_D6LUT_SLICEL_I2_O)
                                                      0.036     5.396 r  RV32UI_i/Core_RV32I/RV32I_EX/branch_0/inst/ex_exception_valid_INST_0/O
                         net (fo=33, routed)          0.052     5.448    RV32UI_i/PRIVILEGED/exception_mux_0/ex_exception_valid
    SLICE_X52Y231        LUT2 (Prop_E6LUT_SLICEL_I1_O)
                                                      0.035     5.483 f  RV32UI_i/PRIVILEGED/exception_mux_0/exception_valid_INST_0/O
                         net (fo=36, routed)          0.065     5.548    RV32UI_i/PRIVILEGED/trap_controller_0/exception_valid
    SLICE_X52Y231        LUT6 (Prop_C6LUT_SLICEL_I3_O)
                                                      0.035     5.583 r  RV32UI_i/PRIVILEGED/trap_controller_0/mret_taken_INST_0/O
                         net (fo=33, routed)          0.063     5.646    RV32UI_i/PRIVILEGED/privileged_pc_redire_0/mret_taken
    SLICE_X52Y231        LUT2 (Prop_A6LUT_SLICEL_I1_O)
                                                      0.090     5.736 r  RV32UI_i/PRIVILEGED/privileged_pc_redire_0/priv_redirect_valid_INST_0/O
                         net (fo=36, routed)          0.284     6.020    RV32UI_i/Core_RV32I/priority_branch_OR_l_0/priv_redirect_valid
    SLICE_X49Y231        LUT2 (Prop_A6LUT_SLICEL_I1_O)
                                                      0.035     6.055 r  RV32UI_i/Core_RV32I/priority_branch_OR_l_0/if_id_flush_final_INST_0/O
                         net (fo=1, routed)           0.040     6.095    RV32UI_i/Core_RV32I/RV32I_IF/util_vector_or_0/Op1[0]
    SLICE_X49Y231        LUT2 (Prop_C6LUT_SLICEL_I0_O)
                                                      0.035     6.130 r  RV32UI_i/Core_RV32I/RV32I_IF/util_vector_or_0/Res[0]_INST_0/O
                         net (fo=1, routed)           0.041     6.171    RV32UI_i/Core_RV32I/RV32I_IF/if_id_reg_0/inst/flush
    SLICE_X49Y231        LUT2 (Prop_B6LUT_SLICEL_I1_O)
                                                      0.090     6.261 r  RV32UI_i/Core_RV32I/RV32I_IF/if_id_reg_0/inst/id_pc_out[31]_i_1/O
                         net (fo=162, routed)         0.712     6.973    RV32UI_i/Core_RV32I/RV32I_IF/if_id_reg_0/inst/id_pc_out[31]_i_1_n_0
    SLICE_X48Y229        FDRE                                         r  RV32UI_i/Core_RV32I/RV32I_IF/if_id_reg_0/inst/id_pc_out_reg[27]/R
  -------------------------------------------------------------------    -------------------

                         (clock clk_pl_0 rise edge)
                                                      5.250     5.250 r  
    PS8_X0Y0             PS8                          0.000     5.250 r  RV32UI_i/zynq_ultra_ps_e_0/inst/PS8_i/PLCLK[0]
                         net (fo=1, routed)           0.135     5.385    RV32UI_i/zynq_ultra_ps_e_0/inst/pl_clk_unbuffered[0]
    BUFG_PS_X0Y77        BUFG_PS (Prop_BUFG_PS_I_O)
                                                      0.025     5.410 r  RV32UI_i/zynq_ultra_ps_e_0/inst/buffer_pl_clk_0.PL_CLK_0_BUFG/O
    X1Y2 (CLOCK_ROOT)    net (fo=3564, routed)        1.914     7.324    RV32UI_i/Core_RV32I/RV32I_IF/if_id_reg_0/inst/clk
    SLICE_X48Y229        FDRE                                         r  RV32UI_i/Core_RV32I/RV32I_IF/if_id_reg_0/inst/id_pc_out_reg[27]/C
                         clock pessimism              0.192     7.516    
                         clock uncertainty           -0.119     7.397    
    SLICE_X48Y229        FDRE (Setup_FFF2_SLICEL_C_R)
                                                     -0.074     7.323    RV32UI_i/Core_RV32I/RV32I_IF/if_id_reg_0/inst/id_pc_out_reg[27]
  -------------------------------------------------------------------
                         required time                          7.323    
                         arrival time                          -6.973    
  -------------------------------------------------------------------
                         slack                                  0.350    

Slack (MET) :             0.350ns  (required time - arrival time)
  Source:                 RV32UI_i/Core_RV32I/RV32I_MEM/mem_stage_0/inst/mem_resp_valid_reg/C
                            (rising edge-triggered cell FDRE clocked by clk_pl_0  {rise@0.000ns fall@2.625ns period=5.250ns})
  Destination:            RV32UI_i/Core_RV32I/RV32I_IF/if_id_reg_0/inst/id_pc_out_reg[29]/R
                            (rising edge-triggered cell FDRE clocked by clk_pl_0  {rise@0.000ns fall@2.625ns period=5.250ns})
  Path Group:             clk_pl_0
  Path Type:              Setup (Max at Slow Process Corner)
  Requirement:            5.250ns  (clk_pl_0 rise@5.250ns - clk_pl_0 rise@0.000ns)
  Data Path Delay:        4.629ns  (logic 1.395ns (30.136%)  route 3.234ns (69.864%))
  Logic Levels:           18  (CARRY8=2 LUT2=6 LUT3=1 LUT5=3 LUT6=6)
  Clock Path Skew:        -0.078ns (DCD - SCD + CPR)
    Destination Clock Delay (DCD):    2.074ns = ( 7.324 - 5.250 ) 
    Source Clock Delay      (SCD):    2.344ns
    Clock Pessimism Removal (CPR):    0.192ns
  Clock Uncertainty:      0.119ns  ((TSJ^2 + DJ^2)^1/2) / 2 + PE
    Total System Jitter     (TSJ):    0.071ns
    Discrete Jitter          (DJ):    0.228ns
    Phase Error              (PE):    0.000ns
  Clock Net Delay (Source):      2.145ns (routing 0.998ns, distribution 1.147ns)
  Clock Net Delay (Destination): 1.914ns (routing 0.905ns, distribution 1.009ns)

    Location             Delay type                Incr(ns)  Path(ns)    Netlist Resource(s)
  -------------------------------------------------------------------    -------------------
                         (clock clk_pl_0 rise edge)
                                                      0.000     0.000 r  
    PS8_X0Y0             PS8                          0.000     0.000 r  RV32UI_i/zynq_ultra_ps_e_0/inst/PS8_i/PLCLK[0]
                         net (fo=1, routed)           0.171     0.171    RV32UI_i/zynq_ultra_ps_e_0/inst/pl_clk_unbuffered[0]
    BUFG_PS_X0Y77        BUFG_PS (Prop_BUFG_PS_I_O)
                                                      0.028     0.199 r  RV32UI_i/zynq_ultra_ps_e_0/inst/buffer_pl_clk_0.PL_CLK_0_BUFG/O
    X1Y2 (CLOCK_ROOT)    net (fo=3564, routed)        2.145     2.344    RV32UI_i/Core_RV32I/RV32I_MEM/mem_stage_0/inst/clk
    SLICE_X46Y228        FDRE                                         r  RV32UI_i/Core_RV32I/RV32I_MEM/mem_stage_0/inst/mem_resp_valid_reg/C
  -------------------------------------------------------------------    -------------------
    SLICE_X46Y228        FDRE (Prop_CFF_SLICEL_C_Q)
                                                      0.079     2.423 r  RV32UI_i/Core_RV32I/RV32I_MEM/mem_stage_0/inst/mem_resp_valid_reg/Q
                         net (fo=5, routed)           0.080     2.503    RV32UI_i/Core_RV32I/RV32I_MEM/mem_stage_0/inst/mem_resp_valid_reg_n_0
    SLICE_X46Y228        LUT5 (Prop_F6LUT_SLICEL_I1_O)
                                                      0.148     2.651 f  RV32UI_i/Core_RV32I/RV32I_MEM/mem_stage_0/inst/mem_out_rd_we_INST_0_i_1/O
                         net (fo=1, routed)           0.129     2.780    RV32UI_i/Core_RV32I/RV32I_MEM/mem_stage_0/inst/mem_out_rd_we_INST_0_i_1_n_0
    SLICE_X47Y228        LUT6 (Prop_F6LUT_SLICEL_I5_O)
                                                      0.049     2.829 r  RV32UI_i/Core_RV32I/RV32I_MEM/mem_stage_0/inst/mem_out_rd_we_INST_0/O
                         net (fo=2, routed)           0.088     2.917    RV32UI_i/Core_RV32I/RV32I_EX/util_vector_and_1/Op2[0]
    SLICE_X47Y227        LUT2 (Prop_D6LUT_SLICEL_I1_O)
                                                      0.122     3.039 r  RV32UI_i/Core_RV32I/RV32I_EX/util_vector_and_1/Res[0]_INST_0/O
                         net (fo=2, routed)           0.255     3.294    RV32UI_i/Core_RV32I/RV32I_EX/forwarding_0/mem_stage_rd_we
    SLICE_X48Y228        LUT5 (Prop_E6LUT_SLICEL_I4_O)
                                                      0.090     3.384 r  RV32UI_i/Core_RV32I/RV32I_EX/forwarding_0/forward_a[1]_INST_0_i_1/O
                         net (fo=2, routed)           0.040     3.424    RV32UI_i/Core_RV32I/RV32I_EX/forwarding_0/inst/forward_a113_out
    SLICE_X48Y228        LUT3 (Prop_C6LUT_SLICEL_I0_O)
                                                      0.035     3.459 r  RV32UI_i/Core_RV32I/RV32I_EX/forwarding_0/forward_a[1]_INST_0/O
                         net (fo=32, routed)          0.606     4.065    RV32UI_i/Core_RV32I/RV32I_EX/forward_mux_0/inst/forward_sel[1]
    SLICE_X50Y227        LUT6 (Prop_G6LUT_SLICEL_I3_O)
                                                      0.097     4.162 r  RV32UI_i/Core_RV32I/RV32I_EX/forward_mux_0/inst/out_data[16]_INST_0/O
                         net (fo=12, routed)          0.315     4.477    RV32UI_i/Core_RV32I/RV32I_EX/branch_0/inst/ex_rs1_data[16]
    SLICE_X50Y228        LUT6 (Prop_F6LUT_SLICEL_I3_O)
                                                      0.049     4.526 r  RV32UI_i/Core_RV32I/RV32I_EX/branch_0/inst/branch_taken_INST_0_i_15/O
                         net (fo=1, routed)           0.011     4.537    RV32UI_i/Core_RV32I/RV32I_EX/branch_0/inst/branch_taken_INST_0_i_15_n_0
    SLICE_X50Y228        CARRY8 (Prop_CARRY8_SLICEL_S[5]_CO[7])
                                                      0.155     4.692 f  RV32UI_i/Core_RV32I/RV32I_EX/branch_0/inst/branch_taken_INST_0_i_5/CO[7]
                         net (fo=1, routed)           0.026     4.718    RV32UI_i/Core_RV32I/RV32I_EX/branch_0/inst/branch_taken_INST_0_i_5_n_0
    SLICE_X50Y229        CARRY8 (Prop_CARRY8_SLICEL_CI_CO[2])
                                                      0.057     4.775 f  RV32UI_i/Core_RV32I/RV32I_EX/branch_0/inst/branch_taken_INST_0_i_3/CO[2]
                         net (fo=1, routed)           0.259     5.034    RV32UI_i/Core_RV32I/RV32I_EX/branch_0/inst/data0
    SLICE_X52Y230        LUT5 (Prop_G6LUT_SLICEL_I0_O)
                                                      0.035     5.069 f  RV32UI_i/Core_RV32I/RV32I_EX/branch_0/inst/branch_taken_INST_0_i_2/O
                         net (fo=2, routed)           0.057     5.126    RV32UI_i/Core_RV32I/RV32I_EX/branch_0/inst/branch_taken_INST_0_i_2_n_0
    SLICE_X52Y230        LUT6 (Prop_C6LUT_SLICEL_I1_O)
                                                      0.123     5.249 r  RV32UI_i/Core_RV32I/RV32I_EX/branch_0/inst/pc_redirect_target[31]_INST_0_i_2/O
                         net (fo=31, routed)          0.111     5.360    RV32UI_i/Core_RV32I/RV32I_EX/branch_0/inst/pc_redirect_target[31]_INST_0_i_2_n_0
    SLICE_X52Y231        LUT6 (Prop_D6LUT_SLICEL_I2_O)
                                                      0.036     5.396 r  RV32UI_i/Core_RV32I/RV32I_EX/branch_0/inst/ex_exception_valid_INST_0/O
                         net (fo=33, routed)          0.052     5.448    RV32UI_i/PRIVILEGED/exception_mux_0/ex_exception_valid
    SLICE_X52Y231        LUT2 (Prop_E6LUT_SLICEL_I1_O)
                                                      0.035     5.483 f  RV32UI_i/PRIVILEGED/exception_mux_0/exception_valid_INST_0/O
                         net (fo=36, routed)          0.065     5.548    RV32UI_i/PRIVILEGED/trap_controller_0/exception_valid
    SLICE_X52Y231        LUT6 (Prop_C6LUT_SLICEL_I3_O)
                                                      0.035     5.583 r  RV32UI_i/PRIVILEGED/trap_controller_0/mret_taken_INST_0/O
                         net (fo=33, routed)          0.063     5.646    RV32UI_i/PRIVILEGED/privileged_pc_redire_0/mret_taken
    SLICE_X52Y231        LUT2 (Prop_A6LUT_SLICEL_I1_O)
                                                      0.090     5.736 r  RV32UI_i/PRIVILEGED/privileged_pc_redire_0/priv_redirect_valid_INST_0/O
                         net (fo=36, routed)          0.284     6.020    RV32UI_i/Core_RV32I/priority_branch_OR_l_0/priv_redirect_valid
    SLICE_X49Y231        LUT2 (Prop_A6LUT_SLICEL_I1_O)
                                                      0.035     6.055 r  RV32UI_i/Core_RV32I/priority_branch_OR_l_0/if_id_flush_final_INST_0/O
                         net (fo=1, routed)           0.040     6.095    RV32UI_i/Core_RV32I/RV32I_IF/util_vector_or_0/Op1[0]
    SLICE_X49Y231        LUT2 (Prop_C6LUT_SLICEL_I0_O)
                                                      0.035     6.130 r  RV32UI_i/Core_RV32I/RV32I_IF/util_vector_or_0/Res[0]_INST_0/O
                         net (fo=1, routed)           0.041     6.171    RV32UI_i/Core_RV32I/RV32I_IF/if_id_reg_0/inst/flush
    SLICE_X49Y231        LUT2 (Prop_B6LUT_SLICEL_I1_O)
                                                      0.090     6.261 r  RV32UI_i/Core_RV32I/RV32I_IF/if_id_reg_0/inst/id_pc_out[31]_i_1/O
                         net (fo=162, routed)         0.712     6.973    RV32UI_i/Core_RV32I/RV32I_IF/if_id_reg_0/inst/id_pc_out[31]_i_1_n_0
    SLICE_X48Y229        FDRE                                         r  RV32UI_i/Core_RV32I/RV32I_IF/if_id_reg_0/inst/id_pc_out_reg[29]/R
  -------------------------------------------------------------------    -------------------

                         (clock clk_pl_0 rise edge)
                                                      5.250     5.250 r  
    PS8_X0Y0             PS8                          0.000     5.250 r  RV32UI_i/zynq_ultra_ps_e_0/inst/PS8_i/PLCLK[0]
                         net (fo=1, routed)           0.135     5.385    RV32UI_i/zynq_ultra_ps_e_0/inst/pl_clk_unbuffered[0]
    BUFG_PS_X0Y77        BUFG_PS (Prop_BUFG_PS_I_O)
                                                      0.025     5.410 r  RV32UI_i/zynq_ultra_ps_e_0/inst/buffer_pl_clk_0.PL_CLK_0_BUFG/O
    X1Y2 (CLOCK_ROOT)    net (fo=3564, routed)        1.914     7.324    RV32UI_i/Core_RV32I/RV32I_IF/if_id_reg_0/inst/clk
    SLICE_X48Y229        FDRE                                         r  RV32UI_i/Core_RV32I/RV32I_IF/if_id_reg_0/inst/id_pc_out_reg[29]/C
                         clock pessimism              0.192     7.516    
                         clock uncertainty           -0.119     7.397    
    SLICE_X48Y229        FDRE (Setup_GFF_SLICEL_C_R)
                                                     -0.074     7.323    RV32UI_i/Core_RV32I/RV32I_IF/if_id_reg_0/inst/id_pc_out_reg[29]
  -------------------------------------------------------------------
                         required time                          7.323    
                         arrival time                          -6.973    
  -------------------------------------------------------------------
                         slack                                  0.350    

Slack (MET) :             0.350ns  (required time - arrival time)
  Source:                 RV32UI_i/Core_RV32I/RV32I_MEM/mem_stage_0/inst/mem_resp_valid_reg/C
                            (rising edge-triggered cell FDRE clocked by clk_pl_0  {rise@0.000ns fall@2.625ns period=5.250ns})
  Destination:            RV32UI_i/Core_RV32I/RV32I_IF/if_id_reg_0/inst/pc_d_reg[18]/R
                            (rising edge-triggered cell FDRE clocked by clk_pl_0  {rise@0.000ns fall@2.625ns period=5.250ns})
  Path Group:             clk_pl_0
  Path Type:              Setup (Max at Slow Process Corner)
  Requirement:            5.250ns  (clk_pl_0 rise@5.250ns - clk_pl_0 rise@0.000ns)
  Data Path Delay:        4.629ns  (logic 1.395ns (30.136%)  route 3.234ns (69.864%))
  Logic Levels:           18  (CARRY8=2 LUT2=6 LUT3=1 LUT5=3 LUT6=6)
  Clock Path Skew:        -0.078ns (DCD - SCD + CPR)
    Destination Clock Delay (DCD):    2.074ns = ( 7.324 - 5.250 ) 
    Source Clock Delay      (SCD):    2.344ns
    Clock Pessimism Removal (CPR):    0.192ns
  Clock Uncertainty:      0.119ns  ((TSJ^2 + DJ^2)^1/2) / 2 + PE
    Total System Jitter     (TSJ):    0.071ns
    Discrete Jitter          (DJ):    0.228ns
    Phase Error              (PE):    0.000ns
  Clock Net Delay (Source):      2.145ns (routing 0.998ns, distribution 1.147ns)
  Clock Net Delay (Destination): 1.914ns (routing 0.905ns, distribution 1.009ns)

    Location             Delay type                Incr(ns)  Path(ns)    Netlist Resource(s)
  -------------------------------------------------------------------    -------------------
                         (clock clk_pl_0 rise edge)
                                                      0.000     0.000 r  
    PS8_X0Y0             PS8                          0.000     0.000 r  RV32UI_i/zynq_ultra_ps_e_0/inst/PS8_i/PLCLK[0]
                         net (fo=1, routed)           0.171     0.171    RV32UI_i/zynq_ultra_ps_e_0/inst/pl_clk_unbuffered[0]
    BUFG_PS_X0Y77        BUFG_PS (Prop_BUFG_PS_I_O)
                                                      0.028     0.199 r  RV32UI_i/zynq_ultra_ps_e_0/inst/buffer_pl_clk_0.PL_CLK_0_BUFG/O
    X1Y2 (CLOCK_ROOT)    net (fo=3564, routed)        2.145     2.344    RV32UI_i/Core_RV32I/RV32I_MEM/mem_stage_0/inst/clk
    SLICE_X46Y228        FDRE                                         r  RV32UI_i/Core_RV32I/RV32I_MEM/mem_stage_0/inst/mem_resp_valid_reg/C
  -------------------------------------------------------------------    -------------------
    SLICE_X46Y228        FDRE (Prop_CFF_SLICEL_C_Q)
                                                      0.079     2.423 r  RV32UI_i/Core_RV32I/RV32I_MEM/mem_stage_0/inst/mem_resp_valid_reg/Q
                         net (fo=5, routed)           0.080     2.503    RV32UI_i/Core_RV32I/RV32I_MEM/mem_stage_0/inst/mem_resp_valid_reg_n_0
    SLICE_X46Y228        LUT5 (Prop_F6LUT_SLICEL_I1_O)
                                                      0.148     2.651 f  RV32UI_i/Core_RV32I/RV32I_MEM/mem_stage_0/inst/mem_out_rd_we_INST_0_i_1/O
                         net (fo=1, routed)           0.129     2.780    RV32UI_i/Core_RV32I/RV32I_MEM/mem_stage_0/inst/mem_out_rd_we_INST_0_i_1_n_0
    SLICE_X47Y228        LUT6 (Prop_F6LUT_SLICEL_I5_O)
                                                      0.049     2.829 r  RV32UI_i/Core_RV32I/RV32I_MEM/mem_stage_0/inst/mem_out_rd_we_INST_0/O
                         net (fo=2, routed)           0.088     2.917    RV32UI_i/Core_RV32I/RV32I_EX/util_vector_and_1/Op2[0]
    SLICE_X47Y227        LUT2 (Prop_D6LUT_SLICEL_I1_O)
                                                      0.122     3.039 r  RV32UI_i/Core_RV32I/RV32I_EX/util_vector_and_1/Res[0]_INST_0/O
                         net (fo=2, routed)           0.255     3.294    RV32UI_i/Core_RV32I/RV32I_EX/forwarding_0/mem_stage_rd_we
    SLICE_X48Y228        LUT5 (Prop_E6LUT_SLICEL_I4_O)
                                                      0.090     3.384 r  RV32UI_i/Core_RV32I/RV32I_EX/forwarding_0/forward_a[1]_INST_0_i_1/O
                         net (fo=2, routed)           0.040     3.424    RV32UI_i/Core_RV32I/RV32I_EX/forwarding_0/inst/forward_a113_out
    SLICE_X48Y228        LUT3 (Prop_C6LUT_SLICEL_I0_O)
                                                      0.035     3.459 r  RV32UI_i/Core_RV32I/RV32I_EX/forwarding_0/forward_a[1]_INST_0/O
                         net (fo=32, routed)          0.606     4.065    RV32UI_i/Core_RV32I/RV32I_EX/forward_mux_0/inst/forward_sel[1]
    SLICE_X50Y227        LUT6 (Prop_G6LUT_SLICEL_I3_O)
                                                      0.097     4.162 r  RV32UI_i/Core_RV32I/RV32I_EX/forward_mux_0/inst/out_data[16]_INST_0/O
                         net (fo=12, routed)          0.315     4.477    RV32UI_i/Core_RV32I/RV32I_EX/branch_0/inst/ex_rs1_data[16]
    SLICE_X50Y228        LUT6 (Prop_F6LUT_SLICEL_I3_O)
                                                      0.049     4.526 r  RV32UI_i/Core_RV32I/RV32I_EX/branch_0/inst/branch_taken_INST_0_i_15/O
                         net (fo=1, routed)           0.011     4.537    RV32UI_i/Core_RV32I/RV32I_EX/branch_0/inst/branch_taken_INST_0_i_15_n_0
    SLICE_X50Y228        CARRY8 (Prop_CARRY8_SLICEL_S[5]_CO[7])
                                                      0.155     4.692 f  RV32UI_i/Core_RV32I/RV32I_EX/branch_0/inst/branch_taken_INST_0_i_5/CO[7]
                         net (fo=1, routed)           0.026     4.718    RV32UI_i/Core_RV32I/RV32I_EX/branch_0/inst/branch_taken_INST_0_i_5_n_0
    SLICE_X50Y229        CARRY8 (Prop_CARRY8_SLICEL_CI_CO[2])
                                                      0.057     4.775 f  RV32UI_i/Core_RV32I/RV32I_EX/branch_0/inst/branch_taken_INST_0_i_3/CO[2]
                         net (fo=1, routed)           0.259     5.034    RV32UI_i/Core_RV32I/RV32I_EX/branch_0/inst/data0
    SLICE_X52Y230        LUT5 (Prop_G6LUT_SLICEL_I0_O)
                                                      0.035     5.069 f  RV32UI_i/Core_RV32I/RV32I_EX/branch_0/inst/branch_taken_INST_0_i_2/O
                         net (fo=2, routed)           0.057     5.126    RV32UI_i/Core_RV32I/RV32I_EX/branch_0/inst/branch_taken_INST_0_i_2_n_0
    SLICE_X52Y230        LUT6 (Prop_C6LUT_SLICEL_I1_O)
                                                      0.123     5.249 r  RV32UI_i/Core_RV32I/RV32I_EX/branch_0/inst/pc_redirect_target[31]_INST_0_i_2/O
                         net (fo=31, routed)          0.111     5.360    RV32UI_i/Core_RV32I/RV32I_EX/branch_0/inst/pc_redirect_target[31]_INST_0_i_2_n_0
    SLICE_X52Y231        LUT6 (Prop_D6LUT_SLICEL_I2_O)
                                                      0.036     5.396 r  RV32UI_i/Core_RV32I/RV32I_EX/branch_0/inst/ex_exception_valid_INST_0/O
                         net (fo=33, routed)          0.052     5.448    RV32UI_i/PRIVILEGED/exception_mux_0/ex_exception_valid
    SLICE_X52Y231        LUT2 (Prop_E6LUT_SLICEL_I1_O)
                                                      0.035     5.483 f  RV32UI_i/PRIVILEGED/exception_mux_0/exception_valid_INST_0/O
                         net (fo=36, routed)          0.065     5.548    RV32UI_i/PRIVILEGED/trap_controller_0/exception_valid
    SLICE_X52Y231        LUT6 (Prop_C6LUT_SLICEL_I3_O)
                                                      0.035     5.583 r  RV32UI_i/PRIVILEGED/trap_controller_0/mret_taken_INST_0/O
                         net (fo=33, routed)          0.063     5.646    RV32UI_i/PRIVILEGED/privileged_pc_redire_0/mret_taken
    SLICE_X52Y231        LUT2 (Prop_A6LUT_SLICEL_I1_O)
                                                      0.090     5.736 r  RV32UI_i/PRIVILEGED/privileged_pc_redire_0/priv_redirect_valid_INST_0/O
                         net (fo=36, routed)          0.284     6.020    RV32UI_i/Core_RV32I/priority_branch_OR_l_0/priv_redirect_valid
    SLICE_X49Y231        LUT2 (Prop_A6LUT_SLICEL_I1_O)
                                                      0.035     6.055 r  RV32UI_i/Core_RV32I/priority_branch_OR_l_0/if_id_flush_final_INST_0/O
                         net (fo=1, routed)           0.040     6.095    RV32UI_i/Core_RV32I/RV32I_IF/util_vector_or_0/Op1[0]
    SLICE_X49Y231        LUT2 (Prop_C6LUT_SLICEL_I0_O)
                                                      0.035     6.130 r  RV32UI_i/Core_RV32I/RV32I_IF/util_vector_or_0/Res[0]_INST_0/O
                         net (fo=1, routed)           0.041     6.171    RV32UI_i/Core_RV32I/RV32I_IF/if_id_reg_0/inst/flush
    SLICE_X49Y231        LUT2 (Prop_B6LUT_SLICEL_I1_O)
                                                      0.090     6.261 r  RV32UI_i/Core_RV32I/RV32I_IF/if_id_reg_0/inst/id_pc_out[31]_i_1/O
                         net (fo=162, routed)         0.712     6.973    RV32UI_i/Core_RV32I/RV32I_IF/if_id_reg_0/inst/id_pc_out[31]_i_1_n_0
    SLICE_X48Y229        FDRE                                         r  RV32UI_i/Core_RV32I/RV32I_IF/if_id_reg_0/inst/pc_d_reg[18]/R
  -------------------------------------------------------------------    -------------------

                         (clock clk_pl_0 rise edge)
                                                      5.250     5.250 r  
    PS8_X0Y0             PS8                          0.000     5.250 r  RV32UI_i/zynq_ultra_ps_e_0/inst/PS8_i/PLCLK[0]
                         net (fo=1, routed)           0.135     5.385    RV32UI_i/zynq_ultra_ps_e_0/inst/pl_clk_unbuffered[0]
    BUFG_PS_X0Y77        BUFG_PS (Prop_BUFG_PS_I_O)
                                                      0.025     5.410 r  RV32UI_i/zynq_ultra_ps_e_0/inst/buffer_pl_clk_0.PL_CLK_0_BUFG/O
    X1Y2 (CLOCK_ROOT)    net (fo=3564, routed)        1.914     7.324    RV32UI_i/Core_RV32I/RV32I_IF/if_id_reg_0/inst/clk
    SLICE_X48Y229        FDRE                                         r  RV32UI_i/Core_RV32I/RV32I_IF/if_id_reg_0/inst/pc_d_reg[18]/C
                         clock pessimism              0.192     7.516    
                         clock uncertainty           -0.119     7.397    
    SLICE_X48Y229        FDRE (Setup_GFF2_SLICEL_C_R)
                                                     -0.074     7.323    RV32UI_i/Core_RV32I/RV32I_IF/if_id_reg_0/inst/pc_d_reg[18]
  -------------------------------------------------------------------
                         required time                          7.323    
                         arrival time                          -6.973    
  -------------------------------------------------------------------
                         slack                                  0.350    

Slack (MET) :             0.350ns  (required time - arrival time)
  Source:                 RV32UI_i/Core_RV32I/RV32I_MEM/mem_stage_0/inst/mem_resp_valid_reg/C
                            (rising edge-triggered cell FDRE clocked by clk_pl_0  {rise@0.000ns fall@2.625ns period=5.250ns})
  Destination:            RV32UI_i/Core_RV32I/RV32I_IF/if_id_reg_0/inst/pc_d_reg[20]/R
                            (rising edge-triggered cell FDRE clocked by clk_pl_0  {rise@0.000ns fall@2.625ns period=5.250ns})
  Path Group:             clk_pl_0
  Path Type:              Setup (Max at Slow Process Corner)
  Requirement:            5.250ns  (clk_pl_0 rise@5.250ns - clk_pl_0 rise@0.000ns)
  Data Path Delay:        4.629ns  (logic 1.395ns (30.136%)  route 3.234ns (69.864%))
  Logic Levels:           18  (CARRY8=2 LUT2=6 LUT3=1 LUT5=3 LUT6=6)
  Clock Path Skew:        -0.078ns (DCD - SCD + CPR)
    Destination Clock Delay (DCD):    2.074ns = ( 7.324 - 5.250 ) 
    Source Clock Delay      (SCD):    2.344ns
    Clock Pessimism Removal (CPR):    0.192ns
  Clock Uncertainty:      0.119ns  ((TSJ^2 + DJ^2)^1/2) / 2 + PE
    Total System Jitter     (TSJ):    0.071ns
    Discrete Jitter          (DJ):    0.228ns
    Phase Error              (PE):    0.000ns
  Clock Net Delay (Source):      2.145ns (routing 0.998ns, distribution 1.147ns)
  Clock Net Delay (Destination): 1.914ns (routing 0.905ns, distribution 1.009ns)

    Location             Delay type                Incr(ns)  Path(ns)    Netlist Resource(s)
  -------------------------------------------------------------------    -------------------
                         (clock clk_pl_0 rise edge)
                                                      0.000     0.000 r  
    PS8_X0Y0             PS8                          0.000     0.000 r  RV32UI_i/zynq_ultra_ps_e_0/inst/PS8_i/PLCLK[0]
                         net (fo=1, routed)           0.171     0.171    RV32UI_i/zynq_ultra_ps_e_0/inst/pl_clk_unbuffered[0]
    BUFG_PS_X0Y77        BUFG_PS (Prop_BUFG_PS_I_O)
                                                      0.028     0.199 r  RV32UI_i/zynq_ultra_ps_e_0/inst/buffer_pl_clk_0.PL_CLK_0_BUFG/O
    X1Y2 (CLOCK_ROOT)    net (fo=3564, routed)        2.145     2.344    RV32UI_i/Core_RV32I/RV32I_MEM/mem_stage_0/inst/clk
    SLICE_X46Y228        FDRE                                         r  RV32UI_i/Core_RV32I/RV32I_MEM/mem_stage_0/inst/mem_resp_valid_reg/C
  -------------------------------------------------------------------    -------------------
    SLICE_X46Y228        FDRE (Prop_CFF_SLICEL_C_Q)
                                                      0.079     2.423 r  RV32UI_i/Core_RV32I/RV32I_MEM/mem_stage_0/inst/mem_resp_valid_reg/Q
                         net (fo=5, routed)           0.080     2.503    RV32UI_i/Core_RV32I/RV32I_MEM/mem_stage_0/inst/mem_resp_valid_reg_n_0
    SLICE_X46Y228        LUT5 (Prop_F6LUT_SLICEL_I1_O)
                                                      0.148     2.651 f  RV32UI_i/Core_RV32I/RV32I_MEM/mem_stage_0/inst/mem_out_rd_we_INST_0_i_1/O
                         net (fo=1, routed)           0.129     2.780    RV32UI_i/Core_RV32I/RV32I_MEM/mem_stage_0/inst/mem_out_rd_we_INST_0_i_1_n_0
    SLICE_X47Y228        LUT6 (Prop_F6LUT_SLICEL_I5_O)
                                                      0.049     2.829 r  RV32UI_i/Core_RV32I/RV32I_MEM/mem_stage_0/inst/mem_out_rd_we_INST_0/O
                         net (fo=2, routed)           0.088     2.917    RV32UI_i/Core_RV32I/RV32I_EX/util_vector_and_1/Op2[0]
    SLICE_X47Y227        LUT2 (Prop_D6LUT_SLICEL_I1_O)
                                                      0.122     3.039 r  RV32UI_i/Core_RV32I/RV32I_EX/util_vector_and_1/Res[0]_INST_0/O
                         net (fo=2, routed)           0.255     3.294    RV32UI_i/Core_RV32I/RV32I_EX/forwarding_0/mem_stage_rd_we
    SLICE_X48Y228        LUT5 (Prop_E6LUT_SLICEL_I4_O)
                                                      0.090     3.384 r  RV32UI_i/Core_RV32I/RV32I_EX/forwarding_0/forward_a[1]_INST_0_i_1/O
                         net (fo=2, routed)           0.040     3.424    RV32UI_i/Core_RV32I/RV32I_EX/forwarding_0/inst/forward_a113_out
    SLICE_X48Y228        LUT3 (Prop_C6LUT_SLICEL_I0_O)
                                                      0.035     3.459 r  RV32UI_i/Core_RV32I/RV32I_EX/forwarding_0/forward_a[1]_INST_0/O
                         net (fo=32, routed)          0.606     4.065    RV32UI_i/Core_RV32I/RV32I_EX/forward_mux_0/inst/forward_sel[1]
    SLICE_X50Y227        LUT6 (Prop_G6LUT_SLICEL_I3_O)
                                                      0.097     4.162 r  RV32UI_i/Core_RV32I/RV32I_EX/forward_mux_0/inst/out_data[16]_INST_0/O
                         net (fo=12, routed)          0.315     4.477    RV32UI_i/Core_RV32I/RV32I_EX/branch_0/inst/ex_rs1_data[16]
    SLICE_X50Y228        LUT6 (Prop_F6LUT_SLICEL_I3_O)
                                                      0.049     4.526 r  RV32UI_i/Core_RV32I/RV32I_EX/branch_0/inst/branch_taken_INST_0_i_15/O
                         net (fo=1, routed)           0.011     4.537    RV32UI_i/Core_RV32I/RV32I_EX/branch_0/inst/branch_taken_INST_0_i_15_n_0
    SLICE_X50Y228        CARRY8 (Prop_CARRY8_SLICEL_S[5]_CO[7])
                                                      0.155     4.692 f  RV32UI_i/Core_RV32I/RV32I_EX/branch_0/inst/branch_taken_INST_0_i_5/CO[7]
                         net (fo=1, routed)           0.026     4.718    RV32UI_i/Core_RV32I/RV32I_EX/branch_0/inst/branch_taken_INST_0_i_5_n_0
    SLICE_X50Y229        CARRY8 (Prop_CARRY8_SLICEL_CI_CO[2])
                                                      0.057     4.775 f  RV32UI_i/Core_RV32I/RV32I_EX/branch_0/inst/branch_taken_INST_0_i_3/CO[2]
                         net (fo=1, routed)           0.259     5.034    RV32UI_i/Core_RV32I/RV32I_EX/branch_0/inst/data0
    SLICE_X52Y230        LUT5 (Prop_G6LUT_SLICEL_I0_O)
                                                      0.035     5.069 f  RV32UI_i/Core_RV32I/RV32I_EX/branch_0/inst/branch_taken_INST_0_i_2/O
                         net (fo=2, routed)           0.057     5.126    RV32UI_i/Core_RV32I/RV32I_EX/branch_0/inst/branch_taken_INST_0_i_2_n_0
    SLICE_X52Y230        LUT6 (Prop_C6LUT_SLICEL_I1_O)
                                                      0.123     5.249 r  RV32UI_i/Core_RV32I/RV32I_EX/branch_0/inst/pc_redirect_target[31]_INST_0_i_2/O
                         net (fo=31, routed)          0.111     5.360    RV32UI_i/Core_RV32I/RV32I_EX/branch_0/inst/pc_redirect_target[31]_INST_0_i_2_n_0
    SLICE_X52Y231        LUT6 (Prop_D6LUT_SLICEL_I2_O)
                                                      0.036     5.396 r  RV32UI_i/Core_RV32I/RV32I_EX/branch_0/inst/ex_exception_valid_INST_0/O
                         net (fo=33, routed)          0.052     5.448    RV32UI_i/PRIVILEGED/exception_mux_0/ex_exception_valid
    SLICE_X52Y231        LUT2 (Prop_E6LUT_SLICEL_I1_O)
                                                      0.035     5.483 f  RV32UI_i/PRIVILEGED/exception_mux_0/exception_valid_INST_0/O
                         net (fo=36, routed)          0.065     5.548    RV32UI_i/PRIVILEGED/trap_controller_0/exception_valid
    SLICE_X52Y231        LUT6 (Prop_C6LUT_SLICEL_I3_O)
                                                      0.035     5.583 r  RV32UI_i/PRIVILEGED/trap_controller_0/mret_taken_INST_0/O
                         net (fo=33, routed)          0.063     5.646    RV32UI_i/PRIVILEGED/privileged_pc_redire_0/mret_taken
    SLICE_X52Y231        LUT2 (Prop_A6LUT_SLICEL_I1_O)
                                                      0.090     5.736 r  RV32UI_i/PRIVILEGED/privileged_pc_redire_0/priv_redirect_valid_INST_0/O
                         net (fo=36, routed)          0.284     6.020    RV32UI_i/Core_RV32I/priority_branch_OR_l_0/priv_redirect_valid
    SLICE_X49Y231        LUT2 (Prop_A6LUT_SLICEL_I1_O)
                                                      0.035     6.055 r  RV32UI_i/Core_RV32I/priority_branch_OR_l_0/if_id_flush_final_INST_0/O
                         net (fo=1, routed)           0.040     6.095    RV32UI_i/Core_RV32I/RV32I_IF/util_vector_or_0/Op1[0]
    SLICE_X49Y231        LUT2 (Prop_C6LUT_SLICEL_I0_O)
                                                      0.035     6.130 r  RV32UI_i/Core_RV32I/RV32I_IF/util_vector_or_0/Res[0]_INST_0/O
                         net (fo=1, routed)           0.041     6.171    RV32UI_i/Core_RV32I/RV32I_IF/if_id_reg_0/inst/flush
    SLICE_X49Y231        LUT2 (Prop_B6LUT_SLICEL_I1_O)
                                                      0.090     6.261 r  RV32UI_i/Core_RV32I/RV32I_IF/if_id_reg_0/inst/id_pc_out[31]_i_1/O
                         net (fo=162, routed)         0.712     6.973    RV32UI_i/Core_RV32I/RV32I_IF/if_id_reg_0/inst/id_pc_out[31]_i_1_n_0
    SLICE_X48Y229        FDRE                                         r  RV32UI_i/Core_RV32I/RV32I_IF/if_id_reg_0/inst/pc_d_reg[20]/R
  -------------------------------------------------------------------    -------------------

                         (clock clk_pl_0 rise edge)
                                                      5.250     5.250 r  
    PS8_X0Y0             PS8                          0.000     5.250 r  RV32UI_i/zynq_ultra_ps_e_0/inst/PS8_i/PLCLK[0]
                         net (fo=1, routed)           0.135     5.385    RV32UI_i/zynq_ultra_ps_e_0/inst/pl_clk_unbuffered[0]
    BUFG_PS_X0Y77        BUFG_PS (Prop_BUFG_PS_I_O)
                                                      0.025     5.410 r  RV32UI_i/zynq_ultra_ps_e_0/inst/buffer_pl_clk_0.PL_CLK_0_BUFG/O
    X1Y2 (CLOCK_ROOT)    net (fo=3564, routed)        1.914     7.324    RV32UI_i/Core_RV32I/RV32I_IF/if_id_reg_0/inst/clk
    SLICE_X48Y229        FDRE                                         r  RV32UI_i/Core_RV32I/RV32I_IF/if_id_reg_0/inst/pc_d_reg[20]/C
                         clock pessimism              0.192     7.516    
                         clock uncertainty           -0.119     7.397    
    SLICE_X48Y229        FDRE (Setup_HFF_SLICEL_C_R)
                                                     -0.074     7.323    RV32UI_i/Core_RV32I/RV32I_IF/if_id_reg_0/inst/pc_d_reg[20]
  -------------------------------------------------------------------
                         required time                          7.323    
                         arrival time                          -6.973    
  -------------------------------------------------------------------
                         slack                                  0.350    

Slack (MET) :             0.350ns  (required time - arrival time)
  Source:                 RV32UI_i/Core_RV32I/RV32I_MEM/mem_stage_0/inst/mem_resp_valid_reg/C
                            (rising edge-triggered cell FDRE clocked by clk_pl_0  {rise@0.000ns fall@2.625ns period=5.250ns})
  Destination:            RV32UI_i/Core_RV32I/RV32I_IF/if_id_reg_0/inst/pc_d_reg[29]/R
                            (rising edge-triggered cell FDRE clocked by clk_pl_0  {rise@0.000ns fall@2.625ns period=5.250ns})
  Path Group:             clk_pl_0
  Path Type:              Setup (Max at Slow Process Corner)
  Requirement:            5.250ns  (clk_pl_0 rise@5.250ns - clk_pl_0 rise@0.000ns)
  Data Path Delay:        4.629ns  (logic 1.395ns (30.136%)  route 3.234ns (69.864%))
  Logic Levels:           18  (CARRY8=2 LUT2=6 LUT3=1 LUT5=3 LUT6=6)
  Clock Path Skew:        -0.078ns (DCD - SCD + CPR)
    Destination Clock Delay (DCD):    2.074ns = ( 7.324 - 5.250 ) 
    Source Clock Delay      (SCD):    2.344ns
    Clock Pessimism Removal (CPR):    0.192ns
  Clock Uncertainty:      0.119ns  ((TSJ^2 + DJ^2)^1/2) / 2 + PE
    Total System Jitter     (TSJ):    0.071ns
    Discrete Jitter          (DJ):    0.228ns
    Phase Error              (PE):    0.000ns
  Clock Net Delay (Source):      2.145ns (routing 0.998ns, distribution 1.147ns)
  Clock Net Delay (Destination): 1.914ns (routing 0.905ns, distribution 1.009ns)

    Location             Delay type                Incr(ns)  Path(ns)    Netlist Resource(s)
  -------------------------------------------------------------------    -------------------
                         (clock clk_pl_0 rise edge)
                                                      0.000     0.000 r  
    PS8_X0Y0             PS8                          0.000     0.000 r  RV32UI_i/zynq_ultra_ps_e_0/inst/PS8_i/PLCLK[0]
                         net (fo=1, routed)           0.171     0.171    RV32UI_i/zynq_ultra_ps_e_0/inst/pl_clk_unbuffered[0]
    BUFG_PS_X0Y77        BUFG_PS (Prop_BUFG_PS_I_O)
                                                      0.028     0.199 r  RV32UI_i/zynq_ultra_ps_e_0/inst/buffer_pl_clk_0.PL_CLK_0_BUFG/O
    X1Y2 (CLOCK_ROOT)    net (fo=3564, routed)        2.145     2.344    RV32UI_i/Core_RV32I/RV32I_MEM/mem_stage_0/inst/clk
    SLICE_X46Y228        FDRE                                         r  RV32UI_i/Core_RV32I/RV32I_MEM/mem_stage_0/inst/mem_resp_valid_reg/C
  -------------------------------------------------------------------    -------------------
    SLICE_X46Y228        FDRE (Prop_CFF_SLICEL_C_Q)
                                                      0.079     2.423 r  RV32UI_i/Core_RV32I/RV32I_MEM/mem_stage_0/inst/mem_resp_valid_reg/Q
                         net (fo=5, routed)           0.080     2.503    RV32UI_i/Core_RV32I/RV32I_MEM/mem_stage_0/inst/mem_resp_valid_reg_n_0
    SLICE_X46Y228        LUT5 (Prop_F6LUT_SLICEL_I1_O)
                                                      0.148     2.651 f  RV32UI_i/Core_RV32I/RV32I_MEM/mem_stage_0/inst/mem_out_rd_we_INST_0_i_1/O
                         net (fo=1, routed)           0.129     2.780    RV32UI_i/Core_RV32I/RV32I_MEM/mem_stage_0/inst/mem_out_rd_we_INST_0_i_1_n_0
    SLICE_X47Y228        LUT6 (Prop_F6LUT_SLICEL_I5_O)
                                                      0.049     2.829 r  RV32UI_i/Core_RV32I/RV32I_MEM/mem_stage_0/inst/mem_out_rd_we_INST_0/O
                         net (fo=2, routed)           0.088     2.917    RV32UI_i/Core_RV32I/RV32I_EX/util_vector_and_1/Op2[0]
    SLICE_X47Y227        LUT2 (Prop_D6LUT_SLICEL_I1_O)
                                                      0.122     3.039 r  RV32UI_i/Core_RV32I/RV32I_EX/util_vector_and_1/Res[0]_INST_0/O
                         net (fo=2, routed)           0.255     3.294    RV32UI_i/Core_RV32I/RV32I_EX/forwarding_0/mem_stage_rd_we
    SLICE_X48Y228        LUT5 (Prop_E6LUT_SLICEL_I4_O)
                                                      0.090     3.384 r  RV32UI_i/Core_RV32I/RV32I_EX/forwarding_0/forward_a[1]_INST_0_i_1/O
                         net (fo=2, routed)           0.040     3.424    RV32UI_i/Core_RV32I/RV32I_EX/forwarding_0/inst/forward_a113_out
    SLICE_X48Y228        LUT3 (Prop_C6LUT_SLICEL_I0_O)
                                                      0.035     3.459 r  RV32UI_i/Core_RV32I/RV32I_EX/forwarding_0/forward_a[1]_INST_0/O
                         net (fo=32, routed)          0.606     4.065    RV32UI_i/Core_RV32I/RV32I_EX/forward_mux_0/inst/forward_sel[1]
    SLICE_X50Y227        LUT6 (Prop_G6LUT_SLICEL_I3_O)
                                                      0.097     4.162 r  RV32UI_i/Core_RV32I/RV32I_EX/forward_mux_0/inst/out_data[16]_INST_0/O
                         net (fo=12, routed)          0.315     4.477    RV32UI_i/Core_RV32I/RV32I_EX/branch_0/inst/ex_rs1_data[16]
    SLICE_X50Y228        LUT6 (Prop_F6LUT_SLICEL_I3_O)
                                                      0.049     4.526 r  RV32UI_i/Core_RV32I/RV32I_EX/branch_0/inst/branch_taken_INST_0_i_15/O
                         net (fo=1, routed)           0.011     4.537    RV32UI_i/Core_RV32I/RV32I_EX/branch_0/inst/branch_taken_INST_0_i_15_n_0
    SLICE_X50Y228        CARRY8 (Prop_CARRY8_SLICEL_S[5]_CO[7])
                                                      0.155     4.692 f  RV32UI_i/Core_RV32I/RV32I_EX/branch_0/inst/branch_taken_INST_0_i_5/CO[7]
                         net (fo=1, routed)           0.026     4.718    RV32UI_i/Core_RV32I/RV32I_EX/branch_0/inst/branch_taken_INST_0_i_5_n_0
    SLICE_X50Y229        CARRY8 (Prop_CARRY8_SLICEL_CI_CO[2])
                                                      0.057     4.775 f  RV32UI_i/Core_RV32I/RV32I_EX/branch_0/inst/branch_taken_INST_0_i_3/CO[2]
                         net (fo=1, routed)           0.259     5.034    RV32UI_i/Core_RV32I/RV32I_EX/branch_0/inst/data0
    SLICE_X52Y230        LUT5 (Prop_G6LUT_SLICEL_I0_O)
                                                      0.035     5.069 f  RV32UI_i/Core_RV32I/RV32I_EX/branch_0/inst/branch_taken_INST_0_i_2/O
                         net (fo=2, routed)           0.057     5.126    RV32UI_i/Core_RV32I/RV32I_EX/branch_0/inst/branch_taken_INST_0_i_2_n_0
    SLICE_X52Y230        LUT6 (Prop_C6LUT_SLICEL_I1_O)
                                                      0.123     5.249 r  RV32UI_i/Core_RV32I/RV32I_EX/branch_0/inst/pc_redirect_target[31]_INST_0_i_2/O
                         net (fo=31, routed)          0.111     5.360    RV32UI_i/Core_RV32I/RV32I_EX/branch_0/inst/pc_redirect_target[31]_INST_0_i_2_n_0
    SLICE_X52Y231        LUT6 (Prop_D6LUT_SLICEL_I2_O)
                                                      0.036     5.396 r  RV32UI_i/Core_RV32I/RV32I_EX/branch_0/inst/ex_exception_valid_INST_0/O
                         net (fo=33, routed)          0.052     5.448    RV32UI_i/PRIVILEGED/exception_mux_0/ex_exception_valid
    SLICE_X52Y231        LUT2 (Prop_E6LUT_SLICEL_I1_O)
                                                      0.035     5.483 f  RV32UI_i/PRIVILEGED/exception_mux_0/exception_valid_INST_0/O
                         net (fo=36, routed)          0.065     5.548    RV32UI_i/PRIVILEGED/trap_controller_0/exception_valid
    SLICE_X52Y231        LUT6 (Prop_C6LUT_SLICEL_I3_O)
                                                      0.035     5.583 r  RV32UI_i/PRIVILEGED/trap_controller_0/mret_taken_INST_0/O
                         net (fo=33, routed)          0.063     5.646    RV32UI_i/PRIVILEGED/privileged_pc_redire_0/mret_taken
    SLICE_X52Y231        LUT2 (Prop_A6LUT_SLICEL_I1_O)
                                                      0.090     5.736 r  RV32UI_i/PRIVILEGED/privileged_pc_redire_0/priv_redirect_valid_INST_0/O
                         net (fo=36, routed)          0.284     6.020    RV32UI_i/Core_RV32I/priority_branch_OR_l_0/priv_redirect_valid
    SLICE_X49Y231        LUT2 (Prop_A6LUT_SLICEL_I1_O)
                                                      0.035     6.055 r  RV32UI_i/Core_RV32I/priority_branch_OR_l_0/if_id_flush_final_INST_0/O
                         net (fo=1, routed)           0.040     6.095    RV32UI_i/Core_RV32I/RV32I_IF/util_vector_or_0/Op1[0]
    SLICE_X49Y231        LUT2 (Prop_C6LUT_SLICEL_I0_O)
                                                      0.035     6.130 r  RV32UI_i/Core_RV32I/RV32I_IF/util_vector_or_0/Res[0]_INST_0/O
                         net (fo=1, routed)           0.041     6.171    RV32UI_i/Core_RV32I/RV32I_IF/if_id_reg_0/inst/flush
    SLICE_X49Y231        LUT2 (Prop_B6LUT_SLICEL_I1_O)
                                                      0.090     6.261 r  RV32UI_i/Core_RV32I/RV32I_IF/if_id_reg_0/inst/id_pc_out[31]_i_1/O
                         net (fo=162, routed)         0.712     6.973    RV32UI_i/Core_RV32I/RV32I_IF/if_id_reg_0/inst/id_pc_out[31]_i_1_n_0
    SLICE_X48Y229        FDRE                                         r  RV32UI_i/Core_RV32I/RV32I_IF/if_id_reg_0/inst/pc_d_reg[29]/R
  -------------------------------------------------------------------    -------------------

                         (clock clk_pl_0 rise edge)
                                                      5.250     5.250 r  
    PS8_X0Y0             PS8                          0.000     5.250 r  RV32UI_i/zynq_ultra_ps_e_0/inst/PS8_i/PLCLK[0]
                         net (fo=1, routed)           0.135     5.385    RV32UI_i/zynq_ultra_ps_e_0/inst/pl_clk_unbuffered[0]
    BUFG_PS_X0Y77        BUFG_PS (Prop_BUFG_PS_I_O)
                                                      0.025     5.410 r  RV32UI_i/zynq_ultra_ps_e_0/inst/buffer_pl_clk_0.PL_CLK_0_BUFG/O
    X1Y2 (CLOCK_ROOT)    net (fo=3564, routed)        1.914     7.324    RV32UI_i/Core_RV32I/RV32I_IF/if_id_reg_0/inst/clk
    SLICE_X48Y229        FDRE                                         r  RV32UI_i/Core_RV32I/RV32I_IF/if_id_reg_0/inst/pc_d_reg[29]/C
                         clock pessimism              0.192     7.516    
                         clock uncertainty           -0.119     7.397    
    SLICE_X48Y229        FDRE (Setup_HFF2_SLICEL_C_R)
                                                     -0.074     7.323    RV32UI_i/Core_RV32I/RV32I_IF/if_id_reg_0/inst/pc_d_reg[29]
  -------------------------------------------------------------------
                         required time                          7.323    
                         arrival time                          -6.973    
  -------------------------------------------------------------------
                         slack                                  0.350    

Slack (MET) :             0.355ns  (required time - arrival time)
  Source:                 RV32UI_i/Core_RV32I/RV32I_MEM/mem_stage_0/inst/mem_resp_valid_reg/C
                            (rising edge-triggered cell FDRE clocked by clk_pl_0  {rise@0.000ns fall@2.625ns period=5.250ns})
  Destination:            RV32UI_i/Core_RV32I/RV32I_ID/id_ex_reg/inst/ex_imm_reg[8]/R
                            (rising edge-triggered cell FDRE clocked by clk_pl_0  {rise@0.000ns fall@2.625ns period=5.250ns})
  Path Group:             clk_pl_0
  Path Type:              Setup (Max at Slow Process Corner)
  Requirement:            5.250ns  (clk_pl_0 rise@5.250ns - clk_pl_0 rise@0.000ns)
  Data Path Delay:        4.619ns  (logic 1.414ns (30.613%)  route 3.205ns (69.387%))
  Logic Levels:           17  (CARRY8=2 LUT2=4 LUT3=1 LUT4=1 LUT5=3 LUT6=6)
  Clock Path Skew:        -0.083ns (DCD - SCD + CPR)
    Destination Clock Delay (DCD):    2.069ns = ( 7.319 - 5.250 ) 
    Source Clock Delay      (SCD):    2.344ns
    Clock Pessimism Removal (CPR):    0.192ns
  Clock Uncertainty:      0.119ns  ((TSJ^2 + DJ^2)^1/2) / 2 + PE
    Total System Jitter     (TSJ):    0.071ns
    Discrete Jitter          (DJ):    0.228ns
    Phase Error              (PE):    0.000ns
  Clock Net Delay (Source):      2.145ns (routing 0.998ns, distribution 1.147ns)
  Clock Net Delay (Destination): 1.909ns (routing 0.905ns, distribution 1.004ns)

    Location             Delay type                Incr(ns)  Path(ns)    Netlist Resource(s)
  -------------------------------------------------------------------    -------------------
                         (clock clk_pl_0 rise edge)
                                                      0.000     0.000 r  
    PS8_X0Y0             PS8                          0.000     0.000 r  RV32UI_i/zynq_ultra_ps_e_0/inst/PS8_i/PLCLK[0]
                         net (fo=1, routed)           0.171     0.171    RV32UI_i/zynq_ultra_ps_e_0/inst/pl_clk_unbuffered[0]
    BUFG_PS_X0Y77        BUFG_PS (Prop_BUFG_PS_I_O)
                                                      0.028     0.199 r  RV32UI_i/zynq_ultra_ps_e_0/inst/buffer_pl_clk_0.PL_CLK_0_BUFG/O
    X1Y2 (CLOCK_ROOT)    net (fo=3564, routed)        2.145     2.344    RV32UI_i/Core_RV32I/RV32I_MEM/mem_stage_0/inst/clk
    SLICE_X46Y228        FDRE                                         r  RV32UI_i/Core_RV32I/RV32I_MEM/mem_stage_0/inst/mem_resp_valid_reg/C
  -------------------------------------------------------------------    -------------------
    SLICE_X46Y228        FDRE (Prop_CFF_SLICEL_C_Q)
                                                      0.079     2.423 r  RV32UI_i/Core_RV32I/RV32I_MEM/mem_stage_0/inst/mem_resp_valid_reg/Q
                         net (fo=5, routed)           0.080     2.503    RV32UI_i/Core_RV32I/RV32I_MEM/mem_stage_0/inst/mem_resp_valid_reg_n_0
    SLICE_X46Y228        LUT5 (Prop_F6LUT_SLICEL_I1_O)
                                                      0.148     2.651 f  RV32UI_i/Core_RV32I/RV32I_MEM/mem_stage_0/inst/mem_out_rd_we_INST_0_i_1/O
                         net (fo=1, routed)           0.129     2.780    RV32UI_i/Core_RV32I/RV32I_MEM/mem_stage_0/inst/mem_out_rd_we_INST_0_i_1_n_0
    SLICE_X47Y228        LUT6 (Prop_F6LUT_SLICEL_I5_O)
                                                      0.049     2.829 r  RV32UI_i/Core_RV32I/RV32I_MEM/mem_stage_0/inst/mem_out_rd_we_INST_0/O
                         net (fo=2, routed)           0.088     2.917    RV32UI_i/Core_RV32I/RV32I_EX/util_vector_and_1/Op2[0]
    SLICE_X47Y227        LUT2 (Prop_D6LUT_SLICEL_I1_O)
                                                      0.122     3.039 r  RV32UI_i/Core_RV32I/RV32I_EX/util_vector_and_1/Res[0]_INST_0/O
                         net (fo=2, routed)           0.255     3.294    RV32UI_i/Core_RV32I/RV32I_EX/forwarding_0/mem_stage_rd_we
    SLICE_X48Y228        LUT5 (Prop_E6LUT_SLICEL_I4_O)
                                                      0.090     3.384 r  RV32UI_i/Core_RV32I/RV32I_EX/forwarding_0/forward_a[1]_INST_0_i_1/O
                         net (fo=2, routed)           0.040     3.424    RV32UI_i/Core_RV32I/RV32I_EX/forwarding_0/inst/forward_a113_out
    SLICE_X48Y228        LUT3 (Prop_C6LUT_SLICEL_I0_O)
                                                      0.035     3.459 r  RV32UI_i/Core_RV32I/RV32I_EX/forwarding_0/forward_a[1]_INST_0/O
                         net (fo=32, routed)          0.606     4.065    RV32UI_i/Core_RV32I/RV32I_EX/forward_mux_0/inst/forward_sel[1]
    SLICE_X50Y227        LUT6 (Prop_G6LUT_SLICEL_I3_O)
                                                      0.097     4.162 r  RV32UI_i/Core_RV32I/RV32I_EX/forward_mux_0/inst/out_data[16]_INST_0/O
                         net (fo=12, routed)          0.315     4.477    RV32UI_i/Core_RV32I/RV32I_EX/branch_0/inst/ex_rs1_data[16]
    SLICE_X50Y228        LUT6 (Prop_F6LUT_SLICEL_I3_O)
                                                      0.049     4.526 r  RV32UI_i/Core_RV32I/RV32I_EX/branch_0/inst/branch_taken_INST_0_i_15/O
                         net (fo=1, routed)           0.011     4.537    RV32UI_i/Core_RV32I/RV32I_EX/branch_0/inst/branch_taken_INST_0_i_15_n_0
    SLICE_X50Y228        CARRY8 (Prop_CARRY8_SLICEL_S[5]_CO[7])
                                                      0.155     4.692 f  RV32UI_i/Core_RV32I/RV32I_EX/branch_0/inst/branch_taken_INST_0_i_5/CO[7]
                         net (fo=1, routed)           0.026     4.718    RV32UI_i/Core_RV32I/RV32I_EX/branch_0/inst/branch_taken_INST_0_i_5_n_0
    SLICE_X50Y229        CARRY8 (Prop_CARRY8_SLICEL_CI_CO[2])
                                                      0.057     4.775 f  RV32UI_i/Core_RV32I/RV32I_EX/branch_0/inst/branch_taken_INST_0_i_3/CO[2]
                         net (fo=1, routed)           0.259     5.034    RV32UI_i/Core_RV32I/RV32I_EX/branch_0/inst/data0
    SLICE_X52Y230        LUT5 (Prop_G6LUT_SLICEL_I0_O)
                                                      0.035     5.069 f  RV32UI_i/Core_RV32I/RV32I_EX/branch_0/inst/branch_taken_INST_0_i_2/O
                         net (fo=2, routed)           0.057     5.126    RV32UI_i/Core_RV32I/RV32I_EX/branch_0/inst/branch_taken_INST_0_i_2_n_0
    SLICE_X52Y230        LUT6 (Prop_C6LUT_SLICEL_I1_O)
                                                      0.123     5.249 r  RV32UI_i/Core_RV32I/RV32I_EX/branch_0/inst/pc_redirect_target[31]_INST_0_i_2/O
                         net (fo=31, routed)          0.111     5.360    RV32UI_i/Core_RV32I/RV32I_EX/branch_0/inst/pc_redirect_target[31]_INST_0_i_2_n_0
    SLICE_X52Y231        LUT6 (Prop_D6LUT_SLICEL_I2_O)
                                                      0.036     5.396 r  RV32UI_i/Core_RV32I/RV32I_EX/branch_0/inst/ex_exception_valid_INST_0/O
                         net (fo=33, routed)          0.052     5.448    RV32UI_i/PRIVILEGED/exception_mux_0/ex_exception_valid
    SLICE_X52Y231        LUT2 (Prop_E6LUT_SLICEL_I1_O)
                                                      0.035     5.483 f  RV32UI_i/PRIVILEGED/exception_mux_0/exception_valid_INST_0/O
                         net (fo=36, routed)          0.065     5.548    RV32UI_i/PRIVILEGED/trap_controller_0/exception_valid
    SLICE_X52Y231        LUT6 (Prop_C6LUT_SLICEL_I3_O)
                                                      0.035     5.583 r  RV32UI_i/PRIVILEGED/trap_controller_0/mret_taken_INST_0/O
                         net (fo=33, routed)          0.063     5.646    RV32UI_i/PRIVILEGED/privileged_pc_redire_0/mret_taken
    SLICE_X52Y231        LUT2 (Prop_A6LUT_SLICEL_I1_O)
                                                      0.090     5.736 r  RV32UI_i/PRIVILEGED/privileged_pc_redire_0/priv_redirect_valid_INST_0/O
                         net (fo=36, routed)          0.228     5.964    RV32UI_i/Core_RV32I/priority_branch_OR_l_0/inst/priv_redirect_valid
    SLICE_X49Y231        LUT4 (Prop_F6LUT_SLICEL_I0_O)
                                                      0.089     6.053 r  RV32UI_i/Core_RV32I/priority_branch_OR_l_0/inst/id_ex_flush_final__0/O
                         net (fo=1, routed)           0.083     6.136    RV32UI_i/Core_RV32I/RV32I_ID/id_ex_reg/inst/bubble
    SLICE_X49Y230        LUT2 (Prop_E6LUT_SLICEL_I1_O)
                                                      0.090     6.226 r  RV32UI_i/Core_RV32I/RV32I_ID/id_ex_reg/inst/ex_valid_i_1/O
                         net (fo=251, routed)         0.737     6.963    RV32UI_i/Core_RV32I/RV32I_ID/id_ex_reg/inst/ex_valid_i_1_n_0
    SLICE_X48Y236        FDRE                                         r  RV32UI_i/Core_RV32I/RV32I_ID/id_ex_reg/inst/ex_imm_reg[8]/R
  -------------------------------------------------------------------    -------------------

                         (clock clk_pl_0 rise edge)
                                                      5.250     5.250 r  
    PS8_X0Y0             PS8                          0.000     5.250 r  RV32UI_i/zynq_ultra_ps_e_0/inst/PS8_i/PLCLK[0]
                         net (fo=1, routed)           0.135     5.385    RV32UI_i/zynq_ultra_ps_e_0/inst/pl_clk_unbuffered[0]
    BUFG_PS_X0Y77        BUFG_PS (Prop_BUFG_PS_I_O)
                                                      0.025     5.410 r  RV32UI_i/zynq_ultra_ps_e_0/inst/buffer_pl_clk_0.PL_CLK_0_BUFG/O
    X1Y2 (CLOCK_ROOT)    net (fo=3564, routed)        1.909     7.319    RV32UI_i/Core_RV32I/RV32I_ID/id_ex_reg/inst/clk
    SLICE_X48Y236        FDRE                                         r  RV32UI_i/Core_RV32I/RV32I_ID/id_ex_reg/inst/ex_imm_reg[8]/C
                         clock pessimism              0.192     7.511    
                         clock uncertainty           -0.119     7.392    
    SLICE_X48Y236        FDRE (Setup_AFF_SLICEL_C_R)
                                                     -0.074     7.318    RV32UI_i/Core_RV32I/RV32I_ID/id_ex_reg/inst/ex_imm_reg[8]
  -------------------------------------------------------------------
                         required time                          7.318    
                         arrival time                          -6.963    
  -------------------------------------------------------------------
                         slack                                  0.355    

Slack (MET) :             0.378ns  (required time - arrival time)
  Source:                 RV32UI_i/Core_RV32I/RV32I_MEM/mem_stage_0/inst/mem_resp_valid_reg/C
                            (rising edge-triggered cell FDRE clocked by clk_pl_0  {rise@0.000ns fall@2.625ns period=5.250ns})
  Destination:            RV32UI_i/Core_RV32I/RV32I_ID/id_ex_reg/inst/ex_rs1_data_reg[22]/R
                            (rising edge-triggered cell FDRE clocked by clk_pl_0  {rise@0.000ns fall@2.625ns period=5.250ns})
  Path Group:             clk_pl_0
  Path Type:              Setup (Max at Slow Process Corner)
  Requirement:            5.250ns  (clk_pl_0 rise@5.250ns - clk_pl_0 rise@0.000ns)
  Data Path Delay:        4.597ns  (logic 1.414ns (30.759%)  route 3.183ns (69.241%))
  Logic Levels:           17  (CARRY8=2 LUT2=4 LUT3=1 LUT4=1 LUT5=3 LUT6=6)
  Clock Path Skew:        -0.082ns (DCD - SCD + CPR)
    Destination Clock Delay (DCD):    2.070ns = ( 7.320 - 5.250 ) 
    Source Clock Delay      (SCD):    2.344ns
    Clock Pessimism Removal (CPR):    0.192ns
  Clock Uncertainty:      0.119ns  ((TSJ^2 + DJ^2)^1/2) / 2 + PE
    Total System Jitter     (TSJ):    0.071ns
    Discrete Jitter          (DJ):    0.228ns
    Phase Error              (PE):    0.000ns
  Clock Net Delay (Source):      2.145ns (routing 0.998ns, distribution 1.147ns)
  Clock Net Delay (Destination): 1.910ns (routing 0.905ns, distribution 1.005ns)

    Location             Delay type                Incr(ns)  Path(ns)    Netlist Resource(s)
  -------------------------------------------------------------------    -------------------
                         (clock clk_pl_0 rise edge)
                                                      0.000     0.000 r  
    PS8_X0Y0             PS8                          0.000     0.000 r  RV32UI_i/zynq_ultra_ps_e_0/inst/PS8_i/PLCLK[0]
                         net (fo=1, routed)           0.171     0.171    RV32UI_i/zynq_ultra_ps_e_0/inst/pl_clk_unbuffered[0]
    BUFG_PS_X0Y77        BUFG_PS (Prop_BUFG_PS_I_O)
                                                      0.028     0.199 r  RV32UI_i/zynq_ultra_ps_e_0/inst/buffer_pl_clk_0.PL_CLK_0_BUFG/O
    X1Y2 (CLOCK_ROOT)    net (fo=3564, routed)        2.145     2.344    RV32UI_i/Core_RV32I/RV32I_MEM/mem_stage_0/inst/clk
    SLICE_X46Y228        FDRE                                         r  RV32UI_i/Core_RV32I/RV32I_MEM/mem_stage_0/inst/mem_resp_valid_reg/C
  -------------------------------------------------------------------    -------------------
    SLICE_X46Y228        FDRE (Prop_CFF_SLICEL_C_Q)
                                                      0.079     2.423 r  RV32UI_i/Core_RV32I/RV32I_MEM/mem_stage_0/inst/mem_resp_valid_reg/Q
                         net (fo=5, routed)           0.080     2.503    RV32UI_i/Core_RV32I/RV32I_MEM/mem_stage_0/inst/mem_resp_valid_reg_n_0
    SLICE_X46Y228        LUT5 (Prop_F6LUT_SLICEL_I1_O)
                                                      0.148     2.651 f  RV32UI_i/Core_RV32I/RV32I_MEM/mem_stage_0/inst/mem_out_rd_we_INST_0_i_1/O
                         net (fo=1, routed)           0.129     2.780    RV32UI_i/Core_RV32I/RV32I_MEM/mem_stage_0/inst/mem_out_rd_we_INST_0_i_1_n_0
    SLICE_X47Y228        LUT6 (Prop_F6LUT_SLICEL_I5_O)
                                                      0.049     2.829 r  RV32UI_i/Core_RV32I/RV32I_MEM/mem_stage_0/inst/mem_out_rd_we_INST_0/O
                         net (fo=2, routed)           0.088     2.917    RV32UI_i/Core_RV32I/RV32I_EX/util_vector_and_1/Op2[0]
    SLICE_X47Y227        LUT2 (Prop_D6LUT_SLICEL_I1_O)
                                                      0.122     3.039 r  RV32UI_i/Core_RV32I/RV32I_EX/util_vector_and_1/Res[0]_INST_0/O
                         net (fo=2, routed)           0.255     3.294    RV32UI_i/Core_RV32I/RV32I_EX/forwarding_0/mem_stage_rd_we
    SLICE_X48Y228        LUT5 (Prop_E6LUT_SLICEL_I4_O)
                                                      0.090     3.384 r  RV32UI_i/Core_RV32I/RV32I_EX/forwarding_0/forward_a[1]_INST_0_i_1/O
                         net (fo=2, routed)           0.040     3.424    RV32UI_i/Core_RV32I/RV32I_EX/forwarding_0/inst/forward_a113_out
    SLICE_X48Y228        LUT3 (Prop_C6LUT_SLICEL_I0_O)
                                                      0.035     3.459 r  RV32UI_i/Core_RV32I/RV32I_EX/forwarding_0/forward_a[1]_INST_0/O
                         net (fo=32, routed)          0.606     4.065    RV32UI_i/Core_RV32I/RV32I_EX/forward_mux_0/inst/forward_sel[1]
    SLICE_X50Y227        LUT6 (Prop_G6LUT_SLICEL_I3_O)
                                                      0.097     4.162 r  RV32UI_i/Core_RV32I/RV32I_EX/forward_mux_0/inst/out_data[16]_INST_0/O
                         net (fo=12, routed)          0.315     4.477    RV32UI_i/Core_RV32I/RV32I_EX/branch_0/inst/ex_rs1_data[16]
    SLICE_X50Y228        LUT6 (Prop_F6LUT_SLICEL_I3_O)
                                                      0.049     4.526 r  RV32UI_i/Core_RV32I/RV32I_EX/branch_0/inst/branch_taken_INST_0_i_15/O
                         net (fo=1, routed)           0.011     4.537    RV32UI_i/Core_RV32I/RV32I_EX/branch_0/inst/branch_taken_INST_0_i_15_n_0
    SLICE_X50Y228        CARRY8 (Prop_CARRY8_SLICEL_S[5]_CO[7])
                                                      0.155     4.692 f  RV32UI_i/Core_RV32I/RV32I_EX/branch_0/inst/branch_taken_INST_0_i_5/CO[7]
                         net (fo=1, routed)           0.026     4.718    RV32UI_i/Core_RV32I/RV32I_EX/branch_0/inst/branch_taken_INST_0_i_5_n_0
    SLICE_X50Y229        CARRY8 (Prop_CARRY8_SLICEL_CI_CO[2])
                                                      0.057     4.775 f  RV32UI_i/Core_RV32I/RV32I_EX/branch_0/inst/branch_taken_INST_0_i_3/CO[2]
                         net (fo=1, routed)           0.259     5.034    RV32UI_i/Core_RV32I/RV32I_EX/branch_0/inst/data0
    SLICE_X52Y230        LUT5 (Prop_G6LUT_SLICEL_I0_O)
                                                      0.035     5.069 f  RV32UI_i/Core_RV32I/RV32I_EX/branch_0/inst/branch_taken_INST_0_i_2/O
                         net (fo=2, routed)           0.057     5.126    RV32UI_i/Core_RV32I/RV32I_EX/branch_0/inst/branch_taken_INST_0_i_2_n_0
    SLICE_X52Y230        LUT6 (Prop_C6LUT_SLICEL_I1_O)
                                                      0.123     5.249 r  RV32UI_i/Core_RV32I/RV32I_EX/branch_0/inst/pc_redirect_target[31]_INST_0_i_2/O
                         net (fo=31, routed)          0.111     5.360    RV32UI_i/Core_RV32I/RV32I_EX/branch_0/inst/pc_redirect_target[31]_INST_0_i_2_n_0
    SLICE_X52Y231        LUT6 (Prop_D6LUT_SLICEL_I2_O)
                                                      0.036     5.396 r  RV32UI_i/Core_RV32I/RV32I_EX/branch_0/inst/ex_exception_valid_INST_0/O
                         net (fo=33, routed)          0.052     5.448    RV32UI_i/PRIVILEGED/exception_mux_0/ex_exception_valid
    SLICE_X52Y231        LUT2 (Prop_E6LUT_SLICEL_I1_O)
                                                      0.035     5.483 f  RV32UI_i/PRIVILEGED/exception_mux_0/exception_valid_INST_0/O
                         net (fo=36, routed)          0.065     5.548    RV32UI_i/PRIVILEGED/trap_controller_0/exception_valid
    SLICE_X52Y231        LUT6 (Prop_C6LUT_SLICEL_I3_O)
                                                      0.035     5.583 r  RV32UI_i/PRIVILEGED/trap_controller_0/mret_taken_INST_0/O
                         net (fo=33, routed)          0.063     5.646    RV32UI_i/PRIVILEGED/privileged_pc_redire_0/mret_taken
    SLICE_X52Y231        LUT2 (Prop_A6LUT_SLICEL_I1_O)
                                                      0.090     5.736 r  RV32UI_i/PRIVILEGED/privileged_pc_redire_0/priv_redirect_valid_INST_0/O
                         net (fo=36, routed)          0.228     5.964    RV32UI_i/Core_RV32I/priority_branch_OR_l_0/inst/priv_redirect_valid
    SLICE_X49Y231        LUT4 (Prop_F6LUT_SLICEL_I0_O)
                                                      0.089     6.053 r  RV32UI_i/Core_RV32I/priority_branch_OR_l_0/inst/id_ex_flush_final__0/O
                         net (fo=1, routed)           0.083     6.136    RV32UI_i/Core_RV32I/RV32I_ID/id_ex_reg/inst/bubble
    SLICE_X49Y230        LUT2 (Prop_E6LUT_SLICEL_I1_O)
                                                      0.090     6.226 r  RV32UI_i/Core_RV32I/RV32I_ID/id_ex_reg/inst/ex_valid_i_1/O
                         net (fo=251, routed)         0.715     6.941    RV32UI_i/Core_RV32I/RV32I_ID/id_ex_reg/inst/ex_valid_i_1_n_0
    SLICE_X47Y233        FDRE                                         r  RV32UI_i/Core_RV32I/RV32I_ID/id_ex_reg/inst/ex_rs1_data_reg[22]/R
  -------------------------------------------------------------------    -------------------

                         (clock clk_pl_0 rise edge)
                                                      5.250     5.250 r  
    PS8_X0Y0             PS8                          0.000     5.250 r  RV32UI_i/zynq_ultra_ps_e_0/inst/PS8_i/PLCLK[0]
                         net (fo=1, routed)           0.135     5.385    RV32UI_i/zynq_ultra_ps_e_0/inst/pl_clk_unbuffered[0]
    BUFG_PS_X0Y77        BUFG_PS (Prop_BUFG_PS_I_O)
                                                      0.025     5.410 r  RV32UI_i/zynq_ultra_ps_e_0/inst/buffer_pl_clk_0.PL_CLK_0_BUFG/O
    X1Y2 (CLOCK_ROOT)    net (fo=3564, routed)        1.910     7.320    RV32UI_i/Core_RV32I/RV32I_ID/id_ex_reg/inst/clk
    SLICE_X47Y233        FDRE                                         r  RV32UI_i/Core_RV32I/RV32I_ID/id_ex_reg/inst/ex_rs1_data_reg[22]/C
                         clock pessimism              0.192     7.512    
                         clock uncertainty           -0.119     7.393    
    SLICE_X47Y233        FDRE (Setup_DFF_SLICEL_C_R)
                                                     -0.074     7.319    RV32UI_i/Core_RV32I/RV32I_ID/id_ex_reg/inst/ex_rs1_data_reg[22]
  -------------------------------------------------------------------
                         required time                          7.319    
                         arrival time                          -6.941    
  -------------------------------------------------------------------
                         slack                                  0.378    





Min Delay Paths
--------------------------------------------------------------------------------------
Slack (MET) :             0.002ns  (arrival time - required time)
  Source:                 RV32UI_i/MMIO/mem_bus_registered_0/inst/addr_q_reg[8]/C
                            (rising edge-triggered cell FDRE clocked by clk_pl_0  {rise@0.000ns fall@2.625ns period=5.250ns})
  Destination:            RV32UI_i/RV32I_RAM_MEMORY/ram_data_1/inst/mem2_reg_512_1023_5_5/RAMS64E1_A/WADR6
                            (rising edge-triggered cell RAMS64E1 clocked by clk_pl_0  {rise@0.000ns fall@2.625ns period=5.250ns})
  Path Group:             clk_pl_0
  Path Type:              Hold (Min at Slow Process Corner)
  Requirement:            0.000ns  (clk_pl_0 rise@0.000ns - clk_pl_0 rise@0.000ns)
  Data Path Delay:        0.174ns  (logic 0.058ns (33.333%)  route 0.116ns (66.667%))
  Logic Levels:           0  
  Clock Path Skew:        0.107ns (DCD - SCD - CPR)
    Destination Clock Delay (DCD):    2.404ns
    Source Clock Delay      (SCD):    2.105ns
    Clock Pessimism Removal (CPR):    0.192ns
  Clock Net Delay (Source):      1.945ns (routing 0.905ns, distribution 1.040ns)
  Clock Net Delay (Destination): 2.205ns (routing 0.998ns, distribution 1.207ns)

    Location             Delay type                Incr(ns)  Path(ns)    Netlist Resource(s)
  -------------------------------------------------------------------    -------------------
                         (clock clk_pl_0 rise edge)
                                                      0.000     0.000 r  
    PS8_X0Y0             PS8                          0.000     0.000 r  RV32UI_i/zynq_ultra_ps_e_0/inst/PS8_i/PLCLK[0]
                         net (fo=1, routed)           0.135     0.135    RV32UI_i/zynq_ultra_ps_e_0/inst/pl_clk_unbuffered[0]
    BUFG_PS_X0Y77        BUFG_PS (Prop_BUFG_PS_I_O)
                                                      0.025     0.160 r  RV32UI_i/zynq_ultra_ps_e_0/inst/buffer_pl_clk_0.PL_CLK_0_BUFG/O
    X1Y2 (CLOCK_ROOT)    net (fo=3564, routed)        1.945     2.105    RV32UI_i/MMIO/mem_bus_registered_0/inst/clk
    SLICE_X55Y219        FDRE                                         r  RV32UI_i/MMIO/mem_bus_registered_0/inst/addr_q_reg[8]/C
  -------------------------------------------------------------------    -------------------
    SLICE_X55Y219        FDRE (Prop_FFF_SLICEL_C_Q)
                                                      0.058     2.163 r  RV32UI_i/MMIO/mem_bus_registered_0/inst/addr_q_reg[8]/Q
                         net (fo=768, routed)         0.116     2.279    RV32UI_i/RV32I_RAM_MEMORY/ram_data_1/inst/mem2_reg_512_1023_5_5/A6
    SLICE_X58Y219        RAMS64E1                                     r  RV32UI_i/RV32I_RAM_MEMORY/ram_data_1/inst/mem2_reg_512_1023_5_5/RAMS64E1_A/WADR6
  -------------------------------------------------------------------    -------------------

                         (clock clk_pl_0 rise edge)
                                                      0.000     0.000 r  
    PS8_X0Y0             PS8                          0.000     0.000 r  RV32UI_i/zynq_ultra_ps_e_0/inst/PS8_i/PLCLK[0]
                         net (fo=1, routed)           0.171     0.171    RV32UI_i/zynq_ultra_ps_e_0/inst/pl_clk_unbuffered[0]
    BUFG_PS_X0Y77        BUFG_PS (Prop_BUFG_PS_I_O)
                                                      0.028     0.199 r  RV32UI_i/zynq_ultra_ps_e_0/inst/buffer_pl_clk_0.PL_CLK_0_BUFG/O
    X1Y2 (CLOCK_ROOT)    net (fo=3564, routed)        2.205     2.404    RV32UI_i/RV32I_RAM_MEMORY/ram_data_1/inst/mem2_reg_512_1023_5_5/WCLK
    SLICE_X58Y219        RAMS64E1                                     r  RV32UI_i/RV32I_RAM_MEMORY/ram_data_1/inst/mem2_reg_512_1023_5_5/RAMS64E1_A/CLK
                         clock pessimism             -0.192     2.212    
    SLICE_X58Y219        RAMS64E1 (Hold_A6LUT_SLICEM_CLK_WADR6)
                                                      0.065     2.277    RV32UI_i/RV32I_RAM_MEMORY/ram_data_1/inst/mem2_reg_512_1023_5_5/RAMS64E1_A
  -------------------------------------------------------------------
                         required time                         -2.277    
                         arrival time                           2.279    
  -------------------------------------------------------------------
                         slack                                  0.002    

Slack (MET) :             0.002ns  (arrival time - required time)
  Source:                 RV32UI_i/MMIO/mem_bus_registered_0/inst/addr_q_reg[8]/C
                            (rising edge-triggered cell FDRE clocked by clk_pl_0  {rise@0.000ns fall@2.625ns period=5.250ns})
  Destination:            RV32UI_i/RV32I_RAM_MEMORY/ram_data_1/inst/mem2_reg_512_1023_5_5/RAMS64E1_B/WADR6
                            (rising edge-triggered cell RAMS64E1 clocked by clk_pl_0  {rise@0.000ns fall@2.625ns period=5.250ns})
  Path Group:             clk_pl_0
  Path Type:              Hold (Min at Slow Process Corner)
  Requirement:            0.000ns  (clk_pl_0 rise@0.000ns - clk_pl_0 rise@0.000ns)
  Data Path Delay:        0.174ns  (logic 0.058ns (33.333%)  route 0.116ns (66.667%))
  Logic Levels:           0  
  Clock Path Skew:        0.107ns (DCD - SCD - CPR)
    Destination Clock Delay (DCD):    2.404ns
    Source Clock Delay      (SCD):    2.105ns
    Clock Pessimism Removal (CPR):    0.192ns
  Clock Net Delay (Source):      1.945ns (routing 0.905ns, distribution 1.040ns)
  Clock Net Delay (Destination): 2.205ns (routing 0.998ns, distribution 1.207ns)

    Location             Delay type                Incr(ns)  Path(ns)    Netlist Resource(s)
  -------------------------------------------------------------------    -------------------
                         (clock clk_pl_0 rise edge)
                                                      0.000     0.000 r  
    PS8_X0Y0             PS8                          0.000     0.000 r  RV32UI_i/zynq_ultra_ps_e_0/inst/PS8_i/PLCLK[0]
                         net (fo=1, routed)           0.135     0.135    RV32UI_i/zynq_ultra_ps_e_0/inst/pl_clk_unbuffered[0]
    BUFG_PS_X0Y77        BUFG_PS (Prop_BUFG_PS_I_O)
                                                      0.025     0.160 r  RV32UI_i/zynq_ultra_ps_e_0/inst/buffer_pl_clk_0.PL_CLK_0_BUFG/O
    X1Y2 (CLOCK_ROOT)    net (fo=3564, routed)        1.945     2.105    RV32UI_i/MMIO/mem_bus_registered_0/inst/clk
    SLICE_X55Y219        FDRE                                         r  RV32UI_i/MMIO/mem_bus_registered_0/inst/addr_q_reg[8]/C
  -------------------------------------------------------------------    -------------------
    SLICE_X55Y219        FDRE (Prop_FFF_SLICEL_C_Q)
                                                      0.058     2.163 r  RV32UI_i/MMIO/mem_bus_registered_0/inst/addr_q_reg[8]/Q
                         net (fo=768, routed)         0.116     2.279    RV32UI_i/RV32I_RAM_MEMORY/ram_data_1/inst/mem2_reg_512_1023_5_5/A6
    SLICE_X58Y219        RAMS64E1                                     r  RV32UI_i/RV32I_RAM_MEMORY/ram_data_1/inst/mem2_reg_512_1023_5_5/RAMS64E1_B/WADR6
  -------------------------------------------------------------------    -------------------

                         (clock clk_pl_0 rise edge)
                                                      0.000     0.000 r  
    PS8_X0Y0             PS8                          0.000     0.000 r  RV32UI_i/zynq_ultra_ps_e_0/inst/PS8_i/PLCLK[0]
                         net (fo=1, routed)           0.171     0.171    RV32UI_i/zynq_ultra_ps_e_0/inst/pl_clk_unbuffered[0]
    BUFG_PS_X0Y77        BUFG_PS (Prop_BUFG_PS_I_O)
                                                      0.028     0.199 r  RV32UI_i/zynq_ultra_ps_e_0/inst/buffer_pl_clk_0.PL_CLK_0_BUFG/O
    X1Y2 (CLOCK_ROOT)    net (fo=3564, routed)        2.205     2.404    RV32UI_i/RV32I_RAM_MEMORY/ram_data_1/inst/mem2_reg_512_1023_5_5/WCLK
    SLICE_X58Y219        RAMS64E1                                     r  RV32UI_i/RV32I_RAM_MEMORY/ram_data_1/inst/mem2_reg_512_1023_5_5/RAMS64E1_B/CLK
                         clock pessimism             -0.192     2.212    
    SLICE_X58Y219        RAMS64E1 (Hold_B6LUT_SLICEM_CLK_WADR6)
                                                      0.065     2.277    RV32UI_i/RV32I_RAM_MEMORY/ram_data_1/inst/mem2_reg_512_1023_5_5/RAMS64E1_B
  -------------------------------------------------------------------
                         required time                         -2.277    
                         arrival time                           2.279    
  -------------------------------------------------------------------
                         slack                                  0.002    

Slack (MET) :             0.002ns  (arrival time - required time)
  Source:                 RV32UI_i/MMIO/mem_bus_registered_0/inst/addr_q_reg[8]/C
                            (rising edge-triggered cell FDRE clocked by clk_pl_0  {rise@0.000ns fall@2.625ns period=5.250ns})
  Destination:            RV32UI_i/RV32I_RAM_MEMORY/ram_data_1/inst/mem2_reg_512_1023_5_5/RAMS64E1_C/WADR6
                            (rising edge-triggered cell RAMS64E1 clocked by clk_pl_0  {rise@0.000ns fall@2.625ns period=5.250ns})
  Path Group:             clk_pl_0
  Path Type:              Hold (Min at Slow Process Corner)
  Requirement:            0.000ns  (clk_pl_0 rise@0.000ns - clk_pl_0 rise@0.000ns)
  Data Path Delay:        0.174ns  (logic 0.058ns (33.333%)  route 0.116ns (66.667%))
  Logic Levels:           0  
  Clock Path Skew:        0.107ns (DCD - SCD - CPR)
    Destination Clock Delay (DCD):    2.404ns
    Source Clock Delay      (SCD):    2.105ns
    Clock Pessimism Removal (CPR):    0.192ns
  Clock Net Delay (Source):      1.945ns (routing 0.905ns, distribution 1.040ns)
  Clock Net Delay (Destination): 2.205ns (routing 0.998ns, distribution 1.207ns)

    Location             Delay type                Incr(ns)  Path(ns)    Netlist Resource(s)
  -------------------------------------------------------------------    -------------------
                         (clock clk_pl_0 rise edge)
                                                      0.000     0.000 r  
    PS8_X0Y0             PS8                          0.000     0.000 r  RV32UI_i/zynq_ultra_ps_e_0/inst/PS8_i/PLCLK[0]
                         net (fo=1, routed)           0.135     0.135    RV32UI_i/zynq_ultra_ps_e_0/inst/pl_clk_unbuffered[0]
    BUFG_PS_X0Y77        BUFG_PS (Prop_BUFG_PS_I_O)
                                                      0.025     0.160 r  RV32UI_i/zynq_ultra_ps_e_0/inst/buffer_pl_clk_0.PL_CLK_0_BUFG/O
    X1Y2 (CLOCK_ROOT)    net (fo=3564, routed)        1.945     2.105    RV32UI_i/MMIO/mem_bus_registered_0/inst/clk
    SLICE_X55Y219        FDRE                                         r  RV32UI_i/MMIO/mem_bus_registered_0/inst/addr_q_reg[8]/C
  -------------------------------------------------------------------    -------------------
    SLICE_X55Y219        FDRE (Prop_FFF_SLICEL_C_Q)
                                                      0.058     2.163 r  RV32UI_i/MMIO/mem_bus_registered_0/inst/addr_q_reg[8]/Q
                         net (fo=768, routed)         0.116     2.279    RV32UI_i/RV32I_RAM_MEMORY/ram_data_1/inst/mem2_reg_512_1023_5_5/A6
    SLICE_X58Y219        RAMS64E1                                     r  RV32UI_i/RV32I_RAM_MEMORY/ram_data_1/inst/mem2_reg_512_1023_5_5/RAMS64E1_C/WADR6
  -------------------------------------------------------------------    -------------------

                         (clock clk_pl_0 rise edge)
                                                      0.000     0.000 r  
    PS8_X0Y0             PS8                          0.000     0.000 r  RV32UI_i/zynq_ultra_ps_e_0/inst/PS8_i/PLCLK[0]
                         net (fo=1, routed)           0.171     0.171    RV32UI_i/zynq_ultra_ps_e_0/inst/pl_clk_unbuffered[0]
    BUFG_PS_X0Y77        BUFG_PS (Prop_BUFG_PS_I_O)
                                                      0.028     0.199 r  RV32UI_i/zynq_ultra_ps_e_0/inst/buffer_pl_clk_0.PL_CLK_0_BUFG/O
    X1Y2 (CLOCK_ROOT)    net (fo=3564, routed)        2.205     2.404    RV32UI_i/RV32I_RAM_MEMORY/ram_data_1/inst/mem2_reg_512_1023_5_5/WCLK
    SLICE_X58Y219        RAMS64E1                                     r  RV32UI_i/RV32I_RAM_MEMORY/ram_data_1/inst/mem2_reg_512_1023_5_5/RAMS64E1_C/CLK
                         clock pessimism             -0.192     2.212    
    SLICE_X58Y219        RAMS64E1 (Hold_C6LUT_SLICEM_CLK_WADR6)
                                                      0.065     2.277    RV32UI_i/RV32I_RAM_MEMORY/ram_data_1/inst/mem2_reg_512_1023_5_5/RAMS64E1_C
  -------------------------------------------------------------------
                         required time                         -2.277    
                         arrival time                           2.279    
  -------------------------------------------------------------------
                         slack                                  0.002    

Slack (MET) :             0.002ns  (arrival time - required time)
  Source:                 RV32UI_i/MMIO/mem_bus_registered_0/inst/addr_q_reg[8]/C
                            (rising edge-triggered cell FDRE clocked by clk_pl_0  {rise@0.000ns fall@2.625ns period=5.250ns})
  Destination:            RV32UI_i/RV32I_RAM_MEMORY/ram_data_1/inst/mem2_reg_512_1023_5_5/RAMS64E1_D/WADR6
                            (rising edge-triggered cell RAMS64E1 clocked by clk_pl_0  {rise@0.000ns fall@2.625ns period=5.250ns})
  Path Group:             clk_pl_0
  Path Type:              Hold (Min at Slow Process Corner)
  Requirement:            0.000ns  (clk_pl_0 rise@0.000ns - clk_pl_0 rise@0.000ns)
  Data Path Delay:        0.174ns  (logic 0.058ns (33.333%)  route 0.116ns (66.667%))
  Logic Levels:           0  
  Clock Path Skew:        0.107ns (DCD - SCD - CPR)
    Destination Clock Delay (DCD):    2.404ns
    Source Clock Delay      (SCD):    2.105ns
    Clock Pessimism Removal (CPR):    0.192ns
  Clock Net Delay (Source):      1.945ns (routing 0.905ns, distribution 1.040ns)
  Clock Net Delay (Destination): 2.205ns (routing 0.998ns, distribution 1.207ns)

    Location             Delay type                Incr(ns)  Path(ns)    Netlist Resource(s)
  -------------------------------------------------------------------    -------------------
                         (clock clk_pl_0 rise edge)
                                                      0.000     0.000 r  
    PS8_X0Y0             PS8                          0.000     0.000 r  RV32UI_i/zynq_ultra_ps_e_0/inst/PS8_i/PLCLK[0]
                         net (fo=1, routed)           0.135     0.135    RV32UI_i/zynq_ultra_ps_e_0/inst/pl_clk_unbuffered[0]
    BUFG_PS_X0Y77        BUFG_PS (Prop_BUFG_PS_I_O)
                                                      0.025     0.160 r  RV32UI_i/zynq_ultra_ps_e_0/inst/buffer_pl_clk_0.PL_CLK_0_BUFG/O
    X1Y2 (CLOCK_ROOT)    net (fo=3564, routed)        1.945     2.105    RV32UI_i/MMIO/mem_bus_registered_0/inst/clk
    SLICE_X55Y219        FDRE                                         r  RV32UI_i/MMIO/mem_bus_registered_0/inst/addr_q_reg[8]/C
  -------------------------------------------------------------------    -------------------
    SLICE_X55Y219        FDRE (Prop_FFF_SLICEL_C_Q)
                                                      0.058     2.163 r  RV32UI_i/MMIO/mem_bus_registered_0/inst/addr_q_reg[8]/Q
                         net (fo=768, routed)         0.116     2.279    RV32UI_i/RV32I_RAM_MEMORY/ram_data_1/inst/mem2_reg_512_1023_5_5/A6
    SLICE_X58Y219        RAMS64E1                                     r  RV32UI_i/RV32I_RAM_MEMORY/ram_data_1/inst/mem2_reg_512_1023_5_5/RAMS64E1_D/WADR6
  -------------------------------------------------------------------    -------------------

                         (clock clk_pl_0 rise edge)
                                                      0.000     0.000 r  
    PS8_X0Y0             PS8                          0.000     0.000 r  RV32UI_i/zynq_ultra_ps_e_0/inst/PS8_i/PLCLK[0]
                         net (fo=1, routed)           0.171     0.171    RV32UI_i/zynq_ultra_ps_e_0/inst/pl_clk_unbuffered[0]
    BUFG_PS_X0Y77        BUFG_PS (Prop_BUFG_PS_I_O)
                                                      0.028     0.199 r  RV32UI_i/zynq_ultra_ps_e_0/inst/buffer_pl_clk_0.PL_CLK_0_BUFG/O
    X1Y2 (CLOCK_ROOT)    net (fo=3564, routed)        2.205     2.404    RV32UI_i/RV32I_RAM_MEMORY/ram_data_1/inst/mem2_reg_512_1023_5_5/WCLK
    SLICE_X58Y219        RAMS64E1                                     r  RV32UI_i/RV32I_RAM_MEMORY/ram_data_1/inst/mem2_reg_512_1023_5_5/RAMS64E1_D/CLK
                         clock pessimism             -0.192     2.212    
    SLICE_X58Y219        RAMS64E1 (Hold_D6LUT_SLICEM_CLK_WADR6)
                                                      0.065     2.277    RV32UI_i/RV32I_RAM_MEMORY/ram_data_1/inst/mem2_reg_512_1023_5_5/RAMS64E1_D
  -------------------------------------------------------------------
                         required time                         -2.277    
                         arrival time                           2.279    
  -------------------------------------------------------------------
                         slack                                  0.002    

Slack (MET) :             0.002ns  (arrival time - required time)
  Source:                 RV32UI_i/MMIO/mem_bus_registered_0/inst/addr_q_reg[8]/C
                            (rising edge-triggered cell FDRE clocked by clk_pl_0  {rise@0.000ns fall@2.625ns period=5.250ns})
  Destination:            RV32UI_i/RV32I_RAM_MEMORY/ram_data_1/inst/mem2_reg_512_1023_5_5/RAMS64E1_E/WADR6
                            (rising edge-triggered cell RAMS64E1 clocked by clk_pl_0  {rise@0.000ns fall@2.625ns period=5.250ns})
  Path Group:             clk_pl_0
  Path Type:              Hold (Min at Slow Process Corner)
  Requirement:            0.000ns  (clk_pl_0 rise@0.000ns - clk_pl_0 rise@0.000ns)
  Data Path Delay:        0.174ns  (logic 0.058ns (33.333%)  route 0.116ns (66.667%))
  Logic Levels:           0  
  Clock Path Skew:        0.107ns (DCD - SCD - CPR)
    Destination Clock Delay (DCD):    2.404ns
    Source Clock Delay      (SCD):    2.105ns
    Clock Pessimism Removal (CPR):    0.192ns
  Clock Net Delay (Source):      1.945ns (routing 0.905ns, distribution 1.040ns)
  Clock Net Delay (Destination): 2.205ns (routing 0.998ns, distribution 1.207ns)

    Location             Delay type                Incr(ns)  Path(ns)    Netlist Resource(s)
  -------------------------------------------------------------------    -------------------
                         (clock clk_pl_0 rise edge)
                                                      0.000     0.000 r  
    PS8_X0Y0             PS8                          0.000     0.000 r  RV32UI_i/zynq_ultra_ps_e_0/inst/PS8_i/PLCLK[0]
                         net (fo=1, routed)           0.135     0.135    RV32UI_i/zynq_ultra_ps_e_0/inst/pl_clk_unbuffered[0]
    BUFG_PS_X0Y77        BUFG_PS (Prop_BUFG_PS_I_O)
                                                      0.025     0.160 r  RV32UI_i/zynq_ultra_ps_e_0/inst/buffer_pl_clk_0.PL_CLK_0_BUFG/O
    X1Y2 (CLOCK_ROOT)    net (fo=3564, routed)        1.945     2.105    RV32UI_i/MMIO/mem_bus_registered_0/inst/clk
    SLICE_X55Y219        FDRE                                         r  RV32UI_i/MMIO/mem_bus_registered_0/inst/addr_q_reg[8]/C
  -------------------------------------------------------------------    -------------------
    SLICE_X55Y219        FDRE (Prop_FFF_SLICEL_C_Q)
                                                      0.058     2.163 r  RV32UI_i/MMIO/mem_bus_registered_0/inst/addr_q_reg[8]/Q
                         net (fo=768, routed)         0.116     2.279    RV32UI_i/RV32I_RAM_MEMORY/ram_data_1/inst/mem2_reg_512_1023_5_5/A6
    SLICE_X58Y219        RAMS64E1                                     r  RV32UI_i/RV32I_RAM_MEMORY/ram_data_1/inst/mem2_reg_512_1023_5_5/RAMS64E1_E/WADR6
  -------------------------------------------------------------------    -------------------

                         (clock clk_pl_0 rise edge)
                                                      0.000     0.000 r  
    PS8_X0Y0             PS8                          0.000     0.000 r  RV32UI_i/zynq_ultra_ps_e_0/inst/PS8_i/PLCLK[0]
                         net (fo=1, routed)           0.171     0.171    RV32UI_i/zynq_ultra_ps_e_0/inst/pl_clk_unbuffered[0]
    BUFG_PS_X0Y77        BUFG_PS (Prop_BUFG_PS_I_O)
                                                      0.028     0.199 r  RV32UI_i/zynq_ultra_ps_e_0/inst/buffer_pl_clk_0.PL_CLK_0_BUFG/O
    X1Y2 (CLOCK_ROOT)    net (fo=3564, routed)        2.205     2.404    RV32UI_i/RV32I_RAM_MEMORY/ram_data_1/inst/mem2_reg_512_1023_5_5/WCLK
    SLICE_X58Y219        RAMS64E1                                     r  RV32UI_i/RV32I_RAM_MEMORY/ram_data_1/inst/mem2_reg_512_1023_5_5/RAMS64E1_E/CLK
                         clock pessimism             -0.192     2.212    
    SLICE_X58Y219        RAMS64E1 (Hold_E6LUT_SLICEM_CLK_WADR6)
                                                      0.065     2.277    RV32UI_i/RV32I_RAM_MEMORY/ram_data_1/inst/mem2_reg_512_1023_5_5/RAMS64E1_E
  -------------------------------------------------------------------
                         required time                         -2.277    
                         arrival time                           2.279    
  -------------------------------------------------------------------
                         slack                                  0.002    

Slack (MET) :             0.002ns  (arrival time - required time)
  Source:                 RV32UI_i/MMIO/mem_bus_registered_0/inst/addr_q_reg[8]/C
                            (rising edge-triggered cell FDRE clocked by clk_pl_0  {rise@0.000ns fall@2.625ns period=5.250ns})
  Destination:            RV32UI_i/RV32I_RAM_MEMORY/ram_data_1/inst/mem2_reg_512_1023_5_5/RAMS64E1_F/WADR6
                            (rising edge-triggered cell RAMS64E1 clocked by clk_pl_0  {rise@0.000ns fall@2.625ns period=5.250ns})
  Path Group:             clk_pl_0
  Path Type:              Hold (Min at Slow Process Corner)
  Requirement:            0.000ns  (clk_pl_0 rise@0.000ns - clk_pl_0 rise@0.000ns)
  Data Path Delay:        0.174ns  (logic 0.058ns (33.333%)  route 0.116ns (66.667%))
  Logic Levels:           0  
  Clock Path Skew:        0.107ns (DCD - SCD - CPR)
    Destination Clock Delay (DCD):    2.404ns
    Source Clock Delay      (SCD):    2.105ns
    Clock Pessimism Removal (CPR):    0.192ns
  Clock Net Delay (Source):      1.945ns (routing 0.905ns, distribution 1.040ns)
  Clock Net Delay (Destination): 2.205ns (routing 0.998ns, distribution 1.207ns)

    Location             Delay type                Incr(ns)  Path(ns)    Netlist Resource(s)
  -------------------------------------------------------------------    -------------------
                         (clock clk_pl_0 rise edge)
                                                      0.000     0.000 r  
    PS8_X0Y0             PS8                          0.000     0.000 r  RV32UI_i/zynq_ultra_ps_e_0/inst/PS8_i/PLCLK[0]
                         net (fo=1, routed)           0.135     0.135    RV32UI_i/zynq_ultra_ps_e_0/inst/pl_clk_unbuffered[0]
    BUFG_PS_X0Y77        BUFG_PS (Prop_BUFG_PS_I_O)
                                                      0.025     0.160 r  RV32UI_i/zynq_ultra_ps_e_0/inst/buffer_pl_clk_0.PL_CLK_0_BUFG/O
    X1Y2 (CLOCK_ROOT)    net (fo=3564, routed)        1.945     2.105    RV32UI_i/MMIO/mem_bus_registered_0/inst/clk
    SLICE_X55Y219        FDRE                                         r  RV32UI_i/MMIO/mem_bus_registered_0/inst/addr_q_reg[8]/C
  -------------------------------------------------------------------    -------------------
    SLICE_X55Y219        FDRE (Prop_FFF_SLICEL_C_Q)
                                                      0.058     2.163 r  RV32UI_i/MMIO/mem_bus_registered_0/inst/addr_q_reg[8]/Q
                         net (fo=768, routed)         0.116     2.279    RV32UI_i/RV32I_RAM_MEMORY/ram_data_1/inst/mem2_reg_512_1023_5_5/A6
    SLICE_X58Y219        RAMS64E1                                     r  RV32UI_i/RV32I_RAM_MEMORY/ram_data_1/inst/mem2_reg_512_1023_5_5/RAMS64E1_F/WADR6
  -------------------------------------------------------------------    -------------------

                         (clock clk_pl_0 rise edge)
                                                      0.000     0.000 r  
    PS8_X0Y0             PS8                          0.000     0.000 r  RV32UI_i/zynq_ultra_ps_e_0/inst/PS8_i/PLCLK[0]
                         net (fo=1, routed)           0.171     0.171    RV32UI_i/zynq_ultra_ps_e_0/inst/pl_clk_unbuffered[0]
    BUFG_PS_X0Y77        BUFG_PS (Prop_BUFG_PS_I_O)
                                                      0.028     0.199 r  RV32UI_i/zynq_ultra_ps_e_0/inst/buffer_pl_clk_0.PL_CLK_0_BUFG/O
    X1Y2 (CLOCK_ROOT)    net (fo=3564, routed)        2.205     2.404    RV32UI_i/RV32I_RAM_MEMORY/ram_data_1/inst/mem2_reg_512_1023_5_5/WCLK
    SLICE_X58Y219        RAMS64E1                                     r  RV32UI_i/RV32I_RAM_MEMORY/ram_data_1/inst/mem2_reg_512_1023_5_5/RAMS64E1_F/CLK
                         clock pessimism             -0.192     2.212    
    SLICE_X58Y219        RAMS64E1 (Hold_F6LUT_SLICEM_CLK_WADR6)
                                                      0.065     2.277    RV32UI_i/RV32I_RAM_MEMORY/ram_data_1/inst/mem2_reg_512_1023_5_5/RAMS64E1_F
  -------------------------------------------------------------------
                         required time                         -2.277    
                         arrival time                           2.279    
  -------------------------------------------------------------------
                         slack                                  0.002    

Slack (MET) :             0.002ns  (arrival time - required time)
  Source:                 RV32UI_i/MMIO/mem_bus_registered_0/inst/addr_q_reg[8]/C
                            (rising edge-triggered cell FDRE clocked by clk_pl_0  {rise@0.000ns fall@2.625ns period=5.250ns})
  Destination:            RV32UI_i/RV32I_RAM_MEMORY/ram_data_1/inst/mem2_reg_512_1023_5_5/RAMS64E1_G/WADR6
                            (rising edge-triggered cell RAMS64E1 clocked by clk_pl_0  {rise@0.000ns fall@2.625ns period=5.250ns})
  Path Group:             clk_pl_0
  Path Type:              Hold (Min at Slow Process Corner)
  Requirement:            0.000ns  (clk_pl_0 rise@0.000ns - clk_pl_0 rise@0.000ns)
  Data Path Delay:        0.174ns  (logic 0.058ns (33.333%)  route 0.116ns (66.667%))
  Logic Levels:           0  
  Clock Path Skew:        0.107ns (DCD - SCD - CPR)
    Destination Clock Delay (DCD):    2.404ns
    Source Clock Delay      (SCD):    2.105ns
    Clock Pessimism Removal (CPR):    0.192ns
  Clock Net Delay (Source):      1.945ns (routing 0.905ns, distribution 1.040ns)
  Clock Net Delay (Destination): 2.205ns (routing 0.998ns, distribution 1.207ns)

    Location             Delay type                Incr(ns)  Path(ns)    Netlist Resource(s)
  -------------------------------------------------------------------    -------------------
                         (clock clk_pl_0 rise edge)
                                                      0.000     0.000 r  
    PS8_X0Y0             PS8                          0.000     0.000 r  RV32UI_i/zynq_ultra_ps_e_0/inst/PS8_i/PLCLK[0]
                         net (fo=1, routed)           0.135     0.135    RV32UI_i/zynq_ultra_ps_e_0/inst/pl_clk_unbuffered[0]
    BUFG_PS_X0Y77        BUFG_PS (Prop_BUFG_PS_I_O)
                                                      0.025     0.160 r  RV32UI_i/zynq_ultra_ps_e_0/inst/buffer_pl_clk_0.PL_CLK_0_BUFG/O
    X1Y2 (CLOCK_ROOT)    net (fo=3564, routed)        1.945     2.105    RV32UI_i/MMIO/mem_bus_registered_0/inst/clk
    SLICE_X55Y219        FDRE                                         r  RV32UI_i/MMIO/mem_bus_registered_0/inst/addr_q_reg[8]/C
  -------------------------------------------------------------------    -------------------
    SLICE_X55Y219        FDRE (Prop_FFF_SLICEL_C_Q)
                                                      0.058     2.163 r  RV32UI_i/MMIO/mem_bus_registered_0/inst/addr_q_reg[8]/Q
                         net (fo=768, routed)         0.116     2.279    RV32UI_i/RV32I_RAM_MEMORY/ram_data_1/inst/mem2_reg_512_1023_5_5/A6
    SLICE_X58Y219        RAMS64E1                                     r  RV32UI_i/RV32I_RAM_MEMORY/ram_data_1/inst/mem2_reg_512_1023_5_5/RAMS64E1_G/WADR6
  -------------------------------------------------------------------    -------------------

                         (clock clk_pl_0 rise edge)
                                                      0.000     0.000 r  
    PS8_X0Y0             PS8                          0.000     0.000 r  RV32UI_i/zynq_ultra_ps_e_0/inst/PS8_i/PLCLK[0]
                         net (fo=1, routed)           0.171     0.171    RV32UI_i/zynq_ultra_ps_e_0/inst/pl_clk_unbuffered[0]
    BUFG_PS_X0Y77        BUFG_PS (Prop_BUFG_PS_I_O)
                                                      0.028     0.199 r  RV32UI_i/zynq_ultra_ps_e_0/inst/buffer_pl_clk_0.PL_CLK_0_BUFG/O
    X1Y2 (CLOCK_ROOT)    net (fo=3564, routed)        2.205     2.404    RV32UI_i/RV32I_RAM_MEMORY/ram_data_1/inst/mem2_reg_512_1023_5_5/WCLK
    SLICE_X58Y219        RAMS64E1                                     r  RV32UI_i/RV32I_RAM_MEMORY/ram_data_1/inst/mem2_reg_512_1023_5_5/RAMS64E1_G/CLK
                         clock pessimism             -0.192     2.212    
    SLICE_X58Y219        RAMS64E1 (Hold_G6LUT_SLICEM_CLK_WADR6)
                                                      0.065     2.277    RV32UI_i/RV32I_RAM_MEMORY/ram_data_1/inst/mem2_reg_512_1023_5_5/RAMS64E1_G
  -------------------------------------------------------------------
                         required time                         -2.277    
                         arrival time                           2.279    
  -------------------------------------------------------------------
                         slack                                  0.002    

Slack (MET) :             0.002ns  (arrival time - required time)
  Source:                 RV32UI_i/MMIO/mem_bus_registered_0/inst/addr_q_reg[8]/C
                            (rising edge-triggered cell FDRE clocked by clk_pl_0  {rise@0.000ns fall@2.625ns period=5.250ns})
  Destination:            RV32UI_i/RV32I_RAM_MEMORY/ram_data_1/inst/mem2_reg_512_1023_5_5/RAMS64E1_H/WADR6
                            (rising edge-triggered cell RAMS64E1 clocked by clk_pl_0  {rise@0.000ns fall@2.625ns period=5.250ns})
  Path Group:             clk_pl_0
  Path Type:              Hold (Min at Slow Process Corner)
  Requirement:            0.000ns  (clk_pl_0 rise@0.000ns - clk_pl_0 rise@0.000ns)
  Data Path Delay:        0.174ns  (logic 0.058ns (33.333%)  route 0.116ns (66.667%))
  Logic Levels:           0  
  Clock Path Skew:        0.107ns (DCD - SCD - CPR)
    Destination Clock Delay (DCD):    2.404ns
    Source Clock Delay      (SCD):    2.105ns
    Clock Pessimism Removal (CPR):    0.192ns
  Clock Net Delay (Source):      1.945ns (routing 0.905ns, distribution 1.040ns)
  Clock Net Delay (Destination): 2.205ns (routing 0.998ns, distribution 1.207ns)

    Location             Delay type                Incr(ns)  Path(ns)    Netlist Resource(s)
  -------------------------------------------------------------------    -------------------
                         (clock clk_pl_0 rise edge)
                                                      0.000     0.000 r  
    PS8_X0Y0             PS8                          0.000     0.000 r  RV32UI_i/zynq_ultra_ps_e_0/inst/PS8_i/PLCLK[0]
                         net (fo=1, routed)           0.135     0.135    RV32UI_i/zynq_ultra_ps_e_0/inst/pl_clk_unbuffered[0]
    BUFG_PS_X0Y77        BUFG_PS (Prop_BUFG_PS_I_O)
                                                      0.025     0.160 r  RV32UI_i/zynq_ultra_ps_e_0/inst/buffer_pl_clk_0.PL_CLK_0_BUFG/O
    X1Y2 (CLOCK_ROOT)    net (fo=3564, routed)        1.945     2.105    RV32UI_i/MMIO/mem_bus_registered_0/inst/clk
    SLICE_X55Y219        FDRE                                         r  RV32UI_i/MMIO/mem_bus_registered_0/inst/addr_q_reg[8]/C
  -------------------------------------------------------------------    -------------------
    SLICE_X55Y219        FDRE (Prop_FFF_SLICEL_C_Q)
                                                      0.058     2.163 r  RV32UI_i/MMIO/mem_bus_registered_0/inst/addr_q_reg[8]/Q
                         net (fo=768, routed)         0.116     2.279    RV32UI_i/RV32I_RAM_MEMORY/ram_data_1/inst/mem2_reg_512_1023_5_5/A6
    SLICE_X58Y219        RAMS64E1                                     r  RV32UI_i/RV32I_RAM_MEMORY/ram_data_1/inst/mem2_reg_512_1023_5_5/RAMS64E1_H/WADR6
  -------------------------------------------------------------------    -------------------

                         (clock clk_pl_0 rise edge)
                                                      0.000     0.000 r  
    PS8_X0Y0             PS8                          0.000     0.000 r  RV32UI_i/zynq_ultra_ps_e_0/inst/PS8_i/PLCLK[0]
                         net (fo=1, routed)           0.171     0.171    RV32UI_i/zynq_ultra_ps_e_0/inst/pl_clk_unbuffered[0]
    BUFG_PS_X0Y77        BUFG_PS (Prop_BUFG_PS_I_O)
                                                      0.028     0.199 r  RV32UI_i/zynq_ultra_ps_e_0/inst/buffer_pl_clk_0.PL_CLK_0_BUFG/O
    X1Y2 (CLOCK_ROOT)    net (fo=3564, routed)        2.205     2.404    RV32UI_i/RV32I_RAM_MEMORY/ram_data_1/inst/mem2_reg_512_1023_5_5/WCLK
    SLICE_X58Y219        RAMS64E1                                     r  RV32UI_i/RV32I_RAM_MEMORY/ram_data_1/inst/mem2_reg_512_1023_5_5/RAMS64E1_H/CLK
                         clock pessimism             -0.192     2.212    
    SLICE_X58Y219        RAMS64E1 (Hold_H6LUT_SLICEM_CLK_WADR6)
                                                      0.065     2.277    RV32UI_i/RV32I_RAM_MEMORY/ram_data_1/inst/mem2_reg_512_1023_5_5/RAMS64E1_H
  -------------------------------------------------------------------
                         required time                         -2.277    
                         arrival time                           2.279    
  -------------------------------------------------------------------
                         slack                                  0.002    

Slack (MET) :             0.004ns  (arrival time - required time)
  Source:                 RV32UI_i/MMIO/mem_bus_registered_0/inst/addr_q_reg[7]/C
                            (rising edge-triggered cell FDRE clocked by clk_pl_0  {rise@0.000ns fall@2.625ns period=5.250ns})
  Destination:            RV32UI_i/RV32I_RAM_MEMORY/ram_data_1/inst/mem3_reg_0_511_6_6/RAMS64E1_G/ADR5
                            (rising edge-triggered cell RAMS64E1 clocked by clk_pl_0  {rise@0.000ns fall@2.625ns period=5.250ns})
  Path Group:             clk_pl_0
  Path Type:              Hold (Min at Slow Process Corner)
  Requirement:            0.000ns  (clk_pl_0 rise@0.000ns - clk_pl_0 rise@0.000ns)
  Data Path Delay:        0.197ns  (logic 0.060ns (30.457%)  route 0.137ns (69.543%))
  Logic Levels:           0  
  Clock Path Skew:        0.102ns (DCD - SCD - CPR)
    Destination Clock Delay (DCD):    2.399ns
    Source Clock Delay      (SCD):    2.105ns
    Clock Pessimism Removal (CPR):    0.192ns
  Clock Net Delay (Source):      1.945ns (routing 0.905ns, distribution 1.040ns)
  Clock Net Delay (Destination): 2.200ns (routing 0.998ns, distribution 1.202ns)

    Location             Delay type                Incr(ns)  Path(ns)    Netlist Resource(s)
  -------------------------------------------------------------------    -------------------
                         (clock clk_pl_0 rise edge)
                                                      0.000     0.000 r  
    PS8_X0Y0             PS8                          0.000     0.000 r  RV32UI_i/zynq_ultra_ps_e_0/inst/PS8_i/PLCLK[0]
                         net (fo=1, routed)           0.135     0.135    RV32UI_i/zynq_ultra_ps_e_0/inst/pl_clk_unbuffered[0]
    BUFG_PS_X0Y77        BUFG_PS (Prop_BUFG_PS_I_O)
                                                      0.025     0.160 r  RV32UI_i/zynq_ultra_ps_e_0/inst/buffer_pl_clk_0.PL_CLK_0_BUFG/O
    X1Y2 (CLOCK_ROOT)    net (fo=3564, routed)        1.945     2.105    RV32UI_i/MMIO/mem_bus_registered_0/inst/clk
    SLICE_X54Y218        FDRE                                         r  RV32UI_i/MMIO/mem_bus_registered_0/inst/addr_q_reg[7]/C
  -------------------------------------------------------------------    -------------------
    SLICE_X54Y218        FDRE (Prop_EFF2_SLICEM_C_Q)
                                                      0.060     2.165 r  RV32UI_i/MMIO/mem_bus_registered_0/inst/addr_q_reg[7]/Q
                         net (fo=512, routed)         0.137     2.302    RV32UI_i/RV32I_RAM_MEMORY/ram_data_1/inst/mem3_reg_0_511_6_6/A5
    SLICE_X53Y217        RAMS64E1                                     r  RV32UI_i/RV32I_RAM_MEMORY/ram_data_1/inst/mem3_reg_0_511_6_6/RAMS64E1_G/ADR5
  -------------------------------------------------------------------    -------------------

                         (clock clk_pl_0 rise edge)
                                                      0.000     0.000 r  
    PS8_X0Y0             PS8                          0.000     0.000 r  RV32UI_i/zynq_ultra_ps_e_0/inst/PS8_i/PLCLK[0]
                         net (fo=1, routed)           0.171     0.171    RV32UI_i/zynq_ultra_ps_e_0/inst/pl_clk_unbuffered[0]
    BUFG_PS_X0Y77        BUFG_PS (Prop_BUFG_PS_I_O)
                                                      0.028     0.199 r  RV32UI_i/zynq_ultra_ps_e_0/inst/buffer_pl_clk_0.PL_CLK_0_BUFG/O
    X1Y2 (CLOCK_ROOT)    net (fo=3564, routed)        2.200     2.399    RV32UI_i/RV32I_RAM_MEMORY/ram_data_1/inst/mem3_reg_0_511_6_6/WCLK
    SLICE_X53Y217        RAMS64E1                                     r  RV32UI_i/RV32I_RAM_MEMORY/ram_data_1/inst/mem3_reg_0_511_6_6/RAMS64E1_G/CLK
                         clock pessimism             -0.192     2.207    
    SLICE_X53Y217        RAMS64E1 (Hold_G6LUT_SLICEM_CLK_ADR5)
                                                      0.091     2.298    RV32UI_i/RV32I_RAM_MEMORY/ram_data_1/inst/mem3_reg_0_511_6_6/RAMS64E1_G
  -------------------------------------------------------------------
                         required time                         -2.298    
                         arrival time                           2.302    
  -------------------------------------------------------------------
                         slack                                  0.004    

Slack (MET) :             0.007ns  (arrival time - required time)
  Source:                 RV32UI_i/MMIO/mem_bus_registered_0/inst/addr_q_reg[7]/C
                            (rising edge-triggered cell FDRE clocked by clk_pl_0  {rise@0.000ns fall@2.625ns period=5.250ns})
  Destination:            RV32UI_i/RV32I_RAM_MEMORY/ram_data_1/inst/mem3_reg_0_511_6_6/RAMS64E1_A/ADR5
                            (rising edge-triggered cell RAMS64E1 clocked by clk_pl_0  {rise@0.000ns fall@2.625ns period=5.250ns})
  Path Group:             clk_pl_0
  Path Type:              Hold (Min at Slow Process Corner)
  Requirement:            0.000ns  (clk_pl_0 rise@0.000ns - clk_pl_0 rise@0.000ns)
  Data Path Delay:        0.200ns  (logic 0.060ns (30.000%)  route 0.140ns (70.000%))
  Logic Levels:           0  
  Clock Path Skew:        0.102ns (DCD - SCD - CPR)
    Destination Clock Delay (DCD):    2.399ns
    Source Clock Delay      (SCD):    2.105ns
    Clock Pessimism Removal (CPR):    0.192ns
  Clock Net Delay (Source):      1.945ns (routing 0.905ns, distribution 1.040ns)
  Clock Net Delay (Destination): 2.200ns (routing 0.998ns, distribution 1.202ns)

    Location             Delay type                Incr(ns)  Path(ns)    Netlist Resource(s)
  -------------------------------------------------------------------    -------------------
                         (clock clk_pl_0 rise edge)
                                                      0.000     0.000 r  
    PS8_X0Y0             PS8                          0.000     0.000 r  RV32UI_i/zynq_ultra_ps_e_0/inst/PS8_i/PLCLK[0]
                         net (fo=1, routed)           0.135     0.135    RV32UI_i/zynq_ultra_ps_e_0/inst/pl_clk_unbuffered[0]
    BUFG_PS_X0Y77        BUFG_PS (Prop_BUFG_PS_I_O)
                                                      0.025     0.160 r  RV32UI_i/zynq_ultra_ps_e_0/inst/buffer_pl_clk_0.PL_CLK_0_BUFG/O
    X1Y2 (CLOCK_ROOT)    net (fo=3564, routed)        1.945     2.105    RV32UI_i/MMIO/mem_bus_registered_0/inst/clk
    SLICE_X54Y218        FDRE                                         r  RV32UI_i/MMIO/mem_bus_registered_0/inst/addr_q_reg[7]/C
  -------------------------------------------------------------------    -------------------
    SLICE_X54Y218        FDRE (Prop_EFF2_SLICEM_C_Q)
                                                      0.060     2.165 r  RV32UI_i/MMIO/mem_bus_registered_0/inst/addr_q_reg[7]/Q
                         net (fo=512, routed)         0.140     2.305    RV32UI_i/RV32I_RAM_MEMORY/ram_data_1/inst/mem3_reg_0_511_6_6/A5
    SLICE_X53Y217        RAMS64E1                                     r  RV32UI_i/RV32I_RAM_MEMORY/ram_data_1/inst/mem3_reg_0_511_6_6/RAMS64E1_A/ADR5
  -------------------------------------------------------------------    -------------------

                         (clock clk_pl_0 rise edge)
                                                      0.000     0.000 r  
    PS8_X0Y0             PS8                          0.000     0.000 r  RV32UI_i/zynq_ultra_ps_e_0/inst/PS8_i/PLCLK[0]
                         net (fo=1, routed)           0.171     0.171    RV32UI_i/zynq_ultra_ps_e_0/inst/pl_clk_unbuffered[0]
    BUFG_PS_X0Y77        BUFG_PS (Prop_BUFG_PS_I_O)
                                                      0.028     0.199 r  RV32UI_i/zynq_ultra_ps_e_0/inst/buffer_pl_clk_0.PL_CLK_0_BUFG/O
    X1Y2 (CLOCK_ROOT)    net (fo=3564, routed)        2.200     2.399    RV32UI_i/RV32I_RAM_MEMORY/ram_data_1/inst/mem3_reg_0_511_6_6/WCLK
    SLICE_X53Y217        RAMS64E1                                     r  RV32UI_i/RV32I_RAM_MEMORY/ram_data_1/inst/mem3_reg_0_511_6_6/RAMS64E1_A/CLK
                         clock pessimism             -0.192     2.207    
    SLICE_X53Y217        RAMS64E1 (Hold_A6LUT_SLICEM_CLK_ADR5)
                                                      0.091     2.298    RV32UI_i/RV32I_RAM_MEMORY/ram_data_1/inst/mem3_reg_0_511_6_6/RAMS64E1_A
  -------------------------------------------------------------------
                         required time                         -2.298    
                         arrival time                           2.305    
  -------------------------------------------------------------------
                         slack                                  0.007    





Pulse Width Checks
--------------------------------------------------------------------------------------
Clock Name:         clk_pl_0
Waveform(ns):       { 0.000 2.625 }
Period(ns):         5.250
Sources:            { RV32UI_i/zynq_ultra_ps_e_0/inst/PS8_i/PLCLK[0] }

Check Type        Corner  Lib Pin             Reference Pin  Required(ns)  Actual(ns)  Slack(ns)  Location       Pin
Min Period        n/a     PS8/MAXIGP0ACLK     n/a            3.000         5.250       2.250      PS8_X0Y0       RV32UI_i/zynq_ultra_ps_e_0/inst/PS8_i/MAXIGP0ACLK
Min Period        n/a     RAMB18E2/CLKARDCLK  n/a            1.355         5.250       3.895      RAMB18_X2Y92   RV32UI_i/Core_RV32I/RV32I_IF/rom_memory_0/inst/dout_reg_1/CLKARDCLK
Min Period        n/a     RAMB36E2/CLKARDCLK  n/a            1.355         5.250       3.895      RAMB36_X2Y45   RV32UI_i/Core_RV32I/RV32I_IF/rom_memory_0/inst/dout_reg_0/CLKARDCLK
Min Period        n/a     RAMS64E1/CLK        n/a            1.064         5.250       4.186      SLICE_X54Y197  RV32UI_i/RV32I_RAM_MEMORY/ram_data_1/inst/mem0_reg_0_511_4_4/RAMS64E1_A/CLK
Min Period        n/a     RAMS64E1/CLK        n/a            1.064         5.250       4.186      SLICE_X54Y197  RV32UI_i/RV32I_RAM_MEMORY/ram_data_1/inst/mem0_reg_0_511_4_4/RAMS64E1_B/CLK
Min Period        n/a     RAMS64E1/CLK        n/a            1.064         5.250       4.186      SLICE_X54Y197  RV32UI_i/RV32I_RAM_MEMORY/ram_data_1/inst/mem0_reg_0_511_4_4/RAMS64E1_C/CLK
Min Period        n/a     RAMS64E1/CLK        n/a            1.064         5.250       4.186      SLICE_X54Y197  RV32UI_i/RV32I_RAM_MEMORY/ram_data_1/inst/mem0_reg_0_511_4_4/RAMS64E1_D/CLK
Min Period        n/a     RAMS64E1/CLK        n/a            1.064         5.250       4.186      SLICE_X54Y197  RV32UI_i/RV32I_RAM_MEMORY/ram_data_1/inst/mem0_reg_0_511_4_4/RAMS64E1_E/CLK
Min Period        n/a     RAMS64E1/CLK        n/a            1.064         5.250       4.186      SLICE_X54Y197  RV32UI_i/RV32I_RAM_MEMORY/ram_data_1/inst/mem0_reg_0_511_4_4/RAMS64E1_F/CLK
Min Period        n/a     RAMS64E1/CLK        n/a            1.064         5.250       4.186      SLICE_X53Y202  RV32UI_i/RV32I_RAM_MEMORY/ram_data_1/inst/mem1_reg_512_1023_0_0/RAMS64E1_H/CLK
Low Pulse Width   Slow    PS8/MAXIGP0ACLK     n/a            1.500         2.625       1.125      PS8_X0Y0       RV32UI_i/zynq_ultra_ps_e_0/inst/PS8_i/MAXIGP0ACLK
Low Pulse Width   Fast    PS8/MAXIGP0ACLK     n/a            1.500         2.625       1.125      PS8_X0Y0       RV32UI_i/zynq_ultra_ps_e_0/inst/PS8_i/MAXIGP0ACLK
Low Pulse Width   Slow    RAMB18E2/CLKARDCLK  n/a            0.542         2.625       2.083      RAMB18_X2Y92   RV32UI_i/Core_RV32I/RV32I_IF/rom_memory_0/inst/dout_reg_1/CLKARDCLK
Low Pulse Width   Fast    RAMB18E2/CLKARDCLK  n/a            0.542         2.625       2.083      RAMB18_X2Y92   RV32UI_i/Core_RV32I/RV32I_IF/rom_memory_0/inst/dout_reg_1/CLKARDCLK
Low Pulse Width   Fast    RAMB36E2/CLKARDCLK  n/a            0.542         2.625       2.083      RAMB36_X2Y45   RV32UI_i/Core_RV32I/RV32I_IF/rom_memory_0/inst/dout_reg_0/CLKARDCLK
Low Pulse Width   Slow    RAMB36E2/CLKARDCLK  n/a            0.542         2.625       2.083      RAMB36_X2Y45   RV32UI_i/Core_RV32I/RV32I_IF/rom_memory_0/inst/dout_reg_0/CLKARDCLK
Low Pulse Width   Slow    RAMS64E1/CLK        n/a            0.532         2.625       2.093      SLICE_X53Y202  RV32UI_i/RV32I_RAM_MEMORY/ram_data_1/inst/mem1_reg_512_1023_0_0/RAMS64E1_H/CLK
Low Pulse Width   Slow    RAMS64E1/CLK        n/a            0.532         2.625       2.093      SLICE_X58Y219  RV32UI_i/RV32I_RAM_MEMORY/ram_data_1/inst/mem2_reg_512_1023_5_5/RAMS64E1_F/CLK
Low Pulse Width   Slow    RAMS64E1/CLK        n/a            0.532         2.625       2.093      SLICE_X58Y219  RV32UI_i/RV32I_RAM_MEMORY/ram_data_1/inst/mem2_reg_512_1023_5_5/RAMS64E1_G/CLK
Low Pulse Width   Slow    RAMS64E1/CLK        n/a            0.532         2.625       2.093      SLICE_X58Y219  RV32UI_i/RV32I_RAM_MEMORY/ram_data_1/inst/mem2_reg_512_1023_5_5/RAMS64E1_H/CLK
High Pulse Width  Slow    PS8/MAXIGP0ACLK     n/a            1.500         2.625       1.125      PS8_X0Y0       RV32UI_i/zynq_ultra_ps_e_0/inst/PS8_i/MAXIGP0ACLK
High Pulse Width  Fast    PS8/MAXIGP0ACLK     n/a            1.500         2.625       1.125      PS8_X0Y0       RV32UI_i/zynq_ultra_ps_e_0/inst/PS8_i/MAXIGP0ACLK
High Pulse Width  Fast    RAMB36E2/CLKARDCLK  n/a            0.542         2.625       2.083      RAMB36_X2Y45   RV32UI_i/Core_RV32I/RV32I_IF/rom_memory_0/inst/dout_reg_0/CLKARDCLK
High Pulse Width  Fast    RAMB18E2/CLKARDCLK  n/a            0.542         2.625       2.083      RAMB18_X2Y92   RV32UI_i/Core_RV32I/RV32I_IF/rom_memory_0/inst/dout_reg_1/CLKARDCLK
High Pulse Width  Slow    RAMB36E2/CLKARDCLK  n/a            0.542         2.625       2.083      RAMB36_X2Y45   RV32UI_i/Core_RV32I/RV32I_IF/rom_memory_0/inst/dout_reg_0/CLKARDCLK
High Pulse Width  Slow    RAMB18E2/CLKARDCLK  n/a            0.542         2.625       2.083      RAMB18_X2Y92   RV32UI_i/Core_RV32I/RV32I_IF/rom_memory_0/inst/dout_reg_1/CLKARDCLK
High Pulse Width  Fast    RAMS64E1/CLK        n/a            0.532         2.625       2.093      SLICE_X45Y205  RV32UI_i/RV32I_RAM_MEMORY/ram_data_1/inst/mem1_reg_512_1023_1_1/RAMS64E1_A/CLK
High Pulse Width  Fast    RAMS64E1/CLK        n/a            0.532         2.625       2.093      SLICE_X45Y205  RV32UI_i/RV32I_RAM_MEMORY/ram_data_1/inst/mem1_reg_512_1023_1_1/RAMS64E1_B/CLK
High Pulse Width  Fast    RAMS64E1/CLK        n/a            0.532         2.625       2.093      SLICE_X45Y205  RV32UI_i/RV32I_RAM_MEMORY/ram_data_1/inst/mem1_reg_512_1023_1_1/RAMS64E1_C/CLK
High Pulse Width  Fast    RAMS64E1/CLK        n/a            0.532         2.625       2.093      SLICE_X45Y205  RV32UI_i/RV32I_RAM_MEMORY/ram_data_1/inst/mem1_reg_512_1023_1_1/RAMS64E1_D/CLK



---------------------------------------------------------------------------------------------------
From Clock:  dbg_hub/inst/BSCANID.u_xsdbm_id/SWITCH_N_EXT_BSCAN.bscan_inst/SERIES7_BSCAN.bscan_inst/INTERNAL_TCK
  To Clock:  dbg_hub/inst/BSCANID.u_xsdbm_id/SWITCH_N_EXT_BSCAN.bscan_inst/SERIES7_BSCAN.bscan_inst/INTERNAL_TCK

Setup :            0  Failing Endpoints,  Worst Slack       14.754ns,  Total Violation        0.000ns
Hold  :            0  Failing Endpoints,  Worst Slack        0.018ns,  Total Violation        0.000ns
PW    :            0  Failing Endpoints,  Worst Slack       24.468ns,  Total Violation        0.000ns
---------------------------------------------------------------------------------------------------


Max Delay Paths
--------------------------------------------------------------------------------------
Slack (MET) :             14.754ns  (required time - arrival time)
  Source:                 dbg_hub/inst/BSCANID.u_xsdbm_id/SWITCH_N_EXT_BSCAN.bscan_switch/state_reg[0]/C
                            (rising edge-triggered cell FDRE clocked by dbg_hub/inst/BSCANID.u_xsdbm_id/SWITCH_N_EXT_BSCAN.bscan_inst/SERIES7_BSCAN.bscan_inst/INTERNAL_TCK  {rise@0.000ns fall@25.000ns period=50.000ns})
  Destination:            dbg_hub/inst/BSCANID.u_xsdbm_id/SWITCH_N_EXT_BSCAN.bscan_inst/SERIES7_BSCAN.bscan_inst/TDO
                            (falling edge-triggered cell BSCANE2 clocked by dbg_hub/inst/BSCANID.u_xsdbm_id/SWITCH_N_EXT_BSCAN.bscan_inst/SERIES7_BSCAN.bscan_inst/INTERNAL_TCK  {rise@0.000ns fall@25.000ns period=50.000ns})
  Path Group:             dbg_hub/inst/BSCANID.u_xsdbm_id/SWITCH_N_EXT_BSCAN.bscan_inst/SERIES7_BSCAN.bscan_inst/INTERNAL_TCK
  Path Type:              Setup (Max at Slow Process Corner)
  Requirement:            25.000ns  (dbg_hub/inst/BSCANID.u_xsdbm_id/SWITCH_N_EXT_BSCAN.bscan_inst/SERIES7_BSCAN.bscan_inst/INTERNAL_TCK fall@25.000ns - dbg_hub/inst/BSCANID.u_xsdbm_id/SWITCH_N_EXT_BSCAN.bscan_inst/SERIES7_BSCAN.bscan_inst/INTERNAL_TCK rise@0.000ns)
  Data Path Delay:        2.781ns  (logic 0.368ns (13.233%)  route 2.413ns (86.767%))
  Logic Levels:           3  (LUT3=1 LUT5=1 LUT6=1)
  Clock Path Skew:        -7.230ns (DCD - SCD + CPR)
    Destination Clock Delay (DCD):    0.000ns = ( 25.000 - 25.000 ) 
    Source Clock Delay      (SCD):    7.230ns
    Clock Pessimism Removal (CPR):    0.000ns
  Clock Uncertainty:      0.235ns  ((TSJ^2 + TIJ^2)^1/2 + DJ) / 2 + PE + DCD
    Total System Jitter     (TSJ):    0.071ns
    Total Input Jitter      (TIJ):    0.000ns
    Discrete Jitter          (DJ):    0.000ns
    Phase Error              (PE):    0.000ns
    Duty Cycle Distortion   (DCD):    0.200ns
  Clock Net Delay (Source):      1.762ns (routing 0.879ns, distribution 0.883ns)

    Location             Delay type                Incr(ns)  Path(ns)    Netlist Resource(s)
  -------------------------------------------------------------------    -------------------
                         (clock dbg_hub/inst/BSCANID.u_xsdbm_id/SWITCH_N_EXT_BSCAN.bscan_inst/SERIES7_BSCAN.bscan_inst/INTERNAL_TCK rise edge)
                                                      0.000     0.000 r  
    CONFIG_SITE_X0Y0     BSCANE2                      0.000     0.000 r  dbg_hub/inst/BSCANID.u_xsdbm_id/SWITCH_N_EXT_BSCAN.bscan_inst/SERIES7_BSCAN.bscan_inst/INTERNAL_TCK
    CONFIG_SITE_X0Y0     BSCANE2 (Prop_BSCAN1_CONFIG_SITE_INTERNAL_TCK_TCK)
                                                      4.300     4.300 r  dbg_hub/inst/BSCANID.u_xsdbm_id/SWITCH_N_EXT_BSCAN.bscan_inst/SERIES7_BSCAN.bscan_inst/TCK
                         net (fo=1, routed)           1.140     5.440    dbg_hub/inst/BSCANID.u_xsdbm_id/tck_bs
    BUFGCE_X0Y50         BUFGCE (Prop_BUFCE_BUFGCE_I_O)
                                                      0.028     5.468 r  dbg_hub/inst/BSCANID.u_xsdbm_id/SWITCH_N_EXT_BSCAN.u_bufg_icon_tck/O
    X2Y1 (CLOCK_ROOT)    net (fo=490, routed)         1.762     7.230    dbg_hub/inst/BSCANID.u_xsdbm_id/SWITCH_N_EXT_BSCAN.bscan_switch/s_bscan_tck
    SLICE_X48Y162        FDRE                                         r  dbg_hub/inst/BSCANID.u_xsdbm_id/SWITCH_N_EXT_BSCAN.bscan_switch/state_reg[0]/C
  -------------------------------------------------------------------    -------------------
    SLICE_X48Y162        FDRE (Prop_EFF_SLICEL_C_Q)
                                                      0.079     7.309 r  dbg_hub/inst/BSCANID.u_xsdbm_id/SWITCH_N_EXT_BSCAN.bscan_switch/state_reg[0]/Q
                         net (fo=50, routed)          0.841     8.150    dbg_hub/inst/BSCANID.u_xsdbm_id/SWITCH_N_EXT_BSCAN.bscan_switch/state[0]
    SLICE_X48Y166        LUT5 (Prop_B6LUT_SLICEL_I2_O)
                                                      0.148     8.298 r  dbg_hub/inst/BSCANID.u_xsdbm_id/SWITCH_N_EXT_BSCAN.bscan_switch/m_bscan_bscanid_en_INST_0/O
                         net (fo=35, routed)          0.681     8.979    dbg_hub/inst/BSCANID.u_xsdbm_id/bscanid_en_int
    SLICE_X52Y165        LUT3 (Prop_E6LUT_SLICEL_I1_O)
                                                      0.090     9.069 r  dbg_hub/inst/BSCANID.u_xsdbm_id/SWITCH_N_EXT_BSCAN.bscan_switch_i_1/O
                         net (fo=2, routed)           0.595     9.664    dbg_hub/inst/BSCANID.u_xsdbm_id/SWITCH_N_EXT_BSCAN.bscan_switch/m_bscan_tdo[0]
    SLICE_X48Y166        LUT6 (Prop_H6LUT_SLICEL_I5_O)
                                                      0.051     9.715 r  dbg_hub/inst/BSCANID.u_xsdbm_id/SWITCH_N_EXT_BSCAN.bscan_switch/s_bscan_tdo_INST_0/O
                         net (fo=1, routed)           0.296    10.011    dbg_hub/inst/BSCANID.u_xsdbm_id/SWITCH_N_EXT_BSCAN.bscan_inst/s_bscan_tdo
    CONFIG_SITE_X0Y0     BSCANE2                                      r  dbg_hub/inst/BSCANID.u_xsdbm_id/SWITCH_N_EXT_BSCAN.bscan_inst/SERIES7_BSCAN.bscan_inst/TDO
  -------------------------------------------------------------------    -------------------

                         (clock dbg_hub/inst/BSCANID.u_xsdbm_id/SWITCH_N_EXT_BSCAN.bscan_inst/SERIES7_BSCAN.bscan_inst/INTERNAL_TCK fall edge)
                                                     25.000    25.000 f  
    CONFIG_SITE_X0Y0     BSCANE2                      0.000    25.000 f  dbg_hub/inst/BSCANID.u_xsdbm_id/SWITCH_N_EXT_BSCAN.bscan_inst/SERIES7_BSCAN.bscan_inst/INTERNAL_TCK
                         clock pessimism              0.000    25.000    
                         clock uncertainty           -0.235    24.765    
    CONFIG_SITE_X0Y0     BSCANE2 (Setup_BSCAN1_CONFIG_SITE_INTERNAL_TCK_TDO)
                                                      0.000    24.765    dbg_hub/inst/BSCANID.u_xsdbm_id/SWITCH_N_EXT_BSCAN.bscan_inst/SERIES7_BSCAN.bscan_inst
  -------------------------------------------------------------------
                         required time                         24.765    
                         arrival time                         -10.011    
  -------------------------------------------------------------------
                         slack                                 14.754    

Slack (MET) :             20.303ns  (required time - arrival time)
  Source:                 dbg_hub/inst/BSCANID.u_xsdbm_id/SWITCH_N_EXT_BSCAN.bscan_inst/SERIES7_BSCAN.bscan_inst/INTERNAL_TCK
                            (falling edge-triggered cell BSCANE2 clocked by dbg_hub/inst/BSCANID.u_xsdbm_id/SWITCH_N_EXT_BSCAN.bscan_inst/SERIES7_BSCAN.bscan_inst/INTERNAL_TCK  {rise@0.000ns fall@25.000ns period=50.000ns})
  Destination:            dbg_hub/inst/BSCANID.u_xsdbm_id/SWITCH_N_EXT_BSCAN.bscan_switch/temp_curid_reg[28]/CE
                            (rising edge-triggered cell FDRE clocked by dbg_hub/inst/BSCANID.u_xsdbm_id/SWITCH_N_EXT_BSCAN.bscan_inst/SERIES7_BSCAN.bscan_inst/INTERNAL_TCK  {rise@0.000ns fall@25.000ns period=50.000ns})
  Path Group:             dbg_hub/inst/BSCANID.u_xsdbm_id/SWITCH_N_EXT_BSCAN.bscan_inst/SERIES7_BSCAN.bscan_inst/INTERNAL_TCK
  Path Type:              Setup (Max at Fast Process Corner)
  Requirement:            25.000ns  (dbg_hub/inst/BSCANID.u_xsdbm_id/SWITCH_N_EXT_BSCAN.bscan_inst/SERIES7_BSCAN.bscan_inst/INTERNAL_TCK rise@50.000ns - dbg_hub/inst/BSCANID.u_xsdbm_id/SWITCH_N_EXT_BSCAN.bscan_inst/SERIES7_BSCAN.bscan_inst/INTERNAL_TCK fall@25.000ns)
  Data Path Delay:        6.493ns  (logic 5.209ns (80.225%)  route 1.284ns (19.775%))
  Logic Levels:           1  (LUT5=1)
  Clock Path Skew:        2.056ns (DCD - SCD + CPR)
    Destination Clock Delay (DCD):    2.056ns = ( 52.056 - 50.000 ) 
    Source Clock Delay      (SCD):    0.000ns = ( 25.000 - 25.000 ) 
    Clock Pessimism Removal (CPR):    0.000ns
  Clock Uncertainty:      0.235ns  ((TSJ^2 + TIJ^2)^1/2 + DJ) / 2 + PE + DCD
    Total System Jitter     (TSJ):    0.071ns
    Total Input Jitter      (TIJ):    0.000ns
    Discrete Jitter          (DJ):    0.000ns
    Phase Error              (PE):    0.000ns
    Duty Cycle Distortion   (DCD):    0.200ns
  Clock Net Delay (Destination): 0.971ns (routing 0.483ns, distribution 0.488ns)

    Location             Delay type                Incr(ns)  Path(ns)    Netlist Resource(s)
  -------------------------------------------------------------------    -------------------
                         (clock dbg_hub/inst/BSCANID.u_xsdbm_id/SWITCH_N_EXT_BSCAN.bscan_inst/SERIES7_BSCAN.bscan_inst/INTERNAL_TCK fall edge)
                                                     25.000    25.000 f  
    CONFIG_SITE_X0Y0     BSCANE2                      0.000    25.000 f  dbg_hub/inst/BSCANID.u_xsdbm_id/SWITCH_N_EXT_BSCAN.bscan_inst/SERIES7_BSCAN.bscan_inst/INTERNAL_TCK
  -------------------------------------------------------------------    -------------------
    CONFIG_SITE_X0Y0     BSCANE2 (Prop_BSCAN1_CONFIG_SITE_INTERNAL_TCK_SHIFT)
                                                      5.100    30.100 r  dbg_hub/inst/BSCANID.u_xsdbm_id/SWITCH_N_EXT_BSCAN.bscan_inst/SERIES7_BSCAN.bscan_inst/SHIFT
                         net (fo=36, routed)          0.697    30.797    dbg_hub/inst/BSCANID.u_xsdbm_id/SWITCH_N_EXT_BSCAN.bscan_switch/s_bscan_shift
    SLICE_X48Y166        LUT5 (Prop_A5LUT_SLICEL_I4_O)
                                                      0.109    30.906 r  dbg_hub/inst/BSCANID.u_xsdbm_id/SWITCH_N_EXT_BSCAN.bscan_switch/temp_curid[28]_i_1/O
                         net (fo=32, routed)          0.587    31.493    dbg_hub/inst/BSCANID.u_xsdbm_id/SWITCH_N_EXT_BSCAN.bscan_switch/temp_curid[28]_i_1_n_0
    SLICE_X48Y168        FDRE                                         r  dbg_hub/inst/BSCANID.u_xsdbm_id/SWITCH_N_EXT_BSCAN.bscan_switch/temp_curid_reg[28]/CE
  -------------------------------------------------------------------    -------------------

                         (clock dbg_hub/inst/BSCANID.u_xsdbm_id/SWITCH_N_EXT_BSCAN.bscan_inst/SERIES7_BSCAN.bscan_inst/INTERNAL_TCK rise edge)
                                                     50.000    50.000 r  
    CONFIG_SITE_X0Y0     BSCANE2                      0.000    50.000 r  dbg_hub/inst/BSCANID.u_xsdbm_id/SWITCH_N_EXT_BSCAN.bscan_inst/SERIES7_BSCAN.bscan_inst/INTERNAL_TCK
    CONFIG_SITE_X0Y0     BSCANE2 (Prop_BSCAN1_CONFIG_SITE_INTERNAL_TCK_TCK)
                                                      0.465    50.465 r  dbg_hub/inst/BSCANID.u_xsdbm_id/SWITCH_N_EXT_BSCAN.bscan_inst/SERIES7_BSCAN.bscan_inst/TCK
                         net (fo=1, routed)           0.603    51.068    dbg_hub/inst/BSCANID.u_xsdbm_id/tck_bs
    BUFGCE_X0Y50         BUFGCE (Prop_BUFCE_BUFGCE_I_O)
                                                      0.017    51.085 r  dbg_hub/inst/BSCANID.u_xsdbm_id/SWITCH_N_EXT_BSCAN.u_bufg_icon_tck/O
    X2Y1 (CLOCK_ROOT)    net (fo=490, routed)         0.971    52.056    dbg_hub/inst/BSCANID.u_xsdbm_id/SWITCH_N_EXT_BSCAN.bscan_switch/s_bscan_tck
    SLICE_X48Y168        FDRE                                         r  dbg_hub/inst/BSCANID.u_xsdbm_id/SWITCH_N_EXT_BSCAN.bscan_switch/temp_curid_reg[28]/C
                         clock pessimism              0.000    52.056    
                         clock uncertainty           -0.235    51.821    
    SLICE_X48Y168        FDRE (Setup_DFF_SLICEL_C_CE)
                                                     -0.025    51.796    dbg_hub/inst/BSCANID.u_xsdbm_id/SWITCH_N_EXT_BSCAN.bscan_switch/temp_curid_reg[28]
  -------------------------------------------------------------------
                         required time                         51.796    
                         arrival time                         -31.493    
  -------------------------------------------------------------------
                         slack                                 20.303    

Slack (MET) :             20.369ns  (required time - arrival time)
  Source:                 dbg_hub/inst/BSCANID.u_xsdbm_id/SWITCH_N_EXT_BSCAN.bscan_inst/SERIES7_BSCAN.bscan_inst/INTERNAL_TCK
                            (falling edge-triggered cell BSCANE2 clocked by dbg_hub/inst/BSCANID.u_xsdbm_id/SWITCH_N_EXT_BSCAN.bscan_inst/SERIES7_BSCAN.bscan_inst/INTERNAL_TCK  {rise@0.000ns fall@25.000ns period=50.000ns})
  Destination:            dbg_hub/inst/BSCANID.u_xsdbm_id/SWITCH_N_EXT_BSCAN.bscanid_reg[2]/D
                            (rising edge-triggered cell FDRE clocked by dbg_hub/inst/BSCANID.u_xsdbm_id/SWITCH_N_EXT_BSCAN.bscan_inst/SERIES7_BSCAN.bscan_inst/INTERNAL_TCK  {rise@0.000ns fall@25.000ns period=50.000ns})
  Path Group:             dbg_hub/inst/BSCANID.u_xsdbm_id/SWITCH_N_EXT_BSCAN.bscan_inst/SERIES7_BSCAN.bscan_inst/INTERNAL_TCK
  Path Type:              Setup (Max at Fast Process Corner)
  Requirement:            25.000ns  (dbg_hub/inst/BSCANID.u_xsdbm_id/SWITCH_N_EXT_BSCAN.bscan_inst/SERIES7_BSCAN.bscan_inst/INTERNAL_TCK rise@50.000ns - dbg_hub/inst/BSCANID.u_xsdbm_id/SWITCH_N_EXT_BSCAN.bscan_inst/SERIES7_BSCAN.bscan_inst/INTERNAL_TCK fall@25.000ns)
  Data Path Delay:        6.490ns  (logic 5.253ns (80.940%)  route 1.237ns (19.060%))
  Logic Levels:           2  (LUT4=1 LUT5=1)
  Clock Path Skew:        2.071ns (DCD - SCD + CPR)
    Destination Clock Delay (DCD):    2.071ns = ( 52.071 - 50.000 ) 
    Source Clock Delay      (SCD):    0.000ns = ( 25.000 - 25.000 ) 
    Clock Pessimism Removal (CPR):    0.000ns
  Clock Uncertainty:      0.235ns  ((TSJ^2 + TIJ^2)^1/2 + DJ) / 2 + PE + DCD
    Total System Jitter     (TSJ):    0.071ns
    Total Input Jitter      (TIJ):    0.000ns
    Discrete Jitter          (DJ):    0.000ns
    Phase Error              (PE):    0.000ns
    Duty Cycle Distortion   (DCD):    0.200ns
  Clock Net Delay (Destination): 0.986ns (routing 0.483ns, distribution 0.503ns)

    Location             Delay type                Incr(ns)  Path(ns)    Netlist Resource(s)
  -------------------------------------------------------------------    -------------------
                         (clock dbg_hub/inst/BSCANID.u_xsdbm_id/SWITCH_N_EXT_BSCAN.bscan_inst/SERIES7_BSCAN.bscan_inst/INTERNAL_TCK fall edge)
                                                     25.000    25.000 f  
    CONFIG_SITE_X0Y0     BSCANE2                      0.000    25.000 f  dbg_hub/inst/BSCANID.u_xsdbm_id/SWITCH_N_EXT_BSCAN.bscan_inst/SERIES7_BSCAN.bscan_inst/INTERNAL_TCK
  -------------------------------------------------------------------    -------------------
    CONFIG_SITE_X0Y0     BSCANE2 (Prop_BSCAN1_CONFIG_SITE_INTERNAL_TCK_SHIFT)
                                                      5.100    30.100 r  dbg_hub/inst/BSCANID.u_xsdbm_id/SWITCH_N_EXT_BSCAN.bscan_inst/SERIES7_BSCAN.bscan_inst/SHIFT
                         net (fo=36, routed)          0.716    30.816    dbg_hub/inst/BSCANID.u_xsdbm_id/SWITCH_N_EXT_BSCAN.bscan_switch/s_bscan_shift
    SLICE_X48Y166        LUT5 (Prop_B6LUT_SLICEL_I0_O)
                                                      0.061    30.877 r  dbg_hub/inst/BSCANID.u_xsdbm_id/SWITCH_N_EXT_BSCAN.bscan_switch/m_bscan_bscanid_en_INST_0/O
                         net (fo=35, routed)          0.474    31.351    dbg_hub/inst/BSCANID.u_xsdbm_id/bscanid_en_int
    SLICE_X52Y165        LUT4 (Prop_C6LUT_SLICEL_I2_O)
                                                      0.092    31.443 r  dbg_hub/inst/BSCANID.u_xsdbm_id/SWITCH_N_EXT_BSCAN.bscanid[2]_i_1/O
                         net (fo=1, routed)           0.047    31.490    dbg_hub/inst/BSCANID.u_xsdbm_id/p_2_in[2]
    SLICE_X52Y165        FDRE                                         r  dbg_hub/inst/BSCANID.u_xsdbm_id/SWITCH_N_EXT_BSCAN.bscanid_reg[2]/D
  -------------------------------------------------------------------    -------------------

                         (clock dbg_hub/inst/BSCANID.u_xsdbm_id/SWITCH_N_EXT_BSCAN.bscan_inst/SERIES7_BSCAN.bscan_inst/INTERNAL_TCK rise edge)
                                                     50.000    50.000 r  
    CONFIG_SITE_X0Y0     BSCANE2                      0.000    50.000 r  dbg_hub/inst/BSCANID.u_xsdbm_id/SWITCH_N_EXT_BSCAN.bscan_inst/SERIES7_BSCAN.bscan_inst/INTERNAL_TCK
    CONFIG_SITE_X0Y0     BSCANE2 (Prop_BSCAN1_CONFIG_SITE_INTERNAL_TCK_TCK)
                                                      0.465    50.465 r  dbg_hub/inst/BSCANID.u_xsdbm_id/SWITCH_N_EXT_BSCAN.bscan_inst/SERIES7_BSCAN.bscan_inst/TCK
                         net (fo=1, routed)           0.603    51.068    dbg_hub/inst/BSCANID.u_xsdbm_id/tck_bs
    BUFGCE_X0Y50         BUFGCE (Prop_BUFCE_BUFGCE_I_O)
                                                      0.017    51.085 r  dbg_hub/inst/BSCANID.u_xsdbm_id/SWITCH_N_EXT_BSCAN.u_bufg_icon_tck/O
    X2Y1 (CLOCK_ROOT)    net (fo=490, routed)         0.986    52.071    dbg_hub/inst/BSCANID.u_xsdbm_id/itck_i
    SLICE_X52Y165        FDRE                                         r  dbg_hub/inst/BSCANID.u_xsdbm_id/SWITCH_N_EXT_BSCAN.bscanid_reg[2]/C
                         clock pessimism              0.000    52.071    
                         clock uncertainty           -0.235    51.836    
    SLICE_X52Y165        FDRE (Setup_CFF_SLICEL_C_D)
                                                      0.023    51.859    dbg_hub/inst/BSCANID.u_xsdbm_id/SWITCH_N_EXT_BSCAN.bscanid_reg[2]
  -------------------------------------------------------------------
                         required time                         51.859    
                         arrival time                         -31.490    
  -------------------------------------------------------------------
                         slack                                 20.369    

Slack (MET) :             20.378ns  (required time - arrival time)
  Source:                 dbg_hub/inst/BSCANID.u_xsdbm_id/SWITCH_N_EXT_BSCAN.bscan_inst/SERIES7_BSCAN.bscan_inst/INTERNAL_TCK
                            (falling edge-triggered cell BSCANE2 clocked by dbg_hub/inst/BSCANID.u_xsdbm_id/SWITCH_N_EXT_BSCAN.bscan_inst/SERIES7_BSCAN.bscan_inst/INTERNAL_TCK  {rise@0.000ns fall@25.000ns period=50.000ns})
  Destination:            dbg_hub/inst/BSCANID.u_xsdbm_id/SWITCH_N_EXT_BSCAN.bscanid_reg[12]/D
                            (rising edge-triggered cell FDRE clocked by dbg_hub/inst/BSCANID.u_xsdbm_id/SWITCH_N_EXT_BSCAN.bscan_inst/SERIES7_BSCAN.bscan_inst/INTERNAL_TCK  {rise@0.000ns fall@25.000ns period=50.000ns})
  Path Group:             dbg_hub/inst/BSCANID.u_xsdbm_id/SWITCH_N_EXT_BSCAN.bscan_inst/SERIES7_BSCAN.bscan_inst/INTERNAL_TCK
  Path Type:              Setup (Max at Fast Process Corner)
  Requirement:            25.000ns  (dbg_hub/inst/BSCANID.u_xsdbm_id/SWITCH_N_EXT_BSCAN.bscan_inst/SERIES7_BSCAN.bscan_inst/INTERNAL_TCK rise@50.000ns - dbg_hub/inst/BSCANID.u_xsdbm_id/SWITCH_N_EXT_BSCAN.bscan_inst/SERIES7_BSCAN.bscan_inst/INTERNAL_TCK fall@25.000ns)
  Data Path Delay:        6.484ns  (logic 5.237ns (80.768%)  route 1.247ns (19.232%))
  Logic Levels:           2  (LUT4=1 LUT5=1)
  Clock Path Skew:        2.074ns (DCD - SCD + CPR)
    Destination Clock Delay (DCD):    2.074ns = ( 52.074 - 50.000 ) 
    Source Clock Delay      (SCD):    0.000ns = ( 25.000 - 25.000 ) 
    Clock Pessimism Removal (CPR):    0.000ns
  Clock Uncertainty:      0.235ns  ((TSJ^2 + TIJ^2)^1/2 + DJ) / 2 + PE + DCD
    Total System Jitter     (TSJ):    0.071ns
    Total Input Jitter      (TIJ):    0.000ns
    Discrete Jitter          (DJ):    0.000ns
    Phase Error              (PE):    0.000ns
    Duty Cycle Distortion   (DCD):    0.200ns
  Clock Net Delay (Destination): 0.989ns (routing 0.483ns, distribution 0.506ns)

    Location             Delay type                Incr(ns)  Path(ns)    Netlist Resource(s)
  -------------------------------------------------------------------    -------------------
                         (clock dbg_hub/inst/BSCANID.u_xsdbm_id/SWITCH_N_EXT_BSCAN.bscan_inst/SERIES7_BSCAN.bscan_inst/INTERNAL_TCK fall edge)
                                                     25.000    25.000 f  
    CONFIG_SITE_X0Y0     BSCANE2                      0.000    25.000 f  dbg_hub/inst/BSCANID.u_xsdbm_id/SWITCH_N_EXT_BSCAN.bscan_inst/SERIES7_BSCAN.bscan_inst/INTERNAL_TCK
  -------------------------------------------------------------------    -------------------
    CONFIG_SITE_X0Y0     BSCANE2 (Prop_BSCAN1_CONFIG_SITE_INTERNAL_TCK_SHIFT)
                                                      5.100    30.100 r  dbg_hub/inst/BSCANID.u_xsdbm_id/SWITCH_N_EXT_BSCAN.bscan_inst/SERIES7_BSCAN.bscan_inst/SHIFT
                         net (fo=36, routed)          0.716    30.816    dbg_hub/inst/BSCANID.u_xsdbm_id/SWITCH_N_EXT_BSCAN.bscan_switch/s_bscan_shift
    SLICE_X48Y166        LUT5 (Prop_B6LUT_SLICEL_I0_O)
                                                      0.061    30.877 r  dbg_hub/inst/BSCANID.u_xsdbm_id/SWITCH_N_EXT_BSCAN.bscan_switch/m_bscan_bscanid_en_INST_0/O
                         net (fo=35, routed)          0.483    31.360    dbg_hub/inst/BSCANID.u_xsdbm_id/bscanid_en_int
    SLICE_X52Y164        LUT4 (Prop_F6LUT_SLICEL_I2_O)
                                                      0.076    31.436 r  dbg_hub/inst/BSCANID.u_xsdbm_id/SWITCH_N_EXT_BSCAN.bscanid[12]_i_1/O
                         net (fo=1, routed)           0.048    31.484    dbg_hub/inst/BSCANID.u_xsdbm_id/p_2_in[12]
    SLICE_X52Y164        FDRE                                         r  dbg_hub/inst/BSCANID.u_xsdbm_id/SWITCH_N_EXT_BSCAN.bscanid_reg[12]/D
  -------------------------------------------------------------------    -------------------

                         (clock dbg_hub/inst/BSCANID.u_xsdbm_id/SWITCH_N_EXT_BSCAN.bscan_inst/SERIES7_BSCAN.bscan_inst/INTERNAL_TCK rise edge)
                                                     50.000    50.000 r  
    CONFIG_SITE_X0Y0     BSCANE2                      0.000    50.000 r  dbg_hub/inst/BSCANID.u_xsdbm_id/SWITCH_N_EXT_BSCAN.bscan_inst/SERIES7_BSCAN.bscan_inst/INTERNAL_TCK
    CONFIG_SITE_X0Y0     BSCANE2 (Prop_BSCAN1_CONFIG_SITE_INTERNAL_TCK_TCK)
                                                      0.465    50.465 r  dbg_hub/inst/BSCANID.u_xsdbm_id/SWITCH_N_EXT_BSCAN.bscan_inst/SERIES7_BSCAN.bscan_inst/TCK
                         net (fo=1, routed)           0.603    51.068    dbg_hub/inst/BSCANID.u_xsdbm_id/tck_bs
    BUFGCE_X0Y50         BUFGCE (Prop_BUFCE_BUFGCE_I_O)
                                                      0.017    51.085 r  dbg_hub/inst/BSCANID.u_xsdbm_id/SWITCH_N_EXT_BSCAN.u_bufg_icon_tck/O
    X2Y1 (CLOCK_ROOT)    net (fo=490, routed)         0.989    52.074    dbg_hub/inst/BSCANID.u_xsdbm_id/itck_i
    SLICE_X52Y164        FDRE                                         r  dbg_hub/inst/BSCANID.u_xsdbm_id/SWITCH_N_EXT_BSCAN.bscanid_reg[12]/C
                         clock pessimism              0.000    52.074    
                         clock uncertainty           -0.235    51.839    
    SLICE_X52Y164        FDRE (Setup_FFF_SLICEL_C_D)
                                                      0.023    51.862    dbg_hub/inst/BSCANID.u_xsdbm_id/SWITCH_N_EXT_BSCAN.bscanid_reg[12]
  -------------------------------------------------------------------
                         required time                         51.862    
                         arrival time                         -31.484    
  -------------------------------------------------------------------
                         slack                                 20.378    

Slack (MET) :             20.384ns  (required time - arrival time)
  Source:                 dbg_hub/inst/BSCANID.u_xsdbm_id/SWITCH_N_EXT_BSCAN.bscan_inst/SERIES7_BSCAN.bscan_inst/INTERNAL_TCK
                            (falling edge-triggered cell BSCANE2 clocked by dbg_hub/inst/BSCANID.u_xsdbm_id/SWITCH_N_EXT_BSCAN.bscan_inst/SERIES7_BSCAN.bscan_inst/INTERNAL_TCK  {rise@0.000ns fall@25.000ns period=50.000ns})
  Destination:            dbg_hub/inst/BSCANID.u_xsdbm_id/SWITCH_N_EXT_BSCAN.bscan_switch/temp_curid_reg[31]/D
                            (rising edge-triggered cell FDRE clocked by dbg_hub/inst/BSCANID.u_xsdbm_id/SWITCH_N_EXT_BSCAN.bscan_inst/SERIES7_BSCAN.bscan_inst/INTERNAL_TCK  {rise@0.000ns fall@25.000ns period=50.000ns})
  Path Group:             dbg_hub/inst/BSCANID.u_xsdbm_id/SWITCH_N_EXT_BSCAN.bscan_inst/SERIES7_BSCAN.bscan_inst/INTERNAL_TCK
  Path Type:              Setup (Max at Slow Process Corner)
  Requirement:            25.000ns  (dbg_hub/inst/BSCANID.u_xsdbm_id/SWITCH_N_EXT_BSCAN.bscan_inst/SERIES7_BSCAN.bscan_inst/INTERNAL_TCK rise@50.000ns - dbg_hub/inst/BSCANID.u_xsdbm_id/SWITCH_N_EXT_BSCAN.bscan_inst/SERIES7_BSCAN.bscan_inst/INTERNAL_TCK fall@25.000ns)
  Data Path Delay:        7.291ns  (logic 5.314ns (72.884%)  route 1.977ns (27.116%))
  Logic Levels:           2  (LUT3=1 LUT5=1)
  Clock Path Skew:        2.885ns (DCD - SCD + CPR)
    Destination Clock Delay (DCD):    2.885ns = ( 52.885 - 50.000 ) 
    Source Clock Delay      (SCD):    0.000ns = ( 25.000 - 25.000 ) 
    Clock Pessimism Removal (CPR):    0.000ns
  Clock Uncertainty:      0.235ns  ((TSJ^2 + TIJ^2)^1/2 + DJ) / 2 + PE + DCD
    Total System Jitter     (TSJ):    0.071ns
    Total Input Jitter      (TIJ):    0.000ns
    Discrete Jitter          (DJ):    0.000ns
    Phase Error              (PE):    0.000ns
    Duty Cycle Distortion   (DCD):    0.200ns
  Clock Net Delay (Destination): 1.588ns (routing 0.798ns, distribution 0.790ns)

    Location             Delay type                Incr(ns)  Path(ns)    Netlist Resource(s)
  -------------------------------------------------------------------    -------------------
                         (clock dbg_hub/inst/BSCANID.u_xsdbm_id/SWITCH_N_EXT_BSCAN.bscan_inst/SERIES7_BSCAN.bscan_inst/INTERNAL_TCK fall edge)
                                                     25.000    25.000 f  
    CONFIG_SITE_X0Y0     BSCANE2                      0.000    25.000 f  dbg_hub/inst/BSCANID.u_xsdbm_id/SWITCH_N_EXT_BSCAN.bscan_inst/SERIES7_BSCAN.bscan_inst/INTERNAL_TCK
  -------------------------------------------------------------------    -------------------
    CONFIG_SITE_X0Y0     BSCANE2 (Prop_BSCAN1_CONFIG_SITE_INTERNAL_TCK_CAPTURE)
                                                      5.100    30.100 r  dbg_hub/inst/BSCANID.u_xsdbm_id/SWITCH_N_EXT_BSCAN.bscan_inst/SERIES7_BSCAN.bscan_inst/CAPTURE
                         net (fo=35, routed)          1.030    31.130    dbg_hub/inst/BSCANID.u_xsdbm_id/SWITCH_N_EXT_BSCAN.bscan_switch/s_bscan_capture
    SLICE_X48Y166        LUT5 (Prop_B6LUT_SLICEL_I1_O)
                                                      0.124    31.254 r  dbg_hub/inst/BSCANID.u_xsdbm_id/SWITCH_N_EXT_BSCAN.bscan_switch/m_bscan_bscanid_en_INST_0/O
                         net (fo=35, routed)          0.681    31.935    dbg_hub/inst/BSCANID.u_xsdbm_id/bscanid_en_int
    SLICE_X52Y165        LUT3 (Prop_E6LUT_SLICEL_I1_O)
                                                      0.090    32.025 r  dbg_hub/inst/BSCANID.u_xsdbm_id/SWITCH_N_EXT_BSCAN.bscan_switch_i_1/O
                         net (fo=2, routed)           0.266    32.291    dbg_hub/inst/BSCANID.u_xsdbm_id/SWITCH_N_EXT_BSCAN.bscan_switch/m_bscan_tdo[0]
    SLICE_X51Y167        FDRE                                         r  dbg_hub/inst/BSCANID.u_xsdbm_id/SWITCH_N_EXT_BSCAN.bscan_switch/temp_curid_reg[31]/D
  -------------------------------------------------------------------    -------------------

                         (clock dbg_hub/inst/BSCANID.u_xsdbm_id/SWITCH_N_EXT_BSCAN.bscan_inst/SERIES7_BSCAN.bscan_inst/INTERNAL_TCK rise edge)
                                                     50.000    50.000 r  
    CONFIG_SITE_X0Y0     BSCANE2                      0.000    50.000 r  dbg_hub/inst/BSCANID.u_xsdbm_id/SWITCH_N_EXT_BSCAN.bscan_inst/SERIES7_BSCAN.bscan_inst/INTERNAL_TCK
    CONFIG_SITE_X0Y0     BSCANE2 (Prop_BSCAN1_CONFIG_SITE_INTERNAL_TCK_TCK)
                                                      0.465    50.465 r  dbg_hub/inst/BSCANID.u_xsdbm_id/SWITCH_N_EXT_BSCAN.bscan_inst/SERIES7_BSCAN.bscan_inst/TCK
                         net (fo=1, routed)           0.808    51.273    dbg_hub/inst/BSCANID.u_xsdbm_id/tck_bs
    BUFGCE_X0Y50         BUFGCE (Prop_BUFCE_BUFGCE_I_O)
                                                      0.024    51.297 r  dbg_hub/inst/BSCANID.u_xsdbm_id/SWITCH_N_EXT_BSCAN.u_bufg_icon_tck/O
    X2Y1 (CLOCK_ROOT)    net (fo=490, routed)         1.588    52.885    dbg_hub/inst/BSCANID.u_xsdbm_id/SWITCH_N_EXT_BSCAN.bscan_switch/s_bscan_tck
    SLICE_X51Y167        FDRE                                         r  dbg_hub/inst/BSCANID.u_xsdbm_id/SWITCH_N_EXT_BSCAN.bscan_switch/temp_curid_reg[31]/C
                         clock pessimism              0.000    52.885    
                         clock uncertainty           -0.235    52.650    
    SLICE_X51Y167        FDRE (Setup_EFF_SLICEL_C_D)
                                                      0.025    52.675    dbg_hub/inst/BSCANID.u_xsdbm_id/SWITCH_N_EXT_BSCAN.bscan_switch/temp_curid_reg[31]
  -------------------------------------------------------------------
                         required time                         52.675    
                         arrival time                         -32.291    
  -------------------------------------------------------------------
                         slack                                 20.384    

Slack (MET) :             20.386ns  (required time - arrival time)
  Source:                 dbg_hub/inst/BSCANID.u_xsdbm_id/SWITCH_N_EXT_BSCAN.bscan_inst/SERIES7_BSCAN.bscan_inst/INTERNAL_TCK
                            (falling edge-triggered cell BSCANE2 clocked by dbg_hub/inst/BSCANID.u_xsdbm_id/SWITCH_N_EXT_BSCAN.bscan_inst/SERIES7_BSCAN.bscan_inst/INTERNAL_TCK  {rise@0.000ns fall@25.000ns period=50.000ns})
  Destination:            dbg_hub/inst/BSCANID.u_xsdbm_id/SWITCH_N_EXT_BSCAN.bscanid_reg[9]/D
                            (rising edge-triggered cell FDSE clocked by dbg_hub/inst/BSCANID.u_xsdbm_id/SWITCH_N_EXT_BSCAN.bscan_inst/SERIES7_BSCAN.bscan_inst/INTERNAL_TCK  {rise@0.000ns fall@25.000ns period=50.000ns})
  Path Group:             dbg_hub/inst/BSCANID.u_xsdbm_id/SWITCH_N_EXT_BSCAN.bscan_inst/SERIES7_BSCAN.bscan_inst/INTERNAL_TCK
  Path Type:              Setup (Max at Fast Process Corner)
  Requirement:            25.000ns  (dbg_hub/inst/BSCANID.u_xsdbm_id/SWITCH_N_EXT_BSCAN.bscan_inst/SERIES7_BSCAN.bscan_inst/INTERNAL_TCK rise@50.000ns - dbg_hub/inst/BSCANID.u_xsdbm_id/SWITCH_N_EXT_BSCAN.bscan_inst/SERIES7_BSCAN.bscan_inst/INTERNAL_TCK fall@25.000ns)
  Data Path Delay:        6.473ns  (logic 5.254ns (81.168%)  route 1.219ns (18.832%))
  Logic Levels:           2  (LUT4=1 LUT5=1)
  Clock Path Skew:        2.071ns (DCD - SCD + CPR)
    Destination Clock Delay (DCD):    2.071ns = ( 52.071 - 50.000 ) 
    Source Clock Delay      (SCD):    0.000ns = ( 25.000 - 25.000 ) 
    Clock Pessimism Removal (CPR):    0.000ns
  Clock Uncertainty:      0.235ns  ((TSJ^2 + TIJ^2)^1/2 + DJ) / 2 + PE + DCD
    Total System Jitter     (TSJ):    0.071ns
    Total Input Jitter      (TIJ):    0.000ns
    Discrete Jitter          (DJ):    0.000ns
    Phase Error              (PE):    0.000ns
    Duty Cycle Distortion   (DCD):    0.200ns
  Clock Net Delay (Destination): 0.986ns (routing 0.483ns, distribution 0.503ns)

    Location             Delay type                Incr(ns)  Path(ns)    Netlist Resource(s)
  -------------------------------------------------------------------    -------------------
                         (clock dbg_hub/inst/BSCANID.u_xsdbm_id/SWITCH_N_EXT_BSCAN.bscan_inst/SERIES7_BSCAN.bscan_inst/INTERNAL_TCK fall edge)
                                                     25.000    25.000 f  
    CONFIG_SITE_X0Y0     BSCANE2                      0.000    25.000 f  dbg_hub/inst/BSCANID.u_xsdbm_id/SWITCH_N_EXT_BSCAN.bscan_inst/SERIES7_BSCAN.bscan_inst/INTERNAL_TCK
  -------------------------------------------------------------------    -------------------
    CONFIG_SITE_X0Y0     BSCANE2 (Prop_BSCAN1_CONFIG_SITE_INTERNAL_TCK_SHIFT)
                                                      5.100    30.100 r  dbg_hub/inst/BSCANID.u_xsdbm_id/SWITCH_N_EXT_BSCAN.bscan_inst/SERIES7_BSCAN.bscan_inst/SHIFT
                         net (fo=36, routed)          0.716    30.816    dbg_hub/inst/BSCANID.u_xsdbm_id/SWITCH_N_EXT_BSCAN.bscan_switch/s_bscan_shift
    SLICE_X48Y166        LUT5 (Prop_B6LUT_SLICEL_I0_O)
                                                      0.061    30.877 r  dbg_hub/inst/BSCANID.u_xsdbm_id/SWITCH_N_EXT_BSCAN.bscan_switch/m_bscan_bscanid_en_INST_0/O
                         net (fo=35, routed)          0.457    31.334    dbg_hub/inst/BSCANID.u_xsdbm_id/bscanid_en_int
    SLICE_X52Y164        LUT4 (Prop_A6LUT_SLICEL_I1_O)
                                                      0.093    31.427 r  dbg_hub/inst/BSCANID.u_xsdbm_id/SWITCH_N_EXT_BSCAN.bscanid[9]_i_1/O
                         net (fo=1, routed)           0.046    31.473    dbg_hub/inst/BSCANID.u_xsdbm_id/p_2_in[9]
    SLICE_X52Y164        FDSE                                         r  dbg_hub/inst/BSCANID.u_xsdbm_id/SWITCH_N_EXT_BSCAN.bscanid_reg[9]/D
  -------------------------------------------------------------------    -------------------

                         (clock dbg_hub/inst/BSCANID.u_xsdbm_id/SWITCH_N_EXT_BSCAN.bscan_inst/SERIES7_BSCAN.bscan_inst/INTERNAL_TCK rise edge)
                                                     50.000    50.000 r  
    CONFIG_SITE_X0Y0     BSCANE2                      0.000    50.000 r  dbg_hub/inst/BSCANID.u_xsdbm_id/SWITCH_N_EXT_BSCAN.bscan_inst/SERIES7_BSCAN.bscan_inst/INTERNAL_TCK
    CONFIG_SITE_X0Y0     BSCANE2 (Prop_BSCAN1_CONFIG_SITE_INTERNAL_TCK_TCK)
                                                      0.465    50.465 r  dbg_hub/inst/BSCANID.u_xsdbm_id/SWITCH_N_EXT_BSCAN.bscan_inst/SERIES7_BSCAN.bscan_inst/TCK
                         net (fo=1, routed)           0.603    51.068    dbg_hub/inst/BSCANID.u_xsdbm_id/tck_bs
    BUFGCE_X0Y50         BUFGCE (Prop_BUFCE_BUFGCE_I_O)
                                                      0.017    51.085 r  dbg_hub/inst/BSCANID.u_xsdbm_id/SWITCH_N_EXT_BSCAN.u_bufg_icon_tck/O
    X2Y1 (CLOCK_ROOT)    net (fo=490, routed)         0.986    52.071    dbg_hub/inst/BSCANID.u_xsdbm_id/itck_i
    SLICE_X52Y164        FDSE                                         r  dbg_hub/inst/BSCANID.u_xsdbm_id/SWITCH_N_EXT_BSCAN.bscanid_reg[9]/C
                         clock pessimism              0.000    52.071    
                         clock uncertainty           -0.235    51.836    
    SLICE_X52Y164        FDSE (Setup_AFF_SLICEL_C_D)
                                                      0.023    51.859    dbg_hub/inst/BSCANID.u_xsdbm_id/SWITCH_N_EXT_BSCAN.bscanid_reg[9]
  -------------------------------------------------------------------
                         required time                         51.859    
                         arrival time                         -31.473    
  -------------------------------------------------------------------
                         slack                                 20.386    

Slack (MET) :             20.397ns  (required time - arrival time)
  Source:                 dbg_hub/inst/BSCANID.u_xsdbm_id/SWITCH_N_EXT_BSCAN.bscan_inst/SERIES7_BSCAN.bscan_inst/INTERNAL_TCK
                            (falling edge-triggered cell BSCANE2 clocked by dbg_hub/inst/BSCANID.u_xsdbm_id/SWITCH_N_EXT_BSCAN.bscan_inst/SERIES7_BSCAN.bscan_inst/INTERNAL_TCK  {rise@0.000ns fall@25.000ns period=50.000ns})
  Destination:            dbg_hub/inst/BSCANID.u_xsdbm_id/SWITCH_N_EXT_BSCAN.bscanid_reg[8]/D
                            (rising edge-triggered cell FDRE clocked by dbg_hub/inst/BSCANID.u_xsdbm_id/SWITCH_N_EXT_BSCAN.bscan_inst/SERIES7_BSCAN.bscan_inst/INTERNAL_TCK  {rise@0.000ns fall@25.000ns period=50.000ns})
  Path Group:             dbg_hub/inst/BSCANID.u_xsdbm_id/SWITCH_N_EXT_BSCAN.bscan_inst/SERIES7_BSCAN.bscan_inst/INTERNAL_TCK
  Path Type:              Setup (Max at Fast Process Corner)
  Requirement:            25.000ns  (dbg_hub/inst/BSCANID.u_xsdbm_id/SWITCH_N_EXT_BSCAN.bscan_inst/SERIES7_BSCAN.bscan_inst/INTERNAL_TCK rise@50.000ns - dbg_hub/inst/BSCANID.u_xsdbm_id/SWITCH_N_EXT_BSCAN.bscan_inst/SERIES7_BSCAN.bscan_inst/INTERNAL_TCK fall@25.000ns)
  Data Path Delay:        6.462ns  (logic 5.222ns (80.811%)  route 1.240ns (19.189%))
  Logic Levels:           2  (LUT4=1 LUT5=1)
  Clock Path Skew:        2.071ns (DCD - SCD + CPR)
    Destination Clock Delay (DCD):    2.071ns = ( 52.071 - 50.000 ) 
    Source Clock Delay      (SCD):    0.000ns = ( 25.000 - 25.000 ) 
    Clock Pessimism Removal (CPR):    0.000ns
  Clock Uncertainty:      0.235ns  ((TSJ^2 + TIJ^2)^1/2 + DJ) / 2 + PE + DCD
    Total System Jitter     (TSJ):    0.071ns
    Total Input Jitter      (TIJ):    0.000ns
    Discrete Jitter          (DJ):    0.000ns
    Phase Error              (PE):    0.000ns
    Duty Cycle Distortion   (DCD):    0.200ns
  Clock Net Delay (Destination): 0.986ns (routing 0.483ns, distribution 0.503ns)

    Location             Delay type                Incr(ns)  Path(ns)    Netlist Resource(s)
  -------------------------------------------------------------------    -------------------
                         (clock dbg_hub/inst/BSCANID.u_xsdbm_id/SWITCH_N_EXT_BSCAN.bscan_inst/SERIES7_BSCAN.bscan_inst/INTERNAL_TCK fall edge)
                                                     25.000    25.000 f  
    CONFIG_SITE_X0Y0     BSCANE2                      0.000    25.000 f  dbg_hub/inst/BSCANID.u_xsdbm_id/SWITCH_N_EXT_BSCAN.bscan_inst/SERIES7_BSCAN.bscan_inst/INTERNAL_TCK
  -------------------------------------------------------------------    -------------------
    CONFIG_SITE_X0Y0     BSCANE2 (Prop_BSCAN1_CONFIG_SITE_INTERNAL_TCK_SHIFT)
                                                      5.100    30.100 r  dbg_hub/inst/BSCANID.u_xsdbm_id/SWITCH_N_EXT_BSCAN.bscan_inst/SERIES7_BSCAN.bscan_inst/SHIFT
                         net (fo=36, routed)          0.716    30.816    dbg_hub/inst/BSCANID.u_xsdbm_id/SWITCH_N_EXT_BSCAN.bscan_switch/s_bscan_shift
    SLICE_X48Y166        LUT5 (Prop_B6LUT_SLICEL_I0_O)
                                                      0.061    30.877 r  dbg_hub/inst/BSCANID.u_xsdbm_id/SWITCH_N_EXT_BSCAN.bscan_switch/m_bscan_bscanid_en_INST_0/O
                         net (fo=35, routed)          0.478    31.355    dbg_hub/inst/BSCANID.u_xsdbm_id/bscanid_en_int
    SLICE_X52Y164        LUT4 (Prop_B6LUT_SLICEL_I2_O)
                                                      0.061    31.416 r  dbg_hub/inst/BSCANID.u_xsdbm_id/SWITCH_N_EXT_BSCAN.bscanid[8]_i_1/O
                         net (fo=1, routed)           0.046    31.462    dbg_hub/inst/BSCANID.u_xsdbm_id/p_2_in[8]
    SLICE_X52Y164        FDRE                                         r  dbg_hub/inst/BSCANID.u_xsdbm_id/SWITCH_N_EXT_BSCAN.bscanid_reg[8]/D
  -------------------------------------------------------------------    -------------------

                         (clock dbg_hub/inst/BSCANID.u_xsdbm_id/SWITCH_N_EXT_BSCAN.bscan_inst/SERIES7_BSCAN.bscan_inst/INTERNAL_TCK rise edge)
                                                     50.000    50.000 r  
    CONFIG_SITE_X0Y0     BSCANE2                      0.000    50.000 r  dbg_hub/inst/BSCANID.u_xsdbm_id/SWITCH_N_EXT_BSCAN.bscan_inst/SERIES7_BSCAN.bscan_inst/INTERNAL_TCK
    CONFIG_SITE_X0Y0     BSCANE2 (Prop_BSCAN1_CONFIG_SITE_INTERNAL_TCK_TCK)
                                                      0.465    50.465 r  dbg_hub/inst/BSCANID.u_xsdbm_id/SWITCH_N_EXT_BSCAN.bscan_inst/SERIES7_BSCAN.bscan_inst/TCK
                         net (fo=1, routed)           0.603    51.068    dbg_hub/inst/BSCANID.u_xsdbm_id/tck_bs
    BUFGCE_X0Y50         BUFGCE (Prop_BUFCE_BUFGCE_I_O)
                                                      0.017    51.085 r  dbg_hub/inst/BSCANID.u_xsdbm_id/SWITCH_N_EXT_BSCAN.u_bufg_icon_tck/O
    X2Y1 (CLOCK_ROOT)    net (fo=490, routed)         0.986    52.071    dbg_hub/inst/BSCANID.u_xsdbm_id/itck_i
    SLICE_X52Y164        FDRE                                         r  dbg_hub/inst/BSCANID.u_xsdbm_id/SWITCH_N_EXT_BSCAN.bscanid_reg[8]/C
                         clock pessimism              0.000    52.071    
                         clock uncertainty           -0.235    51.836    
    SLICE_X52Y164        FDRE (Setup_BFF_SLICEL_C_D)
                                                      0.023    51.859    dbg_hub/inst/BSCANID.u_xsdbm_id/SWITCH_N_EXT_BSCAN.bscanid_reg[8]
  -------------------------------------------------------------------
                         required time                         51.859    
                         arrival time                         -31.462    
  -------------------------------------------------------------------
                         slack                                 20.397    

Slack (MET) :             20.406ns  (required time - arrival time)
  Source:                 dbg_hub/inst/BSCANID.u_xsdbm_id/SWITCH_N_EXT_BSCAN.bscan_inst/SERIES7_BSCAN.bscan_inst/INTERNAL_TCK
                            (falling edge-triggered cell BSCANE2 clocked by dbg_hub/inst/BSCANID.u_xsdbm_id/SWITCH_N_EXT_BSCAN.bscan_inst/SERIES7_BSCAN.bscan_inst/INTERNAL_TCK  {rise@0.000ns fall@25.000ns period=50.000ns})
  Destination:            dbg_hub/inst/BSCANID.u_xsdbm_id/SWITCH_N_EXT_BSCAN.bscanid_reg[1]/D
                            (rising edge-triggered cell FDRE clocked by dbg_hub/inst/BSCANID.u_xsdbm_id/SWITCH_N_EXT_BSCAN.bscan_inst/SERIES7_BSCAN.bscan_inst/INTERNAL_TCK  {rise@0.000ns fall@25.000ns period=50.000ns})
  Path Group:             dbg_hub/inst/BSCANID.u_xsdbm_id/SWITCH_N_EXT_BSCAN.bscan_inst/SERIES7_BSCAN.bscan_inst/INTERNAL_TCK
  Path Type:              Setup (Max at Fast Process Corner)
  Requirement:            25.000ns  (dbg_hub/inst/BSCANID.u_xsdbm_id/SWITCH_N_EXT_BSCAN.bscan_inst/SERIES7_BSCAN.bscan_inst/INTERNAL_TCK rise@50.000ns - dbg_hub/inst/BSCANID.u_xsdbm_id/SWITCH_N_EXT_BSCAN.bscan_inst/SERIES7_BSCAN.bscan_inst/INTERNAL_TCK fall@25.000ns)
  Data Path Delay:        6.453ns  (logic 5.195ns (80.505%)  route 1.258ns (19.495%))
  Logic Levels:           2  (LUT4=1 LUT5=1)
  Clock Path Skew:        2.071ns (DCD - SCD + CPR)
    Destination Clock Delay (DCD):    2.071ns = ( 52.071 - 50.000 ) 
    Source Clock Delay      (SCD):    0.000ns = ( 25.000 - 25.000 ) 
    Clock Pessimism Removal (CPR):    0.000ns
  Clock Uncertainty:      0.235ns  ((TSJ^2 + TIJ^2)^1/2 + DJ) / 2 + PE + DCD
    Total System Jitter     (TSJ):    0.071ns
    Total Input Jitter      (TIJ):    0.000ns
    Discrete Jitter          (DJ):    0.000ns
    Phase Error              (PE):    0.000ns
    Duty Cycle Distortion   (DCD):    0.200ns
  Clock Net Delay (Destination): 0.986ns (routing 0.483ns, distribution 0.503ns)

    Location             Delay type                Incr(ns)  Path(ns)    Netlist Resource(s)
  -------------------------------------------------------------------    -------------------
                         (clock dbg_hub/inst/BSCANID.u_xsdbm_id/SWITCH_N_EXT_BSCAN.bscan_inst/SERIES7_BSCAN.bscan_inst/INTERNAL_TCK fall edge)
                                                     25.000    25.000 f  
    CONFIG_SITE_X0Y0     BSCANE2                      0.000    25.000 f  dbg_hub/inst/BSCANID.u_xsdbm_id/SWITCH_N_EXT_BSCAN.bscan_inst/SERIES7_BSCAN.bscan_inst/INTERNAL_TCK
  -------------------------------------------------------------------    -------------------
    CONFIG_SITE_X0Y0     BSCANE2 (Prop_BSCAN1_CONFIG_SITE_INTERNAL_TCK_SHIFT)
                                                      5.100    30.100 r  dbg_hub/inst/BSCANID.u_xsdbm_id/SWITCH_N_EXT_BSCAN.bscan_inst/SERIES7_BSCAN.bscan_inst/SHIFT
                         net (fo=36, routed)          0.716    30.816    dbg_hub/inst/BSCANID.u_xsdbm_id/SWITCH_N_EXT_BSCAN.bscan_switch/s_bscan_shift
    SLICE_X48Y166        LUT5 (Prop_B6LUT_SLICEL_I0_O)
                                                      0.061    30.877 r  dbg_hub/inst/BSCANID.u_xsdbm_id/SWITCH_N_EXT_BSCAN.bscan_switch/m_bscan_bscanid_en_INST_0/O
                         net (fo=35, routed)          0.496    31.373    dbg_hub/inst/BSCANID.u_xsdbm_id/bscanid_en_int
    SLICE_X52Y165        LUT4 (Prop_D6LUT_SLICEL_I2_O)
                                                      0.034    31.407 r  dbg_hub/inst/BSCANID.u_xsdbm_id/SWITCH_N_EXT_BSCAN.bscanid[1]_i_1/O
                         net (fo=1, routed)           0.046    31.453    dbg_hub/inst/BSCANID.u_xsdbm_id/p_2_in[1]
    SLICE_X52Y165        FDRE                                         r  dbg_hub/inst/BSCANID.u_xsdbm_id/SWITCH_N_EXT_BSCAN.bscanid_reg[1]/D
  -------------------------------------------------------------------    -------------------

                         (clock dbg_hub/inst/BSCANID.u_xsdbm_id/SWITCH_N_EXT_BSCAN.bscan_inst/SERIES7_BSCAN.bscan_inst/INTERNAL_TCK rise edge)
                                                     50.000    50.000 r  
    CONFIG_SITE_X0Y0     BSCANE2                      0.000    50.000 r  dbg_hub/inst/BSCANID.u_xsdbm_id/SWITCH_N_EXT_BSCAN.bscan_inst/SERIES7_BSCAN.bscan_inst/INTERNAL_TCK
    CONFIG_SITE_X0Y0     BSCANE2 (Prop_BSCAN1_CONFIG_SITE_INTERNAL_TCK_TCK)
                                                      0.465    50.465 r  dbg_hub/inst/BSCANID.u_xsdbm_id/SWITCH_N_EXT_BSCAN.bscan_inst/SERIES7_BSCAN.bscan_inst/TCK
                         net (fo=1, routed)           0.603    51.068    dbg_hub/inst/BSCANID.u_xsdbm_id/tck_bs
    BUFGCE_X0Y50         BUFGCE (Prop_BUFCE_BUFGCE_I_O)
                                                      0.017    51.085 r  dbg_hub/inst/BSCANID.u_xsdbm_id/SWITCH_N_EXT_BSCAN.u_bufg_icon_tck/O
    X2Y1 (CLOCK_ROOT)    net (fo=490, routed)         0.986    52.071    dbg_hub/inst/BSCANID.u_xsdbm_id/itck_i
    SLICE_X52Y165        FDRE                                         r  dbg_hub/inst/BSCANID.u_xsdbm_id/SWITCH_N_EXT_BSCAN.bscanid_reg[1]/C
                         clock pessimism              0.000    52.071    
                         clock uncertainty           -0.235    51.836    
    SLICE_X52Y165        FDRE (Setup_DFF_SLICEL_C_D)
                                                      0.023    51.859    dbg_hub/inst/BSCANID.u_xsdbm_id/SWITCH_N_EXT_BSCAN.bscanid_reg[1]
  -------------------------------------------------------------------
                         required time                         51.859    
                         arrival time                         -31.453    
  -------------------------------------------------------------------
                         slack                                 20.406    

Slack (MET) :             20.418ns  (required time - arrival time)
  Source:                 dbg_hub/inst/BSCANID.u_xsdbm_id/SWITCH_N_EXT_BSCAN.bscan_inst/SERIES7_BSCAN.bscan_inst/INTERNAL_TCK
                            (falling edge-triggered cell BSCANE2 clocked by dbg_hub/inst/BSCANID.u_xsdbm_id/SWITCH_N_EXT_BSCAN.bscan_inst/SERIES7_BSCAN.bscan_inst/INTERNAL_TCK  {rise@0.000ns fall@25.000ns period=50.000ns})
  Destination:            dbg_hub/inst/BSCANID.u_xsdbm_id/SWITCH_N_EXT_BSCAN.id_state_reg[0]/D
                            (rising edge-triggered cell FDRE clocked by dbg_hub/inst/BSCANID.u_xsdbm_id/SWITCH_N_EXT_BSCAN.bscan_inst/SERIES7_BSCAN.bscan_inst/INTERNAL_TCK  {rise@0.000ns fall@25.000ns period=50.000ns})
  Path Group:             dbg_hub/inst/BSCANID.u_xsdbm_id/SWITCH_N_EXT_BSCAN.bscan_inst/SERIES7_BSCAN.bscan_inst/INTERNAL_TCK
  Path Type:              Setup (Max at Fast Process Corner)
  Requirement:            25.000ns  (dbg_hub/inst/BSCANID.u_xsdbm_id/SWITCH_N_EXT_BSCAN.bscan_inst/SERIES7_BSCAN.bscan_inst/INTERNAL_TCK rise@50.000ns - dbg_hub/inst/BSCANID.u_xsdbm_id/SWITCH_N_EXT_BSCAN.bscan_inst/SERIES7_BSCAN.bscan_inst/INTERNAL_TCK fall@25.000ns)
  Data Path Delay:        6.444ns  (logic 5.161ns (80.090%)  route 1.283ns (19.910%))
  Logic Levels:           1  (LUT5=1)
  Clock Path Skew:        2.074ns (DCD - SCD + CPR)
    Destination Clock Delay (DCD):    2.074ns = ( 52.074 - 50.000 ) 
    Source Clock Delay      (SCD):    0.000ns = ( 25.000 - 25.000 ) 
    Clock Pessimism Removal (CPR):    0.000ns
  Clock Uncertainty:      0.235ns  ((TSJ^2 + TIJ^2)^1/2 + DJ) / 2 + PE + DCD
    Total System Jitter     (TSJ):    0.071ns
    Total Input Jitter      (TIJ):    0.000ns
    Discrete Jitter          (DJ):    0.000ns
    Phase Error              (PE):    0.000ns
    Duty Cycle Distortion   (DCD):    0.200ns
  Clock Net Delay (Destination): 0.989ns (routing 0.483ns, distribution 0.506ns)

    Location             Delay type                Incr(ns)  Path(ns)    Netlist Resource(s)
  -------------------------------------------------------------------    -------------------
                         (clock dbg_hub/inst/BSCANID.u_xsdbm_id/SWITCH_N_EXT_BSCAN.bscan_inst/SERIES7_BSCAN.bscan_inst/INTERNAL_TCK fall edge)
                                                     25.000    25.000 f  
    CONFIG_SITE_X0Y0     BSCANE2                      0.000    25.000 f  dbg_hub/inst/BSCANID.u_xsdbm_id/SWITCH_N_EXT_BSCAN.bscan_inst/SERIES7_BSCAN.bscan_inst/INTERNAL_TCK
  -------------------------------------------------------------------    -------------------
    CONFIG_SITE_X0Y0     BSCANE2 (Prop_BSCAN1_CONFIG_SITE_INTERNAL_TCK_SHIFT)
                                                      5.100    30.100 r  dbg_hub/inst/BSCANID.u_xsdbm_id/SWITCH_N_EXT_BSCAN.bscan_inst/SERIES7_BSCAN.bscan_inst/SHIFT
                         net (fo=36, routed)          0.716    30.816    dbg_hub/inst/BSCANID.u_xsdbm_id/SWITCH_N_EXT_BSCAN.bscan_switch/s_bscan_shift
    SLICE_X48Y166        LUT5 (Prop_B6LUT_SLICEL_I0_O)
                                                      0.061    30.877 r  dbg_hub/inst/BSCANID.u_xsdbm_id/SWITCH_N_EXT_BSCAN.bscan_switch/m_bscan_bscanid_en_INST_0/O
                         net (fo=35, routed)          0.567    31.444    dbg_hub/inst/BSCANID.u_xsdbm_id/bscanid_en_int
    SLICE_X52Y165        FDRE                                         r  dbg_hub/inst/BSCANID.u_xsdbm_id/SWITCH_N_EXT_BSCAN.id_state_reg[0]/D
  -------------------------------------------------------------------    -------------------

                         (clock dbg_hub/inst/BSCANID.u_xsdbm_id/SWITCH_N_EXT_BSCAN.bscan_inst/SERIES7_BSCAN.bscan_inst/INTERNAL_TCK rise edge)
                                                     50.000    50.000 r  
    CONFIG_SITE_X0Y0     BSCANE2                      0.000    50.000 r  dbg_hub/inst/BSCANID.u_xsdbm_id/SWITCH_N_EXT_BSCAN.bscan_inst/SERIES7_BSCAN.bscan_inst/INTERNAL_TCK
    CONFIG_SITE_X0Y0     BSCANE2 (Prop_BSCAN1_CONFIG_SITE_INTERNAL_TCK_TCK)
                                                      0.465    50.465 r  dbg_hub/inst/BSCANID.u_xsdbm_id/SWITCH_N_EXT_BSCAN.bscan_inst/SERIES7_BSCAN.bscan_inst/TCK
                         net (fo=1, routed)           0.603    51.068    dbg_hub/inst/BSCANID.u_xsdbm_id/tck_bs
    BUFGCE_X0Y50         BUFGCE (Prop_BUFCE_BUFGCE_I_O)
                                                      0.017    51.085 r  dbg_hub/inst/BSCANID.u_xsdbm_id/SWITCH_N_EXT_BSCAN.u_bufg_icon_tck/O
    X2Y1 (CLOCK_ROOT)    net (fo=490, routed)         0.989    52.074    dbg_hub/inst/BSCANID.u_xsdbm_id/itck_i
    SLICE_X52Y165        FDRE                                         r  dbg_hub/inst/BSCANID.u_xsdbm_id/SWITCH_N_EXT_BSCAN.id_state_reg[0]/C
                         clock pessimism              0.000    52.074    
                         clock uncertainty           -0.235    51.839    
    SLICE_X52Y165        FDRE (Setup_EFF_SLICEL_C_D)
                                                      0.023    51.862    dbg_hub/inst/BSCANID.u_xsdbm_id/SWITCH_N_EXT_BSCAN.id_state_reg[0]
  -------------------------------------------------------------------
                         required time                         51.862    
                         arrival time                         -31.444    
  -------------------------------------------------------------------
                         slack                                 20.418    

Slack (MET) :             20.421ns  (required time - arrival time)
  Source:                 dbg_hub/inst/BSCANID.u_xsdbm_id/SWITCH_N_EXT_BSCAN.bscan_inst/SERIES7_BSCAN.bscan_inst/INTERNAL_TCK
                            (falling edge-triggered cell BSCANE2 clocked by dbg_hub/inst/BSCANID.u_xsdbm_id/SWITCH_N_EXT_BSCAN.bscan_inst/SERIES7_BSCAN.bscan_inst/INTERNAL_TCK  {rise@0.000ns fall@25.000ns period=50.000ns})
  Destination:            dbg_hub/inst/BSCANID.u_xsdbm_id/SWITCH_N_EXT_BSCAN.bscanid_reg[0]/D
                            (rising edge-triggered cell FDRE clocked by dbg_hub/inst/BSCANID.u_xsdbm_id/SWITCH_N_EXT_BSCAN.bscan_inst/SERIES7_BSCAN.bscan_inst/INTERNAL_TCK  {rise@0.000ns fall@25.000ns period=50.000ns})
  Path Group:             dbg_hub/inst/BSCANID.u_xsdbm_id/SWITCH_N_EXT_BSCAN.bscan_inst/SERIES7_BSCAN.bscan_inst/INTERNAL_TCK
  Path Type:              Setup (Max at Fast Process Corner)
  Requirement:            25.000ns  (dbg_hub/inst/BSCANID.u_xsdbm_id/SWITCH_N_EXT_BSCAN.bscan_inst/SERIES7_BSCAN.bscan_inst/INTERNAL_TCK rise@50.000ns - dbg_hub/inst/BSCANID.u_xsdbm_id/SWITCH_N_EXT_BSCAN.bscan_inst/SERIES7_BSCAN.bscan_inst/INTERNAL_TCK fall@25.000ns)
  Data Path Delay:        6.439ns  (logic 5.207ns (80.867%)  route 1.232ns (19.133%))
  Logic Levels:           2  (LUT4=1 LUT5=1)
  Clock Path Skew:        2.071ns (DCD - SCD + CPR)
    Destination Clock Delay (DCD):    2.071ns = ( 52.071 - 50.000 ) 
    Source Clock Delay      (SCD):    0.000ns = ( 25.000 - 25.000 ) 
    Clock Pessimism Removal (CPR):    0.000ns
  Clock Uncertainty:      0.235ns  ((TSJ^2 + TIJ^2)^1/2 + DJ) / 2 + PE + DCD
    Total System Jitter     (TSJ):    0.071ns
    Total Input Jitter      (TIJ):    0.000ns
    Discrete Jitter          (DJ):    0.000ns
    Phase Error              (PE):    0.000ns
    Duty Cycle Distortion   (DCD):    0.200ns
  Clock Net Delay (Destination): 0.986ns (routing 0.483ns, distribution 0.503ns)

    Location             Delay type                Incr(ns)  Path(ns)    Netlist Resource(s)
  -------------------------------------------------------------------    -------------------
                         (clock dbg_hub/inst/BSCANID.u_xsdbm_id/SWITCH_N_EXT_BSCAN.bscan_inst/SERIES7_BSCAN.bscan_inst/INTERNAL_TCK fall edge)
                                                     25.000    25.000 f  
    CONFIG_SITE_X0Y0     BSCANE2                      0.000    25.000 f  dbg_hub/inst/BSCANID.u_xsdbm_id/SWITCH_N_EXT_BSCAN.bscan_inst/SERIES7_BSCAN.bscan_inst/INTERNAL_TCK
  -------------------------------------------------------------------    -------------------
    CONFIG_SITE_X0Y0     BSCANE2 (Prop_BSCAN1_CONFIG_SITE_INTERNAL_TCK_SHIFT)
                                                      5.100    30.100 r  dbg_hub/inst/BSCANID.u_xsdbm_id/SWITCH_N_EXT_BSCAN.bscan_inst/SERIES7_BSCAN.bscan_inst/SHIFT
                         net (fo=36, routed)          0.716    30.816    dbg_hub/inst/BSCANID.u_xsdbm_id/SWITCH_N_EXT_BSCAN.bscan_switch/s_bscan_shift
    SLICE_X48Y166        LUT5 (Prop_B6LUT_SLICEL_I0_O)
                                                      0.061    30.877 r  dbg_hub/inst/BSCANID.u_xsdbm_id/SWITCH_N_EXT_BSCAN.bscan_switch/m_bscan_bscanid_en_INST_0/O
                         net (fo=35, routed)          0.496    31.373    dbg_hub/inst/BSCANID.u_xsdbm_id/bscanid_en_int
    SLICE_X52Y165        LUT4 (Prop_D5LUT_SLICEL_I2_O)
                                                      0.046    31.419 r  dbg_hub/inst/BSCANID.u_xsdbm_id/SWITCH_N_EXT_BSCAN.bscanid[0]_i_1/O
                         net (fo=1, routed)           0.020    31.439    dbg_hub/inst/BSCANID.u_xsdbm_id/p_2_in[0]
    SLICE_X52Y165        FDRE                                         r  dbg_hub/inst/BSCANID.u_xsdbm_id/SWITCH_N_EXT_BSCAN.bscanid_reg[0]/D
  -------------------------------------------------------------------    -------------------

                         (clock dbg_hub/inst/BSCANID.u_xsdbm_id/SWITCH_N_EXT_BSCAN.bscan_inst/SERIES7_BSCAN.bscan_inst/INTERNAL_TCK rise edge)
                                                     50.000    50.000 r  
    CONFIG_SITE_X0Y0     BSCANE2                      0.000    50.000 r  dbg_hub/inst/BSCANID.u_xsdbm_id/SWITCH_N_EXT_BSCAN.bscan_inst/SERIES7_BSCAN.bscan_inst/INTERNAL_TCK
    CONFIG_SITE_X0Y0     BSCANE2 (Prop_BSCAN1_CONFIG_SITE_INTERNAL_TCK_TCK)
                                                      0.465    50.465 r  dbg_hub/inst/BSCANID.u_xsdbm_id/SWITCH_N_EXT_BSCAN.bscan_inst/SERIES7_BSCAN.bscan_inst/TCK
                         net (fo=1, routed)           0.603    51.068    dbg_hub/inst/BSCANID.u_xsdbm_id/tck_bs
    BUFGCE_X0Y50         BUFGCE (Prop_BUFCE_BUFGCE_I_O)
                                                      0.017    51.085 r  dbg_hub/inst/BSCANID.u_xsdbm_id/SWITCH_N_EXT_BSCAN.u_bufg_icon_tck/O
    X2Y1 (CLOCK_ROOT)    net (fo=490, routed)         0.986    52.071    dbg_hub/inst/BSCANID.u_xsdbm_id/itck_i
    SLICE_X52Y165        FDRE                                         r  dbg_hub/inst/BSCANID.u_xsdbm_id/SWITCH_N_EXT_BSCAN.bscanid_reg[0]/C
                         clock pessimism              0.000    52.071    
                         clock uncertainty           -0.235    51.836    
    SLICE_X52Y165        FDRE (Setup_DFF2_SLICEL_C_D)
                                                      0.024    51.860    dbg_hub/inst/BSCANID.u_xsdbm_id/SWITCH_N_EXT_BSCAN.bscanid_reg[0]
  -------------------------------------------------------------------
                         required time                         51.860    
                         arrival time                         -31.439    
  -------------------------------------------------------------------
                         slack                                 20.421    





Min Delay Paths
--------------------------------------------------------------------------------------
Slack (MET) :             0.018ns  (arrival time - required time)
  Source:                 dbg_hub/inst/BSCANID.u_xsdbm_id/CORE_XSDB.UUT_MASTER/U_ICON_INTERFACE/U_CMD6_WR/shift_reg_in_reg[6]/C
                            (rising edge-triggered cell FDCE clocked by dbg_hub/inst/BSCANID.u_xsdbm_id/SWITCH_N_EXT_BSCAN.bscan_inst/SERIES7_BSCAN.bscan_inst/INTERNAL_TCK  {rise@0.000ns fall@25.000ns period=50.000ns})
  Destination:            dbg_hub/inst/BSCANID.u_xsdbm_id/CORE_XSDB.UUT_MASTER/U_ICON_INTERFACE/U_CMD6_WR/U_WR_FIFO/SUBCORE_FIFO.xsdbm_v3_0_0_wrfifo_inst/inst_fifo_gen/gconvfifo.rf/grf.rf/gntv_or_sync_fifo.mem/gdm.dm_gen.dm/RAM_reg_0_15_0_13/RAMC_D1/I
                            (rising edge-triggered cell RAMD32 clocked by dbg_hub/inst/BSCANID.u_xsdbm_id/SWITCH_N_EXT_BSCAN.bscan_inst/SERIES7_BSCAN.bscan_inst/INTERNAL_TCK  {rise@0.000ns fall@25.000ns period=50.000ns})
  Path Group:             dbg_hub/inst/BSCANID.u_xsdbm_id/SWITCH_N_EXT_BSCAN.bscan_inst/SERIES7_BSCAN.bscan_inst/INTERNAL_TCK
  Path Type:              Hold (Min at Slow Process Corner)
  Requirement:            0.000ns  (dbg_hub/inst/BSCANID.u_xsdbm_id/SWITCH_N_EXT_BSCAN.bscan_inst/SERIES7_BSCAN.bscan_inst/INTERNAL_TCK rise@0.000ns - dbg_hub/inst/BSCANID.u_xsdbm_id/SWITCH_N_EXT_BSCAN.bscan_inst/SERIES7_BSCAN.bscan_inst/INTERNAL_TCK rise@0.000ns)
  Data Path Delay:        0.138ns  (logic 0.060ns (43.478%)  route 0.078ns (56.522%))
  Logic Levels:           0  
  Clock Path Skew:        0.060ns (DCD - SCD - CPR)
    Destination Clock Delay (DCD):    7.302ns
    Source Clock Delay      (SCD):    2.896ns
    Clock Pessimism Removal (CPR):    4.346ns
  Clock Net Delay (Source):      1.599ns (routing 0.798ns, distribution 0.801ns)
  Clock Net Delay (Destination): 1.834ns (routing 0.879ns, distribution 0.955ns)

    Location             Delay type                Incr(ns)  Path(ns)    Netlist Resource(s)
  -------------------------------------------------------------------    -------------------
                         (clock dbg_hub/inst/BSCANID.u_xsdbm_id/SWITCH_N_EXT_BSCAN.bscan_inst/SERIES7_BSCAN.bscan_inst/INTERNAL_TCK rise edge)
                                                      0.000     0.000 r  
    CONFIG_SITE_X0Y0     BSCANE2                      0.000     0.000 r  dbg_hub/inst/BSCANID.u_xsdbm_id/SWITCH_N_EXT_BSCAN.bscan_inst/SERIES7_BSCAN.bscan_inst/INTERNAL_TCK
    CONFIG_SITE_X0Y0     BSCANE2 (Prop_BSCAN1_CONFIG_SITE_INTERNAL_TCK_TCK)
                                                      0.465     0.465 r  dbg_hub/inst/BSCANID.u_xsdbm_id/SWITCH_N_EXT_BSCAN.bscan_inst/SERIES7_BSCAN.bscan_inst/TCK
                         net (fo=1, routed)           0.808     1.273    dbg_hub/inst/BSCANID.u_xsdbm_id/tck_bs
    BUFGCE_X0Y50         BUFGCE (Prop_BUFCE_BUFGCE_I_O)
                                                      0.024     1.297 r  dbg_hub/inst/BSCANID.u_xsdbm_id/SWITCH_N_EXT_BSCAN.u_bufg_icon_tck/O
    X2Y1 (CLOCK_ROOT)    net (fo=490, routed)         1.599     2.896    dbg_hub/inst/BSCANID.u_xsdbm_id/CORE_XSDB.UUT_MASTER/U_ICON_INTERFACE/U_CMD6_WR/m_bscan_tck[0]
    SLICE_X59Y120        FDCE                                         r  dbg_hub/inst/BSCANID.u_xsdbm_id/CORE_XSDB.UUT_MASTER/U_ICON_INTERFACE/U_CMD6_WR/shift_reg_in_reg[6]/C
  -------------------------------------------------------------------    -------------------
    SLICE_X59Y120        FDCE (Prop_GFF2_SLICEL_C_Q)
                                                      0.060     2.956 r  dbg_hub/inst/BSCANID.u_xsdbm_id/CORE_XSDB.UUT_MASTER/U_ICON_INTERFACE/U_CMD6_WR/shift_reg_in_reg[6]/Q
                         net (fo=2, routed)           0.078     3.034    dbg_hub/inst/BSCANID.u_xsdbm_id/CORE_XSDB.UUT_MASTER/U_ICON_INTERFACE/U_CMD6_WR/U_WR_FIFO/SUBCORE_FIFO.xsdbm_v3_0_0_wrfifo_inst/inst_fifo_gen/gconvfifo.rf/grf.rf/gntv_or_sync_fifo.mem/gdm.dm_gen.dm/RAM_reg_0_15_0_13/DIC1
    SLICE_X58Y120        RAMD32                                       r  dbg_hub/inst/BSCANID.u_xsdbm_id/CORE_XSDB.UUT_MASTER/U_ICON_INTERFACE/U_CMD6_WR/U_WR_FIFO/SUBCORE_FIFO.xsdbm_v3_0_0_wrfifo_inst/inst_fifo_gen/gconvfifo.rf/grf.rf/gntv_or_sync_fifo.mem/gdm.dm_gen.dm/RAM_reg_0_15_0_13/RAMC_D1/I
  -------------------------------------------------------------------    -------------------

                         (clock dbg_hub/inst/BSCANID.u_xsdbm_id/SWITCH_N_EXT_BSCAN.bscan_inst/SERIES7_BSCAN.bscan_inst/INTERNAL_TCK rise edge)
                                                      0.000     0.000 r  
    CONFIG_SITE_X0Y0     BSCANE2                      0.000     0.000 r  dbg_hub/inst/BSCANID.u_xsdbm_id/SWITCH_N_EXT_BSCAN.bscan_inst/SERIES7_BSCAN.bscan_inst/INTERNAL_TCK
    CONFIG_SITE_X0Y0     BSCANE2 (Prop_BSCAN1_CONFIG_SITE_INTERNAL_TCK_TCK)
                                                      4.300     4.300 r  dbg_hub/inst/BSCANID.u_xsdbm_id/SWITCH_N_EXT_BSCAN.bscan_inst/SERIES7_BSCAN.bscan_inst/TCK
                         net (fo=1, routed)           1.140     5.440    dbg_hub/inst/BSCANID.u_xsdbm_id/tck_bs
    BUFGCE_X0Y50         BUFGCE (Prop_BUFCE_BUFGCE_I_O)
                                                      0.028     5.468 r  dbg_hub/inst/BSCANID.u_xsdbm_id/SWITCH_N_EXT_BSCAN.u_bufg_icon_tck/O
    X2Y1 (CLOCK_ROOT)    net (fo=490, routed)         1.834     7.302    dbg_hub/inst/BSCANID.u_xsdbm_id/CORE_XSDB.UUT_MASTER/U_ICON_INTERFACE/U_CMD6_WR/U_WR_FIFO/SUBCORE_FIFO.xsdbm_v3_0_0_wrfifo_inst/inst_fifo_gen/gconvfifo.rf/grf.rf/gntv_or_sync_fifo.mem/gdm.dm_gen.dm/RAM_reg_0_15_0_13/WCLK
    SLICE_X58Y120        RAMD32                                       r  dbg_hub/inst/BSCANID.u_xsdbm_id/CORE_XSDB.UUT_MASTER/U_ICON_INTERFACE/U_CMD6_WR/U_WR_FIFO/SUBCORE_FIFO.xsdbm_v3_0_0_wrfifo_inst/inst_fifo_gen/gconvfifo.rf/grf.rf/gntv_or_sync_fifo.mem/gdm.dm_gen.dm/RAM_reg_0_15_0_13/RAMC_D1/CLK
                         clock pessimism             -4.346     2.956    
    SLICE_X58Y120        RAMD32 (Hold_C6LUT_SLICEM_CLK_I)
                                                      0.060     3.016    dbg_hub/inst/BSCANID.u_xsdbm_id/CORE_XSDB.UUT_MASTER/U_ICON_INTERFACE/U_CMD6_WR/U_WR_FIFO/SUBCORE_FIFO.xsdbm_v3_0_0_wrfifo_inst/inst_fifo_gen/gconvfifo.rf/grf.rf/gntv_or_sync_fifo.mem/gdm.dm_gen.dm/RAM_reg_0_15_0_13/RAMC_D1
  -------------------------------------------------------------------
                         required time                         -3.016    
                         arrival time                           3.034    
  -------------------------------------------------------------------
                         slack                                  0.018    

Slack (MET) :             0.018ns  (arrival time - required time)
  Source:                 dbg_hub/inst/BSCANID.u_xsdbm_id/CORE_XSDB.UUT_MASTER/U_ICON_INTERFACE/U_CMD6_WR/shift_reg_in_reg[12]/C
                            (rising edge-triggered cell FDCE clocked by dbg_hub/inst/BSCANID.u_xsdbm_id/SWITCH_N_EXT_BSCAN.bscan_inst/SERIES7_BSCAN.bscan_inst/INTERNAL_TCK  {rise@0.000ns fall@25.000ns period=50.000ns})
  Destination:            dbg_hub/inst/BSCANID.u_xsdbm_id/CORE_XSDB.UUT_MASTER/U_ICON_INTERFACE/U_CMD6_WR/U_WR_FIFO/SUBCORE_FIFO.xsdbm_v3_0_0_wrfifo_inst/inst_fifo_gen/gconvfifo.rf/grf.rf/gntv_or_sync_fifo.mem/gdm.dm_gen.dm/RAM_reg_0_15_0_13/RAMF_D1/I
                            (rising edge-triggered cell RAMD32 clocked by dbg_hub/inst/BSCANID.u_xsdbm_id/SWITCH_N_EXT_BSCAN.bscan_inst/SERIES7_BSCAN.bscan_inst/INTERNAL_TCK  {rise@0.000ns fall@25.000ns period=50.000ns})
  Path Group:             dbg_hub/inst/BSCANID.u_xsdbm_id/SWITCH_N_EXT_BSCAN.bscan_inst/SERIES7_BSCAN.bscan_inst/INTERNAL_TCK
  Path Type:              Hold (Min at Slow Process Corner)
  Requirement:            0.000ns  (dbg_hub/inst/BSCANID.u_xsdbm_id/SWITCH_N_EXT_BSCAN.bscan_inst/SERIES7_BSCAN.bscan_inst/INTERNAL_TCK rise@0.000ns - dbg_hub/inst/BSCANID.u_xsdbm_id/SWITCH_N_EXT_BSCAN.bscan_inst/SERIES7_BSCAN.bscan_inst/INTERNAL_TCK rise@0.000ns)
  Data Path Delay:        0.140ns  (logic 0.060ns (42.857%)  route 0.080ns (57.143%))
  Logic Levels:           0  
  Clock Path Skew:        0.062ns (DCD - SCD - CPR)
    Destination Clock Delay (DCD):    7.302ns
    Source Clock Delay      (SCD):    2.894ns
    Clock Pessimism Removal (CPR):    4.346ns
  Clock Net Delay (Source):      1.597ns (routing 0.798ns, distribution 0.799ns)
  Clock Net Delay (Destination): 1.834ns (routing 0.879ns, distribution 0.955ns)

    Location             Delay type                Incr(ns)  Path(ns)    Netlist Resource(s)
  -------------------------------------------------------------------    -------------------
                         (clock dbg_hub/inst/BSCANID.u_xsdbm_id/SWITCH_N_EXT_BSCAN.bscan_inst/SERIES7_BSCAN.bscan_inst/INTERNAL_TCK rise edge)
                                                      0.000     0.000 r  
    CONFIG_SITE_X0Y0     BSCANE2                      0.000     0.000 r  dbg_hub/inst/BSCANID.u_xsdbm_id/SWITCH_N_EXT_BSCAN.bscan_inst/SERIES7_BSCAN.bscan_inst/INTERNAL_TCK
    CONFIG_SITE_X0Y0     BSCANE2 (Prop_BSCAN1_CONFIG_SITE_INTERNAL_TCK_TCK)
                                                      0.465     0.465 r  dbg_hub/inst/BSCANID.u_xsdbm_id/SWITCH_N_EXT_BSCAN.bscan_inst/SERIES7_BSCAN.bscan_inst/TCK
                         net (fo=1, routed)           0.808     1.273    dbg_hub/inst/BSCANID.u_xsdbm_id/tck_bs
    BUFGCE_X0Y50         BUFGCE (Prop_BUFCE_BUFGCE_I_O)
                                                      0.024     1.297 r  dbg_hub/inst/BSCANID.u_xsdbm_id/SWITCH_N_EXT_BSCAN.u_bufg_icon_tck/O
    X2Y1 (CLOCK_ROOT)    net (fo=490, routed)         1.597     2.894    dbg_hub/inst/BSCANID.u_xsdbm_id/CORE_XSDB.UUT_MASTER/U_ICON_INTERFACE/U_CMD6_WR/m_bscan_tck[0]
    SLICE_X59Y120        FDCE                                         r  dbg_hub/inst/BSCANID.u_xsdbm_id/CORE_XSDB.UUT_MASTER/U_ICON_INTERFACE/U_CMD6_WR/shift_reg_in_reg[12]/C
  -------------------------------------------------------------------    -------------------
    SLICE_X59Y120        FDCE (Prop_BFF2_SLICEL_C_Q)
                                                      0.060     2.954 r  dbg_hub/inst/BSCANID.u_xsdbm_id/CORE_XSDB.UUT_MASTER/U_ICON_INTERFACE/U_CMD6_WR/shift_reg_in_reg[12]/Q
                         net (fo=2, routed)           0.080     3.034    dbg_hub/inst/BSCANID.u_xsdbm_id/CORE_XSDB.UUT_MASTER/U_ICON_INTERFACE/U_CMD6_WR/U_WR_FIFO/SUBCORE_FIFO.xsdbm_v3_0_0_wrfifo_inst/inst_fifo_gen/gconvfifo.rf/grf.rf/gntv_or_sync_fifo.mem/gdm.dm_gen.dm/RAM_reg_0_15_0_13/DIF1
    SLICE_X58Y120        RAMD32                                       r  dbg_hub/inst/BSCANID.u_xsdbm_id/CORE_XSDB.UUT_MASTER/U_ICON_INTERFACE/U_CMD6_WR/U_WR_FIFO/SUBCORE_FIFO.xsdbm_v3_0_0_wrfifo_inst/inst_fifo_gen/gconvfifo.rf/grf.rf/gntv_or_sync_fifo.mem/gdm.dm_gen.dm/RAM_reg_0_15_0_13/RAMF_D1/I
  -------------------------------------------------------------------    -------------------

                         (clock dbg_hub/inst/BSCANID.u_xsdbm_id/SWITCH_N_EXT_BSCAN.bscan_inst/SERIES7_BSCAN.bscan_inst/INTERNAL_TCK rise edge)
                                                      0.000     0.000 r  
    CONFIG_SITE_X0Y0     BSCANE2                      0.000     0.000 r  dbg_hub/inst/BSCANID.u_xsdbm_id/SWITCH_N_EXT_BSCAN.bscan_inst/SERIES7_BSCAN.bscan_inst/INTERNAL_TCK
    CONFIG_SITE_X0Y0     BSCANE2 (Prop_BSCAN1_CONFIG_SITE_INTERNAL_TCK_TCK)
                                                      4.300     4.300 r  dbg_hub/inst/BSCANID.u_xsdbm_id/SWITCH_N_EXT_BSCAN.bscan_inst/SERIES7_BSCAN.bscan_inst/TCK
                         net (fo=1, routed)           1.140     5.440    dbg_hub/inst/BSCANID.u_xsdbm_id/tck_bs
    BUFGCE_X0Y50         BUFGCE (Prop_BUFCE_BUFGCE_I_O)
                                                      0.028     5.468 r  dbg_hub/inst/BSCANID.u_xsdbm_id/SWITCH_N_EXT_BSCAN.u_bufg_icon_tck/O
    X2Y1 (CLOCK_ROOT)    net (fo=490, routed)         1.834     7.302    dbg_hub/inst/BSCANID.u_xsdbm_id/CORE_XSDB.UUT_MASTER/U_ICON_INTERFACE/U_CMD6_WR/U_WR_FIFO/SUBCORE_FIFO.xsdbm_v3_0_0_wrfifo_inst/inst_fifo_gen/gconvfifo.rf/grf.rf/gntv_or_sync_fifo.mem/gdm.dm_gen.dm/RAM_reg_0_15_0_13/WCLK
    SLICE_X58Y120        RAMD32                                       r  dbg_hub/inst/BSCANID.u_xsdbm_id/CORE_XSDB.UUT_MASTER/U_ICON_INTERFACE/U_CMD6_WR/U_WR_FIFO/SUBCORE_FIFO.xsdbm_v3_0_0_wrfifo_inst/inst_fifo_gen/gconvfifo.rf/grf.rf/gntv_or_sync_fifo.mem/gdm.dm_gen.dm/RAM_reg_0_15_0_13/RAMF_D1/CLK
                         clock pessimism             -4.346     2.956    
    SLICE_X58Y120        RAMD32 (Hold_F6LUT_SLICEM_CLK_I)
                                                      0.060     3.016    dbg_hub/inst/BSCANID.u_xsdbm_id/CORE_XSDB.UUT_MASTER/U_ICON_INTERFACE/U_CMD6_WR/U_WR_FIFO/SUBCORE_FIFO.xsdbm_v3_0_0_wrfifo_inst/inst_fifo_gen/gconvfifo.rf/grf.rf/gntv_or_sync_fifo.mem/gdm.dm_gen.dm/RAM_reg_0_15_0_13/RAMF_D1
  -------------------------------------------------------------------
                         required time                         -3.016    
                         arrival time                           3.034    
  -------------------------------------------------------------------
                         slack                                  0.018    

Slack (MET) :             0.019ns  (arrival time - required time)
  Source:                 dbg_hub/inst/BSCANID.u_xsdbm_id/SWITCH_N_EXT_BSCAN.bscanid_reg[28]/C
                            (rising edge-triggered cell FDRE clocked by dbg_hub/inst/BSCANID.u_xsdbm_id/SWITCH_N_EXT_BSCAN.bscan_inst/SERIES7_BSCAN.bscan_inst/INTERNAL_TCK  {rise@0.000ns fall@25.000ns period=50.000ns})
  Destination:            dbg_hub/inst/BSCANID.u_xsdbm_id/SWITCH_N_EXT_BSCAN.bscanid_reg[27]/D
                            (rising edge-triggered cell FDRE clocked by dbg_hub/inst/BSCANID.u_xsdbm_id/SWITCH_N_EXT_BSCAN.bscan_inst/SERIES7_BSCAN.bscan_inst/INTERNAL_TCK  {rise@0.000ns fall@25.000ns period=50.000ns})
  Path Group:             dbg_hub/inst/BSCANID.u_xsdbm_id/SWITCH_N_EXT_BSCAN.bscan_inst/SERIES7_BSCAN.bscan_inst/INTERNAL_TCK
  Path Type:              Hold (Min at Slow Process Corner)
  Requirement:            0.000ns  (dbg_hub/inst/BSCANID.u_xsdbm_id/SWITCH_N_EXT_BSCAN.bscan_inst/SERIES7_BSCAN.bscan_inst/INTERNAL_TCK rise@0.000ns - dbg_hub/inst/BSCANID.u_xsdbm_id/SWITCH_N_EXT_BSCAN.bscan_inst/SERIES7_BSCAN.bscan_inst/INTERNAL_TCK rise@0.000ns)
  Data Path Delay:        0.170ns  (logic 0.081ns (47.647%)  route 0.089ns (52.353%))
  Logic Levels:           1  (LUT4=1)
  Clock Path Skew:        0.091ns (DCD - SCD - CPR)
    Destination Clock Delay (DCD):    7.264ns
    Source Clock Delay      (SCD):    2.883ns
    Clock Pessimism Removal (CPR):    4.290ns
  Clock Net Delay (Source):      1.586ns (routing 0.798ns, distribution 0.788ns)
  Clock Net Delay (Destination): 1.796ns (routing 0.879ns, distribution 0.917ns)

    Location             Delay type                Incr(ns)  Path(ns)    Netlist Resource(s)
  -------------------------------------------------------------------    -------------------
                         (clock dbg_hub/inst/BSCANID.u_xsdbm_id/SWITCH_N_EXT_BSCAN.bscan_inst/SERIES7_BSCAN.bscan_inst/INTERNAL_TCK rise edge)
                                                      0.000     0.000 r  
    CONFIG_SITE_X0Y0     BSCANE2                      0.000     0.000 r  dbg_hub/inst/BSCANID.u_xsdbm_id/SWITCH_N_EXT_BSCAN.bscan_inst/SERIES7_BSCAN.bscan_inst/INTERNAL_TCK
    CONFIG_SITE_X0Y0     BSCANE2 (Prop_BSCAN1_CONFIG_SITE_INTERNAL_TCK_TCK)
                                                      0.465     0.465 r  dbg_hub/inst/BSCANID.u_xsdbm_id/SWITCH_N_EXT_BSCAN.bscan_inst/SERIES7_BSCAN.bscan_inst/TCK
                         net (fo=1, routed)           0.808     1.273    dbg_hub/inst/BSCANID.u_xsdbm_id/tck_bs
    BUFGCE_X0Y50         BUFGCE (Prop_BUFCE_BUFGCE_I_O)
                                                      0.024     1.297 r  dbg_hub/inst/BSCANID.u_xsdbm_id/SWITCH_N_EXT_BSCAN.u_bufg_icon_tck/O
    X2Y1 (CLOCK_ROOT)    net (fo=490, routed)         1.586     2.883    dbg_hub/inst/BSCANID.u_xsdbm_id/itck_i
    SLICE_X52Y166        FDRE                                         r  dbg_hub/inst/BSCANID.u_xsdbm_id/SWITCH_N_EXT_BSCAN.bscanid_reg[28]/C
  -------------------------------------------------------------------    -------------------
    SLICE_X52Y166        FDRE (Prop_DFF_SLICEL_C_Q)
                                                      0.059     2.942 r  dbg_hub/inst/BSCANID.u_xsdbm_id/SWITCH_N_EXT_BSCAN.bscanid_reg[28]/Q
                         net (fo=2, routed)           0.063     3.005    dbg_hub/inst/BSCANID.u_xsdbm_id/bscanid[28]
    SLICE_X53Y166        LUT4 (Prop_E6LUT_SLICEM_I3_O)
                                                      0.022     3.027 r  dbg_hub/inst/BSCANID.u_xsdbm_id/SWITCH_N_EXT_BSCAN.bscanid[27]_i_1/O
                         net (fo=1, routed)           0.026     3.053    dbg_hub/inst/BSCANID.u_xsdbm_id/p_2_in[27]
    SLICE_X53Y166        FDRE                                         r  dbg_hub/inst/BSCANID.u_xsdbm_id/SWITCH_N_EXT_BSCAN.bscanid_reg[27]/D
  -------------------------------------------------------------------    -------------------

                         (clock dbg_hub/inst/BSCANID.u_xsdbm_id/SWITCH_N_EXT_BSCAN.bscan_inst/SERIES7_BSCAN.bscan_inst/INTERNAL_TCK rise edge)
                                                      0.000     0.000 r  
    CONFIG_SITE_X0Y0     BSCANE2                      0.000     0.000 r  dbg_hub/inst/BSCANID.u_xsdbm_id/SWITCH_N_EXT_BSCAN.bscan_inst/SERIES7_BSCAN.bscan_inst/INTERNAL_TCK
    CONFIG_SITE_X0Y0     BSCANE2 (Prop_BSCAN1_CONFIG_SITE_INTERNAL_TCK_TCK)
                                                      4.300     4.300 r  dbg_hub/inst/BSCANID.u_xsdbm_id/SWITCH_N_EXT_BSCAN.bscan_inst/SERIES7_BSCAN.bscan_inst/TCK
                         net (fo=1, routed)           1.140     5.440    dbg_hub/inst/BSCANID.u_xsdbm_id/tck_bs
    BUFGCE_X0Y50         BUFGCE (Prop_BUFCE_BUFGCE_I_O)
                                                      0.028     5.468 r  dbg_hub/inst/BSCANID.u_xsdbm_id/SWITCH_N_EXT_BSCAN.u_bufg_icon_tck/O
    X2Y1 (CLOCK_ROOT)    net (fo=490, routed)         1.796     7.264    dbg_hub/inst/BSCANID.u_xsdbm_id/itck_i
    SLICE_X53Y166        FDRE                                         r  dbg_hub/inst/BSCANID.u_xsdbm_id/SWITCH_N_EXT_BSCAN.bscanid_reg[27]/C
                         clock pessimism             -4.290     2.974    
    SLICE_X53Y166        FDRE (Hold_EFF_SLICEM_C_D)
                                                      0.060     3.034    dbg_hub/inst/BSCANID.u_xsdbm_id/SWITCH_N_EXT_BSCAN.bscanid_reg[27]
  -------------------------------------------------------------------
                         required time                         -3.034    
                         arrival time                           3.053    
  -------------------------------------------------------------------
                         slack                                  0.019    

Slack (MET) :             0.023ns  (arrival time - required time)
  Source:                 dbg_hub/inst/BSCANID.u_xsdbm_id/CORE_XSDB.UUT_MASTER/U_ICON_INTERFACE/U_CMD6_WR/shift_reg_in_reg[5]/C
                            (rising edge-triggered cell FDCE clocked by dbg_hub/inst/BSCANID.u_xsdbm_id/SWITCH_N_EXT_BSCAN.bscan_inst/SERIES7_BSCAN.bscan_inst/INTERNAL_TCK  {rise@0.000ns fall@25.000ns period=50.000ns})
  Destination:            dbg_hub/inst/BSCANID.u_xsdbm_id/CORE_XSDB.UUT_MASTER/U_ICON_INTERFACE/U_CMD6_WR/U_WR_FIFO/SUBCORE_FIFO.xsdbm_v3_0_0_wrfifo_inst/inst_fifo_gen/gconvfifo.rf/grf.rf/gntv_or_sync_fifo.mem/gdm.dm_gen.dm/RAM_reg_0_15_0_13/RAMC/I
                            (rising edge-triggered cell RAMD32 clocked by dbg_hub/inst/BSCANID.u_xsdbm_id/SWITCH_N_EXT_BSCAN.bscan_inst/SERIES7_BSCAN.bscan_inst/INTERNAL_TCK  {rise@0.000ns fall@25.000ns period=50.000ns})
  Path Group:             dbg_hub/inst/BSCANID.u_xsdbm_id/SWITCH_N_EXT_BSCAN.bscan_inst/SERIES7_BSCAN.bscan_inst/INTERNAL_TCK
  Path Type:              Hold (Min at Slow Process Corner)
  Requirement:            0.000ns  (dbg_hub/inst/BSCANID.u_xsdbm_id/SWITCH_N_EXT_BSCAN.bscan_inst/SERIES7_BSCAN.bscan_inst/INTERNAL_TCK rise@0.000ns - dbg_hub/inst/BSCANID.u_xsdbm_id/SWITCH_N_EXT_BSCAN.bscan_inst/SERIES7_BSCAN.bscan_inst/INTERNAL_TCK rise@0.000ns)
  Data Path Delay:        0.161ns  (logic 0.059ns (36.646%)  route 0.102ns (63.354%))
  Logic Levels:           0  
  Clock Path Skew:        0.060ns (DCD - SCD - CPR)
    Destination Clock Delay (DCD):    7.302ns
    Source Clock Delay      (SCD):    2.896ns
    Clock Pessimism Removal (CPR):    4.346ns
  Clock Net Delay (Source):      1.599ns (routing 0.798ns, distribution 0.801ns)
  Clock Net Delay (Destination): 1.834ns (routing 0.879ns, distribution 0.955ns)

    Location             Delay type                Incr(ns)  Path(ns)    Netlist Resource(s)
  -------------------------------------------------------------------    -------------------
                         (clock dbg_hub/inst/BSCANID.u_xsdbm_id/SWITCH_N_EXT_BSCAN.bscan_inst/SERIES7_BSCAN.bscan_inst/INTERNAL_TCK rise edge)
                                                      0.000     0.000 r  
    CONFIG_SITE_X0Y0     BSCANE2                      0.000     0.000 r  dbg_hub/inst/BSCANID.u_xsdbm_id/SWITCH_N_EXT_BSCAN.bscan_inst/SERIES7_BSCAN.bscan_inst/INTERNAL_TCK
    CONFIG_SITE_X0Y0     BSCANE2 (Prop_BSCAN1_CONFIG_SITE_INTERNAL_TCK_TCK)
                                                      0.465     0.465 r  dbg_hub/inst/BSCANID.u_xsdbm_id/SWITCH_N_EXT_BSCAN.bscan_inst/SERIES7_BSCAN.bscan_inst/TCK
                         net (fo=1, routed)           0.808     1.273    dbg_hub/inst/BSCANID.u_xsdbm_id/tck_bs
    BUFGCE_X0Y50         BUFGCE (Prop_BUFCE_BUFGCE_I_O)
                                                      0.024     1.297 r  dbg_hub/inst/BSCANID.u_xsdbm_id/SWITCH_N_EXT_BSCAN.u_bufg_icon_tck/O
    X2Y1 (CLOCK_ROOT)    net (fo=490, routed)         1.599     2.896    dbg_hub/inst/BSCANID.u_xsdbm_id/CORE_XSDB.UUT_MASTER/U_ICON_INTERFACE/U_CMD6_WR/m_bscan_tck[0]
    SLICE_X59Y120        FDCE                                         r  dbg_hub/inst/BSCANID.u_xsdbm_id/CORE_XSDB.UUT_MASTER/U_ICON_INTERFACE/U_CMD6_WR/shift_reg_in_reg[5]/C
  -------------------------------------------------------------------    -------------------
    SLICE_X59Y120        FDCE (Prop_GFF_SLICEL_C_Q)
                                                      0.059     2.955 r  dbg_hub/inst/BSCANID.u_xsdbm_id/CORE_XSDB.UUT_MASTER/U_ICON_INTERFACE/U_CMD6_WR/shift_reg_in_reg[5]/Q
                         net (fo=2, routed)           0.102     3.057    dbg_hub/inst/BSCANID.u_xsdbm_id/CORE_XSDB.UUT_MASTER/U_ICON_INTERFACE/U_CMD6_WR/U_WR_FIFO/SUBCORE_FIFO.xsdbm_v3_0_0_wrfifo_inst/inst_fifo_gen/gconvfifo.rf/grf.rf/gntv_or_sync_fifo.mem/gdm.dm_gen.dm/RAM_reg_0_15_0_13/DIC0
    SLICE_X58Y120        RAMD32                                       r  dbg_hub/inst/BSCANID.u_xsdbm_id/CORE_XSDB.UUT_MASTER/U_ICON_INTERFACE/U_CMD6_WR/U_WR_FIFO/SUBCORE_FIFO.xsdbm_v3_0_0_wrfifo_inst/inst_fifo_gen/gconvfifo.rf/grf.rf/gntv_or_sync_fifo.mem/gdm.dm_gen.dm/RAM_reg_0_15_0_13/RAMC/I
  -------------------------------------------------------------------    -------------------

                         (clock dbg_hub/inst/BSCANID.u_xsdbm_id/SWITCH_N_EXT_BSCAN.bscan_inst/SERIES7_BSCAN.bscan_inst/INTERNAL_TCK rise edge)
                                                      0.000     0.000 r  
    CONFIG_SITE_X0Y0     BSCANE2                      0.000     0.000 r  dbg_hub/inst/BSCANID.u_xsdbm_id/SWITCH_N_EXT_BSCAN.bscan_inst/SERIES7_BSCAN.bscan_inst/INTERNAL_TCK
    CONFIG_SITE_X0Y0     BSCANE2 (Prop_BSCAN1_CONFIG_SITE_INTERNAL_TCK_TCK)
                                                      4.300     4.300 r  dbg_hub/inst/BSCANID.u_xsdbm_id/SWITCH_N_EXT_BSCAN.bscan_inst/SERIES7_BSCAN.bscan_inst/TCK
                         net (fo=1, routed)           1.140     5.440    dbg_hub/inst/BSCANID.u_xsdbm_id/tck_bs
    BUFGCE_X0Y50         BUFGCE (Prop_BUFCE_BUFGCE_I_O)
                                                      0.028     5.468 r  dbg_hub/inst/BSCANID.u_xsdbm_id/SWITCH_N_EXT_BSCAN.u_bufg_icon_tck/O
    X2Y1 (CLOCK_ROOT)    net (fo=490, routed)         1.834     7.302    dbg_hub/inst/BSCANID.u_xsdbm_id/CORE_XSDB.UUT_MASTER/U_ICON_INTERFACE/U_CMD6_WR/U_WR_FIFO/SUBCORE_FIFO.xsdbm_v3_0_0_wrfifo_inst/inst_fifo_gen/gconvfifo.rf/grf.rf/gntv_or_sync_fifo.mem/gdm.dm_gen.dm/RAM_reg_0_15_0_13/WCLK
    SLICE_X58Y120        RAMD32                                       r  dbg_hub/inst/BSCANID.u_xsdbm_id/CORE_XSDB.UUT_MASTER/U_ICON_INTERFACE/U_CMD6_WR/U_WR_FIFO/SUBCORE_FIFO.xsdbm_v3_0_0_wrfifo_inst/inst_fifo_gen/gconvfifo.rf/grf.rf/gntv_or_sync_fifo.mem/gdm.dm_gen.dm/RAM_reg_0_15_0_13/RAMC/CLK
                         clock pessimism             -4.346     2.956    
    SLICE_X58Y120        RAMD32 (Hold_C5LUT_SLICEM_CLK_I)
                                                      0.078     3.034    dbg_hub/inst/BSCANID.u_xsdbm_id/CORE_XSDB.UUT_MASTER/U_ICON_INTERFACE/U_CMD6_WR/U_WR_FIFO/SUBCORE_FIFO.xsdbm_v3_0_0_wrfifo_inst/inst_fifo_gen/gconvfifo.rf/grf.rf/gntv_or_sync_fifo.mem/gdm.dm_gen.dm/RAM_reg_0_15_0_13/RAMC
  -------------------------------------------------------------------
                         required time                         -3.034    
                         arrival time                           3.057    
  -------------------------------------------------------------------
                         slack                                  0.023    

Slack (MET) :             0.032ns  (arrival time - required time)
  Source:                 dbg_hub/inst/BSCANID.u_xsdbm_id/CORE_XSDB.UUT_MASTER/U_ICON_INTERFACE/U_CMD4/shift_reg_in_reg[9]/C
                            (rising edge-triggered cell FDRE clocked by dbg_hub/inst/BSCANID.u_xsdbm_id/SWITCH_N_EXT_BSCAN.bscan_inst/SERIES7_BSCAN.bscan_inst/INTERNAL_TCK  {rise@0.000ns fall@25.000ns period=50.000ns})
  Destination:            dbg_hub/inst/BSCANID.u_xsdbm_id/CORE_XSDB.UUT_MASTER/U_ICON_INTERFACE/U_CMD4/shift_reg_in_reg[8]/D
                            (rising edge-triggered cell FDRE clocked by dbg_hub/inst/BSCANID.u_xsdbm_id/SWITCH_N_EXT_BSCAN.bscan_inst/SERIES7_BSCAN.bscan_inst/INTERNAL_TCK  {rise@0.000ns fall@25.000ns period=50.000ns})
  Path Group:             dbg_hub/inst/BSCANID.u_xsdbm_id/SWITCH_N_EXT_BSCAN.bscan_inst/SERIES7_BSCAN.bscan_inst/INTERNAL_TCK
  Path Type:              Hold (Min at Fast Process Corner)
  Requirement:            0.000ns  (dbg_hub/inst/BSCANID.u_xsdbm_id/SWITCH_N_EXT_BSCAN.bscan_inst/SERIES7_BSCAN.bscan_inst/INTERNAL_TCK rise@0.000ns - dbg_hub/inst/BSCANID.u_xsdbm_id/SWITCH_N_EXT_BSCAN.bscan_inst/SERIES7_BSCAN.bscan_inst/INTERNAL_TCK rise@0.000ns)
  Data Path Delay:        0.084ns  (logic 0.039ns (46.429%)  route 0.045ns (53.571%))
  Logic Levels:           0  
  Clock Path Skew:        0.006ns (DCD - SCD - CPR)
    Destination Clock Delay (DCD):    6.241ns
    Source Clock Delay      (SCD):    2.076ns
    Clock Pessimism Removal (CPR):    4.159ns
  Clock Net Delay (Source):      0.991ns (routing 0.483ns, distribution 0.508ns)
  Clock Net Delay (Destination): 1.122ns (routing 0.539ns, distribution 0.583ns)

    Location             Delay type                Incr(ns)  Path(ns)    Netlist Resource(s)
  -------------------------------------------------------------------    -------------------
                         (clock dbg_hub/inst/BSCANID.u_xsdbm_id/SWITCH_N_EXT_BSCAN.bscan_inst/SERIES7_BSCAN.bscan_inst/INTERNAL_TCK rise edge)
                                                      0.000     0.000 r  
    CONFIG_SITE_X0Y0     BSCANE2                      0.000     0.000 r  dbg_hub/inst/BSCANID.u_xsdbm_id/SWITCH_N_EXT_BSCAN.bscan_inst/SERIES7_BSCAN.bscan_inst/INTERNAL_TCK
    CONFIG_SITE_X0Y0     BSCANE2 (Prop_BSCAN1_CONFIG_SITE_INTERNAL_TCK_TCK)
                                                      0.465     0.465 r  dbg_hub/inst/BSCANID.u_xsdbm_id/SWITCH_N_EXT_BSCAN.bscan_inst/SERIES7_BSCAN.bscan_inst/TCK
                         net (fo=1, routed)           0.603     1.068    dbg_hub/inst/BSCANID.u_xsdbm_id/tck_bs
    BUFGCE_X0Y50         BUFGCE (Prop_BUFCE_BUFGCE_I_O)
                                                      0.017     1.085 r  dbg_hub/inst/BSCANID.u_xsdbm_id/SWITCH_N_EXT_BSCAN.u_bufg_icon_tck/O
    X2Y1 (CLOCK_ROOT)    net (fo=490, routed)         0.991     2.076    dbg_hub/inst/BSCANID.u_xsdbm_id/CORE_XSDB.UUT_MASTER/U_ICON_INTERFACE/U_CMD4/m_bscan_tck[0]
    SLICE_X56Y131        FDRE                                         r  dbg_hub/inst/BSCANID.u_xsdbm_id/CORE_XSDB.UUT_MASTER/U_ICON_INTERFACE/U_CMD4/shift_reg_in_reg[9]/C
  -------------------------------------------------------------------    -------------------
    SLICE_X56Y131        FDRE (Prop_DFF_SLICEL_C_Q)
                                                      0.039     2.115 r  dbg_hub/inst/BSCANID.u_xsdbm_id/CORE_XSDB.UUT_MASTER/U_ICON_INTERFACE/U_CMD4/shift_reg_in_reg[9]/Q
                         net (fo=2, routed)           0.045     2.160    dbg_hub/inst/BSCANID.u_xsdbm_id/CORE_XSDB.UUT_MASTER/U_ICON_INTERFACE/U_CMD4/shift_reg_in[9]
    SLICE_X56Y131        FDRE                                         r  dbg_hub/inst/BSCANID.u_xsdbm_id/CORE_XSDB.UUT_MASTER/U_ICON_INTERFACE/U_CMD4/shift_reg_in_reg[8]/D
  -------------------------------------------------------------------    -------------------

                         (clock dbg_hub/inst/BSCANID.u_xsdbm_id/SWITCH_N_EXT_BSCAN.bscan_inst/SERIES7_BSCAN.bscan_inst/INTERNAL_TCK rise edge)
                                                      0.000     0.000 r  
    CONFIG_SITE_X0Y0     BSCANE2                      0.000     0.000 r  dbg_hub/inst/BSCANID.u_xsdbm_id/SWITCH_N_EXT_BSCAN.bscan_inst/SERIES7_BSCAN.bscan_inst/INTERNAL_TCK
    CONFIG_SITE_X0Y0     BSCANE2 (Prop_BSCAN1_CONFIG_SITE_INTERNAL_TCK_TCK)
                                                      4.300     4.300 r  dbg_hub/inst/BSCANID.u_xsdbm_id/SWITCH_N_EXT_BSCAN.bscan_inst/SERIES7_BSCAN.bscan_inst/TCK
                         net (fo=1, routed)           0.800     5.100    dbg_hub/inst/BSCANID.u_xsdbm_id/tck_bs
    BUFGCE_X0Y50         BUFGCE (Prop_BUFCE_BUFGCE_I_O)
                                                      0.019     5.119 r  dbg_hub/inst/BSCANID.u_xsdbm_id/SWITCH_N_EXT_BSCAN.u_bufg_icon_tck/O
    X2Y1 (CLOCK_ROOT)    net (fo=490, routed)         1.122     6.241    dbg_hub/inst/BSCANID.u_xsdbm_id/CORE_XSDB.UUT_MASTER/U_ICON_INTERFACE/U_CMD4/m_bscan_tck[0]
    SLICE_X56Y131        FDRE                                         r  dbg_hub/inst/BSCANID.u_xsdbm_id/CORE_XSDB.UUT_MASTER/U_ICON_INTERFACE/U_CMD4/shift_reg_in_reg[8]/C
                         clock pessimism             -4.159     2.082    
    SLICE_X56Y131        FDRE (Hold_CFF_SLICEL_C_D)
                                                      0.046     2.128    dbg_hub/inst/BSCANID.u_xsdbm_id/CORE_XSDB.UUT_MASTER/U_ICON_INTERFACE/U_CMD4/shift_reg_in_reg[8]
  -------------------------------------------------------------------
                         required time                         -2.128    
                         arrival time                           2.160    
  -------------------------------------------------------------------
                         slack                                  0.032    

Slack (MET) :             0.035ns  (arrival time - required time)
  Source:                 dbg_hub/inst/BSCANID.u_xsdbm_id/CORE_XSDB.UUT_MASTER/U_ICON_INTERFACE/U_CMD5/shift_reg_in_reg[8]/C
                            (rising edge-triggered cell FDRE clocked by dbg_hub/inst/BSCANID.u_xsdbm_id/SWITCH_N_EXT_BSCAN.bscan_inst/SERIES7_BSCAN.bscan_inst/INTERNAL_TCK  {rise@0.000ns fall@25.000ns period=50.000ns})
  Destination:            dbg_hub/inst/BSCANID.u_xsdbm_id/CORE_XSDB.UUT_MASTER/U_ICON_INTERFACE/U_CMD5/shift_reg_in_reg[7]/D
                            (rising edge-triggered cell FDRE clocked by dbg_hub/inst/BSCANID.u_xsdbm_id/SWITCH_N_EXT_BSCAN.bscan_inst/SERIES7_BSCAN.bscan_inst/INTERNAL_TCK  {rise@0.000ns fall@25.000ns period=50.000ns})
  Path Group:             dbg_hub/inst/BSCANID.u_xsdbm_id/SWITCH_N_EXT_BSCAN.bscan_inst/SERIES7_BSCAN.bscan_inst/INTERNAL_TCK
  Path Type:              Hold (Min at Fast Process Corner)
  Requirement:            0.000ns  (dbg_hub/inst/BSCANID.u_xsdbm_id/SWITCH_N_EXT_BSCAN.bscan_inst/SERIES7_BSCAN.bscan_inst/INTERNAL_TCK rise@0.000ns - dbg_hub/inst/BSCANID.u_xsdbm_id/SWITCH_N_EXT_BSCAN.bscan_inst/SERIES7_BSCAN.bscan_inst/INTERNAL_TCK rise@0.000ns)
  Data Path Delay:        0.087ns  (logic 0.039ns (44.828%)  route 0.048ns (55.172%))
  Logic Levels:           0  
  Clock Path Skew:        0.006ns (DCD - SCD - CPR)
    Destination Clock Delay (DCD):    6.246ns
    Source Clock Delay      (SCD):    2.080ns
    Clock Pessimism Removal (CPR):    4.160ns
  Clock Net Delay (Source):      0.995ns (routing 0.483ns, distribution 0.512ns)
  Clock Net Delay (Destination): 1.127ns (routing 0.539ns, distribution 0.588ns)

    Location             Delay type                Incr(ns)  Path(ns)    Netlist Resource(s)
  -------------------------------------------------------------------    -------------------
                         (clock dbg_hub/inst/BSCANID.u_xsdbm_id/SWITCH_N_EXT_BSCAN.bscan_inst/SERIES7_BSCAN.bscan_inst/INTERNAL_TCK rise edge)
                                                      0.000     0.000 r  
    CONFIG_SITE_X0Y0     BSCANE2                      0.000     0.000 r  dbg_hub/inst/BSCANID.u_xsdbm_id/SWITCH_N_EXT_BSCAN.bscan_inst/SERIES7_BSCAN.bscan_inst/INTERNAL_TCK
    CONFIG_SITE_X0Y0     BSCANE2 (Prop_BSCAN1_CONFIG_SITE_INTERNAL_TCK_TCK)
                                                      0.465     0.465 r  dbg_hub/inst/BSCANID.u_xsdbm_id/SWITCH_N_EXT_BSCAN.bscan_inst/SERIES7_BSCAN.bscan_inst/TCK
                         net (fo=1, routed)           0.603     1.068    dbg_hub/inst/BSCANID.u_xsdbm_id/tck_bs
    BUFGCE_X0Y50         BUFGCE (Prop_BUFCE_BUFGCE_I_O)
                                                      0.017     1.085 r  dbg_hub/inst/BSCANID.u_xsdbm_id/SWITCH_N_EXT_BSCAN.u_bufg_icon_tck/O
    X2Y1 (CLOCK_ROOT)    net (fo=490, routed)         0.995     2.080    dbg_hub/inst/BSCANID.u_xsdbm_id/CORE_XSDB.UUT_MASTER/U_ICON_INTERFACE/U_CMD5/m_bscan_tck[0]
    SLICE_X56Y127        FDRE                                         r  dbg_hub/inst/BSCANID.u_xsdbm_id/CORE_XSDB.UUT_MASTER/U_ICON_INTERFACE/U_CMD5/shift_reg_in_reg[8]/C
  -------------------------------------------------------------------    -------------------
    SLICE_X56Y127        FDRE (Prop_GFF_SLICEL_C_Q)
                                                      0.039     2.119 r  dbg_hub/inst/BSCANID.u_xsdbm_id/CORE_XSDB.UUT_MASTER/U_ICON_INTERFACE/U_CMD5/shift_reg_in_reg[8]/Q
                         net (fo=2, routed)           0.048     2.167    dbg_hub/inst/BSCANID.u_xsdbm_id/CORE_XSDB.UUT_MASTER/U_ICON_INTERFACE/U_CMD5/shift_reg_in[8]
    SLICE_X56Y127        FDRE                                         r  dbg_hub/inst/BSCANID.u_xsdbm_id/CORE_XSDB.UUT_MASTER/U_ICON_INTERFACE/U_CMD5/shift_reg_in_reg[7]/D
  -------------------------------------------------------------------    -------------------

                         (clock dbg_hub/inst/BSCANID.u_xsdbm_id/SWITCH_N_EXT_BSCAN.bscan_inst/SERIES7_BSCAN.bscan_inst/INTERNAL_TCK rise edge)
                                                      0.000     0.000 r  
    CONFIG_SITE_X0Y0     BSCANE2                      0.000     0.000 r  dbg_hub/inst/BSCANID.u_xsdbm_id/SWITCH_N_EXT_BSCAN.bscan_inst/SERIES7_BSCAN.bscan_inst/INTERNAL_TCK
    CONFIG_SITE_X0Y0     BSCANE2 (Prop_BSCAN1_CONFIG_SITE_INTERNAL_TCK_TCK)
                                                      4.300     4.300 r  dbg_hub/inst/BSCANID.u_xsdbm_id/SWITCH_N_EXT_BSCAN.bscan_inst/SERIES7_BSCAN.bscan_inst/TCK
                         net (fo=1, routed)           0.800     5.100    dbg_hub/inst/BSCANID.u_xsdbm_id/tck_bs
    BUFGCE_X0Y50         BUFGCE (Prop_BUFCE_BUFGCE_I_O)
                                                      0.019     5.119 r  dbg_hub/inst/BSCANID.u_xsdbm_id/SWITCH_N_EXT_BSCAN.u_bufg_icon_tck/O
    X2Y1 (CLOCK_ROOT)    net (fo=490, routed)         1.127     6.246    dbg_hub/inst/BSCANID.u_xsdbm_id/CORE_XSDB.UUT_MASTER/U_ICON_INTERFACE/U_CMD5/m_bscan_tck[0]
    SLICE_X56Y127        FDRE                                         r  dbg_hub/inst/BSCANID.u_xsdbm_id/CORE_XSDB.UUT_MASTER/U_ICON_INTERFACE/U_CMD5/shift_reg_in_reg[7]/C
                         clock pessimism             -4.160     2.086    
    SLICE_X56Y127        FDRE (Hold_FFF_SLICEL_C_D)
                                                      0.046     2.132    dbg_hub/inst/BSCANID.u_xsdbm_id/CORE_XSDB.UUT_MASTER/U_ICON_INTERFACE/U_CMD5/shift_reg_in_reg[7]
  -------------------------------------------------------------------
                         required time                         -2.132    
                         arrival time                           2.167    
  -------------------------------------------------------------------
                         slack                                  0.035    

Slack (MET) :             0.036ns  (arrival time - required time)
  Source:                 dbg_hub/inst/BSCANID.u_xsdbm_id/CORE_XSDB.UUT_MASTER/U_ICON_INTERFACE/U_CMD4/shift_reg_in_reg[6]/C
                            (rising edge-triggered cell FDRE clocked by dbg_hub/inst/BSCANID.u_xsdbm_id/SWITCH_N_EXT_BSCAN.bscan_inst/SERIES7_BSCAN.bscan_inst/INTERNAL_TCK  {rise@0.000ns fall@25.000ns period=50.000ns})
  Destination:            dbg_hub/inst/BSCANID.u_xsdbm_id/CORE_XSDB.UUT_MASTER/U_ICON_INTERFACE/U_CMD4/shift_reg_in_reg[5]/D
                            (rising edge-triggered cell FDRE clocked by dbg_hub/inst/BSCANID.u_xsdbm_id/SWITCH_N_EXT_BSCAN.bscan_inst/SERIES7_BSCAN.bscan_inst/INTERNAL_TCK  {rise@0.000ns fall@25.000ns period=50.000ns})
  Path Group:             dbg_hub/inst/BSCANID.u_xsdbm_id/SWITCH_N_EXT_BSCAN.bscan_inst/SERIES7_BSCAN.bscan_inst/INTERNAL_TCK
  Path Type:              Hold (Min at Fast Process Corner)
  Requirement:            0.000ns  (dbg_hub/inst/BSCANID.u_xsdbm_id/SWITCH_N_EXT_BSCAN.bscan_inst/SERIES7_BSCAN.bscan_inst/INTERNAL_TCK rise@0.000ns - dbg_hub/inst/BSCANID.u_xsdbm_id/SWITCH_N_EXT_BSCAN.bscan_inst/SERIES7_BSCAN.bscan_inst/INTERNAL_TCK rise@0.000ns)
  Data Path Delay:        0.098ns  (logic 0.039ns (39.796%)  route 0.059ns (60.204%))
  Logic Levels:           0  
  Clock Path Skew:        0.015ns (DCD - SCD - CPR)
    Destination Clock Delay (DCD):    6.245ns
    Source Clock Delay      (SCD):    2.076ns
    Clock Pessimism Removal (CPR):    4.154ns
  Clock Net Delay (Source):      0.991ns (routing 0.483ns, distribution 0.508ns)
  Clock Net Delay (Destination): 1.126ns (routing 0.539ns, distribution 0.587ns)

    Location             Delay type                Incr(ns)  Path(ns)    Netlist Resource(s)
  -------------------------------------------------------------------    -------------------
                         (clock dbg_hub/inst/BSCANID.u_xsdbm_id/SWITCH_N_EXT_BSCAN.bscan_inst/SERIES7_BSCAN.bscan_inst/INTERNAL_TCK rise edge)
                                                      0.000     0.000 r  
    CONFIG_SITE_X0Y0     BSCANE2                      0.000     0.000 r  dbg_hub/inst/BSCANID.u_xsdbm_id/SWITCH_N_EXT_BSCAN.bscan_inst/SERIES7_BSCAN.bscan_inst/INTERNAL_TCK
    CONFIG_SITE_X0Y0     BSCANE2 (Prop_BSCAN1_CONFIG_SITE_INTERNAL_TCK_TCK)
                                                      0.465     0.465 r  dbg_hub/inst/BSCANID.u_xsdbm_id/SWITCH_N_EXT_BSCAN.bscan_inst/SERIES7_BSCAN.bscan_inst/TCK
                         net (fo=1, routed)           0.603     1.068    dbg_hub/inst/BSCANID.u_xsdbm_id/tck_bs
    BUFGCE_X0Y50         BUFGCE (Prop_BUFCE_BUFGCE_I_O)
                                                      0.017     1.085 r  dbg_hub/inst/BSCANID.u_xsdbm_id/SWITCH_N_EXT_BSCAN.u_bufg_icon_tck/O
    X2Y1 (CLOCK_ROOT)    net (fo=490, routed)         0.991     2.076    dbg_hub/inst/BSCANID.u_xsdbm_id/CORE_XSDB.UUT_MASTER/U_ICON_INTERFACE/U_CMD4/m_bscan_tck[0]
    SLICE_X56Y131        FDRE                                         r  dbg_hub/inst/BSCANID.u_xsdbm_id/CORE_XSDB.UUT_MASTER/U_ICON_INTERFACE/U_CMD4/shift_reg_in_reg[6]/C
  -------------------------------------------------------------------    -------------------
    SLICE_X56Y131        FDRE (Prop_AFF_SLICEL_C_Q)
                                                      0.039     2.115 r  dbg_hub/inst/BSCANID.u_xsdbm_id/CORE_XSDB.UUT_MASTER/U_ICON_INTERFACE/U_CMD4/shift_reg_in_reg[6]/Q
                         net (fo=2, routed)           0.059     2.174    dbg_hub/inst/BSCANID.u_xsdbm_id/CORE_XSDB.UUT_MASTER/U_ICON_INTERFACE/U_CMD4/shift_reg_in[6]
    SLICE_X56Y131        FDRE                                         r  dbg_hub/inst/BSCANID.u_xsdbm_id/CORE_XSDB.UUT_MASTER/U_ICON_INTERFACE/U_CMD4/shift_reg_in_reg[5]/D
  -------------------------------------------------------------------    -------------------

                         (clock dbg_hub/inst/BSCANID.u_xsdbm_id/SWITCH_N_EXT_BSCAN.bscan_inst/SERIES7_BSCAN.bscan_inst/INTERNAL_TCK rise edge)
                                                      0.000     0.000 r  
    CONFIG_SITE_X0Y0     BSCANE2                      0.000     0.000 r  dbg_hub/inst/BSCANID.u_xsdbm_id/SWITCH_N_EXT_BSCAN.bscan_inst/SERIES7_BSCAN.bscan_inst/INTERNAL_TCK
    CONFIG_SITE_X0Y0     BSCANE2 (Prop_BSCAN1_CONFIG_SITE_INTERNAL_TCK_TCK)
                                                      4.300     4.300 r  dbg_hub/inst/BSCANID.u_xsdbm_id/SWITCH_N_EXT_BSCAN.bscan_inst/SERIES7_BSCAN.bscan_inst/TCK
                         net (fo=1, routed)           0.800     5.100    dbg_hub/inst/BSCANID.u_xsdbm_id/tck_bs
    BUFGCE_X0Y50         BUFGCE (Prop_BUFCE_BUFGCE_I_O)
                                                      0.019     5.119 r  dbg_hub/inst/BSCANID.u_xsdbm_id/SWITCH_N_EXT_BSCAN.u_bufg_icon_tck/O
    X2Y1 (CLOCK_ROOT)    net (fo=490, routed)         1.126     6.245    dbg_hub/inst/BSCANID.u_xsdbm_id/CORE_XSDB.UUT_MASTER/U_ICON_INTERFACE/U_CMD4/m_bscan_tck[0]
    SLICE_X56Y131        FDRE                                         r  dbg_hub/inst/BSCANID.u_xsdbm_id/CORE_XSDB.UUT_MASTER/U_ICON_INTERFACE/U_CMD4/shift_reg_in_reg[5]/C
                         clock pessimism             -4.154     2.091    
    SLICE_X56Y131        FDRE (Hold_HFF2_SLICEL_C_D)
                                                      0.047     2.138    dbg_hub/inst/BSCANID.u_xsdbm_id/CORE_XSDB.UUT_MASTER/U_ICON_INTERFACE/U_CMD4/shift_reg_in_reg[5]
  -------------------------------------------------------------------
                         required time                         -2.138    
                         arrival time                           2.174    
  -------------------------------------------------------------------
                         slack                                  0.036    

Slack (MET) :             0.037ns  (arrival time - required time)
  Source:                 dbg_hub/inst/BSCANID.u_xsdbm_id/CORE_XSDB.UUT_MASTER/U_ICON_INTERFACE/U_CMD5/shift_reg_in_reg[2]/C
                            (rising edge-triggered cell FDRE clocked by dbg_hub/inst/BSCANID.u_xsdbm_id/SWITCH_N_EXT_BSCAN.bscan_inst/SERIES7_BSCAN.bscan_inst/INTERNAL_TCK  {rise@0.000ns fall@25.000ns period=50.000ns})
  Destination:            dbg_hub/inst/BSCANID.u_xsdbm_id/CORE_XSDB.UUT_MASTER/U_ICON_INTERFACE/U_CMD5/shift_reg_in_reg[1]/D
                            (rising edge-triggered cell FDRE clocked by dbg_hub/inst/BSCANID.u_xsdbm_id/SWITCH_N_EXT_BSCAN.bscan_inst/SERIES7_BSCAN.bscan_inst/INTERNAL_TCK  {rise@0.000ns fall@25.000ns period=50.000ns})
  Path Group:             dbg_hub/inst/BSCANID.u_xsdbm_id/SWITCH_N_EXT_BSCAN.bscan_inst/SERIES7_BSCAN.bscan_inst/INTERNAL_TCK
  Path Type:              Hold (Min at Slow Process Corner)
  Requirement:            0.000ns  (dbg_hub/inst/BSCANID.u_xsdbm_id/SWITCH_N_EXT_BSCAN.bscan_inst/SERIES7_BSCAN.bscan_inst/INTERNAL_TCK rise@0.000ns - dbg_hub/inst/BSCANID.u_xsdbm_id/SWITCH_N_EXT_BSCAN.bscan_inst/SERIES7_BSCAN.bscan_inst/INTERNAL_TCK rise@0.000ns)
  Data Path Delay:        0.129ns  (logic 0.058ns (44.961%)  route 0.071ns (55.039%))
  Logic Levels:           0  
  Clock Path Skew:        0.030ns (DCD - SCD - CPR)
    Destination Clock Delay (DCD):    7.268ns
    Source Clock Delay      (SCD):    2.893ns
    Clock Pessimism Removal (CPR):    4.345ns
  Clock Net Delay (Source):      1.596ns (routing 0.798ns, distribution 0.798ns)
  Clock Net Delay (Destination): 1.800ns (routing 0.879ns, distribution 0.921ns)

    Location             Delay type                Incr(ns)  Path(ns)    Netlist Resource(s)
  -------------------------------------------------------------------    -------------------
                         (clock dbg_hub/inst/BSCANID.u_xsdbm_id/SWITCH_N_EXT_BSCAN.bscan_inst/SERIES7_BSCAN.bscan_inst/INTERNAL_TCK rise edge)
                                                      0.000     0.000 r  
    CONFIG_SITE_X0Y0     BSCANE2                      0.000     0.000 r  dbg_hub/inst/BSCANID.u_xsdbm_id/SWITCH_N_EXT_BSCAN.bscan_inst/SERIES7_BSCAN.bscan_inst/INTERNAL_TCK
    CONFIG_SITE_X0Y0     BSCANE2 (Prop_BSCAN1_CONFIG_SITE_INTERNAL_TCK_TCK)
                                                      0.465     0.465 r  dbg_hub/inst/BSCANID.u_xsdbm_id/SWITCH_N_EXT_BSCAN.bscan_inst/SERIES7_BSCAN.bscan_inst/TCK
                         net (fo=1, routed)           0.808     1.273    dbg_hub/inst/BSCANID.u_xsdbm_id/tck_bs
    BUFGCE_X0Y50         BUFGCE (Prop_BUFCE_BUFGCE_I_O)
                                                      0.024     1.297 r  dbg_hub/inst/BSCANID.u_xsdbm_id/SWITCH_N_EXT_BSCAN.u_bufg_icon_tck/O
    X2Y1 (CLOCK_ROOT)    net (fo=490, routed)         1.596     2.893    dbg_hub/inst/BSCANID.u_xsdbm_id/CORE_XSDB.UUT_MASTER/U_ICON_INTERFACE/U_CMD5/m_bscan_tck[0]
    SLICE_X56Y127        FDRE                                         r  dbg_hub/inst/BSCANID.u_xsdbm_id/CORE_XSDB.UUT_MASTER/U_ICON_INTERFACE/U_CMD5/shift_reg_in_reg[2]/C
  -------------------------------------------------------------------    -------------------
    SLICE_X56Y127        FDRE (Prop_AFF_SLICEL_C_Q)
                                                      0.058     2.951 r  dbg_hub/inst/BSCANID.u_xsdbm_id/CORE_XSDB.UUT_MASTER/U_ICON_INTERFACE/U_CMD5/shift_reg_in_reg[2]/Q
                         net (fo=2, routed)           0.071     3.022    dbg_hub/inst/BSCANID.u_xsdbm_id/CORE_XSDB.UUT_MASTER/U_ICON_INTERFACE/U_CMD5/shift_reg_in[2]
    SLICE_X56Y128        FDRE                                         r  dbg_hub/inst/BSCANID.u_xsdbm_id/CORE_XSDB.UUT_MASTER/U_ICON_INTERFACE/U_CMD5/shift_reg_in_reg[1]/D
  -------------------------------------------------------------------    -------------------

                         (clock dbg_hub/inst/BSCANID.u_xsdbm_id/SWITCH_N_EXT_BSCAN.bscan_inst/SERIES7_BSCAN.bscan_inst/INTERNAL_TCK rise edge)
                                                      0.000     0.000 r  
    CONFIG_SITE_X0Y0     BSCANE2                      0.000     0.000 r  dbg_hub/inst/BSCANID.u_xsdbm_id/SWITCH_N_EXT_BSCAN.bscan_inst/SERIES7_BSCAN.bscan_inst/INTERNAL_TCK
    CONFIG_SITE_X0Y0     BSCANE2 (Prop_BSCAN1_CONFIG_SITE_INTERNAL_TCK_TCK)
                                                      4.300     4.300 r  dbg_hub/inst/BSCANID.u_xsdbm_id/SWITCH_N_EXT_BSCAN.bscan_inst/SERIES7_BSCAN.bscan_inst/TCK
                         net (fo=1, routed)           1.140     5.440    dbg_hub/inst/BSCANID.u_xsdbm_id/tck_bs
    BUFGCE_X0Y50         BUFGCE (Prop_BUFCE_BUFGCE_I_O)
                                                      0.028     5.468 r  dbg_hub/inst/BSCANID.u_xsdbm_id/SWITCH_N_EXT_BSCAN.u_bufg_icon_tck/O
    X2Y1 (CLOCK_ROOT)    net (fo=490, routed)         1.800     7.268    dbg_hub/inst/BSCANID.u_xsdbm_id/CORE_XSDB.UUT_MASTER/U_ICON_INTERFACE/U_CMD5/m_bscan_tck[0]
    SLICE_X56Y128        FDRE                                         r  dbg_hub/inst/BSCANID.u_xsdbm_id/CORE_XSDB.UUT_MASTER/U_ICON_INTERFACE/U_CMD5/shift_reg_in_reg[1]/C
                         clock pessimism             -4.345     2.923    
    SLICE_X56Y128        FDRE (Hold_BFF2_SLICEL_C_D)
                                                      0.062     2.985    dbg_hub/inst/BSCANID.u_xsdbm_id/CORE_XSDB.UUT_MASTER/U_ICON_INTERFACE/U_CMD5/shift_reg_in_reg[1]
  -------------------------------------------------------------------
                         required time                         -2.985    
                         arrival time                           3.022    
  -------------------------------------------------------------------
                         slack                                  0.037    

Slack (MET) :             0.037ns  (arrival time - required time)
  Source:                 dbg_hub/inst/BSCANID.u_xsdbm_id/CORE_XSDB.UUT_MASTER/U_ICON_INTERFACE/U_CMD6_RD/shift_reg_in_reg[1]/C
                            (rising edge-triggered cell FDCE clocked by dbg_hub/inst/BSCANID.u_xsdbm_id/SWITCH_N_EXT_BSCAN.bscan_inst/SERIES7_BSCAN.bscan_inst/INTERNAL_TCK  {rise@0.000ns fall@25.000ns period=50.000ns})
  Destination:            dbg_hub/inst/BSCANID.u_xsdbm_id/CORE_XSDB.UUT_MASTER/U_ICON_INTERFACE/U_CMD6_RD/shift_reg_in_reg[0]/D
                            (rising edge-triggered cell FDCE clocked by dbg_hub/inst/BSCANID.u_xsdbm_id/SWITCH_N_EXT_BSCAN.bscan_inst/SERIES7_BSCAN.bscan_inst/INTERNAL_TCK  {rise@0.000ns fall@25.000ns period=50.000ns})
  Path Group:             dbg_hub/inst/BSCANID.u_xsdbm_id/SWITCH_N_EXT_BSCAN.bscan_inst/SERIES7_BSCAN.bscan_inst/INTERNAL_TCK
  Path Type:              Hold (Min at Fast Process Corner)
  Requirement:            0.000ns  (dbg_hub/inst/BSCANID.u_xsdbm_id/SWITCH_N_EXT_BSCAN.bscan_inst/SERIES7_BSCAN.bscan_inst/INTERNAL_TCK rise@0.000ns - dbg_hub/inst/BSCANID.u_xsdbm_id/SWITCH_N_EXT_BSCAN.bscan_inst/SERIES7_BSCAN.bscan_inst/INTERNAL_TCK rise@0.000ns)
  Data Path Delay:        0.090ns  (logic 0.059ns (65.556%)  route 0.031ns (34.445%))
  Logic Levels:           1  (LUT5=1)
  Clock Path Skew:        0.006ns (DCD - SCD - CPR)
    Destination Clock Delay (DCD):    6.242ns
    Source Clock Delay      (SCD):    2.077ns
    Clock Pessimism Removal (CPR):    4.159ns
  Clock Net Delay (Source):      0.992ns (routing 0.483ns, distribution 0.509ns)
  Clock Net Delay (Destination): 1.123ns (routing 0.539ns, distribution 0.584ns)

    Location             Delay type                Incr(ns)  Path(ns)    Netlist Resource(s)
  -------------------------------------------------------------------    -------------------
                         (clock dbg_hub/inst/BSCANID.u_xsdbm_id/SWITCH_N_EXT_BSCAN.bscan_inst/SERIES7_BSCAN.bscan_inst/INTERNAL_TCK rise edge)
                                                      0.000     0.000 r  
    CONFIG_SITE_X0Y0     BSCANE2                      0.000     0.000 r  dbg_hub/inst/BSCANID.u_xsdbm_id/SWITCH_N_EXT_BSCAN.bscan_inst/SERIES7_BSCAN.bscan_inst/INTERNAL_TCK
    CONFIG_SITE_X0Y0     BSCANE2 (Prop_BSCAN1_CONFIG_SITE_INTERNAL_TCK_TCK)
                                                      0.465     0.465 r  dbg_hub/inst/BSCANID.u_xsdbm_id/SWITCH_N_EXT_BSCAN.bscan_inst/SERIES7_BSCAN.bscan_inst/TCK
                         net (fo=1, routed)           0.603     1.068    dbg_hub/inst/BSCANID.u_xsdbm_id/tck_bs
    BUFGCE_X0Y50         BUFGCE (Prop_BUFCE_BUFGCE_I_O)
                                                      0.017     1.085 r  dbg_hub/inst/BSCANID.u_xsdbm_id/SWITCH_N_EXT_BSCAN.u_bufg_icon_tck/O
    X2Y1 (CLOCK_ROOT)    net (fo=490, routed)         0.992     2.077    dbg_hub/inst/BSCANID.u_xsdbm_id/CORE_XSDB.UUT_MASTER/U_ICON_INTERFACE/U_CMD6_RD/m_bscan_tck[0]
    SLICE_X59Y128        FDCE                                         r  dbg_hub/inst/BSCANID.u_xsdbm_id/CORE_XSDB.UUT_MASTER/U_ICON_INTERFACE/U_CMD6_RD/shift_reg_in_reg[1]/C
  -------------------------------------------------------------------    -------------------
    SLICE_X59Y128        FDCE (Prop_DFF_SLICEL_C_Q)
                                                      0.039     2.116 r  dbg_hub/inst/BSCANID.u_xsdbm_id/CORE_XSDB.UUT_MASTER/U_ICON_INTERFACE/U_CMD6_RD/shift_reg_in_reg[1]/Q
                         net (fo=1, routed)           0.024     2.140    dbg_hub/inst/BSCANID.u_xsdbm_id/CORE_XSDB.UUT_MASTER/U_ICON_INTERFACE/U_CMD6_RD/U_RD_FIFO/Q[1]
    SLICE_X59Y128        LUT5 (Prop_A5LUT_SLICEL_I4_O)
                                                      0.020     2.160 r  dbg_hub/inst/BSCANID.u_xsdbm_id/CORE_XSDB.UUT_MASTER/U_ICON_INTERFACE/U_CMD6_RD/U_RD_FIFO/shift_reg_in[0]_i_1__2/O
                         net (fo=1, routed)           0.007     2.167    dbg_hub/inst/BSCANID.u_xsdbm_id/CORE_XSDB.UUT_MASTER/U_ICON_INTERFACE/U_CMD6_RD/U_RD_FIFO_n_15
    SLICE_X59Y128        FDCE                                         r  dbg_hub/inst/BSCANID.u_xsdbm_id/CORE_XSDB.UUT_MASTER/U_ICON_INTERFACE/U_CMD6_RD/shift_reg_in_reg[0]/D
  -------------------------------------------------------------------    -------------------

                         (clock dbg_hub/inst/BSCANID.u_xsdbm_id/SWITCH_N_EXT_BSCAN.bscan_inst/SERIES7_BSCAN.bscan_inst/INTERNAL_TCK rise edge)
                                                      0.000     0.000 r  
    CONFIG_SITE_X0Y0     BSCANE2                      0.000     0.000 r  dbg_hub/inst/BSCANID.u_xsdbm_id/SWITCH_N_EXT_BSCAN.bscan_inst/SERIES7_BSCAN.bscan_inst/INTERNAL_TCK
    CONFIG_SITE_X0Y0     BSCANE2 (Prop_BSCAN1_CONFIG_SITE_INTERNAL_TCK_TCK)
                                                      4.300     4.300 r  dbg_hub/inst/BSCANID.u_xsdbm_id/SWITCH_N_EXT_BSCAN.bscan_inst/SERIES7_BSCAN.bscan_inst/TCK
                         net (fo=1, routed)           0.800     5.100    dbg_hub/inst/BSCANID.u_xsdbm_id/tck_bs
    BUFGCE_X0Y50         BUFGCE (Prop_BUFCE_BUFGCE_I_O)
                                                      0.019     5.119 r  dbg_hub/inst/BSCANID.u_xsdbm_id/SWITCH_N_EXT_BSCAN.u_bufg_icon_tck/O
    X2Y1 (CLOCK_ROOT)    net (fo=490, routed)         1.123     6.242    dbg_hub/inst/BSCANID.u_xsdbm_id/CORE_XSDB.UUT_MASTER/U_ICON_INTERFACE/U_CMD6_RD/m_bscan_tck[0]
    SLICE_X59Y128        FDCE                                         r  dbg_hub/inst/BSCANID.u_xsdbm_id/CORE_XSDB.UUT_MASTER/U_ICON_INTERFACE/U_CMD6_RD/shift_reg_in_reg[0]/C
                         clock pessimism             -4.159     2.083    
    SLICE_X59Y128        FDCE (Hold_AFF2_SLICEL_C_D)
                                                      0.047     2.130    dbg_hub/inst/BSCANID.u_xsdbm_id/CORE_XSDB.UUT_MASTER/U_ICON_INTERFACE/U_CMD6_RD/shift_reg_in_reg[0]
  -------------------------------------------------------------------
                         required time                         -2.130    
                         arrival time                           2.167    
  -------------------------------------------------------------------
                         slack                                  0.037    

Slack (MET) :             0.040ns  (arrival time - required time)
  Source:                 dbg_hub/inst/BSCANID.u_xsdbm_id/SWITCH_N_EXT_BSCAN.bscan_switch/temp_curid_reg[19]/C
                            (rising edge-triggered cell FDRE clocked by dbg_hub/inst/BSCANID.u_xsdbm_id/SWITCH_N_EXT_BSCAN.bscan_inst/SERIES7_BSCAN.bscan_inst/INTERNAL_TCK  {rise@0.000ns fall@25.000ns period=50.000ns})
  Destination:            dbg_hub/inst/BSCANID.u_xsdbm_id/SWITCH_N_EXT_BSCAN.bscan_switch/temp_curid_reg[18]/D
                            (rising edge-triggered cell FDRE clocked by dbg_hub/inst/BSCANID.u_xsdbm_id/SWITCH_N_EXT_BSCAN.bscan_inst/SERIES7_BSCAN.bscan_inst/INTERNAL_TCK  {rise@0.000ns fall@25.000ns period=50.000ns})
  Path Group:             dbg_hub/inst/BSCANID.u_xsdbm_id/SWITCH_N_EXT_BSCAN.bscan_inst/SERIES7_BSCAN.bscan_inst/INTERNAL_TCK
  Path Type:              Hold (Min at Fast Process Corner)
  Requirement:            0.000ns  (dbg_hub/inst/BSCANID.u_xsdbm_id/SWITCH_N_EXT_BSCAN.bscan_inst/SERIES7_BSCAN.bscan_inst/INTERNAL_TCK rise@0.000ns - dbg_hub/inst/BSCANID.u_xsdbm_id/SWITCH_N_EXT_BSCAN.bscan_inst/SERIES7_BSCAN.bscan_inst/INTERNAL_TCK rise@0.000ns)
  Data Path Delay:        0.101ns  (logic 0.039ns (38.614%)  route 0.062ns (61.386%))
  Logic Levels:           0  
  Clock Path Skew:        0.014ns (DCD - SCD - CPR)
    Destination Clock Delay (DCD):    6.233ns
    Source Clock Delay      (SCD):    2.072ns
    Clock Pessimism Removal (CPR):    4.147ns
  Clock Net Delay (Source):      0.987ns (routing 0.483ns, distribution 0.504ns)
  Clock Net Delay (Destination): 1.114ns (routing 0.539ns, distribution 0.575ns)

    Location             Delay type                Incr(ns)  Path(ns)    Netlist Resource(s)
  -------------------------------------------------------------------    -------------------
                         (clock dbg_hub/inst/BSCANID.u_xsdbm_id/SWITCH_N_EXT_BSCAN.bscan_inst/SERIES7_BSCAN.bscan_inst/INTERNAL_TCK rise edge)
                                                      0.000     0.000 r  
    CONFIG_SITE_X0Y0     BSCANE2                      0.000     0.000 r  dbg_hub/inst/BSCANID.u_xsdbm_id/SWITCH_N_EXT_BSCAN.bscan_inst/SERIES7_BSCAN.bscan_inst/INTERNAL_TCK
    CONFIG_SITE_X0Y0     BSCANE2 (Prop_BSCAN1_CONFIG_SITE_INTERNAL_TCK_TCK)
                                                      0.465     0.465 r  dbg_hub/inst/BSCANID.u_xsdbm_id/SWITCH_N_EXT_BSCAN.bscan_inst/SERIES7_BSCAN.bscan_inst/TCK
                         net (fo=1, routed)           0.603     1.068    dbg_hub/inst/BSCANID.u_xsdbm_id/tck_bs
    BUFGCE_X0Y50         BUFGCE (Prop_BUFCE_BUFGCE_I_O)
                                                      0.017     1.085 r  dbg_hub/inst/BSCANID.u_xsdbm_id/SWITCH_N_EXT_BSCAN.u_bufg_icon_tck/O
    X2Y1 (CLOCK_ROOT)    net (fo=490, routed)         0.987     2.072    dbg_hub/inst/BSCANID.u_xsdbm_id/SWITCH_N_EXT_BSCAN.bscan_switch/s_bscan_tck
    SLICE_X49Y168        FDRE                                         r  dbg_hub/inst/BSCANID.u_xsdbm_id/SWITCH_N_EXT_BSCAN.bscan_switch/temp_curid_reg[19]/C
  -------------------------------------------------------------------    -------------------
    SLICE_X49Y168        FDRE (Prop_EFF_SLICEL_C_Q)
                                                      0.039     2.111 r  dbg_hub/inst/BSCANID.u_xsdbm_id/SWITCH_N_EXT_BSCAN.bscan_switch/temp_curid_reg[19]/Q
                         net (fo=2, routed)           0.062     2.173    dbg_hub/inst/BSCANID.u_xsdbm_id/SWITCH_N_EXT_BSCAN.bscan_switch/temp_curid[19]
    SLICE_X49Y166        FDRE                                         r  dbg_hub/inst/BSCANID.u_xsdbm_id/SWITCH_N_EXT_BSCAN.bscan_switch/temp_curid_reg[18]/D
  -------------------------------------------------------------------    -------------------

                         (clock dbg_hub/inst/BSCANID.u_xsdbm_id/SWITCH_N_EXT_BSCAN.bscan_inst/SERIES7_BSCAN.bscan_inst/INTERNAL_TCK rise edge)
                                                      0.000     0.000 r  
    CONFIG_SITE_X0Y0     BSCANE2                      0.000     0.000 r  dbg_hub/inst/BSCANID.u_xsdbm_id/SWITCH_N_EXT_BSCAN.bscan_inst/SERIES7_BSCAN.bscan_inst/INTERNAL_TCK
    CONFIG_SITE_X0Y0     BSCANE2 (Prop_BSCAN1_CONFIG_SITE_INTERNAL_TCK_TCK)
                                                      4.300     4.300 r  dbg_hub/inst/BSCANID.u_xsdbm_id/SWITCH_N_EXT_BSCAN.bscan_inst/SERIES7_BSCAN.bscan_inst/TCK
                         net (fo=1, routed)           0.800     5.100    dbg_hub/inst/BSCANID.u_xsdbm_id/tck_bs
    BUFGCE_X0Y50         BUFGCE (Prop_BUFCE_BUFGCE_I_O)
                                                      0.019     5.119 r  dbg_hub/inst/BSCANID.u_xsdbm_id/SWITCH_N_EXT_BSCAN.u_bufg_icon_tck/O
    X2Y1 (CLOCK_ROOT)    net (fo=490, routed)         1.114     6.233    dbg_hub/inst/BSCANID.u_xsdbm_id/SWITCH_N_EXT_BSCAN.bscan_switch/s_bscan_tck
    SLICE_X49Y166        FDRE                                         r  dbg_hub/inst/BSCANID.u_xsdbm_id/SWITCH_N_EXT_BSCAN.bscan_switch/temp_curid_reg[18]/C
                         clock pessimism             -4.147     2.086    
    SLICE_X49Y166        FDRE (Hold_GFF2_SLICEL_C_D)
                                                      0.047     2.133    dbg_hub/inst/BSCANID.u_xsdbm_id/SWITCH_N_EXT_BSCAN.bscan_switch/temp_curid_reg[18]
  -------------------------------------------------------------------
                         required time                         -2.133    
                         arrival time                           2.173    
  -------------------------------------------------------------------
                         slack                                  0.040    





Pulse Width Checks
--------------------------------------------------------------------------------------
Clock Name:         dbg_hub/inst/BSCANID.u_xsdbm_id/SWITCH_N_EXT_BSCAN.bscan_inst/SERIES7_BSCAN.bscan_inst/INTERNAL_TCK
Waveform(ns):       { 0.000 25.000 }
Period(ns):         50.000
Sources:            { dbg_hub/inst/BSCANID.u_xsdbm_id/SWITCH_N_EXT_BSCAN.bscan_inst/SERIES7_BSCAN.bscan_inst/INTERNAL_TCK }

Check Type        Corner  Lib Pin     Reference Pin  Required(ns)  Actual(ns)  Slack(ns)  Location       Pin
Min Period        n/a     BUFGCE/I    n/a            1.290         50.000      48.710     BUFGCE_X0Y50   dbg_hub/inst/BSCANID.u_xsdbm_id/SWITCH_N_EXT_BSCAN.u_bufg_icon_tck/I
Min Period        n/a     RAMD32/CLK  n/a            1.064         50.000      48.936     SLICE_X58Y120  dbg_hub/inst/BSCANID.u_xsdbm_id/CORE_XSDB.UUT_MASTER/U_ICON_INTERFACE/U_CMD6_WR/U_WR_FIFO/SUBCORE_FIFO.xsdbm_v3_0_0_wrfifo_inst/inst_fifo_gen/gconvfifo.rf/grf.rf/gntv_or_sync_fifo.mem/gdm.dm_gen.dm/RAM_reg_0_15_0_13/RAMA/CLK
Min Period        n/a     RAMD32/CLK  n/a            1.064         50.000      48.936     SLICE_X58Y120  dbg_hub/inst/BSCANID.u_xsdbm_id/CORE_XSDB.UUT_MASTER/U_ICON_INTERFACE/U_CMD6_WR/U_WR_FIFO/SUBCORE_FIFO.xsdbm_v3_0_0_wrfifo_inst/inst_fifo_gen/gconvfifo.rf/grf.rf/gntv_or_sync_fifo.mem/gdm.dm_gen.dm/RAM_reg_0_15_0_13/RAMA_D1/CLK
Min Period        n/a     RAMD32/CLK  n/a            1.064         50.000      48.936     SLICE_X58Y120  dbg_hub/inst/BSCANID.u_xsdbm_id/CORE_XSDB.UUT_MASTER/U_ICON_INTERFACE/U_CMD6_WR/U_WR_FIFO/SUBCORE_FIFO.xsdbm_v3_0_0_wrfifo_inst/inst_fifo_gen/gconvfifo.rf/grf.rf/gntv_or_sync_fifo.mem/gdm.dm_gen.dm/RAM_reg_0_15_0_13/RAMB/CLK
Min Period        n/a     RAMD32/CLK  n/a            1.064         50.000      48.936     SLICE_X58Y120  dbg_hub/inst/BSCANID.u_xsdbm_id/CORE_XSDB.UUT_MASTER/U_ICON_INTERFACE/U_CMD6_WR/U_WR_FIFO/SUBCORE_FIFO.xsdbm_v3_0_0_wrfifo_inst/inst_fifo_gen/gconvfifo.rf/grf.rf/gntv_or_sync_fifo.mem/gdm.dm_gen.dm/RAM_reg_0_15_0_13/RAMB_D1/CLK
Min Period        n/a     RAMD32/CLK  n/a            1.064         50.000      48.936     SLICE_X58Y120  dbg_hub/inst/BSCANID.u_xsdbm_id/CORE_XSDB.UUT_MASTER/U_ICON_INTERFACE/U_CMD6_WR/U_WR_FIFO/SUBCORE_FIFO.xsdbm_v3_0_0_wrfifo_inst/inst_fifo_gen/gconvfifo.rf/grf.rf/gntv_or_sync_fifo.mem/gdm.dm_gen.dm/RAM_reg_0_15_0_13/RAMC/CLK
Min Period        n/a     RAMD32/CLK  n/a            1.064         50.000      48.936     SLICE_X58Y120  dbg_hub/inst/BSCANID.u_xsdbm_id/CORE_XSDB.UUT_MASTER/U_ICON_INTERFACE/U_CMD6_WR/U_WR_FIFO/SUBCORE_FIFO.xsdbm_v3_0_0_wrfifo_inst/inst_fifo_gen/gconvfifo.rf/grf.rf/gntv_or_sync_fifo.mem/gdm.dm_gen.dm/RAM_reg_0_15_0_13/RAMC_D1/CLK
Min Period        n/a     RAMD32/CLK  n/a            1.064         50.000      48.936     SLICE_X58Y120  dbg_hub/inst/BSCANID.u_xsdbm_id/CORE_XSDB.UUT_MASTER/U_ICON_INTERFACE/U_CMD6_WR/U_WR_FIFO/SUBCORE_FIFO.xsdbm_v3_0_0_wrfifo_inst/inst_fifo_gen/gconvfifo.rf/grf.rf/gntv_or_sync_fifo.mem/gdm.dm_gen.dm/RAM_reg_0_15_0_13/RAMD/CLK
Min Period        n/a     RAMD32/CLK  n/a            1.064         50.000      48.936     SLICE_X58Y120  dbg_hub/inst/BSCANID.u_xsdbm_id/CORE_XSDB.UUT_MASTER/U_ICON_INTERFACE/U_CMD6_WR/U_WR_FIFO/SUBCORE_FIFO.xsdbm_v3_0_0_wrfifo_inst/inst_fifo_gen/gconvfifo.rf/grf.rf/gntv_or_sync_fifo.mem/gdm.dm_gen.dm/RAM_reg_0_15_0_13/RAMD_D1/CLK
Min Period        n/a     RAMD32/CLK  n/a            1.064         50.000      48.936     SLICE_X58Y120  dbg_hub/inst/BSCANID.u_xsdbm_id/CORE_XSDB.UUT_MASTER/U_ICON_INTERFACE/U_CMD6_WR/U_WR_FIFO/SUBCORE_FIFO.xsdbm_v3_0_0_wrfifo_inst/inst_fifo_gen/gconvfifo.rf/grf.rf/gntv_or_sync_fifo.mem/gdm.dm_gen.dm/RAM_reg_0_15_0_13/RAME/CLK
Low Pulse Width   Fast    RAMD32/CLK  n/a            0.532         25.000      24.468     SLICE_X58Y119  dbg_hub/inst/BSCANID.u_xsdbm_id/CORE_XSDB.UUT_MASTER/U_ICON_INTERFACE/U_CMD6_WR/U_WR_FIFO/SUBCORE_FIFO.xsdbm_v3_0_0_wrfifo_inst/inst_fifo_gen/gconvfifo.rf/grf.rf/gntv_or_sync_fifo.mem/gdm.dm_gen.dm/RAM_reg_0_15_14_15/RAMA/CLK
Low Pulse Width   Fast    RAMD32/CLK  n/a            0.532         25.000      24.468     SLICE_X58Y119  dbg_hub/inst/BSCANID.u_xsdbm_id/CORE_XSDB.UUT_MASTER/U_ICON_INTERFACE/U_CMD6_WR/U_WR_FIFO/SUBCORE_FIFO.xsdbm_v3_0_0_wrfifo_inst/inst_fifo_gen/gconvfifo.rf/grf.rf/gntv_or_sync_fifo.mem/gdm.dm_gen.dm/RAM_reg_0_15_14_15/RAMA_D1/CLK
Low Pulse Width   Fast    RAMD32/CLK  n/a            0.532         25.000      24.468     SLICE_X58Y119  dbg_hub/inst/BSCANID.u_xsdbm_id/CORE_XSDB.UUT_MASTER/U_ICON_INTERFACE/U_CMD6_WR/U_WR_FIFO/SUBCORE_FIFO.xsdbm_v3_0_0_wrfifo_inst/inst_fifo_gen/gconvfifo.rf/grf.rf/gntv_or_sync_fifo.mem/gdm.dm_gen.dm/RAM_reg_0_15_14_15/RAMB/CLK
Low Pulse Width   Fast    RAMD32/CLK  n/a            0.532         25.000      24.468     SLICE_X58Y119  dbg_hub/inst/BSCANID.u_xsdbm_id/CORE_XSDB.UUT_MASTER/U_ICON_INTERFACE/U_CMD6_WR/U_WR_FIFO/SUBCORE_FIFO.xsdbm_v3_0_0_wrfifo_inst/inst_fifo_gen/gconvfifo.rf/grf.rf/gntv_or_sync_fifo.mem/gdm.dm_gen.dm/RAM_reg_0_15_14_15/RAMB_D1/CLK
Low Pulse Width   Fast    RAMD32/CLK  n/a            0.532         25.000      24.468     SLICE_X58Y119  dbg_hub/inst/BSCANID.u_xsdbm_id/CORE_XSDB.UUT_MASTER/U_ICON_INTERFACE/U_CMD6_WR/U_WR_FIFO/SUBCORE_FIFO.xsdbm_v3_0_0_wrfifo_inst/inst_fifo_gen/gconvfifo.rf/grf.rf/gntv_or_sync_fifo.mem/gdm.dm_gen.dm/RAM_reg_0_15_14_15/RAMC/CLK
Low Pulse Width   Fast    RAMD32/CLK  n/a            0.532         25.000      24.468     SLICE_X58Y119  dbg_hub/inst/BSCANID.u_xsdbm_id/CORE_XSDB.UUT_MASTER/U_ICON_INTERFACE/U_CMD6_WR/U_WR_FIFO/SUBCORE_FIFO.xsdbm_v3_0_0_wrfifo_inst/inst_fifo_gen/gconvfifo.rf/grf.rf/gntv_or_sync_fifo.mem/gdm.dm_gen.dm/RAM_reg_0_15_14_15/RAMC_D1/CLK
Low Pulse Width   Fast    RAMD32/CLK  n/a            0.532         25.000      24.468     SLICE_X58Y119  dbg_hub/inst/BSCANID.u_xsdbm_id/CORE_XSDB.UUT_MASTER/U_ICON_INTERFACE/U_CMD6_WR/U_WR_FIFO/SUBCORE_FIFO.xsdbm_v3_0_0_wrfifo_inst/inst_fifo_gen/gconvfifo.rf/grf.rf/gntv_or_sync_fifo.mem/gdm.dm_gen.dm/RAM_reg_0_15_14_15/RAMD/CLK
Low Pulse Width   Fast    RAMD32/CLK  n/a            0.532         25.000      24.468     SLICE_X58Y119  dbg_hub/inst/BSCANID.u_xsdbm_id/CORE_XSDB.UUT_MASTER/U_ICON_INTERFACE/U_CMD6_WR/U_WR_FIFO/SUBCORE_FIFO.xsdbm_v3_0_0_wrfifo_inst/inst_fifo_gen/gconvfifo.rf/grf.rf/gntv_or_sync_fifo.mem/gdm.dm_gen.dm/RAM_reg_0_15_14_15/RAMD_D1/CLK
Low Pulse Width   Fast    RAMD32/CLK  n/a            0.532         25.000      24.468     SLICE_X58Y119  dbg_hub/inst/BSCANID.u_xsdbm_id/CORE_XSDB.UUT_MASTER/U_ICON_INTERFACE/U_CMD6_WR/U_WR_FIFO/SUBCORE_FIFO.xsdbm_v3_0_0_wrfifo_inst/inst_fifo_gen/gconvfifo.rf/grf.rf/gntv_or_sync_fifo.mem/gdm.dm_gen.dm/RAM_reg_0_15_14_15/RAME/CLK
Low Pulse Width   Fast    RAMD32/CLK  n/a            0.532         25.000      24.468     SLICE_X58Y119  dbg_hub/inst/BSCANID.u_xsdbm_id/CORE_XSDB.UUT_MASTER/U_ICON_INTERFACE/U_CMD6_WR/U_WR_FIFO/SUBCORE_FIFO.xsdbm_v3_0_0_wrfifo_inst/inst_fifo_gen/gconvfifo.rf/grf.rf/gntv_or_sync_fifo.mem/gdm.dm_gen.dm/RAM_reg_0_15_14_15/RAME_D1/CLK
High Pulse Width  Slow    RAMD32/CLK  n/a            0.532         25.000      24.468     SLICE_X58Y120  dbg_hub/inst/BSCANID.u_xsdbm_id/CORE_XSDB.UUT_MASTER/U_ICON_INTERFACE/U_CMD6_WR/U_WR_FIFO/SUBCORE_FIFO.xsdbm_v3_0_0_wrfifo_inst/inst_fifo_gen/gconvfifo.rf/grf.rf/gntv_or_sync_fifo.mem/gdm.dm_gen.dm/RAM_reg_0_15_0_13/RAMA/CLK
High Pulse Width  Slow    RAMD32/CLK  n/a            0.532         25.000      24.468     SLICE_X58Y120  dbg_hub/inst/BSCANID.u_xsdbm_id/CORE_XSDB.UUT_MASTER/U_ICON_INTERFACE/U_CMD6_WR/U_WR_FIFO/SUBCORE_FIFO.xsdbm_v3_0_0_wrfifo_inst/inst_fifo_gen/gconvfifo.rf/grf.rf/gntv_or_sync_fifo.mem/gdm.dm_gen.dm/RAM_reg_0_15_0_13/RAMA_D1/CLK
High Pulse Width  Slow    RAMD32/CLK  n/a            0.532         25.000      24.468     SLICE_X58Y120  dbg_hub/inst/BSCANID.u_xsdbm_id/CORE_XSDB.UUT_MASTER/U_ICON_INTERFACE/U_CMD6_WR/U_WR_FIFO/SUBCORE_FIFO.xsdbm_v3_0_0_wrfifo_inst/inst_fifo_gen/gconvfifo.rf/grf.rf/gntv_or_sync_fifo.mem/gdm.dm_gen.dm/RAM_reg_0_15_0_13/RAMB/CLK
High Pulse Width  Slow    RAMD32/CLK  n/a            0.532         25.000      24.468     SLICE_X58Y120  dbg_hub/inst/BSCANID.u_xsdbm_id/CORE_XSDB.UUT_MASTER/U_ICON_INTERFACE/U_CMD6_WR/U_WR_FIFO/SUBCORE_FIFO.xsdbm_v3_0_0_wrfifo_inst/inst_fifo_gen/gconvfifo.rf/grf.rf/gntv_or_sync_fifo.mem/gdm.dm_gen.dm/RAM_reg_0_15_0_13/RAMB_D1/CLK
High Pulse Width  Slow    RAMD32/CLK  n/a            0.532         25.000      24.468     SLICE_X58Y120  dbg_hub/inst/BSCANID.u_xsdbm_id/CORE_XSDB.UUT_MASTER/U_ICON_INTERFACE/U_CMD6_WR/U_WR_FIFO/SUBCORE_FIFO.xsdbm_v3_0_0_wrfifo_inst/inst_fifo_gen/gconvfifo.rf/grf.rf/gntv_or_sync_fifo.mem/gdm.dm_gen.dm/RAM_reg_0_15_0_13/RAMC/CLK
High Pulse Width  Slow    RAMD32/CLK  n/a            0.532         25.000      24.468     SLICE_X58Y120  dbg_hub/inst/BSCANID.u_xsdbm_id/CORE_XSDB.UUT_MASTER/U_ICON_INTERFACE/U_CMD6_WR/U_WR_FIFO/SUBCORE_FIFO.xsdbm_v3_0_0_wrfifo_inst/inst_fifo_gen/gconvfifo.rf/grf.rf/gntv_or_sync_fifo.mem/gdm.dm_gen.dm/RAM_reg_0_15_0_13/RAMC_D1/CLK
High Pulse Width  Slow    RAMD32/CLK  n/a            0.532         25.000      24.468     SLICE_X58Y120  dbg_hub/inst/BSCANID.u_xsdbm_id/CORE_XSDB.UUT_MASTER/U_ICON_INTERFACE/U_CMD6_WR/U_WR_FIFO/SUBCORE_FIFO.xsdbm_v3_0_0_wrfifo_inst/inst_fifo_gen/gconvfifo.rf/grf.rf/gntv_or_sync_fifo.mem/gdm.dm_gen.dm/RAM_reg_0_15_0_13/RAMD/CLK
High Pulse Width  Slow    RAMD32/CLK  n/a            0.532         25.000      24.468     SLICE_X58Y120  dbg_hub/inst/BSCANID.u_xsdbm_id/CORE_XSDB.UUT_MASTER/U_ICON_INTERFACE/U_CMD6_WR/U_WR_FIFO/SUBCORE_FIFO.xsdbm_v3_0_0_wrfifo_inst/inst_fifo_gen/gconvfifo.rf/grf.rf/gntv_or_sync_fifo.mem/gdm.dm_gen.dm/RAM_reg_0_15_0_13/RAMD_D1/CLK
High Pulse Width  Slow    RAMD32/CLK  n/a            0.532         25.000      24.468     SLICE_X58Y120  dbg_hub/inst/BSCANID.u_xsdbm_id/CORE_XSDB.UUT_MASTER/U_ICON_INTERFACE/U_CMD6_WR/U_WR_FIFO/SUBCORE_FIFO.xsdbm_v3_0_0_wrfifo_inst/inst_fifo_gen/gconvfifo.rf/grf.rf/gntv_or_sync_fifo.mem/gdm.dm_gen.dm/RAM_reg_0_15_0_13/RAME/CLK
High Pulse Width  Slow    RAMD32/CLK  n/a            0.532         25.000      24.468     SLICE_X58Y120  dbg_hub/inst/BSCANID.u_xsdbm_id/CORE_XSDB.UUT_MASTER/U_ICON_INTERFACE/U_CMD6_WR/U_WR_FIFO/SUBCORE_FIFO.xsdbm_v3_0_0_wrfifo_inst/inst_fifo_gen/gconvfifo.rf/grf.rf/gntv_or_sync_fifo.mem/gdm.dm_gen.dm/RAM_reg_0_15_0_13/RAME_D1/CLK



---------------------------------------------------------------------------------------------------
From Clock:  dbg_hub/inst/BSCANID.u_xsdbm_id/SWITCH_N_EXT_BSCAN.bscan_inst/SERIES7_BSCAN.bscan_inst/INTERNAL_TCK
  To Clock:  clk_pl_0

Setup :            0  Failing Endpoints,  Worst Slack       49.605ns,  Total Violation        0.000ns
Hold  :           NA  Failing Endpoints,  Worst Slack           NA  ,  Total Violation           NA
---------------------------------------------------------------------------------------------------


Max Delay Paths
--------------------------------------------------------------------------------------
Slack (MET) :             49.605ns  (required time - arrival time)
  Source:                 dbg_hub/inst/BSCANID.u_xsdbm_id/CORE_XSDB.UUT_MASTER/U_ICON_INTERFACE/U_CMD6_WR/U_WR_FIFO/SUBCORE_FIFO.xsdbm_v3_0_0_wrfifo_inst/inst_fifo_gen/gconvfifo.rf/grf.rf/gntv_or_sync_fifo.gcx.clkx/gnxpm_cdc.wr_pntr_gc_reg[3]/C
                            (rising edge-triggered cell FDCE clocked by dbg_hub/inst/BSCANID.u_xsdbm_id/SWITCH_N_EXT_BSCAN.bscan_inst/SERIES7_BSCAN.bscan_inst/INTERNAL_TCK  {rise@0.000ns fall@25.000ns period=50.000ns})
  Destination:            dbg_hub/inst/BSCANID.u_xsdbm_id/CORE_XSDB.UUT_MASTER/U_ICON_INTERFACE/U_CMD6_WR/U_WR_FIFO/SUBCORE_FIFO.xsdbm_v3_0_0_wrfifo_inst/inst_fifo_gen/gconvfifo.rf/grf.rf/gntv_or_sync_fifo.gcx.clkx/gnxpm_cdc.gsync_stage[1].rd_stg_inst/Q_reg_reg[3]/D
                            (rising edge-triggered cell FDCE clocked by clk_pl_0  {rise@0.000ns fall@2.625ns period=5.250ns})
  Path Group:             clk_pl_0
  Path Type:              Setup (Max at Slow Process Corner)
  Requirement:            50.000ns  (MaxDelay Path 50.000ns)
  Data Path Delay:        0.420ns  (logic 0.077ns (18.333%)  route 0.343ns (81.667%))
  Logic Levels:           0  
  Timing Exception:       MaxDelay Path 50.000ns -datapath_only

    Location             Delay type                Incr(ns)  Path(ns)    Netlist Resource(s)
  -------------------------------------------------------------------    -------------------
    SLICE_X58Y118                                     0.000     0.000 r  dbg_hub/inst/BSCANID.u_xsdbm_id/CORE_XSDB.UUT_MASTER/U_ICON_INTERFACE/U_CMD6_WR/U_WR_FIFO/SUBCORE_FIFO.xsdbm_v3_0_0_wrfifo_inst/inst_fifo_gen/gconvfifo.rf/grf.rf/gntv_or_sync_fifo.gcx.clkx/gnxpm_cdc.wr_pntr_gc_reg[3]/C
    SLICE_X58Y118        FDCE (Prop_AFF_SLICEM_C_Q)
                                                      0.077     0.077 r  dbg_hub/inst/BSCANID.u_xsdbm_id/CORE_XSDB.UUT_MASTER/U_ICON_INTERFACE/U_CMD6_WR/U_WR_FIFO/SUBCORE_FIFO.xsdbm_v3_0_0_wrfifo_inst/inst_fifo_gen/gconvfifo.rf/grf.rf/gntv_or_sync_fifo.gcx.clkx/gnxpm_cdc.wr_pntr_gc_reg[3]/Q
                         net (fo=1, routed)           0.343     0.420    dbg_hub/inst/BSCANID.u_xsdbm_id/CORE_XSDB.UUT_MASTER/U_ICON_INTERFACE/U_CMD6_WR/U_WR_FIFO/SUBCORE_FIFO.xsdbm_v3_0_0_wrfifo_inst/inst_fifo_gen/gconvfifo.rf/grf.rf/gntv_or_sync_fifo.gcx.clkx/gnxpm_cdc.gsync_stage[1].rd_stg_inst/Q[3]
    SLICE_X58Y118        FDCE                                         r  dbg_hub/inst/BSCANID.u_xsdbm_id/CORE_XSDB.UUT_MASTER/U_ICON_INTERFACE/U_CMD6_WR/U_WR_FIFO/SUBCORE_FIFO.xsdbm_v3_0_0_wrfifo_inst/inst_fifo_gen/gconvfifo.rf/grf.rf/gntv_or_sync_fifo.gcx.clkx/gnxpm_cdc.gsync_stage[1].rd_stg_inst/Q_reg_reg[3]/D
  -------------------------------------------------------------------    -------------------

                         max delay                   50.000    50.000    
    SLICE_X58Y118        FDCE (Setup_FFF2_SLICEM_C_D)
                                                      0.025    50.025    dbg_hub/inst/BSCANID.u_xsdbm_id/CORE_XSDB.UUT_MASTER/U_ICON_INTERFACE/U_CMD6_WR/U_WR_FIFO/SUBCORE_FIFO.xsdbm_v3_0_0_wrfifo_inst/inst_fifo_gen/gconvfifo.rf/grf.rf/gntv_or_sync_fifo.gcx.clkx/gnxpm_cdc.gsync_stage[1].rd_stg_inst/Q_reg_reg[3]
  -------------------------------------------------------------------
                         required time                         50.025    
                         arrival time                          -0.420    
  -------------------------------------------------------------------
                         slack                                 49.605    

Slack (MET) :             49.610ns  (required time - arrival time)
  Source:                 dbg_hub/inst/BSCANID.u_xsdbm_id/CORE_XSDB.UUT_MASTER/U_ICON_INTERFACE/U_CMD6_WR/U_WR_FIFO/SUBCORE_FIFO.xsdbm_v3_0_0_wrfifo_inst/inst_fifo_gen/gconvfifo.rf/grf.rf/gntv_or_sync_fifo.gcx.clkx/gnxpm_cdc.wr_pntr_gc_reg[2]/C
                            (rising edge-triggered cell FDCE clocked by dbg_hub/inst/BSCANID.u_xsdbm_id/SWITCH_N_EXT_BSCAN.bscan_inst/SERIES7_BSCAN.bscan_inst/INTERNAL_TCK  {rise@0.000ns fall@25.000ns period=50.000ns})
  Destination:            dbg_hub/inst/BSCANID.u_xsdbm_id/CORE_XSDB.UUT_MASTER/U_ICON_INTERFACE/U_CMD6_WR/U_WR_FIFO/SUBCORE_FIFO.xsdbm_v3_0_0_wrfifo_inst/inst_fifo_gen/gconvfifo.rf/grf.rf/gntv_or_sync_fifo.gcx.clkx/gnxpm_cdc.gsync_stage[1].rd_stg_inst/Q_reg_reg[2]/D
                            (rising edge-triggered cell FDCE clocked by clk_pl_0  {rise@0.000ns fall@2.625ns period=5.250ns})
  Path Group:             clk_pl_0
  Path Type:              Setup (Max at Slow Process Corner)
  Requirement:            50.000ns  (MaxDelay Path 50.000ns)
  Data Path Delay:        0.415ns  (logic 0.078ns (18.795%)  route 0.337ns (81.205%))
  Logic Levels:           0  
  Timing Exception:       MaxDelay Path 50.000ns -datapath_only

    Location             Delay type                Incr(ns)  Path(ns)    Netlist Resource(s)
  -------------------------------------------------------------------    -------------------
    SLICE_X58Y118                                     0.000     0.000 r  dbg_hub/inst/BSCANID.u_xsdbm_id/CORE_XSDB.UUT_MASTER/U_ICON_INTERFACE/U_CMD6_WR/U_WR_FIFO/SUBCORE_FIFO.xsdbm_v3_0_0_wrfifo_inst/inst_fifo_gen/gconvfifo.rf/grf.rf/gntv_or_sync_fifo.gcx.clkx/gnxpm_cdc.wr_pntr_gc_reg[2]/C
    SLICE_X58Y118        FDCE (Prop_DFF_SLICEM_C_Q)
                                                      0.078     0.078 r  dbg_hub/inst/BSCANID.u_xsdbm_id/CORE_XSDB.UUT_MASTER/U_ICON_INTERFACE/U_CMD6_WR/U_WR_FIFO/SUBCORE_FIFO.xsdbm_v3_0_0_wrfifo_inst/inst_fifo_gen/gconvfifo.rf/grf.rf/gntv_or_sync_fifo.gcx.clkx/gnxpm_cdc.wr_pntr_gc_reg[2]/Q
                         net (fo=1, routed)           0.337     0.415    dbg_hub/inst/BSCANID.u_xsdbm_id/CORE_XSDB.UUT_MASTER/U_ICON_INTERFACE/U_CMD6_WR/U_WR_FIFO/SUBCORE_FIFO.xsdbm_v3_0_0_wrfifo_inst/inst_fifo_gen/gconvfifo.rf/grf.rf/gntv_or_sync_fifo.gcx.clkx/gnxpm_cdc.gsync_stage[1].rd_stg_inst/Q[2]
    SLICE_X58Y118        FDCE                                         r  dbg_hub/inst/BSCANID.u_xsdbm_id/CORE_XSDB.UUT_MASTER/U_ICON_INTERFACE/U_CMD6_WR/U_WR_FIFO/SUBCORE_FIFO.xsdbm_v3_0_0_wrfifo_inst/inst_fifo_gen/gconvfifo.rf/grf.rf/gntv_or_sync_fifo.gcx.clkx/gnxpm_cdc.gsync_stage[1].rd_stg_inst/Q_reg_reg[2]/D
  -------------------------------------------------------------------    -------------------

                         max delay                   50.000    50.000    
    SLICE_X58Y118        FDCE (Setup_GFF2_SLICEM_C_D)
                                                      0.025    50.025    dbg_hub/inst/BSCANID.u_xsdbm_id/CORE_XSDB.UUT_MASTER/U_ICON_INTERFACE/U_CMD6_WR/U_WR_FIFO/SUBCORE_FIFO.xsdbm_v3_0_0_wrfifo_inst/inst_fifo_gen/gconvfifo.rf/grf.rf/gntv_or_sync_fifo.gcx.clkx/gnxpm_cdc.gsync_stage[1].rd_stg_inst/Q_reg_reg[2]
  -------------------------------------------------------------------
                         required time                         50.025    
                         arrival time                          -0.415    
  -------------------------------------------------------------------
                         slack                                 49.610    

Slack (MET) :             49.616ns  (required time - arrival time)
  Source:                 dbg_hub/inst/BSCANID.u_xsdbm_id/CORE_XSDB.UUT_MASTER/U_ICON_INTERFACE/U_CMD6_RD/U_RD_FIFO/SUBCORE_FIFO.xsdbm_v3_0_0_rdfifo_inst/inst_fifo_gen/gconvfifo.rf/grf.rf/gntv_or_sync_fifo.gcx.clkx/gnxpm_cdc.rd_pntr_gc_reg[3]/C
                            (rising edge-triggered cell FDCE clocked by dbg_hub/inst/BSCANID.u_xsdbm_id/SWITCH_N_EXT_BSCAN.bscan_inst/SERIES7_BSCAN.bscan_inst/INTERNAL_TCK  {rise@0.000ns fall@25.000ns period=50.000ns})
  Destination:            dbg_hub/inst/BSCANID.u_xsdbm_id/CORE_XSDB.UUT_MASTER/U_ICON_INTERFACE/U_CMD6_RD/U_RD_FIFO/SUBCORE_FIFO.xsdbm_v3_0_0_rdfifo_inst/inst_fifo_gen/gconvfifo.rf/grf.rf/gntv_or_sync_fifo.gcx.clkx/gnxpm_cdc.gsync_stage[1].wr_stg_inst/Q_reg_reg[3]/D
                            (rising edge-triggered cell FDCE clocked by clk_pl_0  {rise@0.000ns fall@2.625ns period=5.250ns})
  Path Group:             clk_pl_0
  Path Type:              Setup (Max at Slow Process Corner)
  Requirement:            50.000ns  (MaxDelay Path 50.000ns)
  Data Path Delay:        0.409ns  (logic 0.078ns (19.071%)  route 0.331ns (80.929%))
  Logic Levels:           0  
  Timing Exception:       MaxDelay Path 50.000ns -datapath_only

    Location             Delay type                Incr(ns)  Path(ns)    Netlist Resource(s)
  -------------------------------------------------------------------    -------------------
    SLICE_X58Y133                                     0.000     0.000 r  dbg_hub/inst/BSCANID.u_xsdbm_id/CORE_XSDB.UUT_MASTER/U_ICON_INTERFACE/U_CMD6_RD/U_RD_FIFO/SUBCORE_FIFO.xsdbm_v3_0_0_rdfifo_inst/inst_fifo_gen/gconvfifo.rf/grf.rf/gntv_or_sync_fifo.gcx.clkx/gnxpm_cdc.rd_pntr_gc_reg[3]/C
    SLICE_X58Y133        FDCE (Prop_GFF_SLICEM_C_Q)
                                                      0.078     0.078 r  dbg_hub/inst/BSCANID.u_xsdbm_id/CORE_XSDB.UUT_MASTER/U_ICON_INTERFACE/U_CMD6_RD/U_RD_FIFO/SUBCORE_FIFO.xsdbm_v3_0_0_rdfifo_inst/inst_fifo_gen/gconvfifo.rf/grf.rf/gntv_or_sync_fifo.gcx.clkx/gnxpm_cdc.rd_pntr_gc_reg[3]/Q
                         net (fo=1, routed)           0.331     0.409    dbg_hub/inst/BSCANID.u_xsdbm_id/CORE_XSDB.UUT_MASTER/U_ICON_INTERFACE/U_CMD6_RD/U_RD_FIFO/SUBCORE_FIFO.xsdbm_v3_0_0_rdfifo_inst/inst_fifo_gen/gconvfifo.rf/grf.rf/gntv_or_sync_fifo.gcx.clkx/gnxpm_cdc.gsync_stage[1].wr_stg_inst/Q[3]
    SLICE_X58Y135        FDCE                                         r  dbg_hub/inst/BSCANID.u_xsdbm_id/CORE_XSDB.UUT_MASTER/U_ICON_INTERFACE/U_CMD6_RD/U_RD_FIFO/SUBCORE_FIFO.xsdbm_v3_0_0_rdfifo_inst/inst_fifo_gen/gconvfifo.rf/grf.rf/gntv_or_sync_fifo.gcx.clkx/gnxpm_cdc.gsync_stage[1].wr_stg_inst/Q_reg_reg[3]/D
  -------------------------------------------------------------------    -------------------

                         max delay                   50.000    50.000    
    SLICE_X58Y135        FDCE (Setup_FFF2_SLICEM_C_D)
                                                      0.025    50.025    dbg_hub/inst/BSCANID.u_xsdbm_id/CORE_XSDB.UUT_MASTER/U_ICON_INTERFACE/U_CMD6_RD/U_RD_FIFO/SUBCORE_FIFO.xsdbm_v3_0_0_rdfifo_inst/inst_fifo_gen/gconvfifo.rf/grf.rf/gntv_or_sync_fifo.gcx.clkx/gnxpm_cdc.gsync_stage[1].wr_stg_inst/Q_reg_reg[3]
  -------------------------------------------------------------------
                         required time                         50.025    
                         arrival time                          -0.409    
  -------------------------------------------------------------------
                         slack                                 49.616    

Slack (MET) :             49.635ns  (required time - arrival time)
  Source:                 dbg_hub/inst/BSCANID.u_xsdbm_id/CORE_XSDB.UUT_MASTER/U_ICON_INTERFACE/U_CMD6_RD/U_RD_FIFO/SUBCORE_FIFO.xsdbm_v3_0_0_rdfifo_inst/inst_fifo_gen/gconvfifo.rf/grf.rf/gntv_or_sync_fifo.gcx.clkx/gnxpm_cdc.rd_pntr_gc_reg[1]/C
                            (rising edge-triggered cell FDCE clocked by dbg_hub/inst/BSCANID.u_xsdbm_id/SWITCH_N_EXT_BSCAN.bscan_inst/SERIES7_BSCAN.bscan_inst/INTERNAL_TCK  {rise@0.000ns fall@25.000ns period=50.000ns})
  Destination:            dbg_hub/inst/BSCANID.u_xsdbm_id/CORE_XSDB.UUT_MASTER/U_ICON_INTERFACE/U_CMD6_RD/U_RD_FIFO/SUBCORE_FIFO.xsdbm_v3_0_0_rdfifo_inst/inst_fifo_gen/gconvfifo.rf/grf.rf/gntv_or_sync_fifo.gcx.clkx/gnxpm_cdc.gsync_stage[1].wr_stg_inst/Q_reg_reg[1]/D
                            (rising edge-triggered cell FDCE clocked by clk_pl_0  {rise@0.000ns fall@2.625ns period=5.250ns})
  Path Group:             clk_pl_0
  Path Type:              Setup (Max at Slow Process Corner)
  Requirement:            50.000ns  (MaxDelay Path 50.000ns)
  Data Path Delay:        0.390ns  (logic 0.078ns (20.000%)  route 0.312ns (80.000%))
  Logic Levels:           0  
  Timing Exception:       MaxDelay Path 50.000ns -datapath_only

    Location             Delay type                Incr(ns)  Path(ns)    Netlist Resource(s)
  -------------------------------------------------------------------    -------------------
    SLICE_X58Y133                                     0.000     0.000 r  dbg_hub/inst/BSCANID.u_xsdbm_id/CORE_XSDB.UUT_MASTER/U_ICON_INTERFACE/U_CMD6_RD/U_RD_FIFO/SUBCORE_FIFO.xsdbm_v3_0_0_rdfifo_inst/inst_fifo_gen/gconvfifo.rf/grf.rf/gntv_or_sync_fifo.gcx.clkx/gnxpm_cdc.rd_pntr_gc_reg[1]/C
    SLICE_X58Y133        FDCE (Prop_HFF2_SLICEM_C_Q)
                                                      0.078     0.078 r  dbg_hub/inst/BSCANID.u_xsdbm_id/CORE_XSDB.UUT_MASTER/U_ICON_INTERFACE/U_CMD6_RD/U_RD_FIFO/SUBCORE_FIFO.xsdbm_v3_0_0_rdfifo_inst/inst_fifo_gen/gconvfifo.rf/grf.rf/gntv_or_sync_fifo.gcx.clkx/gnxpm_cdc.rd_pntr_gc_reg[1]/Q
                         net (fo=1, routed)           0.312     0.390    dbg_hub/inst/BSCANID.u_xsdbm_id/CORE_XSDB.UUT_MASTER/U_ICON_INTERFACE/U_CMD6_RD/U_RD_FIFO/SUBCORE_FIFO.xsdbm_v3_0_0_rdfifo_inst/inst_fifo_gen/gconvfifo.rf/grf.rf/gntv_or_sync_fifo.gcx.clkx/gnxpm_cdc.gsync_stage[1].wr_stg_inst/Q[1]
    SLICE_X58Y135        FDCE                                         r  dbg_hub/inst/BSCANID.u_xsdbm_id/CORE_XSDB.UUT_MASTER/U_ICON_INTERFACE/U_CMD6_RD/U_RD_FIFO/SUBCORE_FIFO.xsdbm_v3_0_0_rdfifo_inst/inst_fifo_gen/gconvfifo.rf/grf.rf/gntv_or_sync_fifo.gcx.clkx/gnxpm_cdc.gsync_stage[1].wr_stg_inst/Q_reg_reg[1]/D
  -------------------------------------------------------------------    -------------------

                         max delay                   50.000    50.000    
    SLICE_X58Y135        FDCE (Setup_GFF2_SLICEM_C_D)
                                                      0.025    50.025    dbg_hub/inst/BSCANID.u_xsdbm_id/CORE_XSDB.UUT_MASTER/U_ICON_INTERFACE/U_CMD6_RD/U_RD_FIFO/SUBCORE_FIFO.xsdbm_v3_0_0_rdfifo_inst/inst_fifo_gen/gconvfifo.rf/grf.rf/gntv_or_sync_fifo.gcx.clkx/gnxpm_cdc.gsync_stage[1].wr_stg_inst/Q_reg_reg[1]
  -------------------------------------------------------------------
                         required time                         50.025    
                         arrival time                          -0.390    
  -------------------------------------------------------------------
                         slack                                 49.635    

Slack (MET) :             49.641ns  (required time - arrival time)
  Source:                 dbg_hub/inst/BSCANID.u_xsdbm_id/CORE_XSDB.UUT_MASTER/U_ICON_INTERFACE/U_CMD6_WR/U_WR_FIFO/SUBCORE_FIFO.xsdbm_v3_0_0_wrfifo_inst/inst_fifo_gen/gconvfifo.rf/grf.rf/gntv_or_sync_fifo.gcx.clkx/gnxpm_cdc.wr_pntr_gc_reg[1]/C
                            (rising edge-triggered cell FDCE clocked by dbg_hub/inst/BSCANID.u_xsdbm_id/SWITCH_N_EXT_BSCAN.bscan_inst/SERIES7_BSCAN.bscan_inst/INTERNAL_TCK  {rise@0.000ns fall@25.000ns period=50.000ns})
  Destination:            dbg_hub/inst/BSCANID.u_xsdbm_id/CORE_XSDB.UUT_MASTER/U_ICON_INTERFACE/U_CMD6_WR/U_WR_FIFO/SUBCORE_FIFO.xsdbm_v3_0_0_wrfifo_inst/inst_fifo_gen/gconvfifo.rf/grf.rf/gntv_or_sync_fifo.gcx.clkx/gnxpm_cdc.gsync_stage[1].rd_stg_inst/Q_reg_reg[1]/D
                            (rising edge-triggered cell FDCE clocked by clk_pl_0  {rise@0.000ns fall@2.625ns period=5.250ns})
  Path Group:             clk_pl_0
  Path Type:              Setup (Max at Slow Process Corner)
  Requirement:            50.000ns  (MaxDelay Path 50.000ns)
  Data Path Delay:        0.384ns  (logic 0.080ns (20.833%)  route 0.304ns (79.167%))
  Logic Levels:           0  
  Timing Exception:       MaxDelay Path 50.000ns -datapath_only

    Location             Delay type                Incr(ns)  Path(ns)    Netlist Resource(s)
  -------------------------------------------------------------------    -------------------
    SLICE_X59Y117                                     0.000     0.000 r  dbg_hub/inst/BSCANID.u_xsdbm_id/CORE_XSDB.UUT_MASTER/U_ICON_INTERFACE/U_CMD6_WR/U_WR_FIFO/SUBCORE_FIFO.xsdbm_v3_0_0_wrfifo_inst/inst_fifo_gen/gconvfifo.rf/grf.rf/gntv_or_sync_fifo.gcx.clkx/gnxpm_cdc.wr_pntr_gc_reg[1]/C
    SLICE_X59Y117        FDCE (Prop_HFF2_SLICEL_C_Q)
                                                      0.080     0.080 r  dbg_hub/inst/BSCANID.u_xsdbm_id/CORE_XSDB.UUT_MASTER/U_ICON_INTERFACE/U_CMD6_WR/U_WR_FIFO/SUBCORE_FIFO.xsdbm_v3_0_0_wrfifo_inst/inst_fifo_gen/gconvfifo.rf/grf.rf/gntv_or_sync_fifo.gcx.clkx/gnxpm_cdc.wr_pntr_gc_reg[1]/Q
                         net (fo=1, routed)           0.304     0.384    dbg_hub/inst/BSCANID.u_xsdbm_id/CORE_XSDB.UUT_MASTER/U_ICON_INTERFACE/U_CMD6_WR/U_WR_FIFO/SUBCORE_FIFO.xsdbm_v3_0_0_wrfifo_inst/inst_fifo_gen/gconvfifo.rf/grf.rf/gntv_or_sync_fifo.gcx.clkx/gnxpm_cdc.gsync_stage[1].rd_stg_inst/Q[1]
    SLICE_X58Y117        FDCE                                         r  dbg_hub/inst/BSCANID.u_xsdbm_id/CORE_XSDB.UUT_MASTER/U_ICON_INTERFACE/U_CMD6_WR/U_WR_FIFO/SUBCORE_FIFO.xsdbm_v3_0_0_wrfifo_inst/inst_fifo_gen/gconvfifo.rf/grf.rf/gntv_or_sync_fifo.gcx.clkx/gnxpm_cdc.gsync_stage[1].rd_stg_inst/Q_reg_reg[1]/D
  -------------------------------------------------------------------    -------------------

                         max delay                   50.000    50.000    
    SLICE_X58Y117        FDCE (Setup_HFF2_SLICEM_C_D)
                                                      0.025    50.025    dbg_hub/inst/BSCANID.u_xsdbm_id/CORE_XSDB.UUT_MASTER/U_ICON_INTERFACE/U_CMD6_WR/U_WR_FIFO/SUBCORE_FIFO.xsdbm_v3_0_0_wrfifo_inst/inst_fifo_gen/gconvfifo.rf/grf.rf/gntv_or_sync_fifo.gcx.clkx/gnxpm_cdc.gsync_stage[1].rd_stg_inst/Q_reg_reg[1]
  -------------------------------------------------------------------
                         required time                         50.025    
                         arrival time                          -0.384    
  -------------------------------------------------------------------
                         slack                                 49.641    

Slack (MET) :             49.654ns  (required time - arrival time)
  Source:                 dbg_hub/inst/BSCANID.u_xsdbm_id/CORE_XSDB.UUT_MASTER/U_ICON_INTERFACE/U_CMD6_RD/U_RD_FIFO/SUBCORE_FIFO.xsdbm_v3_0_0_rdfifo_inst/inst_fifo_gen/gconvfifo.rf/grf.rf/gntv_or_sync_fifo.gcx.clkx/gnxpm_cdc.rd_pntr_gc_reg[2]/C
                            (rising edge-triggered cell FDCE clocked by dbg_hub/inst/BSCANID.u_xsdbm_id/SWITCH_N_EXT_BSCAN.bscan_inst/SERIES7_BSCAN.bscan_inst/INTERNAL_TCK  {rise@0.000ns fall@25.000ns period=50.000ns})
  Destination:            dbg_hub/inst/BSCANID.u_xsdbm_id/CORE_XSDB.UUT_MASTER/U_ICON_INTERFACE/U_CMD6_RD/U_RD_FIFO/SUBCORE_FIFO.xsdbm_v3_0_0_rdfifo_inst/inst_fifo_gen/gconvfifo.rf/grf.rf/gntv_or_sync_fifo.gcx.clkx/gnxpm_cdc.gsync_stage[1].wr_stg_inst/Q_reg_reg[2]/D
                            (rising edge-triggered cell FDCE clocked by clk_pl_0  {rise@0.000ns fall@2.625ns period=5.250ns})
  Path Group:             clk_pl_0
  Path Type:              Setup (Max at Slow Process Corner)
  Requirement:            50.000ns  (MaxDelay Path 50.000ns)
  Data Path Delay:        0.371ns  (logic 0.076ns (20.485%)  route 0.295ns (79.515%))
  Logic Levels:           0  
  Timing Exception:       MaxDelay Path 50.000ns -datapath_only

    Location             Delay type                Incr(ns)  Path(ns)    Netlist Resource(s)
  -------------------------------------------------------------------    -------------------
    SLICE_X58Y133                                     0.000     0.000 r  dbg_hub/inst/BSCANID.u_xsdbm_id/CORE_XSDB.UUT_MASTER/U_ICON_INTERFACE/U_CMD6_RD/U_RD_FIFO/SUBCORE_FIFO.xsdbm_v3_0_0_rdfifo_inst/inst_fifo_gen/gconvfifo.rf/grf.rf/gntv_or_sync_fifo.gcx.clkx/gnxpm_cdc.rd_pntr_gc_reg[2]/C
    SLICE_X58Y133        FDCE (Prop_FFF_SLICEM_C_Q)
                                                      0.076     0.076 r  dbg_hub/inst/BSCANID.u_xsdbm_id/CORE_XSDB.UUT_MASTER/U_ICON_INTERFACE/U_CMD6_RD/U_RD_FIFO/SUBCORE_FIFO.xsdbm_v3_0_0_rdfifo_inst/inst_fifo_gen/gconvfifo.rf/grf.rf/gntv_or_sync_fifo.gcx.clkx/gnxpm_cdc.rd_pntr_gc_reg[2]/Q
                         net (fo=1, routed)           0.295     0.371    dbg_hub/inst/BSCANID.u_xsdbm_id/CORE_XSDB.UUT_MASTER/U_ICON_INTERFACE/U_CMD6_RD/U_RD_FIFO/SUBCORE_FIFO.xsdbm_v3_0_0_rdfifo_inst/inst_fifo_gen/gconvfifo.rf/grf.rf/gntv_or_sync_fifo.gcx.clkx/gnxpm_cdc.gsync_stage[1].wr_stg_inst/Q[2]
    SLICE_X58Y133        FDCE                                         r  dbg_hub/inst/BSCANID.u_xsdbm_id/CORE_XSDB.UUT_MASTER/U_ICON_INTERFACE/U_CMD6_RD/U_RD_FIFO/SUBCORE_FIFO.xsdbm_v3_0_0_rdfifo_inst/inst_fifo_gen/gconvfifo.rf/grf.rf/gntv_or_sync_fifo.gcx.clkx/gnxpm_cdc.gsync_stage[1].wr_stg_inst/Q_reg_reg[2]/D
  -------------------------------------------------------------------    -------------------

                         max delay                   50.000    50.000    
    SLICE_X58Y133        FDCE (Setup_CFF2_SLICEM_C_D)
                                                      0.025    50.025    dbg_hub/inst/BSCANID.u_xsdbm_id/CORE_XSDB.UUT_MASTER/U_ICON_INTERFACE/U_CMD6_RD/U_RD_FIFO/SUBCORE_FIFO.xsdbm_v3_0_0_rdfifo_inst/inst_fifo_gen/gconvfifo.rf/grf.rf/gntv_or_sync_fifo.gcx.clkx/gnxpm_cdc.gsync_stage[1].wr_stg_inst/Q_reg_reg[2]
  -------------------------------------------------------------------
                         required time                         50.025    
                         arrival time                          -0.371    
  -------------------------------------------------------------------
                         slack                                 49.654    

Slack (MET) :             49.678ns  (required time - arrival time)
  Source:                 dbg_hub/inst/BSCANID.u_xsdbm_id/CORE_XSDB.UUT_MASTER/U_ICON_INTERFACE/U_CMD6_WR/U_WR_FIFO/SUBCORE_FIFO.xsdbm_v3_0_0_wrfifo_inst/inst_fifo_gen/gconvfifo.rf/grf.rf/gntv_or_sync_fifo.gcx.clkx/gnxpm_cdc.wr_pntr_gc_reg[0]/C
                            (rising edge-triggered cell FDCE clocked by dbg_hub/inst/BSCANID.u_xsdbm_id/SWITCH_N_EXT_BSCAN.bscan_inst/SERIES7_BSCAN.bscan_inst/INTERNAL_TCK  {rise@0.000ns fall@25.000ns period=50.000ns})
  Destination:            dbg_hub/inst/BSCANID.u_xsdbm_id/CORE_XSDB.UUT_MASTER/U_ICON_INTERFACE/U_CMD6_WR/U_WR_FIFO/SUBCORE_FIFO.xsdbm_v3_0_0_wrfifo_inst/inst_fifo_gen/gconvfifo.rf/grf.rf/gntv_or_sync_fifo.gcx.clkx/gnxpm_cdc.gsync_stage[1].rd_stg_inst/Q_reg_reg[0]/D
                            (rising edge-triggered cell FDCE clocked by clk_pl_0  {rise@0.000ns fall@2.625ns period=5.250ns})
  Path Group:             clk_pl_0
  Path Type:              Setup (Max at Slow Process Corner)
  Requirement:            50.000ns  (MaxDelay Path 50.000ns)
  Data Path Delay:        0.347ns  (logic 0.079ns (22.767%)  route 0.268ns (77.233%))
  Logic Levels:           0  
  Timing Exception:       MaxDelay Path 50.000ns -datapath_only

    Location             Delay type                Incr(ns)  Path(ns)    Netlist Resource(s)
  -------------------------------------------------------------------    -------------------
    SLICE_X59Y117                                     0.000     0.000 r  dbg_hub/inst/BSCANID.u_xsdbm_id/CORE_XSDB.UUT_MASTER/U_ICON_INTERFACE/U_CMD6_WR/U_WR_FIFO/SUBCORE_FIFO.xsdbm_v3_0_0_wrfifo_inst/inst_fifo_gen/gconvfifo.rf/grf.rf/gntv_or_sync_fifo.gcx.clkx/gnxpm_cdc.wr_pntr_gc_reg[0]/C
    SLICE_X59Y117        FDCE (Prop_HFF_SLICEL_C_Q)
                                                      0.079     0.079 r  dbg_hub/inst/BSCANID.u_xsdbm_id/CORE_XSDB.UUT_MASTER/U_ICON_INTERFACE/U_CMD6_WR/U_WR_FIFO/SUBCORE_FIFO.xsdbm_v3_0_0_wrfifo_inst/inst_fifo_gen/gconvfifo.rf/grf.rf/gntv_or_sync_fifo.gcx.clkx/gnxpm_cdc.wr_pntr_gc_reg[0]/Q
                         net (fo=1, routed)           0.268     0.347    dbg_hub/inst/BSCANID.u_xsdbm_id/CORE_XSDB.UUT_MASTER/U_ICON_INTERFACE/U_CMD6_WR/U_WR_FIFO/SUBCORE_FIFO.xsdbm_v3_0_0_wrfifo_inst/inst_fifo_gen/gconvfifo.rf/grf.rf/gntv_or_sync_fifo.gcx.clkx/gnxpm_cdc.gsync_stage[1].rd_stg_inst/Q[0]
    SLICE_X59Y117        FDCE                                         r  dbg_hub/inst/BSCANID.u_xsdbm_id/CORE_XSDB.UUT_MASTER/U_ICON_INTERFACE/U_CMD6_WR/U_WR_FIFO/SUBCORE_FIFO.xsdbm_v3_0_0_wrfifo_inst/inst_fifo_gen/gconvfifo.rf/grf.rf/gntv_or_sync_fifo.gcx.clkx/gnxpm_cdc.gsync_stage[1].rd_stg_inst/Q_reg_reg[0]/D
  -------------------------------------------------------------------    -------------------

                         max delay                   50.000    50.000    
    SLICE_X59Y117        FDCE (Setup_CFF2_SLICEL_C_D)
                                                      0.025    50.025    dbg_hub/inst/BSCANID.u_xsdbm_id/CORE_XSDB.UUT_MASTER/U_ICON_INTERFACE/U_CMD6_WR/U_WR_FIFO/SUBCORE_FIFO.xsdbm_v3_0_0_wrfifo_inst/inst_fifo_gen/gconvfifo.rf/grf.rf/gntv_or_sync_fifo.gcx.clkx/gnxpm_cdc.gsync_stage[1].rd_stg_inst/Q_reg_reg[0]
  -------------------------------------------------------------------
                         required time                         50.025    
                         arrival time                          -0.347    
  -------------------------------------------------------------------
                         slack                                 49.678    

Slack (MET) :             49.727ns  (required time - arrival time)
  Source:                 dbg_hub/inst/BSCANID.u_xsdbm_id/CORE_XSDB.UUT_MASTER/U_ICON_INTERFACE/U_CMD6_RD/U_RD_FIFO/SUBCORE_FIFO.xsdbm_v3_0_0_rdfifo_inst/inst_fifo_gen/gconvfifo.rf/grf.rf/gntv_or_sync_fifo.gcx.clkx/gnxpm_cdc.rd_pntr_gc_reg[0]/C
                            (rising edge-triggered cell FDCE clocked by dbg_hub/inst/BSCANID.u_xsdbm_id/SWITCH_N_EXT_BSCAN.bscan_inst/SERIES7_BSCAN.bscan_inst/INTERNAL_TCK  {rise@0.000ns fall@25.000ns period=50.000ns})
  Destination:            dbg_hub/inst/BSCANID.u_xsdbm_id/CORE_XSDB.UUT_MASTER/U_ICON_INTERFACE/U_CMD6_RD/U_RD_FIFO/SUBCORE_FIFO.xsdbm_v3_0_0_rdfifo_inst/inst_fifo_gen/gconvfifo.rf/grf.rf/gntv_or_sync_fifo.gcx.clkx/gnxpm_cdc.gsync_stage[1].wr_stg_inst/Q_reg_reg[0]/D
                            (rising edge-triggered cell FDCE clocked by clk_pl_0  {rise@0.000ns fall@2.625ns period=5.250ns})
  Path Group:             clk_pl_0
  Path Type:              Setup (Max at Slow Process Corner)
  Requirement:            50.000ns  (MaxDelay Path 50.000ns)
  Data Path Delay:        0.298ns  (logic 0.079ns (26.510%)  route 0.219ns (73.490%))
  Logic Levels:           0  
  Timing Exception:       MaxDelay Path 50.000ns -datapath_only

    Location             Delay type                Incr(ns)  Path(ns)    Netlist Resource(s)
  -------------------------------------------------------------------    -------------------
    SLICE_X59Y133                                     0.000     0.000 r  dbg_hub/inst/BSCANID.u_xsdbm_id/CORE_XSDB.UUT_MASTER/U_ICON_INTERFACE/U_CMD6_RD/U_RD_FIFO/SUBCORE_FIFO.xsdbm_v3_0_0_rdfifo_inst/inst_fifo_gen/gconvfifo.rf/grf.rf/gntv_or_sync_fifo.gcx.clkx/gnxpm_cdc.rd_pntr_gc_reg[0]/C
    SLICE_X59Y133        FDCE (Prop_EFF_SLICEL_C_Q)
                                                      0.079     0.079 r  dbg_hub/inst/BSCANID.u_xsdbm_id/CORE_XSDB.UUT_MASTER/U_ICON_INTERFACE/U_CMD6_RD/U_RD_FIFO/SUBCORE_FIFO.xsdbm_v3_0_0_rdfifo_inst/inst_fifo_gen/gconvfifo.rf/grf.rf/gntv_or_sync_fifo.gcx.clkx/gnxpm_cdc.rd_pntr_gc_reg[0]/Q
                         net (fo=1, routed)           0.219     0.298    dbg_hub/inst/BSCANID.u_xsdbm_id/CORE_XSDB.UUT_MASTER/U_ICON_INTERFACE/U_CMD6_RD/U_RD_FIFO/SUBCORE_FIFO.xsdbm_v3_0_0_rdfifo_inst/inst_fifo_gen/gconvfifo.rf/grf.rf/gntv_or_sync_fifo.gcx.clkx/gnxpm_cdc.gsync_stage[1].wr_stg_inst/Q[0]
    SLICE_X57Y135        FDCE                                         r  dbg_hub/inst/BSCANID.u_xsdbm_id/CORE_XSDB.UUT_MASTER/U_ICON_INTERFACE/U_CMD6_RD/U_RD_FIFO/SUBCORE_FIFO.xsdbm_v3_0_0_rdfifo_inst/inst_fifo_gen/gconvfifo.rf/grf.rf/gntv_or_sync_fifo.gcx.clkx/gnxpm_cdc.gsync_stage[1].wr_stg_inst/Q_reg_reg[0]/D
  -------------------------------------------------------------------    -------------------

                         max delay                   50.000    50.000    
    SLICE_X57Y135        FDCE (Setup_GFF2_SLICEL_C_D)
                                                      0.025    50.025    dbg_hub/inst/BSCANID.u_xsdbm_id/CORE_XSDB.UUT_MASTER/U_ICON_INTERFACE/U_CMD6_RD/U_RD_FIFO/SUBCORE_FIFO.xsdbm_v3_0_0_rdfifo_inst/inst_fifo_gen/gconvfifo.rf/grf.rf/gntv_or_sync_fifo.gcx.clkx/gnxpm_cdc.gsync_stage[1].wr_stg_inst/Q_reg_reg[0]
  -------------------------------------------------------------------
                         required time                         50.025    
                         arrival time                          -0.298    
  -------------------------------------------------------------------
                         slack                                 49.727    





---------------------------------------------------------------------------------------------------
From Clock:  clk_pl_0
  To Clock:  dbg_hub/inst/BSCANID.u_xsdbm_id/SWITCH_N_EXT_BSCAN.bscan_inst/SERIES7_BSCAN.bscan_inst/INTERNAL_TCK

Setup :            0  Failing Endpoints,  Worst Slack        4.707ns,  Total Violation        0.000ns
Hold  :           NA  Failing Endpoints,  Worst Slack           NA  ,  Total Violation           NA
---------------------------------------------------------------------------------------------------


Max Delay Paths
--------------------------------------------------------------------------------------
Slack (MET) :             4.707ns  (required time - arrival time)
  Source:                 dbg_hub/inst/BSCANID.u_xsdbm_id/CORE_XSDB.UUT_MASTER/U_ICON_INTERFACE/U_CMD6_RD/U_RD_FIFO/SUBCORE_FIFO.xsdbm_v3_0_0_rdfifo_inst/inst_fifo_gen/gconvfifo.rf/grf.rf/gntv_or_sync_fifo.gcx.clkx/gnxpm_cdc.wr_pntr_gc_reg[1]/C
                            (rising edge-triggered cell FDCE clocked by clk_pl_0  {rise@0.000ns fall@2.625ns period=5.250ns})
  Destination:            dbg_hub/inst/BSCANID.u_xsdbm_id/CORE_XSDB.UUT_MASTER/U_ICON_INTERFACE/U_CMD6_RD/U_RD_FIFO/SUBCORE_FIFO.xsdbm_v3_0_0_rdfifo_inst/inst_fifo_gen/gconvfifo.rf/grf.rf/gntv_or_sync_fifo.gcx.clkx/gnxpm_cdc.gsync_stage[1].rd_stg_inst/Q_reg_reg[1]/D
                            (rising edge-triggered cell FDCE clocked by dbg_hub/inst/BSCANID.u_xsdbm_id/SWITCH_N_EXT_BSCAN.bscan_inst/SERIES7_BSCAN.bscan_inst/INTERNAL_TCK  {rise@0.000ns fall@25.000ns period=50.000ns})
  Path Group:             dbg_hub/inst/BSCANID.u_xsdbm_id/SWITCH_N_EXT_BSCAN.bscan_inst/SERIES7_BSCAN.bscan_inst/INTERNAL_TCK
  Path Type:              Setup (Max at Slow Process Corner)
  Requirement:            5.250ns  (MaxDelay Path 5.250ns)
  Data Path Delay:        0.568ns  (logic 0.080ns (14.085%)  route 0.488ns (85.915%))
  Logic Levels:           0  
  Timing Exception:       MaxDelay Path 5.250ns -datapath_only

    Location             Delay type                Incr(ns)  Path(ns)    Netlist Resource(s)
  -------------------------------------------------------------------    -------------------
    SLICE_X58Y133                                     0.000     0.000 r  dbg_hub/inst/BSCANID.u_xsdbm_id/CORE_XSDB.UUT_MASTER/U_ICON_INTERFACE/U_CMD6_RD/U_RD_FIFO/SUBCORE_FIFO.xsdbm_v3_0_0_rdfifo_inst/inst_fifo_gen/gconvfifo.rf/grf.rf/gntv_or_sync_fifo.gcx.clkx/gnxpm_cdc.wr_pntr_gc_reg[1]/C
    SLICE_X58Y133        FDCE (Prop_DFF2_SLICEM_C_Q)
                                                      0.080     0.080 r  dbg_hub/inst/BSCANID.u_xsdbm_id/CORE_XSDB.UUT_MASTER/U_ICON_INTERFACE/U_CMD6_RD/U_RD_FIFO/SUBCORE_FIFO.xsdbm_v3_0_0_rdfifo_inst/inst_fifo_gen/gconvfifo.rf/grf.rf/gntv_or_sync_fifo.gcx.clkx/gnxpm_cdc.wr_pntr_gc_reg[1]/Q
                         net (fo=1, routed)           0.488     0.568    dbg_hub/inst/BSCANID.u_xsdbm_id/CORE_XSDB.UUT_MASTER/U_ICON_INTERFACE/U_CMD6_RD/U_RD_FIFO/SUBCORE_FIFO.xsdbm_v3_0_0_rdfifo_inst/inst_fifo_gen/gconvfifo.rf/grf.rf/gntv_or_sync_fifo.gcx.clkx/gnxpm_cdc.gsync_stage[1].rd_stg_inst/Q[1]
    SLICE_X59Y133        FDCE                                         r  dbg_hub/inst/BSCANID.u_xsdbm_id/CORE_XSDB.UUT_MASTER/U_ICON_INTERFACE/U_CMD6_RD/U_RD_FIFO/SUBCORE_FIFO.xsdbm_v3_0_0_rdfifo_inst/inst_fifo_gen/gconvfifo.rf/grf.rf/gntv_or_sync_fifo.gcx.clkx/gnxpm_cdc.gsync_stage[1].rd_stg_inst/Q_reg_reg[1]/D
  -------------------------------------------------------------------    -------------------

                         max delay                    5.250     5.250    
    SLICE_X59Y133        FDCE (Setup_DFF2_SLICEL_C_D)
                                                      0.025     5.275    dbg_hub/inst/BSCANID.u_xsdbm_id/CORE_XSDB.UUT_MASTER/U_ICON_INTERFACE/U_CMD6_RD/U_RD_FIFO/SUBCORE_FIFO.xsdbm_v3_0_0_rdfifo_inst/inst_fifo_gen/gconvfifo.rf/grf.rf/gntv_or_sync_fifo.gcx.clkx/gnxpm_cdc.gsync_stage[1].rd_stg_inst/Q_reg_reg[1]
  -------------------------------------------------------------------
                         required time                          5.275    
                         arrival time                          -0.568    
  -------------------------------------------------------------------
                         slack                                  4.707    

Slack (MET) :             4.855ns  (required time - arrival time)
  Source:                 dbg_hub/inst/BSCANID.u_xsdbm_id/CORE_XSDB.UUT_MASTER/U_ICON_INTERFACE/U_CMD6_RD/U_RD_FIFO/SUBCORE_FIFO.xsdbm_v3_0_0_rdfifo_inst/inst_fifo_gen/gconvfifo.rf/grf.rf/gntv_or_sync_fifo.gcx.clkx/gnxpm_cdc.wr_pntr_gc_reg[3]/C
                            (rising edge-triggered cell FDCE clocked by clk_pl_0  {rise@0.000ns fall@2.625ns period=5.250ns})
  Destination:            dbg_hub/inst/BSCANID.u_xsdbm_id/CORE_XSDB.UUT_MASTER/U_ICON_INTERFACE/U_CMD6_RD/U_RD_FIFO/SUBCORE_FIFO.xsdbm_v3_0_0_rdfifo_inst/inst_fifo_gen/gconvfifo.rf/grf.rf/gntv_or_sync_fifo.gcx.clkx/gnxpm_cdc.gsync_stage[1].rd_stg_inst/Q_reg_reg[3]/D
                            (rising edge-triggered cell FDCE clocked by dbg_hub/inst/BSCANID.u_xsdbm_id/SWITCH_N_EXT_BSCAN.bscan_inst/SERIES7_BSCAN.bscan_inst/INTERNAL_TCK  {rise@0.000ns fall@25.000ns period=50.000ns})
  Path Group:             dbg_hub/inst/BSCANID.u_xsdbm_id/SWITCH_N_EXT_BSCAN.bscan_inst/SERIES7_BSCAN.bscan_inst/INTERNAL_TCK
  Path Type:              Setup (Max at Slow Process Corner)
  Requirement:            5.250ns  (MaxDelay Path 5.250ns)
  Data Path Delay:        0.420ns  (logic 0.077ns (18.333%)  route 0.343ns (81.667%))
  Logic Levels:           0  
  Timing Exception:       MaxDelay Path 5.250ns -datapath_only

    Location             Delay type                Incr(ns)  Path(ns)    Netlist Resource(s)
  -------------------------------------------------------------------    -------------------
    SLICE_X58Y133                                     0.000     0.000 r  dbg_hub/inst/BSCANID.u_xsdbm_id/CORE_XSDB.UUT_MASTER/U_ICON_INTERFACE/U_CMD6_RD/U_RD_FIFO/SUBCORE_FIFO.xsdbm_v3_0_0_rdfifo_inst/inst_fifo_gen/gconvfifo.rf/grf.rf/gntv_or_sync_fifo.gcx.clkx/gnxpm_cdc.wr_pntr_gc_reg[3]/C
    SLICE_X58Y133        FDCE (Prop_AFF_SLICEM_C_Q)
                                                      0.077     0.077 r  dbg_hub/inst/BSCANID.u_xsdbm_id/CORE_XSDB.UUT_MASTER/U_ICON_INTERFACE/U_CMD6_RD/U_RD_FIFO/SUBCORE_FIFO.xsdbm_v3_0_0_rdfifo_inst/inst_fifo_gen/gconvfifo.rf/grf.rf/gntv_or_sync_fifo.gcx.clkx/gnxpm_cdc.wr_pntr_gc_reg[3]/Q
                         net (fo=1, routed)           0.343     0.420    dbg_hub/inst/BSCANID.u_xsdbm_id/CORE_XSDB.UUT_MASTER/U_ICON_INTERFACE/U_CMD6_RD/U_RD_FIFO/SUBCORE_FIFO.xsdbm_v3_0_0_rdfifo_inst/inst_fifo_gen/gconvfifo.rf/grf.rf/gntv_or_sync_fifo.gcx.clkx/gnxpm_cdc.gsync_stage[1].rd_stg_inst/Q[3]
    SLICE_X58Y133        FDCE                                         r  dbg_hub/inst/BSCANID.u_xsdbm_id/CORE_XSDB.UUT_MASTER/U_ICON_INTERFACE/U_CMD6_RD/U_RD_FIFO/SUBCORE_FIFO.xsdbm_v3_0_0_rdfifo_inst/inst_fifo_gen/gconvfifo.rf/grf.rf/gntv_or_sync_fifo.gcx.clkx/gnxpm_cdc.gsync_stage[1].rd_stg_inst/Q_reg_reg[3]/D
  -------------------------------------------------------------------    -------------------

                         max delay                    5.250     5.250    
    SLICE_X58Y133        FDCE (Setup_FFF2_SLICEM_C_D)
                                                      0.025     5.275    dbg_hub/inst/BSCANID.u_xsdbm_id/CORE_XSDB.UUT_MASTER/U_ICON_INTERFACE/U_CMD6_RD/U_RD_FIFO/SUBCORE_FIFO.xsdbm_v3_0_0_rdfifo_inst/inst_fifo_gen/gconvfifo.rf/grf.rf/gntv_or_sync_fifo.gcx.clkx/gnxpm_cdc.gsync_stage[1].rd_stg_inst/Q_reg_reg[3]
  -------------------------------------------------------------------
                         required time                          5.275    
                         arrival time                          -0.420    
  -------------------------------------------------------------------
                         slack                                  4.855    

Slack (MET) :             4.931ns  (required time - arrival time)
  Source:                 dbg_hub/inst/BSCANID.u_xsdbm_id/CORE_XSDB.UUT_MASTER/U_ICON_INTERFACE/U_CMD6_WR/U_WR_FIFO/SUBCORE_FIFO.xsdbm_v3_0_0_wrfifo_inst/inst_fifo_gen/gconvfifo.rf/grf.rf/gntv_or_sync_fifo.gcx.clkx/gnxpm_cdc.rd_pntr_gc_reg[2]/C
                            (rising edge-triggered cell FDCE clocked by clk_pl_0  {rise@0.000ns fall@2.625ns period=5.250ns})
  Destination:            dbg_hub/inst/BSCANID.u_xsdbm_id/CORE_XSDB.UUT_MASTER/U_ICON_INTERFACE/U_CMD6_WR/U_WR_FIFO/SUBCORE_FIFO.xsdbm_v3_0_0_wrfifo_inst/inst_fifo_gen/gconvfifo.rf/grf.rf/gntv_or_sync_fifo.gcx.clkx/gnxpm_cdc.gsync_stage[1].wr_stg_inst/Q_reg_reg[2]/D
                            (rising edge-triggered cell FDCE clocked by dbg_hub/inst/BSCANID.u_xsdbm_id/SWITCH_N_EXT_BSCAN.bscan_inst/SERIES7_BSCAN.bscan_inst/INTERNAL_TCK  {rise@0.000ns fall@25.000ns period=50.000ns})
  Path Group:             dbg_hub/inst/BSCANID.u_xsdbm_id/SWITCH_N_EXT_BSCAN.bscan_inst/SERIES7_BSCAN.bscan_inst/INTERNAL_TCK
  Path Type:              Setup (Max at Slow Process Corner)
  Requirement:            5.250ns  (MaxDelay Path 5.250ns)
  Data Path Delay:        0.344ns  (logic 0.076ns (22.093%)  route 0.268ns (77.907%))
  Logic Levels:           0  
  Timing Exception:       MaxDelay Path 5.250ns -datapath_only

    Location             Delay type                Incr(ns)  Path(ns)    Netlist Resource(s)
  -------------------------------------------------------------------    -------------------
    SLICE_X58Y117                                     0.000     0.000 r  dbg_hub/inst/BSCANID.u_xsdbm_id/CORE_XSDB.UUT_MASTER/U_ICON_INTERFACE/U_CMD6_WR/U_WR_FIFO/SUBCORE_FIFO.xsdbm_v3_0_0_wrfifo_inst/inst_fifo_gen/gconvfifo.rf/grf.rf/gntv_or_sync_fifo.gcx.clkx/gnxpm_cdc.rd_pntr_gc_reg[2]/C
    SLICE_X58Y117        FDCE (Prop_FFF_SLICEM_C_Q)
                                                      0.076     0.076 r  dbg_hub/inst/BSCANID.u_xsdbm_id/CORE_XSDB.UUT_MASTER/U_ICON_INTERFACE/U_CMD6_WR/U_WR_FIFO/SUBCORE_FIFO.xsdbm_v3_0_0_wrfifo_inst/inst_fifo_gen/gconvfifo.rf/grf.rf/gntv_or_sync_fifo.gcx.clkx/gnxpm_cdc.rd_pntr_gc_reg[2]/Q
                         net (fo=1, routed)           0.268     0.344    dbg_hub/inst/BSCANID.u_xsdbm_id/CORE_XSDB.UUT_MASTER/U_ICON_INTERFACE/U_CMD6_WR/U_WR_FIFO/SUBCORE_FIFO.xsdbm_v3_0_0_wrfifo_inst/inst_fifo_gen/gconvfifo.rf/grf.rf/gntv_or_sync_fifo.gcx.clkx/gnxpm_cdc.gsync_stage[1].wr_stg_inst/Q[2]
    SLICE_X58Y117        FDCE                                         r  dbg_hub/inst/BSCANID.u_xsdbm_id/CORE_XSDB.UUT_MASTER/U_ICON_INTERFACE/U_CMD6_WR/U_WR_FIFO/SUBCORE_FIFO.xsdbm_v3_0_0_wrfifo_inst/inst_fifo_gen/gconvfifo.rf/grf.rf/gntv_or_sync_fifo.gcx.clkx/gnxpm_cdc.gsync_stage[1].wr_stg_inst/Q_reg_reg[2]/D
  -------------------------------------------------------------------    -------------------

                         max delay                    5.250     5.250    
    SLICE_X58Y117        FDCE (Setup_CFF2_SLICEM_C_D)
                                                      0.025     5.275    dbg_hub/inst/BSCANID.u_xsdbm_id/CORE_XSDB.UUT_MASTER/U_ICON_INTERFACE/U_CMD6_WR/U_WR_FIFO/SUBCORE_FIFO.xsdbm_v3_0_0_wrfifo_inst/inst_fifo_gen/gconvfifo.rf/grf.rf/gntv_or_sync_fifo.gcx.clkx/gnxpm_cdc.gsync_stage[1].wr_stg_inst/Q_reg_reg[2]
  -------------------------------------------------------------------
                         required time                          5.275    
                         arrival time                          -0.344    
  -------------------------------------------------------------------
                         slack                                  4.931    

Slack (MET) :             4.932ns  (required time - arrival time)
  Source:                 dbg_hub/inst/BSCANID.u_xsdbm_id/CORE_XSDB.UUT_MASTER/U_ICON_INTERFACE/U_CMD6_RD/U_RD_FIFO/SUBCORE_FIFO.xsdbm_v3_0_0_rdfifo_inst/inst_fifo_gen/gconvfifo.rf/grf.rf/gntv_or_sync_fifo.gcx.clkx/gnxpm_cdc.wr_pntr_gc_reg[2]/C
                            (rising edge-triggered cell FDCE clocked by clk_pl_0  {rise@0.000ns fall@2.625ns period=5.250ns})
  Destination:            dbg_hub/inst/BSCANID.u_xsdbm_id/CORE_XSDB.UUT_MASTER/U_ICON_INTERFACE/U_CMD6_RD/U_RD_FIFO/SUBCORE_FIFO.xsdbm_v3_0_0_rdfifo_inst/inst_fifo_gen/gconvfifo.rf/grf.rf/gntv_or_sync_fifo.gcx.clkx/gnxpm_cdc.gsync_stage[1].rd_stg_inst/Q_reg_reg[2]/D
                            (rising edge-triggered cell FDCE clocked by dbg_hub/inst/BSCANID.u_xsdbm_id/SWITCH_N_EXT_BSCAN.bscan_inst/SERIES7_BSCAN.bscan_inst/INTERNAL_TCK  {rise@0.000ns fall@25.000ns period=50.000ns})
  Path Group:             dbg_hub/inst/BSCANID.u_xsdbm_id/SWITCH_N_EXT_BSCAN.bscan_inst/SERIES7_BSCAN.bscan_inst/INTERNAL_TCK
  Path Type:              Setup (Max at Slow Process Corner)
  Requirement:            5.250ns  (MaxDelay Path 5.250ns)
  Data Path Delay:        0.343ns  (logic 0.078ns (22.741%)  route 0.265ns (77.259%))
  Logic Levels:           0  
  Timing Exception:       MaxDelay Path 5.250ns -datapath_only

    Location             Delay type                Incr(ns)  Path(ns)    Netlist Resource(s)
  -------------------------------------------------------------------    -------------------
    SLICE_X58Y133                                     0.000     0.000 r  dbg_hub/inst/BSCANID.u_xsdbm_id/CORE_XSDB.UUT_MASTER/U_ICON_INTERFACE/U_CMD6_RD/U_RD_FIFO/SUBCORE_FIFO.xsdbm_v3_0_0_rdfifo_inst/inst_fifo_gen/gconvfifo.rf/grf.rf/gntv_or_sync_fifo.gcx.clkx/gnxpm_cdc.wr_pntr_gc_reg[2]/C
    SLICE_X58Y133        FDCE (Prop_CFF_SLICEM_C_Q)
                                                      0.078     0.078 r  dbg_hub/inst/BSCANID.u_xsdbm_id/CORE_XSDB.UUT_MASTER/U_ICON_INTERFACE/U_CMD6_RD/U_RD_FIFO/SUBCORE_FIFO.xsdbm_v3_0_0_rdfifo_inst/inst_fifo_gen/gconvfifo.rf/grf.rf/gntv_or_sync_fifo.gcx.clkx/gnxpm_cdc.wr_pntr_gc_reg[2]/Q
                         net (fo=1, routed)           0.265     0.343    dbg_hub/inst/BSCANID.u_xsdbm_id/CORE_XSDB.UUT_MASTER/U_ICON_INTERFACE/U_CMD6_RD/U_RD_FIFO/SUBCORE_FIFO.xsdbm_v3_0_0_rdfifo_inst/inst_fifo_gen/gconvfifo.rf/grf.rf/gntv_or_sync_fifo.gcx.clkx/gnxpm_cdc.gsync_stage[1].rd_stg_inst/Q[2]
    SLICE_X59Y133        FDCE                                         r  dbg_hub/inst/BSCANID.u_xsdbm_id/CORE_XSDB.UUT_MASTER/U_ICON_INTERFACE/U_CMD6_RD/U_RD_FIFO/SUBCORE_FIFO.xsdbm_v3_0_0_rdfifo_inst/inst_fifo_gen/gconvfifo.rf/grf.rf/gntv_or_sync_fifo.gcx.clkx/gnxpm_cdc.gsync_stage[1].rd_stg_inst/Q_reg_reg[2]/D
  -------------------------------------------------------------------    -------------------

                         max delay                    5.250     5.250    
    SLICE_X59Y133        FDCE (Setup_HFF2_SLICEL_C_D)
                                                      0.025     5.275    dbg_hub/inst/BSCANID.u_xsdbm_id/CORE_XSDB.UUT_MASTER/U_ICON_INTERFACE/U_CMD6_RD/U_RD_FIFO/SUBCORE_FIFO.xsdbm_v3_0_0_rdfifo_inst/inst_fifo_gen/gconvfifo.rf/grf.rf/gntv_or_sync_fifo.gcx.clkx/gnxpm_cdc.gsync_stage[1].rd_stg_inst/Q_reg_reg[2]
  -------------------------------------------------------------------
                         required time                          5.275    
                         arrival time                          -0.343    
  -------------------------------------------------------------------
                         slack                                  4.932    

Slack (MET) :             4.964ns  (required time - arrival time)
  Source:                 dbg_hub/inst/BSCANID.u_xsdbm_id/CORE_XSDB.UUT_MASTER/U_ICON_INTERFACE/U_CMD6_WR/U_WR_FIFO/SUBCORE_FIFO.xsdbm_v3_0_0_wrfifo_inst/inst_fifo_gen/gconvfifo.rf/grf.rf/gntv_or_sync_fifo.gcx.clkx/gnxpm_cdc.rd_pntr_gc_reg[0]/C
                            (rising edge-triggered cell FDCE clocked by clk_pl_0  {rise@0.000ns fall@2.625ns period=5.250ns})
  Destination:            dbg_hub/inst/BSCANID.u_xsdbm_id/CORE_XSDB.UUT_MASTER/U_ICON_INTERFACE/U_CMD6_WR/U_WR_FIFO/SUBCORE_FIFO.xsdbm_v3_0_0_wrfifo_inst/inst_fifo_gen/gconvfifo.rf/grf.rf/gntv_or_sync_fifo.gcx.clkx/gnxpm_cdc.gsync_stage[1].wr_stg_inst/Q_reg_reg[0]/D
                            (rising edge-triggered cell FDCE clocked by dbg_hub/inst/BSCANID.u_xsdbm_id/SWITCH_N_EXT_BSCAN.bscan_inst/SERIES7_BSCAN.bscan_inst/INTERNAL_TCK  {rise@0.000ns fall@25.000ns period=50.000ns})
  Path Group:             dbg_hub/inst/BSCANID.u_xsdbm_id/SWITCH_N_EXT_BSCAN.bscan_inst/SERIES7_BSCAN.bscan_inst/INTERNAL_TCK
  Path Type:              Setup (Max at Slow Process Corner)
  Requirement:            5.250ns  (MaxDelay Path 5.250ns)
  Data Path Delay:        0.311ns  (logic 0.076ns (24.437%)  route 0.235ns (75.563%))
  Logic Levels:           0  
  Timing Exception:       MaxDelay Path 5.250ns -datapath_only

    Location             Delay type                Incr(ns)  Path(ns)    Netlist Resource(s)
  -------------------------------------------------------------------    -------------------
    SLICE_X58Y117                                     0.000     0.000 r  dbg_hub/inst/BSCANID.u_xsdbm_id/CORE_XSDB.UUT_MASTER/U_ICON_INTERFACE/U_CMD6_WR/U_WR_FIFO/SUBCORE_FIFO.xsdbm_v3_0_0_wrfifo_inst/inst_fifo_gen/gconvfifo.rf/grf.rf/gntv_or_sync_fifo.gcx.clkx/gnxpm_cdc.rd_pntr_gc_reg[0]/C
    SLICE_X58Y117        FDCE (Prop_EFF_SLICEM_C_Q)
                                                      0.076     0.076 r  dbg_hub/inst/BSCANID.u_xsdbm_id/CORE_XSDB.UUT_MASTER/U_ICON_INTERFACE/U_CMD6_WR/U_WR_FIFO/SUBCORE_FIFO.xsdbm_v3_0_0_wrfifo_inst/inst_fifo_gen/gconvfifo.rf/grf.rf/gntv_or_sync_fifo.gcx.clkx/gnxpm_cdc.rd_pntr_gc_reg[0]/Q
                         net (fo=1, routed)           0.235     0.311    dbg_hub/inst/BSCANID.u_xsdbm_id/CORE_XSDB.UUT_MASTER/U_ICON_INTERFACE/U_CMD6_WR/U_WR_FIFO/SUBCORE_FIFO.xsdbm_v3_0_0_wrfifo_inst/inst_fifo_gen/gconvfifo.rf/grf.rf/gntv_or_sync_fifo.gcx.clkx/gnxpm_cdc.gsync_stage[1].wr_stg_inst/Q[0]
    SLICE_X58Y117        FDCE                                         r  dbg_hub/inst/BSCANID.u_xsdbm_id/CORE_XSDB.UUT_MASTER/U_ICON_INTERFACE/U_CMD6_WR/U_WR_FIFO/SUBCORE_FIFO.xsdbm_v3_0_0_wrfifo_inst/inst_fifo_gen/gconvfifo.rf/grf.rf/gntv_or_sync_fifo.gcx.clkx/gnxpm_cdc.gsync_stage[1].wr_stg_inst/Q_reg_reg[0]/D
  -------------------------------------------------------------------    -------------------

                         max delay                    5.250     5.250    
    SLICE_X58Y117        FDCE (Setup_DFF2_SLICEM_C_D)
                                                      0.025     5.275    dbg_hub/inst/BSCANID.u_xsdbm_id/CORE_XSDB.UUT_MASTER/U_ICON_INTERFACE/U_CMD6_WR/U_WR_FIFO/SUBCORE_FIFO.xsdbm_v3_0_0_wrfifo_inst/inst_fifo_gen/gconvfifo.rf/grf.rf/gntv_or_sync_fifo.gcx.clkx/gnxpm_cdc.gsync_stage[1].wr_stg_inst/Q_reg_reg[0]
  -------------------------------------------------------------------
                         required time                          5.275    
                         arrival time                          -0.311    
  -------------------------------------------------------------------
                         slack                                  4.964    

Slack (MET) :             4.968ns  (required time - arrival time)
  Source:                 dbg_hub/inst/BSCANID.u_xsdbm_id/CORE_XSDB.UUT_MASTER/U_ICON_INTERFACE/U_CMD6_WR/U_WR_FIFO/SUBCORE_FIFO.xsdbm_v3_0_0_wrfifo_inst/inst_fifo_gen/gconvfifo.rf/grf.rf/gntv_or_sync_fifo.gcx.clkx/gnxpm_cdc.rd_pntr_gc_reg[1]/C
                            (rising edge-triggered cell FDCE clocked by clk_pl_0  {rise@0.000ns fall@2.625ns period=5.250ns})
  Destination:            dbg_hub/inst/BSCANID.u_xsdbm_id/CORE_XSDB.UUT_MASTER/U_ICON_INTERFACE/U_CMD6_WR/U_WR_FIFO/SUBCORE_FIFO.xsdbm_v3_0_0_wrfifo_inst/inst_fifo_gen/gconvfifo.rf/grf.rf/gntv_or_sync_fifo.gcx.clkx/gnxpm_cdc.gsync_stage[1].wr_stg_inst/Q_reg_reg[1]/D
                            (rising edge-triggered cell FDCE clocked by dbg_hub/inst/BSCANID.u_xsdbm_id/SWITCH_N_EXT_BSCAN.bscan_inst/SERIES7_BSCAN.bscan_inst/INTERNAL_TCK  {rise@0.000ns fall@25.000ns period=50.000ns})
  Path Group:             dbg_hub/inst/BSCANID.u_xsdbm_id/SWITCH_N_EXT_BSCAN.bscan_inst/SERIES7_BSCAN.bscan_inst/INTERNAL_TCK
  Path Type:              Setup (Max at Slow Process Corner)
  Requirement:            5.250ns  (MaxDelay Path 5.250ns)
  Data Path Delay:        0.307ns  (logic 0.078ns (25.407%)  route 0.229ns (74.593%))
  Logic Levels:           0  
  Timing Exception:       MaxDelay Path 5.250ns -datapath_only

    Location             Delay type                Incr(ns)  Path(ns)    Netlist Resource(s)
  -------------------------------------------------------------------    -------------------
    SLICE_X58Y118                                     0.000     0.000 r  dbg_hub/inst/BSCANID.u_xsdbm_id/CORE_XSDB.UUT_MASTER/U_ICON_INTERFACE/U_CMD6_WR/U_WR_FIFO/SUBCORE_FIFO.xsdbm_v3_0_0_wrfifo_inst/inst_fifo_gen/gconvfifo.rf/grf.rf/gntv_or_sync_fifo.gcx.clkx/gnxpm_cdc.rd_pntr_gc_reg[1]/C
    SLICE_X58Y118        FDCE (Prop_HFF2_SLICEM_C_Q)
                                                      0.078     0.078 r  dbg_hub/inst/BSCANID.u_xsdbm_id/CORE_XSDB.UUT_MASTER/U_ICON_INTERFACE/U_CMD6_WR/U_WR_FIFO/SUBCORE_FIFO.xsdbm_v3_0_0_wrfifo_inst/inst_fifo_gen/gconvfifo.rf/grf.rf/gntv_or_sync_fifo.gcx.clkx/gnxpm_cdc.rd_pntr_gc_reg[1]/Q
                         net (fo=1, routed)           0.229     0.307    dbg_hub/inst/BSCANID.u_xsdbm_id/CORE_XSDB.UUT_MASTER/U_ICON_INTERFACE/U_CMD6_WR/U_WR_FIFO/SUBCORE_FIFO.xsdbm_v3_0_0_wrfifo_inst/inst_fifo_gen/gconvfifo.rf/grf.rf/gntv_or_sync_fifo.gcx.clkx/gnxpm_cdc.gsync_stage[1].wr_stg_inst/Q[1]
    SLICE_X58Y115        FDCE                                         r  dbg_hub/inst/BSCANID.u_xsdbm_id/CORE_XSDB.UUT_MASTER/U_ICON_INTERFACE/U_CMD6_WR/U_WR_FIFO/SUBCORE_FIFO.xsdbm_v3_0_0_wrfifo_inst/inst_fifo_gen/gconvfifo.rf/grf.rf/gntv_or_sync_fifo.gcx.clkx/gnxpm_cdc.gsync_stage[1].wr_stg_inst/Q_reg_reg[1]/D
  -------------------------------------------------------------------    -------------------

                         max delay                    5.250     5.250    
    SLICE_X58Y115        FDCE (Setup_DFF2_SLICEM_C_D)
                                                      0.025     5.275    dbg_hub/inst/BSCANID.u_xsdbm_id/CORE_XSDB.UUT_MASTER/U_ICON_INTERFACE/U_CMD6_WR/U_WR_FIFO/SUBCORE_FIFO.xsdbm_v3_0_0_wrfifo_inst/inst_fifo_gen/gconvfifo.rf/grf.rf/gntv_or_sync_fifo.gcx.clkx/gnxpm_cdc.gsync_stage[1].wr_stg_inst/Q_reg_reg[1]
  -------------------------------------------------------------------
                         required time                          5.275    
                         arrival time                          -0.307    
  -------------------------------------------------------------------
                         slack                                  4.968    

Slack (MET) :             4.980ns  (required time - arrival time)
  Source:                 dbg_hub/inst/BSCANID.u_xsdbm_id/CORE_XSDB.UUT_MASTER/U_ICON_INTERFACE/U_CMD6_RD/U_RD_FIFO/SUBCORE_FIFO.xsdbm_v3_0_0_rdfifo_inst/inst_fifo_gen/gconvfifo.rf/grf.rf/gntv_or_sync_fifo.gcx.clkx/gnxpm_cdc.wr_pntr_gc_reg[0]/C
                            (rising edge-triggered cell FDCE clocked by clk_pl_0  {rise@0.000ns fall@2.625ns period=5.250ns})
  Destination:            dbg_hub/inst/BSCANID.u_xsdbm_id/CORE_XSDB.UUT_MASTER/U_ICON_INTERFACE/U_CMD6_RD/U_RD_FIFO/SUBCORE_FIFO.xsdbm_v3_0_0_rdfifo_inst/inst_fifo_gen/gconvfifo.rf/grf.rf/gntv_or_sync_fifo.gcx.clkx/gnxpm_cdc.gsync_stage[1].rd_stg_inst/Q_reg_reg[0]/D
                            (rising edge-triggered cell FDCE clocked by dbg_hub/inst/BSCANID.u_xsdbm_id/SWITCH_N_EXT_BSCAN.bscan_inst/SERIES7_BSCAN.bscan_inst/INTERNAL_TCK  {rise@0.000ns fall@25.000ns period=50.000ns})
  Path Group:             dbg_hub/inst/BSCANID.u_xsdbm_id/SWITCH_N_EXT_BSCAN.bscan_inst/SERIES7_BSCAN.bscan_inst/INTERNAL_TCK
  Path Type:              Setup (Max at Slow Process Corner)
  Requirement:            5.250ns  (MaxDelay Path 5.250ns)
  Data Path Delay:        0.295ns  (logic 0.078ns (26.441%)  route 0.217ns (73.559%))
  Logic Levels:           0  
  Timing Exception:       MaxDelay Path 5.250ns -datapath_only

    Location             Delay type                Incr(ns)  Path(ns)    Netlist Resource(s)
  -------------------------------------------------------------------    -------------------
    SLICE_X58Y133                                     0.000     0.000 r  dbg_hub/inst/BSCANID.u_xsdbm_id/CORE_XSDB.UUT_MASTER/U_ICON_INTERFACE/U_CMD6_RD/U_RD_FIFO/SUBCORE_FIFO.xsdbm_v3_0_0_rdfifo_inst/inst_fifo_gen/gconvfifo.rf/grf.rf/gntv_or_sync_fifo.gcx.clkx/gnxpm_cdc.wr_pntr_gc_reg[0]/C
    SLICE_X58Y133        FDCE (Prop_DFF_SLICEM_C_Q)
                                                      0.078     0.078 r  dbg_hub/inst/BSCANID.u_xsdbm_id/CORE_XSDB.UUT_MASTER/U_ICON_INTERFACE/U_CMD6_RD/U_RD_FIFO/SUBCORE_FIFO.xsdbm_v3_0_0_rdfifo_inst/inst_fifo_gen/gconvfifo.rf/grf.rf/gntv_or_sync_fifo.gcx.clkx/gnxpm_cdc.wr_pntr_gc_reg[0]/Q
                         net (fo=1, routed)           0.217     0.295    dbg_hub/inst/BSCANID.u_xsdbm_id/CORE_XSDB.UUT_MASTER/U_ICON_INTERFACE/U_CMD6_RD/U_RD_FIFO/SUBCORE_FIFO.xsdbm_v3_0_0_rdfifo_inst/inst_fifo_gen/gconvfifo.rf/grf.rf/gntv_or_sync_fifo.gcx.clkx/gnxpm_cdc.gsync_stage[1].rd_stg_inst/Q[0]
    SLICE_X58Y133        FDCE                                         r  dbg_hub/inst/BSCANID.u_xsdbm_id/CORE_XSDB.UUT_MASTER/U_ICON_INTERFACE/U_CMD6_RD/U_RD_FIFO/SUBCORE_FIFO.xsdbm_v3_0_0_rdfifo_inst/inst_fifo_gen/gconvfifo.rf/grf.rf/gntv_or_sync_fifo.gcx.clkx/gnxpm_cdc.gsync_stage[1].rd_stg_inst/Q_reg_reg[0]/D
  -------------------------------------------------------------------    -------------------

                         max delay                    5.250     5.250    
    SLICE_X58Y133        FDCE (Setup_GFF2_SLICEM_C_D)
                                                      0.025     5.275    dbg_hub/inst/BSCANID.u_xsdbm_id/CORE_XSDB.UUT_MASTER/U_ICON_INTERFACE/U_CMD6_RD/U_RD_FIFO/SUBCORE_FIFO.xsdbm_v3_0_0_rdfifo_inst/inst_fifo_gen/gconvfifo.rf/grf.rf/gntv_or_sync_fifo.gcx.clkx/gnxpm_cdc.gsync_stage[1].rd_stg_inst/Q_reg_reg[0]
  -------------------------------------------------------------------
                         required time                          5.275    
                         arrival time                          -0.295    
  -------------------------------------------------------------------
                         slack                                  4.980    

Slack (MET) :             5.017ns  (required time - arrival time)
  Source:                 dbg_hub/inst/BSCANID.u_xsdbm_id/CORE_XSDB.UUT_MASTER/U_ICON_INTERFACE/U_CMD6_WR/U_WR_FIFO/SUBCORE_FIFO.xsdbm_v3_0_0_wrfifo_inst/inst_fifo_gen/gconvfifo.rf/grf.rf/gntv_or_sync_fifo.gcx.clkx/gnxpm_cdc.rd_pntr_gc_reg[3]/C
                            (rising edge-triggered cell FDCE clocked by clk_pl_0  {rise@0.000ns fall@2.625ns period=5.250ns})
  Destination:            dbg_hub/inst/BSCANID.u_xsdbm_id/CORE_XSDB.UUT_MASTER/U_ICON_INTERFACE/U_CMD6_WR/U_WR_FIFO/SUBCORE_FIFO.xsdbm_v3_0_0_wrfifo_inst/inst_fifo_gen/gconvfifo.rf/grf.rf/gntv_or_sync_fifo.gcx.clkx/gnxpm_cdc.gsync_stage[1].wr_stg_inst/Q_reg_reg[3]/D
                            (rising edge-triggered cell FDCE clocked by dbg_hub/inst/BSCANID.u_xsdbm_id/SWITCH_N_EXT_BSCAN.bscan_inst/SERIES7_BSCAN.bscan_inst/INTERNAL_TCK  {rise@0.000ns fall@25.000ns period=50.000ns})
  Path Group:             dbg_hub/inst/BSCANID.u_xsdbm_id/SWITCH_N_EXT_BSCAN.bscan_inst/SERIES7_BSCAN.bscan_inst/INTERNAL_TCK
  Path Type:              Setup (Max at Slow Process Corner)
  Requirement:            5.250ns  (MaxDelay Path 5.250ns)
  Data Path Delay:        0.258ns  (logic 0.079ns (30.620%)  route 0.179ns (69.380%))
  Logic Levels:           0  
  Timing Exception:       MaxDelay Path 5.250ns -datapath_only

    Location             Delay type                Incr(ns)  Path(ns)    Netlist Resource(s)
  -------------------------------------------------------------------    -------------------
    SLICE_X58Y117                                     0.000     0.000 r  dbg_hub/inst/BSCANID.u_xsdbm_id/CORE_XSDB.UUT_MASTER/U_ICON_INTERFACE/U_CMD6_WR/U_WR_FIFO/SUBCORE_FIFO.xsdbm_v3_0_0_wrfifo_inst/inst_fifo_gen/gconvfifo.rf/grf.rf/gntv_or_sync_fifo.gcx.clkx/gnxpm_cdc.rd_pntr_gc_reg[3]/C
    SLICE_X58Y117        FDCE (Prop_FFF2_SLICEM_C_Q)
                                                      0.079     0.079 r  dbg_hub/inst/BSCANID.u_xsdbm_id/CORE_XSDB.UUT_MASTER/U_ICON_INTERFACE/U_CMD6_WR/U_WR_FIFO/SUBCORE_FIFO.xsdbm_v3_0_0_wrfifo_inst/inst_fifo_gen/gconvfifo.rf/grf.rf/gntv_or_sync_fifo.gcx.clkx/gnxpm_cdc.rd_pntr_gc_reg[3]/Q
                         net (fo=1, routed)           0.179     0.258    dbg_hub/inst/BSCANID.u_xsdbm_id/CORE_XSDB.UUT_MASTER/U_ICON_INTERFACE/U_CMD6_WR/U_WR_FIFO/SUBCORE_FIFO.xsdbm_v3_0_0_wrfifo_inst/inst_fifo_gen/gconvfifo.rf/grf.rf/gntv_or_sync_fifo.gcx.clkx/gnxpm_cdc.gsync_stage[1].wr_stg_inst/Q[3]
    SLICE_X58Y115        FDCE                                         r  dbg_hub/inst/BSCANID.u_xsdbm_id/CORE_XSDB.UUT_MASTER/U_ICON_INTERFACE/U_CMD6_WR/U_WR_FIFO/SUBCORE_FIFO.xsdbm_v3_0_0_wrfifo_inst/inst_fifo_gen/gconvfifo.rf/grf.rf/gntv_or_sync_fifo.gcx.clkx/gnxpm_cdc.gsync_stage[1].wr_stg_inst/Q_reg_reg[3]/D
  -------------------------------------------------------------------    -------------------

                         max delay                    5.250     5.250    
    SLICE_X58Y115        FDCE (Setup_CFF2_SLICEM_C_D)
                                                      0.025     5.275    dbg_hub/inst/BSCANID.u_xsdbm_id/CORE_XSDB.UUT_MASTER/U_ICON_INTERFACE/U_CMD6_WR/U_WR_FIFO/SUBCORE_FIFO.xsdbm_v3_0_0_wrfifo_inst/inst_fifo_gen/gconvfifo.rf/grf.rf/gntv_or_sync_fifo.gcx.clkx/gnxpm_cdc.gsync_stage[1].wr_stg_inst/Q_reg_reg[3]
  -------------------------------------------------------------------
                         required time                          5.275    
                         arrival time                          -0.258    
  -------------------------------------------------------------------
                         slack                                  5.017    





---------------------------------------------------------------------------------------------------
Path Group:  **async_default**
From Clock:  clk_pl_0
  To Clock:  clk_pl_0

Setup :            0  Failing Endpoints,  Worst Slack        3.004ns,  Total Violation        0.000ns
Hold  :            0  Failing Endpoints,  Worst Slack        0.099ns,  Total Violation        0.000ns
---------------------------------------------------------------------------------------------------


Max Delay Paths
--------------------------------------------------------------------------------------
Slack (MET) :             3.004ns  (required time - arrival time)
  Source:                 RV32UI_i/vio_0/inst/PROBE_OUT_ALL_INST/G_PROBE_OUT[0].PROBE_OUT0_INST/Probe_out_reg[0]/C
                            (rising edge-triggered cell FDRE clocked by clk_pl_0  {rise@0.000ns fall@2.625ns period=5.250ns})
  Destination:            RV32UI_i/Core_RV32I/RV32I_IF/pc_unit_0/inst/pc_reg[3]/CLR
                            (recovery check against rising-edge clock clk_pl_0  {rise@0.000ns fall@2.625ns period=5.250ns})
  Path Group:             **async_default**
  Path Type:              Recovery (Max at Slow Process Corner)
  Requirement:            5.250ns  (clk_pl_0 rise@5.250ns - clk_pl_0 rise@0.000ns)
  Data Path Delay:        1.948ns  (logic 0.203ns (10.421%)  route 1.745ns (89.579%))
  Logic Levels:           1  (LUT2=1)
  Clock Path Skew:        -0.113ns (DCD - SCD + CPR)
    Destination Clock Delay (DCD):    2.116ns = ( 7.366 - 5.250 ) 
    Source Clock Delay      (SCD):    2.361ns
    Clock Pessimism Removal (CPR):    0.132ns
  Clock Uncertainty:      0.119ns  ((TSJ^2 + DJ^2)^1/2) / 2 + PE
    Total System Jitter     (TSJ):    0.071ns
    Discrete Jitter          (DJ):    0.228ns
    Phase Error              (PE):    0.000ns
  Clock Net Delay (Source):      2.162ns (routing 0.998ns, distribution 1.164ns)
  Clock Net Delay (Destination): 1.956ns (routing 0.905ns, distribution 1.051ns)

    Location             Delay type                Incr(ns)  Path(ns)    Netlist Resource(s)
  -------------------------------------------------------------------    -------------------
                         (clock clk_pl_0 rise edge)
                                                      0.000     0.000 r  
    PS8_X0Y0             PS8                          0.000     0.000 r  RV32UI_i/zynq_ultra_ps_e_0/inst/PS8_i/PLCLK[0]
                         net (fo=1, routed)           0.171     0.171    RV32UI_i/zynq_ultra_ps_e_0/inst/pl_clk_unbuffered[0]
    BUFG_PS_X0Y77        BUFG_PS (Prop_BUFG_PS_I_O)
                                                      0.028     0.199 r  RV32UI_i/zynq_ultra_ps_e_0/inst/buffer_pl_clk_0.PL_CLK_0_BUFG/O
    X1Y2 (CLOCK_ROOT)    net (fo=3564, routed)        2.162     2.361    RV32UI_i/vio_0/inst/PROBE_OUT_ALL_INST/G_PROBE_OUT[0].PROBE_OUT0_INST/clk
    SLICE_X55Y125        FDRE                                         r  RV32UI_i/vio_0/inst/PROBE_OUT_ALL_INST/G_PROBE_OUT[0].PROBE_OUT0_INST/Probe_out_reg[0]/C
  -------------------------------------------------------------------    -------------------
    SLICE_X55Y125        FDRE (Prop_DFF2_SLICEL_C_Q)
                                                      0.081     2.442 f  RV32UI_i/vio_0/inst/PROBE_OUT_ALL_INST/G_PROBE_OUT[0].PROBE_OUT0_INST/Probe_out_reg[0]/Q
                         net (fo=1, routed)           0.565     3.007    RV32UI_i/util_vector_logic_2/Op2[0]
    SLICE_X53Y174        LUT2 (Prop_D6LUT_SLICEM_I1_O)
                                                      0.122     3.129 f  RV32UI_i/util_vector_logic_2/Res[0]_INST_0/O
                         net (fo=986, routed)         1.180     4.309    RV32UI_i/Core_RV32I/RV32I_IF/pc_unit_0/inst/rst
    SLICE_X54Y233        FDCE                                         f  RV32UI_i/Core_RV32I/RV32I_IF/pc_unit_0/inst/pc_reg[3]/CLR
  -------------------------------------------------------------------    -------------------

                         (clock clk_pl_0 rise edge)
                                                      5.250     5.250 r  
    PS8_X0Y0             PS8                          0.000     5.250 r  RV32UI_i/zynq_ultra_ps_e_0/inst/PS8_i/PLCLK[0]
                         net (fo=1, routed)           0.135     5.385    RV32UI_i/zynq_ultra_ps_e_0/inst/pl_clk_unbuffered[0]
    BUFG_PS_X0Y77        BUFG_PS (Prop_BUFG_PS_I_O)
                                                      0.025     5.410 r  RV32UI_i/zynq_ultra_ps_e_0/inst/buffer_pl_clk_0.PL_CLK_0_BUFG/O
    X1Y2 (CLOCK_ROOT)    net (fo=3564, routed)        1.956     7.366    RV32UI_i/Core_RV32I/RV32I_IF/pc_unit_0/inst/clk
    SLICE_X54Y233        FDCE                                         r  RV32UI_i/Core_RV32I/RV32I_IF/pc_unit_0/inst/pc_reg[3]/C
                         clock pessimism              0.132     7.498    
                         clock uncertainty           -0.119     7.379    
    SLICE_X54Y233        FDCE (Recov_DFF_SLICEM_C_CLR)
                                                     -0.066     7.313    RV32UI_i/Core_RV32I/RV32I_IF/pc_unit_0/inst/pc_reg[3]
  -------------------------------------------------------------------
                         required time                          7.313    
                         arrival time                          -4.309    
  -------------------------------------------------------------------
                         slack                                  3.004    

Slack (MET) :             3.011ns  (required time - arrival time)
  Source:                 RV32UI_i/vio_0/inst/PROBE_OUT_ALL_INST/G_PROBE_OUT[0].PROBE_OUT0_INST/Probe_out_reg[0]/C
                            (rising edge-triggered cell FDRE clocked by clk_pl_0  {rise@0.000ns fall@2.625ns period=5.250ns})
  Destination:            RV32UI_i/Core_RV32I/RV32I_IF/pc_unit_0/inst/pc_reg[24]/CLR
                            (recovery check against rising-edge clock clk_pl_0  {rise@0.000ns fall@2.625ns period=5.250ns})
  Path Group:             **async_default**
  Path Type:              Recovery (Max at Slow Process Corner)
  Requirement:            5.250ns  (clk_pl_0 rise@5.250ns - clk_pl_0 rise@0.000ns)
  Data Path Delay:        1.937ns  (logic 0.203ns (10.480%)  route 1.734ns (89.520%))
  Logic Levels:           1  (LUT2=1)
  Clock Path Skew:        -0.117ns (DCD - SCD + CPR)
    Destination Clock Delay (DCD):    2.112ns = ( 7.362 - 5.250 ) 
    Source Clock Delay      (SCD):    2.361ns
    Clock Pessimism Removal (CPR):    0.132ns
  Clock Uncertainty:      0.119ns  ((TSJ^2 + DJ^2)^1/2) / 2 + PE
    Total System Jitter     (TSJ):    0.071ns
    Discrete Jitter          (DJ):    0.228ns
    Phase Error              (PE):    0.000ns
  Clock Net Delay (Source):      2.162ns (routing 0.998ns, distribution 1.164ns)
  Clock Net Delay (Destination): 1.952ns (routing 0.905ns, distribution 1.047ns)

    Location             Delay type                Incr(ns)  Path(ns)    Netlist Resource(s)
  -------------------------------------------------------------------    -------------------
                         (clock clk_pl_0 rise edge)
                                                      0.000     0.000 r  
    PS8_X0Y0             PS8                          0.000     0.000 r  RV32UI_i/zynq_ultra_ps_e_0/inst/PS8_i/PLCLK[0]
                         net (fo=1, routed)           0.171     0.171    RV32UI_i/zynq_ultra_ps_e_0/inst/pl_clk_unbuffered[0]
    BUFG_PS_X0Y77        BUFG_PS (Prop_BUFG_PS_I_O)
                                                      0.028     0.199 r  RV32UI_i/zynq_ultra_ps_e_0/inst/buffer_pl_clk_0.PL_CLK_0_BUFG/O
    X1Y2 (CLOCK_ROOT)    net (fo=3564, routed)        2.162     2.361    RV32UI_i/vio_0/inst/PROBE_OUT_ALL_INST/G_PROBE_OUT[0].PROBE_OUT0_INST/clk
    SLICE_X55Y125        FDRE                                         r  RV32UI_i/vio_0/inst/PROBE_OUT_ALL_INST/G_PROBE_OUT[0].PROBE_OUT0_INST/Probe_out_reg[0]/C
  -------------------------------------------------------------------    -------------------
    SLICE_X55Y125        FDRE (Prop_DFF2_SLICEL_C_Q)
                                                      0.081     2.442 f  RV32UI_i/vio_0/inst/PROBE_OUT_ALL_INST/G_PROBE_OUT[0].PROBE_OUT0_INST/Probe_out_reg[0]/Q
                         net (fo=1, routed)           0.565     3.007    RV32UI_i/util_vector_logic_2/Op2[0]
    SLICE_X53Y174        LUT2 (Prop_D6LUT_SLICEM_I1_O)
                                                      0.122     3.129 f  RV32UI_i/util_vector_logic_2/Res[0]_INST_0/O
                         net (fo=986, routed)         1.169     4.298    RV32UI_i/Core_RV32I/RV32I_IF/pc_unit_0/inst/rst
    SLICE_X54Y235        FDCE                                         f  RV32UI_i/Core_RV32I/RV32I_IF/pc_unit_0/inst/pc_reg[24]/CLR
  -------------------------------------------------------------------    -------------------

                         (clock clk_pl_0 rise edge)
                                                      5.250     5.250 r  
    PS8_X0Y0             PS8                          0.000     5.250 r  RV32UI_i/zynq_ultra_ps_e_0/inst/PS8_i/PLCLK[0]
                         net (fo=1, routed)           0.135     5.385    RV32UI_i/zynq_ultra_ps_e_0/inst/pl_clk_unbuffered[0]
    BUFG_PS_X0Y77        BUFG_PS (Prop_BUFG_PS_I_O)
                                                      0.025     5.410 r  RV32UI_i/zynq_ultra_ps_e_0/inst/buffer_pl_clk_0.PL_CLK_0_BUFG/O
    X1Y2 (CLOCK_ROOT)    net (fo=3564, routed)        1.952     7.362    RV32UI_i/Core_RV32I/RV32I_IF/pc_unit_0/inst/clk
    SLICE_X54Y235        FDCE                                         r  RV32UI_i/Core_RV32I/RV32I_IF/pc_unit_0/inst/pc_reg[24]/C
                         clock pessimism              0.132     7.494    
                         clock uncertainty           -0.119     7.375    
    SLICE_X54Y235        FDCE (Recov_DFF_SLICEM_C_CLR)
                                                     -0.066     7.309    RV32UI_i/Core_RV32I/RV32I_IF/pc_unit_0/inst/pc_reg[24]
  -------------------------------------------------------------------
                         required time                          7.309    
                         arrival time                          -4.298    
  -------------------------------------------------------------------
                         slack                                  3.011    

Slack (MET) :             3.015ns  (required time - arrival time)
  Source:                 RV32UI_i/vio_0/inst/PROBE_OUT_ALL_INST/G_PROBE_OUT[0].PROBE_OUT0_INST/Probe_out_reg[0]/C
                            (rising edge-triggered cell FDRE clocked by clk_pl_0  {rise@0.000ns fall@2.625ns period=5.250ns})
  Destination:            RV32UI_i/Core_RV32I/RV32I_IF/pc_unit_0/inst/pc_reg[8]/CLR
                            (recovery check against rising-edge clock clk_pl_0  {rise@0.000ns fall@2.625ns period=5.250ns})
  Path Group:             **async_default**
  Path Type:              Recovery (Max at Slow Process Corner)
  Requirement:            5.250ns  (clk_pl_0 rise@5.250ns - clk_pl_0 rise@0.000ns)
  Data Path Delay:        1.933ns  (logic 0.203ns (10.502%)  route 1.730ns (89.498%))
  Logic Levels:           1  (LUT2=1)
  Clock Path Skew:        -0.117ns (DCD - SCD + CPR)
    Destination Clock Delay (DCD):    2.112ns = ( 7.362 - 5.250 ) 
    Source Clock Delay      (SCD):    2.361ns
    Clock Pessimism Removal (CPR):    0.132ns
  Clock Uncertainty:      0.119ns  ((TSJ^2 + DJ^2)^1/2) / 2 + PE
    Total System Jitter     (TSJ):    0.071ns
    Discrete Jitter          (DJ):    0.228ns
    Phase Error              (PE):    0.000ns
  Clock Net Delay (Source):      2.162ns (routing 0.998ns, distribution 1.164ns)
  Clock Net Delay (Destination): 1.952ns (routing 0.905ns, distribution 1.047ns)

    Location             Delay type                Incr(ns)  Path(ns)    Netlist Resource(s)
  -------------------------------------------------------------------    -------------------
                         (clock clk_pl_0 rise edge)
                                                      0.000     0.000 r  
    PS8_X0Y0             PS8                          0.000     0.000 r  RV32UI_i/zynq_ultra_ps_e_0/inst/PS8_i/PLCLK[0]
                         net (fo=1, routed)           0.171     0.171    RV32UI_i/zynq_ultra_ps_e_0/inst/pl_clk_unbuffered[0]
    BUFG_PS_X0Y77        BUFG_PS (Prop_BUFG_PS_I_O)
                                                      0.028     0.199 r  RV32UI_i/zynq_ultra_ps_e_0/inst/buffer_pl_clk_0.PL_CLK_0_BUFG/O
    X1Y2 (CLOCK_ROOT)    net (fo=3564, routed)        2.162     2.361    RV32UI_i/vio_0/inst/PROBE_OUT_ALL_INST/G_PROBE_OUT[0].PROBE_OUT0_INST/clk
    SLICE_X55Y125        FDRE                                         r  RV32UI_i/vio_0/inst/PROBE_OUT_ALL_INST/G_PROBE_OUT[0].PROBE_OUT0_INST/Probe_out_reg[0]/C
  -------------------------------------------------------------------    -------------------
    SLICE_X55Y125        FDRE (Prop_DFF2_SLICEL_C_Q)
                                                      0.081     2.442 f  RV32UI_i/vio_0/inst/PROBE_OUT_ALL_INST/G_PROBE_OUT[0].PROBE_OUT0_INST/Probe_out_reg[0]/Q
                         net (fo=1, routed)           0.565     3.007    RV32UI_i/util_vector_logic_2/Op2[0]
    SLICE_X53Y174        LUT2 (Prop_D6LUT_SLICEM_I1_O)
                                                      0.122     3.129 f  RV32UI_i/util_vector_logic_2/Res[0]_INST_0/O
                         net (fo=986, routed)         1.165     4.294    RV32UI_i/Core_RV32I/RV32I_IF/pc_unit_0/inst/rst
    SLICE_X55Y233        FDCE                                         f  RV32UI_i/Core_RV32I/RV32I_IF/pc_unit_0/inst/pc_reg[8]/CLR
  -------------------------------------------------------------------    -------------------

                         (clock clk_pl_0 rise edge)
                                                      5.250     5.250 r  
    PS8_X0Y0             PS8                          0.000     5.250 r  RV32UI_i/zynq_ultra_ps_e_0/inst/PS8_i/PLCLK[0]
                         net (fo=1, routed)           0.135     5.385    RV32UI_i/zynq_ultra_ps_e_0/inst/pl_clk_unbuffered[0]
    BUFG_PS_X0Y77        BUFG_PS (Prop_BUFG_PS_I_O)
                                                      0.025     5.410 r  RV32UI_i/zynq_ultra_ps_e_0/inst/buffer_pl_clk_0.PL_CLK_0_BUFG/O
    X1Y2 (CLOCK_ROOT)    net (fo=3564, routed)        1.952     7.362    RV32UI_i/Core_RV32I/RV32I_IF/pc_unit_0/inst/clk
    SLICE_X55Y233        FDCE                                         r  RV32UI_i/Core_RV32I/RV32I_IF/pc_unit_0/inst/pc_reg[8]/C
                         clock pessimism              0.132     7.494    
                         clock uncertainty           -0.119     7.375    
    SLICE_X55Y233        FDCE (Recov_DFF_SLICEL_C_CLR)
                                                     -0.066     7.309    RV32UI_i/Core_RV32I/RV32I_IF/pc_unit_0/inst/pc_reg[8]
  -------------------------------------------------------------------
                         required time                          7.309    
                         arrival time                          -4.294    
  -------------------------------------------------------------------
                         slack                                  3.015    

Slack (MET) :             3.016ns  (required time - arrival time)
  Source:                 RV32UI_i/vio_0/inst/PROBE_OUT_ALL_INST/G_PROBE_OUT[0].PROBE_OUT0_INST/Probe_out_reg[0]/C
                            (rising edge-triggered cell FDRE clocked by clk_pl_0  {rise@0.000ns fall@2.625ns period=5.250ns})
  Destination:            RV32UI_i/Core_RV32I/RV32I_IF/pc_unit_0/inst/pc_reg[30]/CLR
                            (recovery check against rising-edge clock clk_pl_0  {rise@0.000ns fall@2.625ns period=5.250ns})
  Path Group:             **async_default**
  Path Type:              Recovery (Max at Slow Process Corner)
  Requirement:            5.250ns  (clk_pl_0 rise@5.250ns - clk_pl_0 rise@0.000ns)
  Data Path Delay:        1.932ns  (logic 0.203ns (10.507%)  route 1.729ns (89.493%))
  Logic Levels:           1  (LUT2=1)
  Clock Path Skew:        -0.117ns (DCD - SCD + CPR)
    Destination Clock Delay (DCD):    2.112ns = ( 7.362 - 5.250 ) 
    Source Clock Delay      (SCD):    2.361ns
    Clock Pessimism Removal (CPR):    0.132ns
  Clock Uncertainty:      0.119ns  ((TSJ^2 + DJ^2)^1/2) / 2 + PE
    Total System Jitter     (TSJ):    0.071ns
    Discrete Jitter          (DJ):    0.228ns
    Phase Error              (PE):    0.000ns
  Clock Net Delay (Source):      2.162ns (routing 0.998ns, distribution 1.164ns)
  Clock Net Delay (Destination): 1.952ns (routing 0.905ns, distribution 1.047ns)

    Location             Delay type                Incr(ns)  Path(ns)    Netlist Resource(s)
  -------------------------------------------------------------------    -------------------
                         (clock clk_pl_0 rise edge)
                                                      0.000     0.000 r  
    PS8_X0Y0             PS8                          0.000     0.000 r  RV32UI_i/zynq_ultra_ps_e_0/inst/PS8_i/PLCLK[0]
                         net (fo=1, routed)           0.171     0.171    RV32UI_i/zynq_ultra_ps_e_0/inst/pl_clk_unbuffered[0]
    BUFG_PS_X0Y77        BUFG_PS (Prop_BUFG_PS_I_O)
                                                      0.028     0.199 r  RV32UI_i/zynq_ultra_ps_e_0/inst/buffer_pl_clk_0.PL_CLK_0_BUFG/O
    X1Y2 (CLOCK_ROOT)    net (fo=3564, routed)        2.162     2.361    RV32UI_i/vio_0/inst/PROBE_OUT_ALL_INST/G_PROBE_OUT[0].PROBE_OUT0_INST/clk
    SLICE_X55Y125        FDRE                                         r  RV32UI_i/vio_0/inst/PROBE_OUT_ALL_INST/G_PROBE_OUT[0].PROBE_OUT0_INST/Probe_out_reg[0]/C
  -------------------------------------------------------------------    -------------------
    SLICE_X55Y125        FDRE (Prop_DFF2_SLICEL_C_Q)
                                                      0.081     2.442 f  RV32UI_i/vio_0/inst/PROBE_OUT_ALL_INST/G_PROBE_OUT[0].PROBE_OUT0_INST/Probe_out_reg[0]/Q
                         net (fo=1, routed)           0.565     3.007    RV32UI_i/util_vector_logic_2/Op2[0]
    SLICE_X53Y174        LUT2 (Prop_D6LUT_SLICEM_I1_O)
                                                      0.122     3.129 f  RV32UI_i/util_vector_logic_2/Res[0]_INST_0/O
                         net (fo=986, routed)         1.164     4.293    RV32UI_i/Core_RV32I/RV32I_IF/pc_unit_0/inst/rst
    SLICE_X55Y231        FDCE                                         f  RV32UI_i/Core_RV32I/RV32I_IF/pc_unit_0/inst/pc_reg[30]/CLR
  -------------------------------------------------------------------    -------------------

                         (clock clk_pl_0 rise edge)
                                                      5.250     5.250 r  
    PS8_X0Y0             PS8                          0.000     5.250 r  RV32UI_i/zynq_ultra_ps_e_0/inst/PS8_i/PLCLK[0]
                         net (fo=1, routed)           0.135     5.385    RV32UI_i/zynq_ultra_ps_e_0/inst/pl_clk_unbuffered[0]
    BUFG_PS_X0Y77        BUFG_PS (Prop_BUFG_PS_I_O)
                                                      0.025     5.410 r  RV32UI_i/zynq_ultra_ps_e_0/inst/buffer_pl_clk_0.PL_CLK_0_BUFG/O
    X1Y2 (CLOCK_ROOT)    net (fo=3564, routed)        1.952     7.362    RV32UI_i/Core_RV32I/RV32I_IF/pc_unit_0/inst/clk
    SLICE_X55Y231        FDCE                                         r  RV32UI_i/Core_RV32I/RV32I_IF/pc_unit_0/inst/pc_reg[30]/C
                         clock pessimism              0.132     7.494    
                         clock uncertainty           -0.119     7.375    
    SLICE_X55Y231        FDCE (Recov_DFF_SLICEL_C_CLR)
                                                     -0.066     7.309    RV32UI_i/Core_RV32I/RV32I_IF/pc_unit_0/inst/pc_reg[30]
  -------------------------------------------------------------------
                         required time                          7.309    
                         arrival time                          -4.293    
  -------------------------------------------------------------------
                         slack                                  3.016    

Slack (MET) :             3.098ns  (required time - arrival time)
  Source:                 RV32UI_i/vio_0/inst/PROBE_OUT_ALL_INST/G_PROBE_OUT[0].PROBE_OUT0_INST/Probe_out_reg[0]/C
                            (rising edge-triggered cell FDRE clocked by clk_pl_0  {rise@0.000ns fall@2.625ns period=5.250ns})
  Destination:            RV32UI_i/Core_RV32I/RV32I_IF/pc_unit_0/inst/pc_reg[29]/CLR
                            (recovery check against rising-edge clock clk_pl_0  {rise@0.000ns fall@2.625ns period=5.250ns})
  Path Group:             **async_default**
  Path Type:              Recovery (Max at Slow Process Corner)
  Requirement:            5.250ns  (clk_pl_0 rise@5.250ns - clk_pl_0 rise@0.000ns)
  Data Path Delay:        1.844ns  (logic 0.203ns (11.009%)  route 1.641ns (88.991%))
  Logic Levels:           1  (LUT2=1)
  Clock Path Skew:        -0.123ns (DCD - SCD + CPR)
    Destination Clock Delay (DCD):    2.106ns = ( 7.356 - 5.250 ) 
    Source Clock Delay      (SCD):    2.361ns
    Clock Pessimism Removal (CPR):    0.132ns
  Clock Uncertainty:      0.119ns  ((TSJ^2 + DJ^2)^1/2) / 2 + PE
    Total System Jitter     (TSJ):    0.071ns
    Discrete Jitter          (DJ):    0.228ns
    Phase Error              (PE):    0.000ns
  Clock Net Delay (Source):      2.162ns (routing 0.998ns, distribution 1.164ns)
  Clock Net Delay (Destination): 1.946ns (routing 0.905ns, distribution 1.041ns)

    Location             Delay type                Incr(ns)  Path(ns)    Netlist Resource(s)
  -------------------------------------------------------------------    -------------------
                         (clock clk_pl_0 rise edge)
                                                      0.000     0.000 r  
    PS8_X0Y0             PS8                          0.000     0.000 r  RV32UI_i/zynq_ultra_ps_e_0/inst/PS8_i/PLCLK[0]
                         net (fo=1, routed)           0.171     0.171    RV32UI_i/zynq_ultra_ps_e_0/inst/pl_clk_unbuffered[0]
    BUFG_PS_X0Y77        BUFG_PS (Prop_BUFG_PS_I_O)
                                                      0.028     0.199 r  RV32UI_i/zynq_ultra_ps_e_0/inst/buffer_pl_clk_0.PL_CLK_0_BUFG/O
    X1Y2 (CLOCK_ROOT)    net (fo=3564, routed)        2.162     2.361    RV32UI_i/vio_0/inst/PROBE_OUT_ALL_INST/G_PROBE_OUT[0].PROBE_OUT0_INST/clk
    SLICE_X55Y125        FDRE                                         r  RV32UI_i/vio_0/inst/PROBE_OUT_ALL_INST/G_PROBE_OUT[0].PROBE_OUT0_INST/Probe_out_reg[0]/C
  -------------------------------------------------------------------    -------------------
    SLICE_X55Y125        FDRE (Prop_DFF2_SLICEL_C_Q)
                                                      0.081     2.442 f  RV32UI_i/vio_0/inst/PROBE_OUT_ALL_INST/G_PROBE_OUT[0].PROBE_OUT0_INST/Probe_out_reg[0]/Q
                         net (fo=1, routed)           0.565     3.007    RV32UI_i/util_vector_logic_2/Op2[0]
    SLICE_X53Y174        LUT2 (Prop_D6LUT_SLICEM_I1_O)
                                                      0.122     3.129 f  RV32UI_i/util_vector_logic_2/Res[0]_INST_0/O
                         net (fo=986, routed)         1.076     4.205    RV32UI_i/Core_RV32I/RV32I_IF/pc_unit_0/inst/rst
    SLICE_X53Y233        FDCE                                         f  RV32UI_i/Core_RV32I/RV32I_IF/pc_unit_0/inst/pc_reg[29]/CLR
  -------------------------------------------------------------------    -------------------

                         (clock clk_pl_0 rise edge)
                                                      5.250     5.250 r  
    PS8_X0Y0             PS8                          0.000     5.250 r  RV32UI_i/zynq_ultra_ps_e_0/inst/PS8_i/PLCLK[0]
                         net (fo=1, routed)           0.135     5.385    RV32UI_i/zynq_ultra_ps_e_0/inst/pl_clk_unbuffered[0]
    BUFG_PS_X0Y77        BUFG_PS (Prop_BUFG_PS_I_O)
                                                      0.025     5.410 r  RV32UI_i/zynq_ultra_ps_e_0/inst/buffer_pl_clk_0.PL_CLK_0_BUFG/O
    X1Y2 (CLOCK_ROOT)    net (fo=3564, routed)        1.946     7.356    RV32UI_i/Core_RV32I/RV32I_IF/pc_unit_0/inst/clk
    SLICE_X53Y233        FDCE                                         r  RV32UI_i/Core_RV32I/RV32I_IF/pc_unit_0/inst/pc_reg[29]/C
                         clock pessimism              0.132     7.488    
                         clock uncertainty           -0.119     7.369    
    SLICE_X53Y233        FDCE (Recov_DFF_SLICEM_C_CLR)
                                                     -0.066     7.303    RV32UI_i/Core_RV32I/RV32I_IF/pc_unit_0/inst/pc_reg[29]
  -------------------------------------------------------------------
                         required time                          7.303    
                         arrival time                          -4.205    
  -------------------------------------------------------------------
                         slack                                  3.098    

Slack (MET) :             3.098ns  (required time - arrival time)
  Source:                 RV32UI_i/vio_0/inst/PROBE_OUT_ALL_INST/G_PROBE_OUT[0].PROBE_OUT0_INST/Probe_out_reg[0]/C
                            (rising edge-triggered cell FDRE clocked by clk_pl_0  {rise@0.000ns fall@2.625ns period=5.250ns})
  Destination:            RV32UI_i/Core_RV32I/RV32I_IF/pc_unit_0/inst/pc_reg[9]/CLR
                            (recovery check against rising-edge clock clk_pl_0  {rise@0.000ns fall@2.625ns period=5.250ns})
  Path Group:             **async_default**
  Path Type:              Recovery (Max at Slow Process Corner)
  Requirement:            5.250ns  (clk_pl_0 rise@5.250ns - clk_pl_0 rise@0.000ns)
  Data Path Delay:        1.845ns  (logic 0.203ns (11.003%)  route 1.642ns (88.997%))
  Logic Levels:           1  (LUT2=1)
  Clock Path Skew:        -0.122ns (DCD - SCD + CPR)
    Destination Clock Delay (DCD):    2.107ns = ( 7.357 - 5.250 ) 
    Source Clock Delay      (SCD):    2.361ns
    Clock Pessimism Removal (CPR):    0.132ns
  Clock Uncertainty:      0.119ns  ((TSJ^2 + DJ^2)^1/2) / 2 + PE
    Total System Jitter     (TSJ):    0.071ns
    Discrete Jitter          (DJ):    0.228ns
    Phase Error              (PE):    0.000ns
  Clock Net Delay (Source):      2.162ns (routing 0.998ns, distribution 1.164ns)
  Clock Net Delay (Destination): 1.947ns (routing 0.905ns, distribution 1.042ns)

    Location             Delay type                Incr(ns)  Path(ns)    Netlist Resource(s)
  -------------------------------------------------------------------    -------------------
                         (clock clk_pl_0 rise edge)
                                                      0.000     0.000 r  
    PS8_X0Y0             PS8                          0.000     0.000 r  RV32UI_i/zynq_ultra_ps_e_0/inst/PS8_i/PLCLK[0]
                         net (fo=1, routed)           0.171     0.171    RV32UI_i/zynq_ultra_ps_e_0/inst/pl_clk_unbuffered[0]
    BUFG_PS_X0Y77        BUFG_PS (Prop_BUFG_PS_I_O)
                                                      0.028     0.199 r  RV32UI_i/zynq_ultra_ps_e_0/inst/buffer_pl_clk_0.PL_CLK_0_BUFG/O
    X1Y2 (CLOCK_ROOT)    net (fo=3564, routed)        2.162     2.361    RV32UI_i/vio_0/inst/PROBE_OUT_ALL_INST/G_PROBE_OUT[0].PROBE_OUT0_INST/clk
    SLICE_X55Y125        FDRE                                         r  RV32UI_i/vio_0/inst/PROBE_OUT_ALL_INST/G_PROBE_OUT[0].PROBE_OUT0_INST/Probe_out_reg[0]/C
  -------------------------------------------------------------------    -------------------
    SLICE_X55Y125        FDRE (Prop_DFF2_SLICEL_C_Q)
                                                      0.081     2.442 f  RV32UI_i/vio_0/inst/PROBE_OUT_ALL_INST/G_PROBE_OUT[0].PROBE_OUT0_INST/Probe_out_reg[0]/Q
                         net (fo=1, routed)           0.565     3.007    RV32UI_i/util_vector_logic_2/Op2[0]
    SLICE_X53Y174        LUT2 (Prop_D6LUT_SLICEM_I1_O)
                                                      0.122     3.129 f  RV32UI_i/util_vector_logic_2/Res[0]_INST_0/O
                         net (fo=986, routed)         1.077     4.206    RV32UI_i/Core_RV32I/RV32I_IF/pc_unit_0/inst/rst
    SLICE_X53Y237        FDCE                                         f  RV32UI_i/Core_RV32I/RV32I_IF/pc_unit_0/inst/pc_reg[9]/CLR
  -------------------------------------------------------------------    -------------------

                         (clock clk_pl_0 rise edge)
                                                      5.250     5.250 r  
    PS8_X0Y0             PS8                          0.000     5.250 r  RV32UI_i/zynq_ultra_ps_e_0/inst/PS8_i/PLCLK[0]
                         net (fo=1, routed)           0.135     5.385    RV32UI_i/zynq_ultra_ps_e_0/inst/pl_clk_unbuffered[0]
    BUFG_PS_X0Y77        BUFG_PS (Prop_BUFG_PS_I_O)
                                                      0.025     5.410 r  RV32UI_i/zynq_ultra_ps_e_0/inst/buffer_pl_clk_0.PL_CLK_0_BUFG/O
    X1Y2 (CLOCK_ROOT)    net (fo=3564, routed)        1.947     7.357    RV32UI_i/Core_RV32I/RV32I_IF/pc_unit_0/inst/clk
    SLICE_X53Y237        FDCE                                         r  RV32UI_i/Core_RV32I/RV32I_IF/pc_unit_0/inst/pc_reg[9]/C
                         clock pessimism              0.132     7.489    
                         clock uncertainty           -0.119     7.370    
    SLICE_X53Y237        FDCE (Recov_DFF_SLICEM_C_CLR)
                                                     -0.066     7.304    RV32UI_i/Core_RV32I/RV32I_IF/pc_unit_0/inst/pc_reg[9]
  -------------------------------------------------------------------
                         required time                          7.304    
                         arrival time                          -4.206    
  -------------------------------------------------------------------
                         slack                                  3.098    

Slack (MET) :             3.099ns  (required time - arrival time)
  Source:                 RV32UI_i/vio_0/inst/PROBE_OUT_ALL_INST/G_PROBE_OUT[0].PROBE_OUT0_INST/Probe_out_reg[0]/C
                            (rising edge-triggered cell FDRE clocked by clk_pl_0  {rise@0.000ns fall@2.625ns period=5.250ns})
  Destination:            RV32UI_i/Core_RV32I/RV32I_IF/pc_unit_0/inst/pc_reg[14]/CLR
                            (recovery check against rising-edge clock clk_pl_0  {rise@0.000ns fall@2.625ns period=5.250ns})
  Path Group:             **async_default**
  Path Type:              Recovery (Max at Slow Process Corner)
  Requirement:            5.250ns  (clk_pl_0 rise@5.250ns - clk_pl_0 rise@0.000ns)
  Data Path Delay:        1.843ns  (logic 0.203ns (11.015%)  route 1.640ns (88.985%))
  Logic Levels:           1  (LUT2=1)
  Clock Path Skew:        -0.123ns (DCD - SCD + CPR)
    Destination Clock Delay (DCD):    2.106ns = ( 7.356 - 5.250 ) 
    Source Clock Delay      (SCD):    2.361ns
    Clock Pessimism Removal (CPR):    0.132ns
  Clock Uncertainty:      0.119ns  ((TSJ^2 + DJ^2)^1/2) / 2 + PE
    Total System Jitter     (TSJ):    0.071ns
    Discrete Jitter          (DJ):    0.228ns
    Phase Error              (PE):    0.000ns
  Clock Net Delay (Source):      2.162ns (routing 0.998ns, distribution 1.164ns)
  Clock Net Delay (Destination): 1.946ns (routing 0.905ns, distribution 1.041ns)

    Location             Delay type                Incr(ns)  Path(ns)    Netlist Resource(s)
  -------------------------------------------------------------------    -------------------
                         (clock clk_pl_0 rise edge)
                                                      0.000     0.000 r  
    PS8_X0Y0             PS8                          0.000     0.000 r  RV32UI_i/zynq_ultra_ps_e_0/inst/PS8_i/PLCLK[0]
                         net (fo=1, routed)           0.171     0.171    RV32UI_i/zynq_ultra_ps_e_0/inst/pl_clk_unbuffered[0]
    BUFG_PS_X0Y77        BUFG_PS (Prop_BUFG_PS_I_O)
                                                      0.028     0.199 r  RV32UI_i/zynq_ultra_ps_e_0/inst/buffer_pl_clk_0.PL_CLK_0_BUFG/O
    X1Y2 (CLOCK_ROOT)    net (fo=3564, routed)        2.162     2.361    RV32UI_i/vio_0/inst/PROBE_OUT_ALL_INST/G_PROBE_OUT[0].PROBE_OUT0_INST/clk
    SLICE_X55Y125        FDRE                                         r  RV32UI_i/vio_0/inst/PROBE_OUT_ALL_INST/G_PROBE_OUT[0].PROBE_OUT0_INST/Probe_out_reg[0]/C
  -------------------------------------------------------------------    -------------------
    SLICE_X55Y125        FDRE (Prop_DFF2_SLICEL_C_Q)
                                                      0.081     2.442 f  RV32UI_i/vio_0/inst/PROBE_OUT_ALL_INST/G_PROBE_OUT[0].PROBE_OUT0_INST/Probe_out_reg[0]/Q
                         net (fo=1, routed)           0.565     3.007    RV32UI_i/util_vector_logic_2/Op2[0]
    SLICE_X53Y174        LUT2 (Prop_D6LUT_SLICEM_I1_O)
                                                      0.122     3.129 f  RV32UI_i/util_vector_logic_2/Res[0]_INST_0/O
                         net (fo=986, routed)         1.075     4.204    RV32UI_i/Core_RV32I/RV32I_IF/pc_unit_0/inst/rst
    SLICE_X53Y231        FDCE                                         f  RV32UI_i/Core_RV32I/RV32I_IF/pc_unit_0/inst/pc_reg[14]/CLR
  -------------------------------------------------------------------    -------------------

                         (clock clk_pl_0 rise edge)
                                                      5.250     5.250 r  
    PS8_X0Y0             PS8                          0.000     5.250 r  RV32UI_i/zynq_ultra_ps_e_0/inst/PS8_i/PLCLK[0]
                         net (fo=1, routed)           0.135     5.385    RV32UI_i/zynq_ultra_ps_e_0/inst/pl_clk_unbuffered[0]
    BUFG_PS_X0Y77        BUFG_PS (Prop_BUFG_PS_I_O)
                                                      0.025     5.410 r  RV32UI_i/zynq_ultra_ps_e_0/inst/buffer_pl_clk_0.PL_CLK_0_BUFG/O
    X1Y2 (CLOCK_ROOT)    net (fo=3564, routed)        1.946     7.356    RV32UI_i/Core_RV32I/RV32I_IF/pc_unit_0/inst/clk
    SLICE_X53Y231        FDCE                                         r  RV32UI_i/Core_RV32I/RV32I_IF/pc_unit_0/inst/pc_reg[14]/C
                         clock pessimism              0.132     7.488    
                         clock uncertainty           -0.119     7.369    
    SLICE_X53Y231        FDCE (Recov_DFF_SLICEM_C_CLR)
                                                     -0.066     7.303    RV32UI_i/Core_RV32I/RV32I_IF/pc_unit_0/inst/pc_reg[14]
  -------------------------------------------------------------------
                         required time                          7.303    
                         arrival time                          -4.204    
  -------------------------------------------------------------------
                         slack                                  3.099    

Slack (MET) :             3.099ns  (required time - arrival time)
  Source:                 RV32UI_i/vio_0/inst/PROBE_OUT_ALL_INST/G_PROBE_OUT[0].PROBE_OUT0_INST/Probe_out_reg[0]/C
                            (rising edge-triggered cell FDRE clocked by clk_pl_0  {rise@0.000ns fall@2.625ns period=5.250ns})
  Destination:            RV32UI_i/Core_RV32I/RV32I_IF/pc_unit_0/inst/pc_reg[25]/CLR
                            (recovery check against rising-edge clock clk_pl_0  {rise@0.000ns fall@2.625ns period=5.250ns})
  Path Group:             **async_default**
  Path Type:              Recovery (Max at Slow Process Corner)
  Requirement:            5.250ns  (clk_pl_0 rise@5.250ns - clk_pl_0 rise@0.000ns)
  Data Path Delay:        1.843ns  (logic 0.203ns (11.015%)  route 1.640ns (88.985%))
  Logic Levels:           1  (LUT2=1)
  Clock Path Skew:        -0.123ns (DCD - SCD + CPR)
    Destination Clock Delay (DCD):    2.106ns = ( 7.356 - 5.250 ) 
    Source Clock Delay      (SCD):    2.361ns
    Clock Pessimism Removal (CPR):    0.132ns
  Clock Uncertainty:      0.119ns  ((TSJ^2 + DJ^2)^1/2) / 2 + PE
    Total System Jitter     (TSJ):    0.071ns
    Discrete Jitter          (DJ):    0.228ns
    Phase Error              (PE):    0.000ns
  Clock Net Delay (Source):      2.162ns (routing 0.998ns, distribution 1.164ns)
  Clock Net Delay (Destination): 1.946ns (routing 0.905ns, distribution 1.041ns)

    Location             Delay type                Incr(ns)  Path(ns)    Netlist Resource(s)
  -------------------------------------------------------------------    -------------------
                         (clock clk_pl_0 rise edge)
                                                      0.000     0.000 r  
    PS8_X0Y0             PS8                          0.000     0.000 r  RV32UI_i/zynq_ultra_ps_e_0/inst/PS8_i/PLCLK[0]
                         net (fo=1, routed)           0.171     0.171    RV32UI_i/zynq_ultra_ps_e_0/inst/pl_clk_unbuffered[0]
    BUFG_PS_X0Y77        BUFG_PS (Prop_BUFG_PS_I_O)
                                                      0.028     0.199 r  RV32UI_i/zynq_ultra_ps_e_0/inst/buffer_pl_clk_0.PL_CLK_0_BUFG/O
    X1Y2 (CLOCK_ROOT)    net (fo=3564, routed)        2.162     2.361    RV32UI_i/vio_0/inst/PROBE_OUT_ALL_INST/G_PROBE_OUT[0].PROBE_OUT0_INST/clk
    SLICE_X55Y125        FDRE                                         r  RV32UI_i/vio_0/inst/PROBE_OUT_ALL_INST/G_PROBE_OUT[0].PROBE_OUT0_INST/Probe_out_reg[0]/C
  -------------------------------------------------------------------    -------------------
    SLICE_X55Y125        FDRE (Prop_DFF2_SLICEL_C_Q)
                                                      0.081     2.442 f  RV32UI_i/vio_0/inst/PROBE_OUT_ALL_INST/G_PROBE_OUT[0].PROBE_OUT0_INST/Probe_out_reg[0]/Q
                         net (fo=1, routed)           0.565     3.007    RV32UI_i/util_vector_logic_2/Op2[0]
    SLICE_X53Y174        LUT2 (Prop_D6LUT_SLICEM_I1_O)
                                                      0.122     3.129 f  RV32UI_i/util_vector_logic_2/Res[0]_INST_0/O
                         net (fo=986, routed)         1.075     4.204    RV32UI_i/Core_RV32I/RV32I_IF/pc_unit_0/inst/rst
    SLICE_X53Y231        FDCE                                         f  RV32UI_i/Core_RV32I/RV32I_IF/pc_unit_0/inst/pc_reg[25]/CLR
  -------------------------------------------------------------------    -------------------

                         (clock clk_pl_0 rise edge)
                                                      5.250     5.250 r  
    PS8_X0Y0             PS8                          0.000     5.250 r  RV32UI_i/zynq_ultra_ps_e_0/inst/PS8_i/PLCLK[0]
                         net (fo=1, routed)           0.135     5.385    RV32UI_i/zynq_ultra_ps_e_0/inst/pl_clk_unbuffered[0]
    BUFG_PS_X0Y77        BUFG_PS (Prop_BUFG_PS_I_O)
                                                      0.025     5.410 r  RV32UI_i/zynq_ultra_ps_e_0/inst/buffer_pl_clk_0.PL_CLK_0_BUFG/O
    X1Y2 (CLOCK_ROOT)    net (fo=3564, routed)        1.946     7.356    RV32UI_i/Core_RV32I/RV32I_IF/pc_unit_0/inst/clk
    SLICE_X53Y231        FDCE                                         r  RV32UI_i/Core_RV32I/RV32I_IF/pc_unit_0/inst/pc_reg[25]/C
                         clock pessimism              0.132     7.488    
                         clock uncertainty           -0.119     7.369    
    SLICE_X53Y231        FDCE (Recov_CFF_SLICEM_C_CLR)
                                                     -0.066     7.303    RV32UI_i/Core_RV32I/RV32I_IF/pc_unit_0/inst/pc_reg[25]
  -------------------------------------------------------------------
                         required time                          7.303    
                         arrival time                          -4.204    
  -------------------------------------------------------------------
                         slack                                  3.099    

Slack (MET) :             3.099ns  (required time - arrival time)
  Source:                 RV32UI_i/vio_0/inst/PROBE_OUT_ALL_INST/G_PROBE_OUT[0].PROBE_OUT0_INST/Probe_out_reg[0]/C
                            (rising edge-triggered cell FDRE clocked by clk_pl_0  {rise@0.000ns fall@2.625ns period=5.250ns})
  Destination:            RV32UI_i/Core_RV32I/RV32I_IF/pc_unit_0/inst/pc_reg[7]/CLR
                            (recovery check against rising-edge clock clk_pl_0  {rise@0.000ns fall@2.625ns period=5.250ns})
  Path Group:             **async_default**
  Path Type:              Recovery (Max at Slow Process Corner)
  Requirement:            5.250ns  (clk_pl_0 rise@5.250ns - clk_pl_0 rise@0.000ns)
  Data Path Delay:        1.843ns  (logic 0.203ns (11.015%)  route 1.640ns (88.985%))
  Logic Levels:           1  (LUT2=1)
  Clock Path Skew:        -0.123ns (DCD - SCD + CPR)
    Destination Clock Delay (DCD):    2.106ns = ( 7.356 - 5.250 ) 
    Source Clock Delay      (SCD):    2.361ns
    Clock Pessimism Removal (CPR):    0.132ns
  Clock Uncertainty:      0.119ns  ((TSJ^2 + DJ^2)^1/2) / 2 + PE
    Total System Jitter     (TSJ):    0.071ns
    Discrete Jitter          (DJ):    0.228ns
    Phase Error              (PE):    0.000ns
  Clock Net Delay (Source):      2.162ns (routing 0.998ns, distribution 1.164ns)
  Clock Net Delay (Destination): 1.946ns (routing 0.905ns, distribution 1.041ns)

    Location             Delay type                Incr(ns)  Path(ns)    Netlist Resource(s)
  -------------------------------------------------------------------    -------------------
                         (clock clk_pl_0 rise edge)
                                                      0.000     0.000 r  
    PS8_X0Y0             PS8                          0.000     0.000 r  RV32UI_i/zynq_ultra_ps_e_0/inst/PS8_i/PLCLK[0]
                         net (fo=1, routed)           0.171     0.171    RV32UI_i/zynq_ultra_ps_e_0/inst/pl_clk_unbuffered[0]
    BUFG_PS_X0Y77        BUFG_PS (Prop_BUFG_PS_I_O)
                                                      0.028     0.199 r  RV32UI_i/zynq_ultra_ps_e_0/inst/buffer_pl_clk_0.PL_CLK_0_BUFG/O
    X1Y2 (CLOCK_ROOT)    net (fo=3564, routed)        2.162     2.361    RV32UI_i/vio_0/inst/PROBE_OUT_ALL_INST/G_PROBE_OUT[0].PROBE_OUT0_INST/clk
    SLICE_X55Y125        FDRE                                         r  RV32UI_i/vio_0/inst/PROBE_OUT_ALL_INST/G_PROBE_OUT[0].PROBE_OUT0_INST/Probe_out_reg[0]/C
  -------------------------------------------------------------------    -------------------
    SLICE_X55Y125        FDRE (Prop_DFF2_SLICEL_C_Q)
                                                      0.081     2.442 f  RV32UI_i/vio_0/inst/PROBE_OUT_ALL_INST/G_PROBE_OUT[0].PROBE_OUT0_INST/Probe_out_reg[0]/Q
                         net (fo=1, routed)           0.565     3.007    RV32UI_i/util_vector_logic_2/Op2[0]
    SLICE_X53Y174        LUT2 (Prop_D6LUT_SLICEM_I1_O)
                                                      0.122     3.129 f  RV32UI_i/util_vector_logic_2/Res[0]_INST_0/O
                         net (fo=986, routed)         1.075     4.204    RV32UI_i/Core_RV32I/RV32I_IF/pc_unit_0/inst/rst
    SLICE_X53Y232        FDCE                                         f  RV32UI_i/Core_RV32I/RV32I_IF/pc_unit_0/inst/pc_reg[7]/CLR
  -------------------------------------------------------------------    -------------------

                         (clock clk_pl_0 rise edge)
                                                      5.250     5.250 r  
    PS8_X0Y0             PS8                          0.000     5.250 r  RV32UI_i/zynq_ultra_ps_e_0/inst/PS8_i/PLCLK[0]
                         net (fo=1, routed)           0.135     5.385    RV32UI_i/zynq_ultra_ps_e_0/inst/pl_clk_unbuffered[0]
    BUFG_PS_X0Y77        BUFG_PS (Prop_BUFG_PS_I_O)
                                                      0.025     5.410 r  RV32UI_i/zynq_ultra_ps_e_0/inst/buffer_pl_clk_0.PL_CLK_0_BUFG/O
    X1Y2 (CLOCK_ROOT)    net (fo=3564, routed)        1.946     7.356    RV32UI_i/Core_RV32I/RV32I_IF/pc_unit_0/inst/clk
    SLICE_X53Y232        FDCE                                         r  RV32UI_i/Core_RV32I/RV32I_IF/pc_unit_0/inst/pc_reg[7]/C
                         clock pessimism              0.132     7.488    
                         clock uncertainty           -0.119     7.369    
    SLICE_X53Y232        FDCE (Recov_DFF_SLICEM_C_CLR)
                                                     -0.066     7.303    RV32UI_i/Core_RV32I/RV32I_IF/pc_unit_0/inst/pc_reg[7]
  -------------------------------------------------------------------
                         required time                          7.303    
                         arrival time                          -4.204    
  -------------------------------------------------------------------
                         slack                                  3.099    

Slack (MET) :             3.099ns  (required time - arrival time)
  Source:                 RV32UI_i/vio_0/inst/PROBE_OUT_ALL_INST/G_PROBE_OUT[0].PROBE_OUT0_INST/Probe_out_reg[0]/C
                            (rising edge-triggered cell FDRE clocked by clk_pl_0  {rise@0.000ns fall@2.625ns period=5.250ns})
  Destination:            RV32UI_i/Core_RV32I/RV32I_IF/pc_unit_0/inst/pc_reg[10]/CLR
                            (recovery check against rising-edge clock clk_pl_0  {rise@0.000ns fall@2.625ns period=5.250ns})
  Path Group:             **async_default**
  Path Type:              Recovery (Max at Slow Process Corner)
  Requirement:            5.250ns  (clk_pl_0 rise@5.250ns - clk_pl_0 rise@0.000ns)
  Data Path Delay:        1.844ns  (logic 0.203ns (11.009%)  route 1.641ns (88.991%))
  Logic Levels:           1  (LUT2=1)
  Clock Path Skew:        -0.122ns (DCD - SCD + CPR)
    Destination Clock Delay (DCD):    2.107ns = ( 7.357 - 5.250 ) 
    Source Clock Delay      (SCD):    2.361ns
    Clock Pessimism Removal (CPR):    0.132ns
  Clock Uncertainty:      0.119ns  ((TSJ^2 + DJ^2)^1/2) / 2 + PE
    Total System Jitter     (TSJ):    0.071ns
    Discrete Jitter          (DJ):    0.228ns
    Phase Error              (PE):    0.000ns
  Clock Net Delay (Source):      2.162ns (routing 0.998ns, distribution 1.164ns)
  Clock Net Delay (Destination): 1.947ns (routing 0.905ns, distribution 1.042ns)

    Location             Delay type                Incr(ns)  Path(ns)    Netlist Resource(s)
  -------------------------------------------------------------------    -------------------
                         (clock clk_pl_0 rise edge)
                                                      0.000     0.000 r  
    PS8_X0Y0             PS8                          0.000     0.000 r  RV32UI_i/zynq_ultra_ps_e_0/inst/PS8_i/PLCLK[0]
                         net (fo=1, routed)           0.171     0.171    RV32UI_i/zynq_ultra_ps_e_0/inst/pl_clk_unbuffered[0]
    BUFG_PS_X0Y77        BUFG_PS (Prop_BUFG_PS_I_O)
                                                      0.028     0.199 r  RV32UI_i/zynq_ultra_ps_e_0/inst/buffer_pl_clk_0.PL_CLK_0_BUFG/O
    X1Y2 (CLOCK_ROOT)    net (fo=3564, routed)        2.162     2.361    RV32UI_i/vio_0/inst/PROBE_OUT_ALL_INST/G_PROBE_OUT[0].PROBE_OUT0_INST/clk
    SLICE_X55Y125        FDRE                                         r  RV32UI_i/vio_0/inst/PROBE_OUT_ALL_INST/G_PROBE_OUT[0].PROBE_OUT0_INST/Probe_out_reg[0]/C
  -------------------------------------------------------------------    -------------------
    SLICE_X55Y125        FDRE (Prop_DFF2_SLICEL_C_Q)
                                                      0.081     2.442 f  RV32UI_i/vio_0/inst/PROBE_OUT_ALL_INST/G_PROBE_OUT[0].PROBE_OUT0_INST/Probe_out_reg[0]/Q
                         net (fo=1, routed)           0.565     3.007    RV32UI_i/util_vector_logic_2/Op2[0]
    SLICE_X53Y174        LUT2 (Prop_D6LUT_SLICEM_I1_O)
                                                      0.122     3.129 f  RV32UI_i/util_vector_logic_2/Res[0]_INST_0/O
                         net (fo=986, routed)         1.076     4.205    RV32UI_i/Core_RV32I/RV32I_IF/pc_unit_0/inst/rst
    SLICE_X53Y234        FDCE                                         f  RV32UI_i/Core_RV32I/RV32I_IF/pc_unit_0/inst/pc_reg[10]/CLR
  -------------------------------------------------------------------    -------------------

                         (clock clk_pl_0 rise edge)
                                                      5.250     5.250 r  
    PS8_X0Y0             PS8                          0.000     5.250 r  RV32UI_i/zynq_ultra_ps_e_0/inst/PS8_i/PLCLK[0]
                         net (fo=1, routed)           0.135     5.385    RV32UI_i/zynq_ultra_ps_e_0/inst/pl_clk_unbuffered[0]
    BUFG_PS_X0Y77        BUFG_PS (Prop_BUFG_PS_I_O)
                                                      0.025     5.410 r  RV32UI_i/zynq_ultra_ps_e_0/inst/buffer_pl_clk_0.PL_CLK_0_BUFG/O
    X1Y2 (CLOCK_ROOT)    net (fo=3564, routed)        1.947     7.357    RV32UI_i/Core_RV32I/RV32I_IF/pc_unit_0/inst/clk
    SLICE_X53Y234        FDCE                                         r  RV32UI_i/Core_RV32I/RV32I_IF/pc_unit_0/inst/pc_reg[10]/C
                         clock pessimism              0.132     7.489    
                         clock uncertainty           -0.119     7.370    
    SLICE_X53Y234        FDCE (Recov_DFF_SLICEM_C_CLR)
                                                     -0.066     7.304    RV32UI_i/Core_RV32I/RV32I_IF/pc_unit_0/inst/pc_reg[10]
  -------------------------------------------------------------------
                         required time                          7.304    
                         arrival time                          -4.205    
  -------------------------------------------------------------------
                         slack                                  3.099    





Min Delay Paths
--------------------------------------------------------------------------------------
Slack (MET) :             0.099ns  (arrival time - required time)
  Source:                 dbg_hub/inst/BSCANID.u_xsdbm_id/CORE_XSDB.UUT_MASTER/U_ICON_INTERFACE/U_CMD6_RD/U_RD_FIFO/SUBCORE_FIFO.xsdbm_v3_0_0_rdfifo_inst/inst_fifo_gen/gconvfifo.rf/grf.rf/rstblk/ngwrdrst.grst.g7serrst.wr_rst_reg_reg[1]/C
                            (rising edge-triggered cell FDPE clocked by clk_pl_0  {rise@0.000ns fall@2.625ns period=5.250ns})
  Destination:            dbg_hub/inst/BSCANID.u_xsdbm_id/CORE_XSDB.UUT_MASTER/U_ICON_INTERFACE/U_CMD6_RD/U_RD_FIFO/SUBCORE_FIFO.xsdbm_v3_0_0_rdfifo_inst/inst_fifo_gen/gconvfifo.rf/grf.rf/gntv_or_sync_fifo.gl0.wr/wpntr/gic0.gc0.count_d1_reg[0]/PRE
                            (removal check against rising-edge clock clk_pl_0  {rise@0.000ns fall@2.625ns period=5.250ns})
  Path Group:             **async_default**
  Path Type:              Removal (Min at Fast Process Corner)
  Requirement:            0.000ns  (clk_pl_0 rise@0.000ns - clk_pl_0 rise@0.000ns)
  Data Path Delay:        0.138ns  (logic 0.039ns (28.261%)  route 0.099ns (71.739%))
  Logic Levels:           0  
  Clock Path Skew:        0.059ns (DCD - SCD - CPR)
    Destination Clock Delay (DCD):    1.460ns
    Source Clock Delay      (SCD):    1.279ns
    Clock Pessimism Removal (CPR):    0.122ns
  Clock Net Delay (Source):      1.168ns (routing 0.539ns, distribution 0.629ns)
  Clock Net Delay (Destination): 1.322ns (routing 0.601ns, distribution 0.721ns)

    Location             Delay type                Incr(ns)  Path(ns)    Netlist Resource(s)
  -------------------------------------------------------------------    -------------------
                         (clock clk_pl_0 rise edge)
                                                      0.000     0.000 r  
    PS8_X0Y0             PS8                          0.000     0.000 r  RV32UI_i/zynq_ultra_ps_e_0/inst/PS8_i/PLCLK[0]
                         net (fo=1, routed)           0.094     0.094    RV32UI_i/zynq_ultra_ps_e_0/inst/pl_clk_unbuffered[0]
    BUFG_PS_X0Y77        BUFG_PS (Prop_BUFG_PS_I_O)
                                                      0.017     0.111 r  RV32UI_i/zynq_ultra_ps_e_0/inst/buffer_pl_clk_0.PL_CLK_0_BUFG/O
    X1Y2 (CLOCK_ROOT)    net (fo=3564, routed)        1.168     1.279    dbg_hub/inst/BSCANID.u_xsdbm_id/CORE_XSDB.UUT_MASTER/U_ICON_INTERFACE/U_CMD6_RD/U_RD_FIFO/SUBCORE_FIFO.xsdbm_v3_0_0_rdfifo_inst/inst_fifo_gen/gconvfifo.rf/grf.rf/rstblk/wr_clk
    SLICE_X58Y136        FDPE                                         r  dbg_hub/inst/BSCANID.u_xsdbm_id/CORE_XSDB.UUT_MASTER/U_ICON_INTERFACE/U_CMD6_RD/U_RD_FIFO/SUBCORE_FIFO.xsdbm_v3_0_0_rdfifo_inst/inst_fifo_gen/gconvfifo.rf/grf.rf/rstblk/ngwrdrst.grst.g7serrst.wr_rst_reg_reg[1]/C
  -------------------------------------------------------------------    -------------------
    SLICE_X58Y136        FDPE (Prop_EFF2_SLICEM_C_Q)
                                                      0.039     1.318 f  dbg_hub/inst/BSCANID.u_xsdbm_id/CORE_XSDB.UUT_MASTER/U_ICON_INTERFACE/U_CMD6_RD/U_RD_FIFO/SUBCORE_FIFO.xsdbm_v3_0_0_rdfifo_inst/inst_fifo_gen/gconvfifo.rf/grf.rf/rstblk/ngwrdrst.grst.g7serrst.wr_rst_reg_reg[1]/Q
                         net (fo=12, routed)          0.099     1.417    dbg_hub/inst/BSCANID.u_xsdbm_id/CORE_XSDB.UUT_MASTER/U_ICON_INTERFACE/U_CMD6_RD/U_RD_FIFO/SUBCORE_FIFO.xsdbm_v3_0_0_rdfifo_inst/inst_fifo_gen/gconvfifo.rf/grf.rf/gntv_or_sync_fifo.gl0.wr/wpntr/gic0.gc0.count_reg[0]_0[0]
    SLICE_X57Y136        FDPE                                         f  dbg_hub/inst/BSCANID.u_xsdbm_id/CORE_XSDB.UUT_MASTER/U_ICON_INTERFACE/U_CMD6_RD/U_RD_FIFO/SUBCORE_FIFO.xsdbm_v3_0_0_rdfifo_inst/inst_fifo_gen/gconvfifo.rf/grf.rf/gntv_or_sync_fifo.gl0.wr/wpntr/gic0.gc0.count_d1_reg[0]/PRE
  -------------------------------------------------------------------    -------------------

                         (clock clk_pl_0 rise edge)
                                                      0.000     0.000 r  
    PS8_X0Y0             PS8                          0.000     0.000 r  RV32UI_i/zynq_ultra_ps_e_0/inst/PS8_i/PLCLK[0]
                         net (fo=1, routed)           0.120     0.120    RV32UI_i/zynq_ultra_ps_e_0/inst/pl_clk_unbuffered[0]
    BUFG_PS_X0Y77        BUFG_PS (Prop_BUFG_PS_I_O)
                                                      0.018     0.138 r  RV32UI_i/zynq_ultra_ps_e_0/inst/buffer_pl_clk_0.PL_CLK_0_BUFG/O
    X1Y2 (CLOCK_ROOT)    net (fo=3564, routed)        1.322     1.460    dbg_hub/inst/BSCANID.u_xsdbm_id/CORE_XSDB.UUT_MASTER/U_ICON_INTERFACE/U_CMD6_RD/U_RD_FIFO/SUBCORE_FIFO.xsdbm_v3_0_0_rdfifo_inst/inst_fifo_gen/gconvfifo.rf/grf.rf/gntv_or_sync_fifo.gl0.wr/wpntr/wr_clk
    SLICE_X57Y136        FDPE                                         r  dbg_hub/inst/BSCANID.u_xsdbm_id/CORE_XSDB.UUT_MASTER/U_ICON_INTERFACE/U_CMD6_RD/U_RD_FIFO/SUBCORE_FIFO.xsdbm_v3_0_0_rdfifo_inst/inst_fifo_gen/gconvfifo.rf/grf.rf/gntv_or_sync_fifo.gl0.wr/wpntr/gic0.gc0.count_d1_reg[0]/C
                         clock pessimism             -0.122     1.338    
    SLICE_X57Y136        FDPE (Remov_EFF_SLICEL_C_PRE)
                                                     -0.020     1.318    dbg_hub/inst/BSCANID.u_xsdbm_id/CORE_XSDB.UUT_MASTER/U_ICON_INTERFACE/U_CMD6_RD/U_RD_FIFO/SUBCORE_FIFO.xsdbm_v3_0_0_rdfifo_inst/inst_fifo_gen/gconvfifo.rf/grf.rf/gntv_or_sync_fifo.gl0.wr/wpntr/gic0.gc0.count_d1_reg[0]
  -------------------------------------------------------------------
                         required time                         -1.318    
                         arrival time                           1.417    
  -------------------------------------------------------------------
                         slack                                  0.099    

Slack (MET) :             0.099ns  (arrival time - required time)
  Source:                 dbg_hub/inst/BSCANID.u_xsdbm_id/CORE_XSDB.UUT_MASTER/U_ICON_INTERFACE/U_CMD6_RD/U_RD_FIFO/SUBCORE_FIFO.xsdbm_v3_0_0_rdfifo_inst/inst_fifo_gen/gconvfifo.rf/grf.rf/rstblk/ngwrdrst.grst.g7serrst.wr_rst_reg_reg[1]/C
                            (rising edge-triggered cell FDPE clocked by clk_pl_0  {rise@0.000ns fall@2.625ns period=5.250ns})
  Destination:            dbg_hub/inst/BSCANID.u_xsdbm_id/CORE_XSDB.UUT_MASTER/U_ICON_INTERFACE/U_CMD6_RD/U_RD_FIFO/SUBCORE_FIFO.xsdbm_v3_0_0_rdfifo_inst/inst_fifo_gen/gconvfifo.rf/grf.rf/gntv_or_sync_fifo.gl0.wr/wpntr/gic0.gc0.count_d1_reg[1]/CLR
                            (removal check against rising-edge clock clk_pl_0  {rise@0.000ns fall@2.625ns period=5.250ns})
  Path Group:             **async_default**
  Path Type:              Removal (Min at Fast Process Corner)
  Requirement:            0.000ns  (clk_pl_0 rise@0.000ns - clk_pl_0 rise@0.000ns)
  Data Path Delay:        0.138ns  (logic 0.039ns (28.261%)  route 0.099ns (71.739%))
  Logic Levels:           0  
  Clock Path Skew:        0.059ns (DCD - SCD - CPR)
    Destination Clock Delay (DCD):    1.460ns
    Source Clock Delay      (SCD):    1.279ns
    Clock Pessimism Removal (CPR):    0.122ns
  Clock Net Delay (Source):      1.168ns (routing 0.539ns, distribution 0.629ns)
  Clock Net Delay (Destination): 1.322ns (routing 0.601ns, distribution 0.721ns)

    Location             Delay type                Incr(ns)  Path(ns)    Netlist Resource(s)
  -------------------------------------------------------------------    -------------------
                         (clock clk_pl_0 rise edge)
                                                      0.000     0.000 r  
    PS8_X0Y0             PS8                          0.000     0.000 r  RV32UI_i/zynq_ultra_ps_e_0/inst/PS8_i/PLCLK[0]
                         net (fo=1, routed)           0.094     0.094    RV32UI_i/zynq_ultra_ps_e_0/inst/pl_clk_unbuffered[0]
    BUFG_PS_X0Y77        BUFG_PS (Prop_BUFG_PS_I_O)
                                                      0.017     0.111 r  RV32UI_i/zynq_ultra_ps_e_0/inst/buffer_pl_clk_0.PL_CLK_0_BUFG/O
    X1Y2 (CLOCK_ROOT)    net (fo=3564, routed)        1.168     1.279    dbg_hub/inst/BSCANID.u_xsdbm_id/CORE_XSDB.UUT_MASTER/U_ICON_INTERFACE/U_CMD6_RD/U_RD_FIFO/SUBCORE_FIFO.xsdbm_v3_0_0_rdfifo_inst/inst_fifo_gen/gconvfifo.rf/grf.rf/rstblk/wr_clk
    SLICE_X58Y136        FDPE                                         r  dbg_hub/inst/BSCANID.u_xsdbm_id/CORE_XSDB.UUT_MASTER/U_ICON_INTERFACE/U_CMD6_RD/U_RD_FIFO/SUBCORE_FIFO.xsdbm_v3_0_0_rdfifo_inst/inst_fifo_gen/gconvfifo.rf/grf.rf/rstblk/ngwrdrst.grst.g7serrst.wr_rst_reg_reg[1]/C
  -------------------------------------------------------------------    -------------------
    SLICE_X58Y136        FDPE (Prop_EFF2_SLICEM_C_Q)
                                                      0.039     1.318 f  dbg_hub/inst/BSCANID.u_xsdbm_id/CORE_XSDB.UUT_MASTER/U_ICON_INTERFACE/U_CMD6_RD/U_RD_FIFO/SUBCORE_FIFO.xsdbm_v3_0_0_rdfifo_inst/inst_fifo_gen/gconvfifo.rf/grf.rf/rstblk/ngwrdrst.grst.g7serrst.wr_rst_reg_reg[1]/Q
                         net (fo=12, routed)          0.099     1.417    dbg_hub/inst/BSCANID.u_xsdbm_id/CORE_XSDB.UUT_MASTER/U_ICON_INTERFACE/U_CMD6_RD/U_RD_FIFO/SUBCORE_FIFO.xsdbm_v3_0_0_rdfifo_inst/inst_fifo_gen/gconvfifo.rf/grf.rf/gntv_or_sync_fifo.gl0.wr/wpntr/gic0.gc0.count_reg[0]_0[0]
    SLICE_X57Y136        FDCE                                         f  dbg_hub/inst/BSCANID.u_xsdbm_id/CORE_XSDB.UUT_MASTER/U_ICON_INTERFACE/U_CMD6_RD/U_RD_FIFO/SUBCORE_FIFO.xsdbm_v3_0_0_rdfifo_inst/inst_fifo_gen/gconvfifo.rf/grf.rf/gntv_or_sync_fifo.gl0.wr/wpntr/gic0.gc0.count_d1_reg[1]/CLR
  -------------------------------------------------------------------    -------------------

                         (clock clk_pl_0 rise edge)
                                                      0.000     0.000 r  
    PS8_X0Y0             PS8                          0.000     0.000 r  RV32UI_i/zynq_ultra_ps_e_0/inst/PS8_i/PLCLK[0]
                         net (fo=1, routed)           0.120     0.120    RV32UI_i/zynq_ultra_ps_e_0/inst/pl_clk_unbuffered[0]
    BUFG_PS_X0Y77        BUFG_PS (Prop_BUFG_PS_I_O)
                                                      0.018     0.138 r  RV32UI_i/zynq_ultra_ps_e_0/inst/buffer_pl_clk_0.PL_CLK_0_BUFG/O
    X1Y2 (CLOCK_ROOT)    net (fo=3564, routed)        1.322     1.460    dbg_hub/inst/BSCANID.u_xsdbm_id/CORE_XSDB.UUT_MASTER/U_ICON_INTERFACE/U_CMD6_RD/U_RD_FIFO/SUBCORE_FIFO.xsdbm_v3_0_0_rdfifo_inst/inst_fifo_gen/gconvfifo.rf/grf.rf/gntv_or_sync_fifo.gl0.wr/wpntr/wr_clk
    SLICE_X57Y136        FDCE                                         r  dbg_hub/inst/BSCANID.u_xsdbm_id/CORE_XSDB.UUT_MASTER/U_ICON_INTERFACE/U_CMD6_RD/U_RD_FIFO/SUBCORE_FIFO.xsdbm_v3_0_0_rdfifo_inst/inst_fifo_gen/gconvfifo.rf/grf.rf/gntv_or_sync_fifo.gl0.wr/wpntr/gic0.gc0.count_d1_reg[1]/C
                         clock pessimism             -0.122     1.338    
    SLICE_X57Y136        FDCE (Remov_EFF2_SLICEL_C_CLR)
                                                     -0.020     1.318    dbg_hub/inst/BSCANID.u_xsdbm_id/CORE_XSDB.UUT_MASTER/U_ICON_INTERFACE/U_CMD6_RD/U_RD_FIFO/SUBCORE_FIFO.xsdbm_v3_0_0_rdfifo_inst/inst_fifo_gen/gconvfifo.rf/grf.rf/gntv_or_sync_fifo.gl0.wr/wpntr/gic0.gc0.count_d1_reg[1]
  -------------------------------------------------------------------
                         required time                         -1.318    
                         arrival time                           1.417    
  -------------------------------------------------------------------
                         slack                                  0.099    

Slack (MET) :             0.099ns  (arrival time - required time)
  Source:                 dbg_hub/inst/BSCANID.u_xsdbm_id/CORE_XSDB.UUT_MASTER/U_ICON_INTERFACE/U_CMD6_RD/U_RD_FIFO/SUBCORE_FIFO.xsdbm_v3_0_0_rdfifo_inst/inst_fifo_gen/gconvfifo.rf/grf.rf/rstblk/ngwrdrst.grst.g7serrst.wr_rst_reg_reg[1]/C
                            (rising edge-triggered cell FDPE clocked by clk_pl_0  {rise@0.000ns fall@2.625ns period=5.250ns})
  Destination:            dbg_hub/inst/BSCANID.u_xsdbm_id/CORE_XSDB.UUT_MASTER/U_ICON_INTERFACE/U_CMD6_RD/U_RD_FIFO/SUBCORE_FIFO.xsdbm_v3_0_0_rdfifo_inst/inst_fifo_gen/gconvfifo.rf/grf.rf/gntv_or_sync_fifo.gl0.wr/wpntr/gic0.gc0.count_d1_reg[2]/CLR
                            (removal check against rising-edge clock clk_pl_0  {rise@0.000ns fall@2.625ns period=5.250ns})
  Path Group:             **async_default**
  Path Type:              Removal (Min at Fast Process Corner)
  Requirement:            0.000ns  (clk_pl_0 rise@0.000ns - clk_pl_0 rise@0.000ns)
  Data Path Delay:        0.138ns  (logic 0.039ns (28.261%)  route 0.099ns (71.739%))
  Logic Levels:           0  
  Clock Path Skew:        0.059ns (DCD - SCD - CPR)
    Destination Clock Delay (DCD):    1.460ns
    Source Clock Delay      (SCD):    1.279ns
    Clock Pessimism Removal (CPR):    0.122ns
  Clock Net Delay (Source):      1.168ns (routing 0.539ns, distribution 0.629ns)
  Clock Net Delay (Destination): 1.322ns (routing 0.601ns, distribution 0.721ns)

    Location             Delay type                Incr(ns)  Path(ns)    Netlist Resource(s)
  -------------------------------------------------------------------    -------------------
                         (clock clk_pl_0 rise edge)
                                                      0.000     0.000 r  
    PS8_X0Y0             PS8                          0.000     0.000 r  RV32UI_i/zynq_ultra_ps_e_0/inst/PS8_i/PLCLK[0]
                         net (fo=1, routed)           0.094     0.094    RV32UI_i/zynq_ultra_ps_e_0/inst/pl_clk_unbuffered[0]
    BUFG_PS_X0Y77        BUFG_PS (Prop_BUFG_PS_I_O)
                                                      0.017     0.111 r  RV32UI_i/zynq_ultra_ps_e_0/inst/buffer_pl_clk_0.PL_CLK_0_BUFG/O
    X1Y2 (CLOCK_ROOT)    net (fo=3564, routed)        1.168     1.279    dbg_hub/inst/BSCANID.u_xsdbm_id/CORE_XSDB.UUT_MASTER/U_ICON_INTERFACE/U_CMD6_RD/U_RD_FIFO/SUBCORE_FIFO.xsdbm_v3_0_0_rdfifo_inst/inst_fifo_gen/gconvfifo.rf/grf.rf/rstblk/wr_clk
    SLICE_X58Y136        FDPE                                         r  dbg_hub/inst/BSCANID.u_xsdbm_id/CORE_XSDB.UUT_MASTER/U_ICON_INTERFACE/U_CMD6_RD/U_RD_FIFO/SUBCORE_FIFO.xsdbm_v3_0_0_rdfifo_inst/inst_fifo_gen/gconvfifo.rf/grf.rf/rstblk/ngwrdrst.grst.g7serrst.wr_rst_reg_reg[1]/C
  -------------------------------------------------------------------    -------------------
    SLICE_X58Y136        FDPE (Prop_EFF2_SLICEM_C_Q)
                                                      0.039     1.318 f  dbg_hub/inst/BSCANID.u_xsdbm_id/CORE_XSDB.UUT_MASTER/U_ICON_INTERFACE/U_CMD6_RD/U_RD_FIFO/SUBCORE_FIFO.xsdbm_v3_0_0_rdfifo_inst/inst_fifo_gen/gconvfifo.rf/grf.rf/rstblk/ngwrdrst.grst.g7serrst.wr_rst_reg_reg[1]/Q
                         net (fo=12, routed)          0.099     1.417    dbg_hub/inst/BSCANID.u_xsdbm_id/CORE_XSDB.UUT_MASTER/U_ICON_INTERFACE/U_CMD6_RD/U_RD_FIFO/SUBCORE_FIFO.xsdbm_v3_0_0_rdfifo_inst/inst_fifo_gen/gconvfifo.rf/grf.rf/gntv_or_sync_fifo.gl0.wr/wpntr/gic0.gc0.count_reg[0]_0[0]
    SLICE_X57Y136        FDCE                                         f  dbg_hub/inst/BSCANID.u_xsdbm_id/CORE_XSDB.UUT_MASTER/U_ICON_INTERFACE/U_CMD6_RD/U_RD_FIFO/SUBCORE_FIFO.xsdbm_v3_0_0_rdfifo_inst/inst_fifo_gen/gconvfifo.rf/grf.rf/gntv_or_sync_fifo.gl0.wr/wpntr/gic0.gc0.count_d1_reg[2]/CLR
  -------------------------------------------------------------------    -------------------

                         (clock clk_pl_0 rise edge)
                                                      0.000     0.000 r  
    PS8_X0Y0             PS8                          0.000     0.000 r  RV32UI_i/zynq_ultra_ps_e_0/inst/PS8_i/PLCLK[0]
                         net (fo=1, routed)           0.120     0.120    RV32UI_i/zynq_ultra_ps_e_0/inst/pl_clk_unbuffered[0]
    BUFG_PS_X0Y77        BUFG_PS (Prop_BUFG_PS_I_O)
                                                      0.018     0.138 r  RV32UI_i/zynq_ultra_ps_e_0/inst/buffer_pl_clk_0.PL_CLK_0_BUFG/O
    X1Y2 (CLOCK_ROOT)    net (fo=3564, routed)        1.322     1.460    dbg_hub/inst/BSCANID.u_xsdbm_id/CORE_XSDB.UUT_MASTER/U_ICON_INTERFACE/U_CMD6_RD/U_RD_FIFO/SUBCORE_FIFO.xsdbm_v3_0_0_rdfifo_inst/inst_fifo_gen/gconvfifo.rf/grf.rf/gntv_or_sync_fifo.gl0.wr/wpntr/wr_clk
    SLICE_X57Y136        FDCE                                         r  dbg_hub/inst/BSCANID.u_xsdbm_id/CORE_XSDB.UUT_MASTER/U_ICON_INTERFACE/U_CMD6_RD/U_RD_FIFO/SUBCORE_FIFO.xsdbm_v3_0_0_rdfifo_inst/inst_fifo_gen/gconvfifo.rf/grf.rf/gntv_or_sync_fifo.gl0.wr/wpntr/gic0.gc0.count_d1_reg[2]/C
                         clock pessimism             -0.122     1.338    
    SLICE_X57Y136        FDCE (Remov_FFF_SLICEL_C_CLR)
                                                     -0.020     1.318    dbg_hub/inst/BSCANID.u_xsdbm_id/CORE_XSDB.UUT_MASTER/U_ICON_INTERFACE/U_CMD6_RD/U_RD_FIFO/SUBCORE_FIFO.xsdbm_v3_0_0_rdfifo_inst/inst_fifo_gen/gconvfifo.rf/grf.rf/gntv_or_sync_fifo.gl0.wr/wpntr/gic0.gc0.count_d1_reg[2]
  -------------------------------------------------------------------
                         required time                         -1.318    
                         arrival time                           1.417    
  -------------------------------------------------------------------
                         slack                                  0.099    

Slack (MET) :             0.099ns  (arrival time - required time)
  Source:                 dbg_hub/inst/BSCANID.u_xsdbm_id/CORE_XSDB.UUT_MASTER/U_ICON_INTERFACE/U_CMD6_RD/U_RD_FIFO/SUBCORE_FIFO.xsdbm_v3_0_0_rdfifo_inst/inst_fifo_gen/gconvfifo.rf/grf.rf/rstblk/ngwrdrst.grst.g7serrst.wr_rst_reg_reg[1]/C
                            (rising edge-triggered cell FDPE clocked by clk_pl_0  {rise@0.000ns fall@2.625ns period=5.250ns})
  Destination:            dbg_hub/inst/BSCANID.u_xsdbm_id/CORE_XSDB.UUT_MASTER/U_ICON_INTERFACE/U_CMD6_RD/U_RD_FIFO/SUBCORE_FIFO.xsdbm_v3_0_0_rdfifo_inst/inst_fifo_gen/gconvfifo.rf/grf.rf/gntv_or_sync_fifo.gl0.wr/wpntr/gic0.gc0.count_d1_reg[3]/CLR
                            (removal check against rising-edge clock clk_pl_0  {rise@0.000ns fall@2.625ns period=5.250ns})
  Path Group:             **async_default**
  Path Type:              Removal (Min at Fast Process Corner)
  Requirement:            0.000ns  (clk_pl_0 rise@0.000ns - clk_pl_0 rise@0.000ns)
  Data Path Delay:        0.138ns  (logic 0.039ns (28.261%)  route 0.099ns (71.739%))
  Logic Levels:           0  
  Clock Path Skew:        0.059ns (DCD - SCD - CPR)
    Destination Clock Delay (DCD):    1.460ns
    Source Clock Delay      (SCD):    1.279ns
    Clock Pessimism Removal (CPR):    0.122ns
  Clock Net Delay (Source):      1.168ns (routing 0.539ns, distribution 0.629ns)
  Clock Net Delay (Destination): 1.322ns (routing 0.601ns, distribution 0.721ns)

    Location             Delay type                Incr(ns)  Path(ns)    Netlist Resource(s)
  -------------------------------------------------------------------    -------------------
                         (clock clk_pl_0 rise edge)
                                                      0.000     0.000 r  
    PS8_X0Y0             PS8                          0.000     0.000 r  RV32UI_i/zynq_ultra_ps_e_0/inst/PS8_i/PLCLK[0]
                         net (fo=1, routed)           0.094     0.094    RV32UI_i/zynq_ultra_ps_e_0/inst/pl_clk_unbuffered[0]
    BUFG_PS_X0Y77        BUFG_PS (Prop_BUFG_PS_I_O)
                                                      0.017     0.111 r  RV32UI_i/zynq_ultra_ps_e_0/inst/buffer_pl_clk_0.PL_CLK_0_BUFG/O
    X1Y2 (CLOCK_ROOT)    net (fo=3564, routed)        1.168     1.279    dbg_hub/inst/BSCANID.u_xsdbm_id/CORE_XSDB.UUT_MASTER/U_ICON_INTERFACE/U_CMD6_RD/U_RD_FIFO/SUBCORE_FIFO.xsdbm_v3_0_0_rdfifo_inst/inst_fifo_gen/gconvfifo.rf/grf.rf/rstblk/wr_clk
    SLICE_X58Y136        FDPE                                         r  dbg_hub/inst/BSCANID.u_xsdbm_id/CORE_XSDB.UUT_MASTER/U_ICON_INTERFACE/U_CMD6_RD/U_RD_FIFO/SUBCORE_FIFO.xsdbm_v3_0_0_rdfifo_inst/inst_fifo_gen/gconvfifo.rf/grf.rf/rstblk/ngwrdrst.grst.g7serrst.wr_rst_reg_reg[1]/C
  -------------------------------------------------------------------    -------------------
    SLICE_X58Y136        FDPE (Prop_EFF2_SLICEM_C_Q)
                                                      0.039     1.318 f  dbg_hub/inst/BSCANID.u_xsdbm_id/CORE_XSDB.UUT_MASTER/U_ICON_INTERFACE/U_CMD6_RD/U_RD_FIFO/SUBCORE_FIFO.xsdbm_v3_0_0_rdfifo_inst/inst_fifo_gen/gconvfifo.rf/grf.rf/rstblk/ngwrdrst.grst.g7serrst.wr_rst_reg_reg[1]/Q
                         net (fo=12, routed)          0.099     1.417    dbg_hub/inst/BSCANID.u_xsdbm_id/CORE_XSDB.UUT_MASTER/U_ICON_INTERFACE/U_CMD6_RD/U_RD_FIFO/SUBCORE_FIFO.xsdbm_v3_0_0_rdfifo_inst/inst_fifo_gen/gconvfifo.rf/grf.rf/gntv_or_sync_fifo.gl0.wr/wpntr/gic0.gc0.count_reg[0]_0[0]
    SLICE_X57Y136        FDCE                                         f  dbg_hub/inst/BSCANID.u_xsdbm_id/CORE_XSDB.UUT_MASTER/U_ICON_INTERFACE/U_CMD6_RD/U_RD_FIFO/SUBCORE_FIFO.xsdbm_v3_0_0_rdfifo_inst/inst_fifo_gen/gconvfifo.rf/grf.rf/gntv_or_sync_fifo.gl0.wr/wpntr/gic0.gc0.count_d1_reg[3]/CLR
  -------------------------------------------------------------------    -------------------

                         (clock clk_pl_0 rise edge)
                                                      0.000     0.000 r  
    PS8_X0Y0             PS8                          0.000     0.000 r  RV32UI_i/zynq_ultra_ps_e_0/inst/PS8_i/PLCLK[0]
                         net (fo=1, routed)           0.120     0.120    RV32UI_i/zynq_ultra_ps_e_0/inst/pl_clk_unbuffered[0]
    BUFG_PS_X0Y77        BUFG_PS (Prop_BUFG_PS_I_O)
                                                      0.018     0.138 r  RV32UI_i/zynq_ultra_ps_e_0/inst/buffer_pl_clk_0.PL_CLK_0_BUFG/O
    X1Y2 (CLOCK_ROOT)    net (fo=3564, routed)        1.322     1.460    dbg_hub/inst/BSCANID.u_xsdbm_id/CORE_XSDB.UUT_MASTER/U_ICON_INTERFACE/U_CMD6_RD/U_RD_FIFO/SUBCORE_FIFO.xsdbm_v3_0_0_rdfifo_inst/inst_fifo_gen/gconvfifo.rf/grf.rf/gntv_or_sync_fifo.gl0.wr/wpntr/wr_clk
    SLICE_X57Y136        FDCE                                         r  dbg_hub/inst/BSCANID.u_xsdbm_id/CORE_XSDB.UUT_MASTER/U_ICON_INTERFACE/U_CMD6_RD/U_RD_FIFO/SUBCORE_FIFO.xsdbm_v3_0_0_rdfifo_inst/inst_fifo_gen/gconvfifo.rf/grf.rf/gntv_or_sync_fifo.gl0.wr/wpntr/gic0.gc0.count_d1_reg[3]/C
                         clock pessimism             -0.122     1.338    
    SLICE_X57Y136        FDCE (Remov_FFF2_SLICEL_C_CLR)
                                                     -0.020     1.318    dbg_hub/inst/BSCANID.u_xsdbm_id/CORE_XSDB.UUT_MASTER/U_ICON_INTERFACE/U_CMD6_RD/U_RD_FIFO/SUBCORE_FIFO.xsdbm_v3_0_0_rdfifo_inst/inst_fifo_gen/gconvfifo.rf/grf.rf/gntv_or_sync_fifo.gl0.wr/wpntr/gic0.gc0.count_d1_reg[3]
  -------------------------------------------------------------------
                         required time                         -1.318    
                         arrival time                           1.417    
  -------------------------------------------------------------------
                         slack                                  0.099    

Slack (MET) :             0.099ns  (arrival time - required time)
  Source:                 dbg_hub/inst/BSCANID.u_xsdbm_id/CORE_XSDB.UUT_MASTER/U_ICON_INTERFACE/U_CMD6_RD/U_RD_FIFO/SUBCORE_FIFO.xsdbm_v3_0_0_rdfifo_inst/inst_fifo_gen/gconvfifo.rf/grf.rf/rstblk/ngwrdrst.grst.g7serrst.wr_rst_reg_reg[1]/C
                            (rising edge-triggered cell FDPE clocked by clk_pl_0  {rise@0.000ns fall@2.625ns period=5.250ns})
  Destination:            dbg_hub/inst/BSCANID.u_xsdbm_id/CORE_XSDB.UUT_MASTER/U_ICON_INTERFACE/U_CMD6_RD/U_RD_FIFO/SUBCORE_FIFO.xsdbm_v3_0_0_rdfifo_inst/inst_fifo_gen/gconvfifo.rf/grf.rf/gntv_or_sync_fifo.gl0.wr/wpntr/gic0.gc0.count_d2_reg[0]/CLR
                            (removal check against rising-edge clock clk_pl_0  {rise@0.000ns fall@2.625ns period=5.250ns})
  Path Group:             **async_default**
  Path Type:              Removal (Min at Fast Process Corner)
  Requirement:            0.000ns  (clk_pl_0 rise@0.000ns - clk_pl_0 rise@0.000ns)
  Data Path Delay:        0.138ns  (logic 0.039ns (28.261%)  route 0.099ns (71.739%))
  Logic Levels:           0  
  Clock Path Skew:        0.059ns (DCD - SCD - CPR)
    Destination Clock Delay (DCD):    1.460ns
    Source Clock Delay      (SCD):    1.279ns
    Clock Pessimism Removal (CPR):    0.122ns
  Clock Net Delay (Source):      1.168ns (routing 0.539ns, distribution 0.629ns)
  Clock Net Delay (Destination): 1.322ns (routing 0.601ns, distribution 0.721ns)

    Location             Delay type                Incr(ns)  Path(ns)    Netlist Resource(s)
  -------------------------------------------------------------------    -------------------
                         (clock clk_pl_0 rise edge)
                                                      0.000     0.000 r  
    PS8_X0Y0             PS8                          0.000     0.000 r  RV32UI_i/zynq_ultra_ps_e_0/inst/PS8_i/PLCLK[0]
                         net (fo=1, routed)           0.094     0.094    RV32UI_i/zynq_ultra_ps_e_0/inst/pl_clk_unbuffered[0]
    BUFG_PS_X0Y77        BUFG_PS (Prop_BUFG_PS_I_O)
                                                      0.017     0.111 r  RV32UI_i/zynq_ultra_ps_e_0/inst/buffer_pl_clk_0.PL_CLK_0_BUFG/O
    X1Y2 (CLOCK_ROOT)    net (fo=3564, routed)        1.168     1.279    dbg_hub/inst/BSCANID.u_xsdbm_id/CORE_XSDB.UUT_MASTER/U_ICON_INTERFACE/U_CMD6_RD/U_RD_FIFO/SUBCORE_FIFO.xsdbm_v3_0_0_rdfifo_inst/inst_fifo_gen/gconvfifo.rf/grf.rf/rstblk/wr_clk
    SLICE_X58Y136        FDPE                                         r  dbg_hub/inst/BSCANID.u_xsdbm_id/CORE_XSDB.UUT_MASTER/U_ICON_INTERFACE/U_CMD6_RD/U_RD_FIFO/SUBCORE_FIFO.xsdbm_v3_0_0_rdfifo_inst/inst_fifo_gen/gconvfifo.rf/grf.rf/rstblk/ngwrdrst.grst.g7serrst.wr_rst_reg_reg[1]/C
  -------------------------------------------------------------------    -------------------
    SLICE_X58Y136        FDPE (Prop_EFF2_SLICEM_C_Q)
                                                      0.039     1.318 f  dbg_hub/inst/BSCANID.u_xsdbm_id/CORE_XSDB.UUT_MASTER/U_ICON_INTERFACE/U_CMD6_RD/U_RD_FIFO/SUBCORE_FIFO.xsdbm_v3_0_0_rdfifo_inst/inst_fifo_gen/gconvfifo.rf/grf.rf/rstblk/ngwrdrst.grst.g7serrst.wr_rst_reg_reg[1]/Q
                         net (fo=12, routed)          0.099     1.417    dbg_hub/inst/BSCANID.u_xsdbm_id/CORE_XSDB.UUT_MASTER/U_ICON_INTERFACE/U_CMD6_RD/U_RD_FIFO/SUBCORE_FIFO.xsdbm_v3_0_0_rdfifo_inst/inst_fifo_gen/gconvfifo.rf/grf.rf/gntv_or_sync_fifo.gl0.wr/wpntr/gic0.gc0.count_reg[0]_0[0]
    SLICE_X57Y136        FDCE                                         f  dbg_hub/inst/BSCANID.u_xsdbm_id/CORE_XSDB.UUT_MASTER/U_ICON_INTERFACE/U_CMD6_RD/U_RD_FIFO/SUBCORE_FIFO.xsdbm_v3_0_0_rdfifo_inst/inst_fifo_gen/gconvfifo.rf/grf.rf/gntv_or_sync_fifo.gl0.wr/wpntr/gic0.gc0.count_d2_reg[0]/CLR
  -------------------------------------------------------------------    -------------------

                         (clock clk_pl_0 rise edge)
                                                      0.000     0.000 r  
    PS8_X0Y0             PS8                          0.000     0.000 r  RV32UI_i/zynq_ultra_ps_e_0/inst/PS8_i/PLCLK[0]
                         net (fo=1, routed)           0.120     0.120    RV32UI_i/zynq_ultra_ps_e_0/inst/pl_clk_unbuffered[0]
    BUFG_PS_X0Y77        BUFG_PS (Prop_BUFG_PS_I_O)
                                                      0.018     0.138 r  RV32UI_i/zynq_ultra_ps_e_0/inst/buffer_pl_clk_0.PL_CLK_0_BUFG/O
    X1Y2 (CLOCK_ROOT)    net (fo=3564, routed)        1.322     1.460    dbg_hub/inst/BSCANID.u_xsdbm_id/CORE_XSDB.UUT_MASTER/U_ICON_INTERFACE/U_CMD6_RD/U_RD_FIFO/SUBCORE_FIFO.xsdbm_v3_0_0_rdfifo_inst/inst_fifo_gen/gconvfifo.rf/grf.rf/gntv_or_sync_fifo.gl0.wr/wpntr/wr_clk
    SLICE_X57Y136        FDCE                                         r  dbg_hub/inst/BSCANID.u_xsdbm_id/CORE_XSDB.UUT_MASTER/U_ICON_INTERFACE/U_CMD6_RD/U_RD_FIFO/SUBCORE_FIFO.xsdbm_v3_0_0_rdfifo_inst/inst_fifo_gen/gconvfifo.rf/grf.rf/gntv_or_sync_fifo.gl0.wr/wpntr/gic0.gc0.count_d2_reg[0]/C
                         clock pessimism             -0.122     1.338    
    SLICE_X57Y136        FDCE (Remov_GFF_SLICEL_C_CLR)
                                                     -0.020     1.318    dbg_hub/inst/BSCANID.u_xsdbm_id/CORE_XSDB.UUT_MASTER/U_ICON_INTERFACE/U_CMD6_RD/U_RD_FIFO/SUBCORE_FIFO.xsdbm_v3_0_0_rdfifo_inst/inst_fifo_gen/gconvfifo.rf/grf.rf/gntv_or_sync_fifo.gl0.wr/wpntr/gic0.gc0.count_d2_reg[0]
  -------------------------------------------------------------------
                         required time                         -1.318    
                         arrival time                           1.417    
  -------------------------------------------------------------------
                         slack                                  0.099    

Slack (MET) :             0.099ns  (arrival time - required time)
  Source:                 dbg_hub/inst/BSCANID.u_xsdbm_id/CORE_XSDB.UUT_MASTER/U_ICON_INTERFACE/U_CMD6_RD/U_RD_FIFO/SUBCORE_FIFO.xsdbm_v3_0_0_rdfifo_inst/inst_fifo_gen/gconvfifo.rf/grf.rf/rstblk/ngwrdrst.grst.g7serrst.wr_rst_reg_reg[1]/C
                            (rising edge-triggered cell FDPE clocked by clk_pl_0  {rise@0.000ns fall@2.625ns period=5.250ns})
  Destination:            dbg_hub/inst/BSCANID.u_xsdbm_id/CORE_XSDB.UUT_MASTER/U_ICON_INTERFACE/U_CMD6_RD/U_RD_FIFO/SUBCORE_FIFO.xsdbm_v3_0_0_rdfifo_inst/inst_fifo_gen/gconvfifo.rf/grf.rf/gntv_or_sync_fifo.gl0.wr/wpntr/gic0.gc0.count_d2_reg[1]/CLR
                            (removal check against rising-edge clock clk_pl_0  {rise@0.000ns fall@2.625ns period=5.250ns})
  Path Group:             **async_default**
  Path Type:              Removal (Min at Fast Process Corner)
  Requirement:            0.000ns  (clk_pl_0 rise@0.000ns - clk_pl_0 rise@0.000ns)
  Data Path Delay:        0.138ns  (logic 0.039ns (28.261%)  route 0.099ns (71.739%))
  Logic Levels:           0  
  Clock Path Skew:        0.059ns (DCD - SCD - CPR)
    Destination Clock Delay (DCD):    1.460ns
    Source Clock Delay      (SCD):    1.279ns
    Clock Pessimism Removal (CPR):    0.122ns
  Clock Net Delay (Source):      1.168ns (routing 0.539ns, distribution 0.629ns)
  Clock Net Delay (Destination): 1.322ns (routing 0.601ns, distribution 0.721ns)

    Location             Delay type                Incr(ns)  Path(ns)    Netlist Resource(s)
  -------------------------------------------------------------------    -------------------
                         (clock clk_pl_0 rise edge)
                                                      0.000     0.000 r  
    PS8_X0Y0             PS8                          0.000     0.000 r  RV32UI_i/zynq_ultra_ps_e_0/inst/PS8_i/PLCLK[0]
                         net (fo=1, routed)           0.094     0.094    RV32UI_i/zynq_ultra_ps_e_0/inst/pl_clk_unbuffered[0]
    BUFG_PS_X0Y77        BUFG_PS (Prop_BUFG_PS_I_O)
                                                      0.017     0.111 r  RV32UI_i/zynq_ultra_ps_e_0/inst/buffer_pl_clk_0.PL_CLK_0_BUFG/O
    X1Y2 (CLOCK_ROOT)    net (fo=3564, routed)        1.168     1.279    dbg_hub/inst/BSCANID.u_xsdbm_id/CORE_XSDB.UUT_MASTER/U_ICON_INTERFACE/U_CMD6_RD/U_RD_FIFO/SUBCORE_FIFO.xsdbm_v3_0_0_rdfifo_inst/inst_fifo_gen/gconvfifo.rf/grf.rf/rstblk/wr_clk
    SLICE_X58Y136        FDPE                                         r  dbg_hub/inst/BSCANID.u_xsdbm_id/CORE_XSDB.UUT_MASTER/U_ICON_INTERFACE/U_CMD6_RD/U_RD_FIFO/SUBCORE_FIFO.xsdbm_v3_0_0_rdfifo_inst/inst_fifo_gen/gconvfifo.rf/grf.rf/rstblk/ngwrdrst.grst.g7serrst.wr_rst_reg_reg[1]/C
  -------------------------------------------------------------------    -------------------
    SLICE_X58Y136        FDPE (Prop_EFF2_SLICEM_C_Q)
                                                      0.039     1.318 f  dbg_hub/inst/BSCANID.u_xsdbm_id/CORE_XSDB.UUT_MASTER/U_ICON_INTERFACE/U_CMD6_RD/U_RD_FIFO/SUBCORE_FIFO.xsdbm_v3_0_0_rdfifo_inst/inst_fifo_gen/gconvfifo.rf/grf.rf/rstblk/ngwrdrst.grst.g7serrst.wr_rst_reg_reg[1]/Q
                         net (fo=12, routed)          0.099     1.417    dbg_hub/inst/BSCANID.u_xsdbm_id/CORE_XSDB.UUT_MASTER/U_ICON_INTERFACE/U_CMD6_RD/U_RD_FIFO/SUBCORE_FIFO.xsdbm_v3_0_0_rdfifo_inst/inst_fifo_gen/gconvfifo.rf/grf.rf/gntv_or_sync_fifo.gl0.wr/wpntr/gic0.gc0.count_reg[0]_0[0]
    SLICE_X57Y136        FDCE                                         f  dbg_hub/inst/BSCANID.u_xsdbm_id/CORE_XSDB.UUT_MASTER/U_ICON_INTERFACE/U_CMD6_RD/U_RD_FIFO/SUBCORE_FIFO.xsdbm_v3_0_0_rdfifo_inst/inst_fifo_gen/gconvfifo.rf/grf.rf/gntv_or_sync_fifo.gl0.wr/wpntr/gic0.gc0.count_d2_reg[1]/CLR
  -------------------------------------------------------------------    -------------------

                         (clock clk_pl_0 rise edge)
                                                      0.000     0.000 r  
    PS8_X0Y0             PS8                          0.000     0.000 r  RV32UI_i/zynq_ultra_ps_e_0/inst/PS8_i/PLCLK[0]
                         net (fo=1, routed)           0.120     0.120    RV32UI_i/zynq_ultra_ps_e_0/inst/pl_clk_unbuffered[0]
    BUFG_PS_X0Y77        BUFG_PS (Prop_BUFG_PS_I_O)
                                                      0.018     0.138 r  RV32UI_i/zynq_ultra_ps_e_0/inst/buffer_pl_clk_0.PL_CLK_0_BUFG/O
    X1Y2 (CLOCK_ROOT)    net (fo=3564, routed)        1.322     1.460    dbg_hub/inst/BSCANID.u_xsdbm_id/CORE_XSDB.UUT_MASTER/U_ICON_INTERFACE/U_CMD6_RD/U_RD_FIFO/SUBCORE_FIFO.xsdbm_v3_0_0_rdfifo_inst/inst_fifo_gen/gconvfifo.rf/grf.rf/gntv_or_sync_fifo.gl0.wr/wpntr/wr_clk
    SLICE_X57Y136        FDCE                                         r  dbg_hub/inst/BSCANID.u_xsdbm_id/CORE_XSDB.UUT_MASTER/U_ICON_INTERFACE/U_CMD6_RD/U_RD_FIFO/SUBCORE_FIFO.xsdbm_v3_0_0_rdfifo_inst/inst_fifo_gen/gconvfifo.rf/grf.rf/gntv_or_sync_fifo.gl0.wr/wpntr/gic0.gc0.count_d2_reg[1]/C
                         clock pessimism             -0.122     1.338    
    SLICE_X57Y136        FDCE (Remov_GFF2_SLICEL_C_CLR)
                                                     -0.020     1.318    dbg_hub/inst/BSCANID.u_xsdbm_id/CORE_XSDB.UUT_MASTER/U_ICON_INTERFACE/U_CMD6_RD/U_RD_FIFO/SUBCORE_FIFO.xsdbm_v3_0_0_rdfifo_inst/inst_fifo_gen/gconvfifo.rf/grf.rf/gntv_or_sync_fifo.gl0.wr/wpntr/gic0.gc0.count_d2_reg[1]
  -------------------------------------------------------------------
                         required time                         -1.318    
                         arrival time                           1.417    
  -------------------------------------------------------------------
                         slack                                  0.099    

Slack (MET) :             0.099ns  (arrival time - required time)
  Source:                 dbg_hub/inst/BSCANID.u_xsdbm_id/CORE_XSDB.UUT_MASTER/U_ICON_INTERFACE/U_CMD6_RD/U_RD_FIFO/SUBCORE_FIFO.xsdbm_v3_0_0_rdfifo_inst/inst_fifo_gen/gconvfifo.rf/grf.rf/rstblk/ngwrdrst.grst.g7serrst.wr_rst_reg_reg[1]/C
                            (rising edge-triggered cell FDPE clocked by clk_pl_0  {rise@0.000ns fall@2.625ns period=5.250ns})
  Destination:            dbg_hub/inst/BSCANID.u_xsdbm_id/CORE_XSDB.UUT_MASTER/U_ICON_INTERFACE/U_CMD6_RD/U_RD_FIFO/SUBCORE_FIFO.xsdbm_v3_0_0_rdfifo_inst/inst_fifo_gen/gconvfifo.rf/grf.rf/gntv_or_sync_fifo.gl0.wr/wpntr/gic0.gc0.count_d2_reg[2]/CLR
                            (removal check against rising-edge clock clk_pl_0  {rise@0.000ns fall@2.625ns period=5.250ns})
  Path Group:             **async_default**
  Path Type:              Removal (Min at Fast Process Corner)
  Requirement:            0.000ns  (clk_pl_0 rise@0.000ns - clk_pl_0 rise@0.000ns)
  Data Path Delay:        0.138ns  (logic 0.039ns (28.261%)  route 0.099ns (71.739%))
  Logic Levels:           0  
  Clock Path Skew:        0.059ns (DCD - SCD - CPR)
    Destination Clock Delay (DCD):    1.460ns
    Source Clock Delay      (SCD):    1.279ns
    Clock Pessimism Removal (CPR):    0.122ns
  Clock Net Delay (Source):      1.168ns (routing 0.539ns, distribution 0.629ns)
  Clock Net Delay (Destination): 1.322ns (routing 0.601ns, distribution 0.721ns)

    Location             Delay type                Incr(ns)  Path(ns)    Netlist Resource(s)
  -------------------------------------------------------------------    -------------------
                         (clock clk_pl_0 rise edge)
                                                      0.000     0.000 r  
    PS8_X0Y0             PS8                          0.000     0.000 r  RV32UI_i/zynq_ultra_ps_e_0/inst/PS8_i/PLCLK[0]
                         net (fo=1, routed)           0.094     0.094    RV32UI_i/zynq_ultra_ps_e_0/inst/pl_clk_unbuffered[0]
    BUFG_PS_X0Y77        BUFG_PS (Prop_BUFG_PS_I_O)
                                                      0.017     0.111 r  RV32UI_i/zynq_ultra_ps_e_0/inst/buffer_pl_clk_0.PL_CLK_0_BUFG/O
    X1Y2 (CLOCK_ROOT)    net (fo=3564, routed)        1.168     1.279    dbg_hub/inst/BSCANID.u_xsdbm_id/CORE_XSDB.UUT_MASTER/U_ICON_INTERFACE/U_CMD6_RD/U_RD_FIFO/SUBCORE_FIFO.xsdbm_v3_0_0_rdfifo_inst/inst_fifo_gen/gconvfifo.rf/grf.rf/rstblk/wr_clk
    SLICE_X58Y136        FDPE                                         r  dbg_hub/inst/BSCANID.u_xsdbm_id/CORE_XSDB.UUT_MASTER/U_ICON_INTERFACE/U_CMD6_RD/U_RD_FIFO/SUBCORE_FIFO.xsdbm_v3_0_0_rdfifo_inst/inst_fifo_gen/gconvfifo.rf/grf.rf/rstblk/ngwrdrst.grst.g7serrst.wr_rst_reg_reg[1]/C
  -------------------------------------------------------------------    -------------------
    SLICE_X58Y136        FDPE (Prop_EFF2_SLICEM_C_Q)
                                                      0.039     1.318 f  dbg_hub/inst/BSCANID.u_xsdbm_id/CORE_XSDB.UUT_MASTER/U_ICON_INTERFACE/U_CMD6_RD/U_RD_FIFO/SUBCORE_FIFO.xsdbm_v3_0_0_rdfifo_inst/inst_fifo_gen/gconvfifo.rf/grf.rf/rstblk/ngwrdrst.grst.g7serrst.wr_rst_reg_reg[1]/Q
                         net (fo=12, routed)          0.099     1.417    dbg_hub/inst/BSCANID.u_xsdbm_id/CORE_XSDB.UUT_MASTER/U_ICON_INTERFACE/U_CMD6_RD/U_RD_FIFO/SUBCORE_FIFO.xsdbm_v3_0_0_rdfifo_inst/inst_fifo_gen/gconvfifo.rf/grf.rf/gntv_or_sync_fifo.gl0.wr/wpntr/gic0.gc0.count_reg[0]_0[0]
    SLICE_X57Y136        FDCE                                         f  dbg_hub/inst/BSCANID.u_xsdbm_id/CORE_XSDB.UUT_MASTER/U_ICON_INTERFACE/U_CMD6_RD/U_RD_FIFO/SUBCORE_FIFO.xsdbm_v3_0_0_rdfifo_inst/inst_fifo_gen/gconvfifo.rf/grf.rf/gntv_or_sync_fifo.gl0.wr/wpntr/gic0.gc0.count_d2_reg[2]/CLR
  -------------------------------------------------------------------    -------------------

                         (clock clk_pl_0 rise edge)
                                                      0.000     0.000 r  
    PS8_X0Y0             PS8                          0.000     0.000 r  RV32UI_i/zynq_ultra_ps_e_0/inst/PS8_i/PLCLK[0]
                         net (fo=1, routed)           0.120     0.120    RV32UI_i/zynq_ultra_ps_e_0/inst/pl_clk_unbuffered[0]
    BUFG_PS_X0Y77        BUFG_PS (Prop_BUFG_PS_I_O)
                                                      0.018     0.138 r  RV32UI_i/zynq_ultra_ps_e_0/inst/buffer_pl_clk_0.PL_CLK_0_BUFG/O
    X1Y2 (CLOCK_ROOT)    net (fo=3564, routed)        1.322     1.460    dbg_hub/inst/BSCANID.u_xsdbm_id/CORE_XSDB.UUT_MASTER/U_ICON_INTERFACE/U_CMD6_RD/U_RD_FIFO/SUBCORE_FIFO.xsdbm_v3_0_0_rdfifo_inst/inst_fifo_gen/gconvfifo.rf/grf.rf/gntv_or_sync_fifo.gl0.wr/wpntr/wr_clk
    SLICE_X57Y136        FDCE                                         r  dbg_hub/inst/BSCANID.u_xsdbm_id/CORE_XSDB.UUT_MASTER/U_ICON_INTERFACE/U_CMD6_RD/U_RD_FIFO/SUBCORE_FIFO.xsdbm_v3_0_0_rdfifo_inst/inst_fifo_gen/gconvfifo.rf/grf.rf/gntv_or_sync_fifo.gl0.wr/wpntr/gic0.gc0.count_d2_reg[2]/C
                         clock pessimism             -0.122     1.338    
    SLICE_X57Y136        FDCE (Remov_HFF_SLICEL_C_CLR)
                                                     -0.020     1.318    dbg_hub/inst/BSCANID.u_xsdbm_id/CORE_XSDB.UUT_MASTER/U_ICON_INTERFACE/U_CMD6_RD/U_RD_FIFO/SUBCORE_FIFO.xsdbm_v3_0_0_rdfifo_inst/inst_fifo_gen/gconvfifo.rf/grf.rf/gntv_or_sync_fifo.gl0.wr/wpntr/gic0.gc0.count_d2_reg[2]
  -------------------------------------------------------------------
                         required time                         -1.318    
                         arrival time                           1.417    
  -------------------------------------------------------------------
                         slack                                  0.099    

Slack (MET) :             0.099ns  (arrival time - required time)
  Source:                 dbg_hub/inst/BSCANID.u_xsdbm_id/CORE_XSDB.UUT_MASTER/U_ICON_INTERFACE/U_CMD6_RD/U_RD_FIFO/SUBCORE_FIFO.xsdbm_v3_0_0_rdfifo_inst/inst_fifo_gen/gconvfifo.rf/grf.rf/rstblk/ngwrdrst.grst.g7serrst.wr_rst_reg_reg[1]/C
                            (rising edge-triggered cell FDPE clocked by clk_pl_0  {rise@0.000ns fall@2.625ns period=5.250ns})
  Destination:            dbg_hub/inst/BSCANID.u_xsdbm_id/CORE_XSDB.UUT_MASTER/U_ICON_INTERFACE/U_CMD6_RD/U_RD_FIFO/SUBCORE_FIFO.xsdbm_v3_0_0_rdfifo_inst/inst_fifo_gen/gconvfifo.rf/grf.rf/gntv_or_sync_fifo.gl0.wr/wpntr/gic0.gc0.count_d2_reg[3]/CLR
                            (removal check against rising-edge clock clk_pl_0  {rise@0.000ns fall@2.625ns period=5.250ns})
  Path Group:             **async_default**
  Path Type:              Removal (Min at Fast Process Corner)
  Requirement:            0.000ns  (clk_pl_0 rise@0.000ns - clk_pl_0 rise@0.000ns)
  Data Path Delay:        0.138ns  (logic 0.039ns (28.261%)  route 0.099ns (71.739%))
  Logic Levels:           0  
  Clock Path Skew:        0.059ns (DCD - SCD - CPR)
    Destination Clock Delay (DCD):    1.460ns
    Source Clock Delay      (SCD):    1.279ns
    Clock Pessimism Removal (CPR):    0.122ns
  Clock Net Delay (Source):      1.168ns (routing 0.539ns, distribution 0.629ns)
  Clock Net Delay (Destination): 1.322ns (routing 0.601ns, distribution 0.721ns)

    Location             Delay type                Incr(ns)  Path(ns)    Netlist Resource(s)
  -------------------------------------------------------------------    -------------------
                         (clock clk_pl_0 rise edge)
                                                      0.000     0.000 r  
    PS8_X0Y0             PS8                          0.000     0.000 r  RV32UI_i/zynq_ultra_ps_e_0/inst/PS8_i/PLCLK[0]
                         net (fo=1, routed)           0.094     0.094    RV32UI_i/zynq_ultra_ps_e_0/inst/pl_clk_unbuffered[0]
    BUFG_PS_X0Y77        BUFG_PS (Prop_BUFG_PS_I_O)
                                                      0.017     0.111 r  RV32UI_i/zynq_ultra_ps_e_0/inst/buffer_pl_clk_0.PL_CLK_0_BUFG/O
    X1Y2 (CLOCK_ROOT)    net (fo=3564, routed)        1.168     1.279    dbg_hub/inst/BSCANID.u_xsdbm_id/CORE_XSDB.UUT_MASTER/U_ICON_INTERFACE/U_CMD6_RD/U_RD_FIFO/SUBCORE_FIFO.xsdbm_v3_0_0_rdfifo_inst/inst_fifo_gen/gconvfifo.rf/grf.rf/rstblk/wr_clk
    SLICE_X58Y136        FDPE                                         r  dbg_hub/inst/BSCANID.u_xsdbm_id/CORE_XSDB.UUT_MASTER/U_ICON_INTERFACE/U_CMD6_RD/U_RD_FIFO/SUBCORE_FIFO.xsdbm_v3_0_0_rdfifo_inst/inst_fifo_gen/gconvfifo.rf/grf.rf/rstblk/ngwrdrst.grst.g7serrst.wr_rst_reg_reg[1]/C
  -------------------------------------------------------------------    -------------------
    SLICE_X58Y136        FDPE (Prop_EFF2_SLICEM_C_Q)
                                                      0.039     1.318 f  dbg_hub/inst/BSCANID.u_xsdbm_id/CORE_XSDB.UUT_MASTER/U_ICON_INTERFACE/U_CMD6_RD/U_RD_FIFO/SUBCORE_FIFO.xsdbm_v3_0_0_rdfifo_inst/inst_fifo_gen/gconvfifo.rf/grf.rf/rstblk/ngwrdrst.grst.g7serrst.wr_rst_reg_reg[1]/Q
                         net (fo=12, routed)          0.099     1.417    dbg_hub/inst/BSCANID.u_xsdbm_id/CORE_XSDB.UUT_MASTER/U_ICON_INTERFACE/U_CMD6_RD/U_RD_FIFO/SUBCORE_FIFO.xsdbm_v3_0_0_rdfifo_inst/inst_fifo_gen/gconvfifo.rf/grf.rf/gntv_or_sync_fifo.gl0.wr/wpntr/gic0.gc0.count_reg[0]_0[0]
    SLICE_X57Y136        FDCE                                         f  dbg_hub/inst/BSCANID.u_xsdbm_id/CORE_XSDB.UUT_MASTER/U_ICON_INTERFACE/U_CMD6_RD/U_RD_FIFO/SUBCORE_FIFO.xsdbm_v3_0_0_rdfifo_inst/inst_fifo_gen/gconvfifo.rf/grf.rf/gntv_or_sync_fifo.gl0.wr/wpntr/gic0.gc0.count_d2_reg[3]/CLR
  -------------------------------------------------------------------    -------------------

                         (clock clk_pl_0 rise edge)
                                                      0.000     0.000 r  
    PS8_X0Y0             PS8                          0.000     0.000 r  RV32UI_i/zynq_ultra_ps_e_0/inst/PS8_i/PLCLK[0]
                         net (fo=1, routed)           0.120     0.120    RV32UI_i/zynq_ultra_ps_e_0/inst/pl_clk_unbuffered[0]
    BUFG_PS_X0Y77        BUFG_PS (Prop_BUFG_PS_I_O)
                                                      0.018     0.138 r  RV32UI_i/zynq_ultra_ps_e_0/inst/buffer_pl_clk_0.PL_CLK_0_BUFG/O
    X1Y2 (CLOCK_ROOT)    net (fo=3564, routed)        1.322     1.460    dbg_hub/inst/BSCANID.u_xsdbm_id/CORE_XSDB.UUT_MASTER/U_ICON_INTERFACE/U_CMD6_RD/U_RD_FIFO/SUBCORE_FIFO.xsdbm_v3_0_0_rdfifo_inst/inst_fifo_gen/gconvfifo.rf/grf.rf/gntv_or_sync_fifo.gl0.wr/wpntr/wr_clk
    SLICE_X57Y136        FDCE                                         r  dbg_hub/inst/BSCANID.u_xsdbm_id/CORE_XSDB.UUT_MASTER/U_ICON_INTERFACE/U_CMD6_RD/U_RD_FIFO/SUBCORE_FIFO.xsdbm_v3_0_0_rdfifo_inst/inst_fifo_gen/gconvfifo.rf/grf.rf/gntv_or_sync_fifo.gl0.wr/wpntr/gic0.gc0.count_d2_reg[3]/C
                         clock pessimism             -0.122     1.338    
    SLICE_X57Y136        FDCE (Remov_HFF2_SLICEL_C_CLR)
                                                     -0.020     1.318    dbg_hub/inst/BSCANID.u_xsdbm_id/CORE_XSDB.UUT_MASTER/U_ICON_INTERFACE/U_CMD6_RD/U_RD_FIFO/SUBCORE_FIFO.xsdbm_v3_0_0_rdfifo_inst/inst_fifo_gen/gconvfifo.rf/grf.rf/gntv_or_sync_fifo.gl0.wr/wpntr/gic0.gc0.count_d2_reg[3]
  -------------------------------------------------------------------
                         required time                         -1.318    
                         arrival time                           1.417    
  -------------------------------------------------------------------
                         slack                                  0.099    

Slack (MET) :             0.104ns  (arrival time - required time)
  Source:                 dbg_hub/inst/BSCANID.u_xsdbm_id/CORE_XSDB.UUT_MASTER/U_ICON_INTERFACE/U_CMD6_WR/U_WR_FIFO/SUBCORE_FIFO.xsdbm_v3_0_0_wrfifo_inst/inst_fifo_gen/gconvfifo.rf/grf.rf/rstblk/ngwrdrst.grst.g7serrst.rst_rd_reg2_reg/C
                            (rising edge-triggered cell FDPE clocked by clk_pl_0  {rise@0.000ns fall@2.625ns period=5.250ns})
  Destination:            dbg_hub/inst/BSCANID.u_xsdbm_id/CORE_XSDB.UUT_MASTER/U_ICON_INTERFACE/U_CMD6_WR/U_WR_FIFO/SUBCORE_FIFO.xsdbm_v3_0_0_wrfifo_inst/inst_fifo_gen/gconvfifo.rf/grf.rf/rstblk/ngwrdrst.grst.g7serrst.rd_rst_asreg_reg/PRE
                            (removal check against rising-edge clock clk_pl_0  {rise@0.000ns fall@2.625ns period=5.250ns})
  Path Group:             **async_default**
  Path Type:              Removal (Min at Fast Process Corner)
  Requirement:            0.000ns  (clk_pl_0 rise@0.000ns - clk_pl_0 rise@0.000ns)
  Data Path Delay:        0.133ns  (logic 0.040ns (30.075%)  route 0.093ns (69.925%))
  Logic Levels:           0  
  Clock Path Skew:        0.049ns (DCD - SCD - CPR)
    Destination Clock Delay (DCD):    1.474ns
    Source Clock Delay      (SCD):    1.298ns
    Clock Pessimism Removal (CPR):    0.127ns
  Clock Net Delay (Source):      1.187ns (routing 0.539ns, distribution 0.648ns)
  Clock Net Delay (Destination): 1.336ns (routing 0.601ns, distribution 0.735ns)

    Location             Delay type                Incr(ns)  Path(ns)    Netlist Resource(s)
  -------------------------------------------------------------------    -------------------
                         (clock clk_pl_0 rise edge)
                                                      0.000     0.000 r  
    PS8_X0Y0             PS8                          0.000     0.000 r  RV32UI_i/zynq_ultra_ps_e_0/inst/PS8_i/PLCLK[0]
                         net (fo=1, routed)           0.094     0.094    RV32UI_i/zynq_ultra_ps_e_0/inst/pl_clk_unbuffered[0]
    BUFG_PS_X0Y77        BUFG_PS (Prop_BUFG_PS_I_O)
                                                      0.017     0.111 r  RV32UI_i/zynq_ultra_ps_e_0/inst/buffer_pl_clk_0.PL_CLK_0_BUFG/O
    X1Y2 (CLOCK_ROOT)    net (fo=3564, routed)        1.187     1.298    dbg_hub/inst/BSCANID.u_xsdbm_id/CORE_XSDB.UUT_MASTER/U_ICON_INTERFACE/U_CMD6_WR/U_WR_FIFO/SUBCORE_FIFO.xsdbm_v3_0_0_wrfifo_inst/inst_fifo_gen/gconvfifo.rf/grf.rf/rstblk/rd_clk
    SLICE_X56Y118        FDPE                                         r  dbg_hub/inst/BSCANID.u_xsdbm_id/CORE_XSDB.UUT_MASTER/U_ICON_INTERFACE/U_CMD6_WR/U_WR_FIFO/SUBCORE_FIFO.xsdbm_v3_0_0_wrfifo_inst/inst_fifo_gen/gconvfifo.rf/grf.rf/rstblk/ngwrdrst.grst.g7serrst.rst_rd_reg2_reg/C
  -------------------------------------------------------------------    -------------------
    SLICE_X56Y118        FDPE (Prop_EFF2_SLICEL_C_Q)
                                                      0.040     1.338 f  dbg_hub/inst/BSCANID.u_xsdbm_id/CORE_XSDB.UUT_MASTER/U_ICON_INTERFACE/U_CMD6_WR/U_WR_FIFO/SUBCORE_FIFO.xsdbm_v3_0_0_wrfifo_inst/inst_fifo_gen/gconvfifo.rf/grf.rf/rstblk/ngwrdrst.grst.g7serrst.rst_rd_reg2_reg/Q
                         net (fo=1, routed)           0.093     1.431    dbg_hub/inst/BSCANID.u_xsdbm_id/CORE_XSDB.UUT_MASTER/U_ICON_INTERFACE/U_CMD6_WR/U_WR_FIFO/SUBCORE_FIFO.xsdbm_v3_0_0_wrfifo_inst/inst_fifo_gen/gconvfifo.rf/grf.rf/rstblk/rst_rd_reg2
    SLICE_X55Y118        FDPE                                         f  dbg_hub/inst/BSCANID.u_xsdbm_id/CORE_XSDB.UUT_MASTER/U_ICON_INTERFACE/U_CMD6_WR/U_WR_FIFO/SUBCORE_FIFO.xsdbm_v3_0_0_wrfifo_inst/inst_fifo_gen/gconvfifo.rf/grf.rf/rstblk/ngwrdrst.grst.g7serrst.rd_rst_asreg_reg/PRE
  -------------------------------------------------------------------    -------------------

                         (clock clk_pl_0 rise edge)
                                                      0.000     0.000 r  
    PS8_X0Y0             PS8                          0.000     0.000 r  RV32UI_i/zynq_ultra_ps_e_0/inst/PS8_i/PLCLK[0]
                         net (fo=1, routed)           0.120     0.120    RV32UI_i/zynq_ultra_ps_e_0/inst/pl_clk_unbuffered[0]
    BUFG_PS_X0Y77        BUFG_PS (Prop_BUFG_PS_I_O)
                                                      0.018     0.138 r  RV32UI_i/zynq_ultra_ps_e_0/inst/buffer_pl_clk_0.PL_CLK_0_BUFG/O
    X1Y2 (CLOCK_ROOT)    net (fo=3564, routed)        1.336     1.474    dbg_hub/inst/BSCANID.u_xsdbm_id/CORE_XSDB.UUT_MASTER/U_ICON_INTERFACE/U_CMD6_WR/U_WR_FIFO/SUBCORE_FIFO.xsdbm_v3_0_0_wrfifo_inst/inst_fifo_gen/gconvfifo.rf/grf.rf/rstblk/rd_clk
    SLICE_X55Y118        FDPE                                         r  dbg_hub/inst/BSCANID.u_xsdbm_id/CORE_XSDB.UUT_MASTER/U_ICON_INTERFACE/U_CMD6_WR/U_WR_FIFO/SUBCORE_FIFO.xsdbm_v3_0_0_wrfifo_inst/inst_fifo_gen/gconvfifo.rf/grf.rf/rstblk/ngwrdrst.grst.g7serrst.rd_rst_asreg_reg/C
                         clock pessimism             -0.127     1.347    
    SLICE_X55Y118        FDPE (Remov_HFF2_SLICEL_C_PRE)
                                                     -0.020     1.327    dbg_hub/inst/BSCANID.u_xsdbm_id/CORE_XSDB.UUT_MASTER/U_ICON_INTERFACE/U_CMD6_WR/U_WR_FIFO/SUBCORE_FIFO.xsdbm_v3_0_0_wrfifo_inst/inst_fifo_gen/gconvfifo.rf/grf.rf/rstblk/ngwrdrst.grst.g7serrst.rd_rst_asreg_reg
  -------------------------------------------------------------------
                         required time                         -1.327    
                         arrival time                           1.431    
  -------------------------------------------------------------------
                         slack                                  0.104    

Slack (MET) :             0.111ns  (arrival time - required time)
  Source:                 dbg_hub/inst/BSCANID.u_xsdbm_id/CORE_XSDB.UUT_MASTER/U_ICON_INTERFACE/rddata_rst_reg/C
                            (rising edge-triggered cell FDRE clocked by clk_pl_0  {rise@0.000ns fall@2.625ns period=5.250ns})
  Destination:            dbg_hub/inst/BSCANID.u_xsdbm_id/CORE_XSDB.UUT_MASTER/U_ICON_INTERFACE/U_CMD6_RD/U_RD_FIFO/SUBCORE_FIFO.xsdbm_v3_0_0_rdfifo_inst/inst_fifo_gen/gconvfifo.rf/grf.rf/rstblk/ngwrdrst.grst.g7serrst.rst_wr_reg1_reg/PRE
                            (removal check against rising-edge clock clk_pl_0  {rise@0.000ns fall@2.625ns period=5.250ns})
  Path Group:             **async_default**
  Path Type:              Removal (Min at Fast Process Corner)
  Requirement:            0.000ns  (clk_pl_0 rise@0.000ns - clk_pl_0 rise@0.000ns)
  Data Path Delay:        0.143ns  (logic 0.039ns (27.273%)  route 0.104ns (72.727%))
  Logic Levels:           0  
  Clock Path Skew:        0.052ns (DCD - SCD - CPR)
    Destination Clock Delay (DCD):    1.455ns
    Source Clock Delay      (SCD):    1.281ns
    Clock Pessimism Removal (CPR):    0.122ns
  Clock Net Delay (Source):      1.170ns (routing 0.539ns, distribution 0.631ns)
  Clock Net Delay (Destination): 1.317ns (routing 0.601ns, distribution 0.716ns)

    Location             Delay type                Incr(ns)  Path(ns)    Netlist Resource(s)
  -------------------------------------------------------------------    -------------------
                         (clock clk_pl_0 rise edge)
                                                      0.000     0.000 r  
    PS8_X0Y0             PS8                          0.000     0.000 r  RV32UI_i/zynq_ultra_ps_e_0/inst/PS8_i/PLCLK[0]
                         net (fo=1, routed)           0.094     0.094    RV32UI_i/zynq_ultra_ps_e_0/inst/pl_clk_unbuffered[0]
    BUFG_PS_X0Y77        BUFG_PS (Prop_BUFG_PS_I_O)
                                                      0.017     0.111 r  RV32UI_i/zynq_ultra_ps_e_0/inst/buffer_pl_clk_0.PL_CLK_0_BUFG/O
    X1Y2 (CLOCK_ROOT)    net (fo=3564, routed)        1.170     1.281    dbg_hub/inst/BSCANID.u_xsdbm_id/CORE_XSDB.UUT_MASTER/U_ICON_INTERFACE/clk
    SLICE_X57Y136        FDRE                                         r  dbg_hub/inst/BSCANID.u_xsdbm_id/CORE_XSDB.UUT_MASTER/U_ICON_INTERFACE/rddata_rst_reg/C
  -------------------------------------------------------------------    -------------------
    SLICE_X57Y136        FDRE (Prop_DFF_SLICEL_C_Q)
                                                      0.039     1.320 f  dbg_hub/inst/BSCANID.u_xsdbm_id/CORE_XSDB.UUT_MASTER/U_ICON_INTERFACE/rddata_rst_reg/Q
                         net (fo=20, routed)          0.104     1.424    dbg_hub/inst/BSCANID.u_xsdbm_id/CORE_XSDB.UUT_MASTER/U_ICON_INTERFACE/U_CMD6_RD/U_RD_FIFO/SUBCORE_FIFO.xsdbm_v3_0_0_rdfifo_inst/inst_fifo_gen/gconvfifo.rf/grf.rf/rstblk/rst
    SLICE_X58Y136        FDPE                                         f  dbg_hub/inst/BSCANID.u_xsdbm_id/CORE_XSDB.UUT_MASTER/U_ICON_INTERFACE/U_CMD6_RD/U_RD_FIFO/SUBCORE_FIFO.xsdbm_v3_0_0_rdfifo_inst/inst_fifo_gen/gconvfifo.rf/grf.rf/rstblk/ngwrdrst.grst.g7serrst.rst_wr_reg1_reg/PRE
  -------------------------------------------------------------------    -------------------

                         (clock clk_pl_0 rise edge)
                                                      0.000     0.000 r  
    PS8_X0Y0             PS8                          0.000     0.000 r  RV32UI_i/zynq_ultra_ps_e_0/inst/PS8_i/PLCLK[0]
                         net (fo=1, routed)           0.120     0.120    RV32UI_i/zynq_ultra_ps_e_0/inst/pl_clk_unbuffered[0]
    BUFG_PS_X0Y77        BUFG_PS (Prop_BUFG_PS_I_O)
                                                      0.018     0.138 r  RV32UI_i/zynq_ultra_ps_e_0/inst/buffer_pl_clk_0.PL_CLK_0_BUFG/O
    X1Y2 (CLOCK_ROOT)    net (fo=3564, routed)        1.317     1.455    dbg_hub/inst/BSCANID.u_xsdbm_id/CORE_XSDB.UUT_MASTER/U_ICON_INTERFACE/U_CMD6_RD/U_RD_FIFO/SUBCORE_FIFO.xsdbm_v3_0_0_rdfifo_inst/inst_fifo_gen/gconvfifo.rf/grf.rf/rstblk/wr_clk
    SLICE_X58Y136        FDPE                                         r  dbg_hub/inst/BSCANID.u_xsdbm_id/CORE_XSDB.UUT_MASTER/U_ICON_INTERFACE/U_CMD6_RD/U_RD_FIFO/SUBCORE_FIFO.xsdbm_v3_0_0_rdfifo_inst/inst_fifo_gen/gconvfifo.rf/grf.rf/rstblk/ngwrdrst.grst.g7serrst.rst_wr_reg1_reg/C
                         clock pessimism             -0.122     1.333    
    SLICE_X58Y136        FDPE (Remov_DFF2_SLICEM_C_PRE)
                                                     -0.020     1.313    dbg_hub/inst/BSCANID.u_xsdbm_id/CORE_XSDB.UUT_MASTER/U_ICON_INTERFACE/U_CMD6_RD/U_RD_FIFO/SUBCORE_FIFO.xsdbm_v3_0_0_rdfifo_inst/inst_fifo_gen/gconvfifo.rf/grf.rf/rstblk/ngwrdrst.grst.g7serrst.rst_wr_reg1_reg
  -------------------------------------------------------------------
                         required time                         -1.313    
                         arrival time                           1.424    
  -------------------------------------------------------------------
                         slack                                  0.111    





---------------------------------------------------------------------------------------------------
Path Group:  **async_default**
From Clock:  dbg_hub/inst/BSCANID.u_xsdbm_id/SWITCH_N_EXT_BSCAN.bscan_inst/SERIES7_BSCAN.bscan_inst/INTERNAL_TCK
  To Clock:  dbg_hub/inst/BSCANID.u_xsdbm_id/SWITCH_N_EXT_BSCAN.bscan_inst/SERIES7_BSCAN.bscan_inst/INTERNAL_TCK

Setup :            0  Failing Endpoints,  Worst Slack       48.175ns,  Total Violation        0.000ns
Hold  :            0  Failing Endpoints,  Worst Slack        0.083ns,  Total Violation        0.000ns
---------------------------------------------------------------------------------------------------


Max Delay Paths
--------------------------------------------------------------------------------------
Slack (MET) :             48.175ns  (required time - arrival time)
  Source:                 dbg_hub/inst/BSCANID.u_xsdbm_id/SWITCH_N_EXT_BSCAN.bscan_switch/portno_reg[3]/C
                            (rising edge-triggered cell FDRE clocked by dbg_hub/inst/BSCANID.u_xsdbm_id/SWITCH_N_EXT_BSCAN.bscan_inst/SERIES7_BSCAN.bscan_inst/INTERNAL_TCK  {rise@0.000ns fall@25.000ns period=50.000ns})
  Destination:            dbg_hub/inst/BSCANID.u_xsdbm_id/CORE_XSDB.U_ICON/U_CMD/iTARGET_reg[14]/CLR
                            (recovery check against rising-edge clock dbg_hub/inst/BSCANID.u_xsdbm_id/SWITCH_N_EXT_BSCAN.bscan_inst/SERIES7_BSCAN.bscan_inst/INTERNAL_TCK  {rise@0.000ns fall@25.000ns period=50.000ns})
  Path Group:             **async_default**
  Path Type:              Recovery (Max at Slow Process Corner)
  Requirement:            50.000ns  (dbg_hub/inst/BSCANID.u_xsdbm_id/SWITCH_N_EXT_BSCAN.bscan_inst/SERIES7_BSCAN.bscan_inst/INTERNAL_TCK rise@50.000ns - dbg_hub/inst/BSCANID.u_xsdbm_id/SWITCH_N_EXT_BSCAN.bscan_inst/SERIES7_BSCAN.bscan_inst/INTERNAL_TCK rise@0.000ns)
  Data Path Delay:        1.675ns  (logic 0.336ns (20.060%)  route 1.339ns (79.940%))
  Logic Levels:           2  (LUT4=1 LUT6=1)
  Clock Path Skew:        -0.049ns (DCD - SCD + CPR)
    Destination Clock Delay (DCD):    2.887ns = ( 52.887 - 50.000 ) 
    Source Clock Delay      (SCD):    7.226ns
    Clock Pessimism Removal (CPR):    4.290ns
  Clock Uncertainty:      0.035ns  ((TSJ^2 + TIJ^2)^1/2 + DJ) / 2 + PE
    Total System Jitter     (TSJ):    0.071ns
    Total Input Jitter      (TIJ):    0.000ns
    Discrete Jitter          (DJ):    0.000ns
    Phase Error              (PE):    0.000ns
  Clock Net Delay (Source):      1.758ns (routing 0.879ns, distribution 0.879ns)
  Clock Net Delay (Destination): 1.590ns (routing 0.798ns, distribution 0.792ns)

    Location             Delay type                Incr(ns)  Path(ns)    Netlist Resource(s)
  -------------------------------------------------------------------    -------------------
                         (clock dbg_hub/inst/BSCANID.u_xsdbm_id/SWITCH_N_EXT_BSCAN.bscan_inst/SERIES7_BSCAN.bscan_inst/INTERNAL_TCK rise edge)
                                                      0.000     0.000 r  
    CONFIG_SITE_X0Y0     BSCANE2                      0.000     0.000 r  dbg_hub/inst/BSCANID.u_xsdbm_id/SWITCH_N_EXT_BSCAN.bscan_inst/SERIES7_BSCAN.bscan_inst/INTERNAL_TCK
    CONFIG_SITE_X0Y0     BSCANE2 (Prop_BSCAN1_CONFIG_SITE_INTERNAL_TCK_TCK)
                                                      4.300     4.300 r  dbg_hub/inst/BSCANID.u_xsdbm_id/SWITCH_N_EXT_BSCAN.bscan_inst/SERIES7_BSCAN.bscan_inst/TCK
                         net (fo=1, routed)           1.140     5.440    dbg_hub/inst/BSCANID.u_xsdbm_id/tck_bs
    BUFGCE_X0Y50         BUFGCE (Prop_BUFCE_BUFGCE_I_O)
                                                      0.028     5.468 r  dbg_hub/inst/BSCANID.u_xsdbm_id/SWITCH_N_EXT_BSCAN.u_bufg_icon_tck/O
    X2Y1 (CLOCK_ROOT)    net (fo=490, routed)         1.758     7.226    dbg_hub/inst/BSCANID.u_xsdbm_id/SWITCH_N_EXT_BSCAN.bscan_switch/s_bscan_tck
    SLICE_X48Y163        FDRE                                         r  dbg_hub/inst/BSCANID.u_xsdbm_id/SWITCH_N_EXT_BSCAN.bscan_switch/portno_reg[3]/C
  -------------------------------------------------------------------    -------------------
    SLICE_X48Y163        FDRE (Prop_BFF2_SLICEL_C_Q)
                                                      0.080     7.306 f  dbg_hub/inst/BSCANID.u_xsdbm_id/SWITCH_N_EXT_BSCAN.bscan_switch/portno_reg[3]/Q
                         net (fo=1, routed)           0.188     7.494    dbg_hub/inst/BSCANID.u_xsdbm_id/SWITCH_N_EXT_BSCAN.bscan_switch/portno[3]
    SLICE_X48Y163        LUT6 (Prop_D6LUT_SLICEL_I0_O)
                                                      0.146     7.640 f  dbg_hub/inst/BSCANID.u_xsdbm_id/SWITCH_N_EXT_BSCAN.bscan_switch/m_bscan_drck[0]_INST_0_i_1/O
                         net (fo=5, routed)           0.509     8.149    dbg_hub/inst/BSCANID.u_xsdbm_id/SWITCH_N_EXT_BSCAN.bscan_switch/m_bscan_drck[0]_INST_0_i_1_n_0
    SLICE_X49Y162        LUT4 (Prop_D5LUT_SLICEL_I3_O)
                                                      0.110     8.259 r  dbg_hub/inst/BSCANID.u_xsdbm_id/SWITCH_N_EXT_BSCAN.bscan_switch/m_bscan_sel[0]_INST_0/O
                         net (fo=11, routed)          0.642     8.901    dbg_hub/inst/BSCANID.u_xsdbm_id/CORE_XSDB.U_ICON/U_CMD/iTARGET_reg[6]_0
    SLICE_X53Y139        FDCE                                         f  dbg_hub/inst/BSCANID.u_xsdbm_id/CORE_XSDB.U_ICON/U_CMD/iTARGET_reg[14]/CLR  (IS_INVERTED)
  -------------------------------------------------------------------    -------------------

                         (clock dbg_hub/inst/BSCANID.u_xsdbm_id/SWITCH_N_EXT_BSCAN.bscan_inst/SERIES7_BSCAN.bscan_inst/INTERNAL_TCK rise edge)
                                                     50.000    50.000 r  
    CONFIG_SITE_X0Y0     BSCANE2                      0.000    50.000 r  dbg_hub/inst/BSCANID.u_xsdbm_id/SWITCH_N_EXT_BSCAN.bscan_inst/SERIES7_BSCAN.bscan_inst/INTERNAL_TCK
    CONFIG_SITE_X0Y0     BSCANE2 (Prop_BSCAN1_CONFIG_SITE_INTERNAL_TCK_TCK)
                                                      0.465    50.465 r  dbg_hub/inst/BSCANID.u_xsdbm_id/SWITCH_N_EXT_BSCAN.bscan_inst/SERIES7_BSCAN.bscan_inst/TCK
                         net (fo=1, routed)           0.808    51.273    dbg_hub/inst/BSCANID.u_xsdbm_id/tck_bs
    BUFGCE_X0Y50         BUFGCE (Prop_BUFCE_BUFGCE_I_O)
                                                      0.024    51.297 r  dbg_hub/inst/BSCANID.u_xsdbm_id/SWITCH_N_EXT_BSCAN.u_bufg_icon_tck/O
    X2Y1 (CLOCK_ROOT)    net (fo=490, routed)         1.590    52.887    dbg_hub/inst/BSCANID.u_xsdbm_id/CORE_XSDB.U_ICON/U_CMD/m_bscan_tck[0]
    SLICE_X53Y139        FDCE                                         r  dbg_hub/inst/BSCANID.u_xsdbm_id/CORE_XSDB.U_ICON/U_CMD/iTARGET_reg[14]/C
                         clock pessimism              4.290    57.177    
                         clock uncertainty           -0.035    57.142    
    SLICE_X53Y139        FDCE (Recov_AFF_SLICEM_C_CLR)
                                                     -0.066    57.076    dbg_hub/inst/BSCANID.u_xsdbm_id/CORE_XSDB.U_ICON/U_CMD/iTARGET_reg[14]
  -------------------------------------------------------------------
                         required time                         57.076    
                         arrival time                          -8.901    
  -------------------------------------------------------------------
                         slack                                 48.175    

Slack (MET) :             48.175ns  (required time - arrival time)
  Source:                 dbg_hub/inst/BSCANID.u_xsdbm_id/SWITCH_N_EXT_BSCAN.bscan_switch/portno_reg[3]/C
                            (rising edge-triggered cell FDRE clocked by dbg_hub/inst/BSCANID.u_xsdbm_id/SWITCH_N_EXT_BSCAN.bscan_inst/SERIES7_BSCAN.bscan_inst/INTERNAL_TCK  {rise@0.000ns fall@25.000ns period=50.000ns})
  Destination:            dbg_hub/inst/BSCANID.u_xsdbm_id/CORE_XSDB.U_ICON/U_CMD/iTARGET_reg[15]/CLR
                            (recovery check against rising-edge clock dbg_hub/inst/BSCANID.u_xsdbm_id/SWITCH_N_EXT_BSCAN.bscan_inst/SERIES7_BSCAN.bscan_inst/INTERNAL_TCK  {rise@0.000ns fall@25.000ns period=50.000ns})
  Path Group:             **async_default**
  Path Type:              Recovery (Max at Slow Process Corner)
  Requirement:            50.000ns  (dbg_hub/inst/BSCANID.u_xsdbm_id/SWITCH_N_EXT_BSCAN.bscan_inst/SERIES7_BSCAN.bscan_inst/INTERNAL_TCK rise@50.000ns - dbg_hub/inst/BSCANID.u_xsdbm_id/SWITCH_N_EXT_BSCAN.bscan_inst/SERIES7_BSCAN.bscan_inst/INTERNAL_TCK rise@0.000ns)
  Data Path Delay:        1.675ns  (logic 0.336ns (20.060%)  route 1.339ns (79.940%))
  Logic Levels:           2  (LUT4=1 LUT6=1)
  Clock Path Skew:        -0.049ns (DCD - SCD + CPR)
    Destination Clock Delay (DCD):    2.887ns = ( 52.887 - 50.000 ) 
    Source Clock Delay      (SCD):    7.226ns
    Clock Pessimism Removal (CPR):    4.290ns
  Clock Uncertainty:      0.035ns  ((TSJ^2 + TIJ^2)^1/2 + DJ) / 2 + PE
    Total System Jitter     (TSJ):    0.071ns
    Total Input Jitter      (TIJ):    0.000ns
    Discrete Jitter          (DJ):    0.000ns
    Phase Error              (PE):    0.000ns
  Clock Net Delay (Source):      1.758ns (routing 0.879ns, distribution 0.879ns)
  Clock Net Delay (Destination): 1.590ns (routing 0.798ns, distribution 0.792ns)

    Location             Delay type                Incr(ns)  Path(ns)    Netlist Resource(s)
  -------------------------------------------------------------------    -------------------
                         (clock dbg_hub/inst/BSCANID.u_xsdbm_id/SWITCH_N_EXT_BSCAN.bscan_inst/SERIES7_BSCAN.bscan_inst/INTERNAL_TCK rise edge)
                                                      0.000     0.000 r  
    CONFIG_SITE_X0Y0     BSCANE2                      0.000     0.000 r  dbg_hub/inst/BSCANID.u_xsdbm_id/SWITCH_N_EXT_BSCAN.bscan_inst/SERIES7_BSCAN.bscan_inst/INTERNAL_TCK
    CONFIG_SITE_X0Y0     BSCANE2 (Prop_BSCAN1_CONFIG_SITE_INTERNAL_TCK_TCK)
                                                      4.300     4.300 r  dbg_hub/inst/BSCANID.u_xsdbm_id/SWITCH_N_EXT_BSCAN.bscan_inst/SERIES7_BSCAN.bscan_inst/TCK
                         net (fo=1, routed)           1.140     5.440    dbg_hub/inst/BSCANID.u_xsdbm_id/tck_bs
    BUFGCE_X0Y50         BUFGCE (Prop_BUFCE_BUFGCE_I_O)
                                                      0.028     5.468 r  dbg_hub/inst/BSCANID.u_xsdbm_id/SWITCH_N_EXT_BSCAN.u_bufg_icon_tck/O
    X2Y1 (CLOCK_ROOT)    net (fo=490, routed)         1.758     7.226    dbg_hub/inst/BSCANID.u_xsdbm_id/SWITCH_N_EXT_BSCAN.bscan_switch/s_bscan_tck
    SLICE_X48Y163        FDRE                                         r  dbg_hub/inst/BSCANID.u_xsdbm_id/SWITCH_N_EXT_BSCAN.bscan_switch/portno_reg[3]/C
  -------------------------------------------------------------------    -------------------
    SLICE_X48Y163        FDRE (Prop_BFF2_SLICEL_C_Q)
                                                      0.080     7.306 f  dbg_hub/inst/BSCANID.u_xsdbm_id/SWITCH_N_EXT_BSCAN.bscan_switch/portno_reg[3]/Q
                         net (fo=1, routed)           0.188     7.494    dbg_hub/inst/BSCANID.u_xsdbm_id/SWITCH_N_EXT_BSCAN.bscan_switch/portno[3]
    SLICE_X48Y163        LUT6 (Prop_D6LUT_SLICEL_I0_O)
                                                      0.146     7.640 f  dbg_hub/inst/BSCANID.u_xsdbm_id/SWITCH_N_EXT_BSCAN.bscan_switch/m_bscan_drck[0]_INST_0_i_1/O
                         net (fo=5, routed)           0.509     8.149    dbg_hub/inst/BSCANID.u_xsdbm_id/SWITCH_N_EXT_BSCAN.bscan_switch/m_bscan_drck[0]_INST_0_i_1_n_0
    SLICE_X49Y162        LUT4 (Prop_D5LUT_SLICEL_I3_O)
                                                      0.110     8.259 r  dbg_hub/inst/BSCANID.u_xsdbm_id/SWITCH_N_EXT_BSCAN.bscan_switch/m_bscan_sel[0]_INST_0/O
                         net (fo=11, routed)          0.642     8.901    dbg_hub/inst/BSCANID.u_xsdbm_id/CORE_XSDB.U_ICON/U_CMD/iTARGET_reg[6]_0
    SLICE_X53Y139        FDCE                                         f  dbg_hub/inst/BSCANID.u_xsdbm_id/CORE_XSDB.U_ICON/U_CMD/iTARGET_reg[15]/CLR  (IS_INVERTED)
  -------------------------------------------------------------------    -------------------

                         (clock dbg_hub/inst/BSCANID.u_xsdbm_id/SWITCH_N_EXT_BSCAN.bscan_inst/SERIES7_BSCAN.bscan_inst/INTERNAL_TCK rise edge)
                                                     50.000    50.000 r  
    CONFIG_SITE_X0Y0     BSCANE2                      0.000    50.000 r  dbg_hub/inst/BSCANID.u_xsdbm_id/SWITCH_N_EXT_BSCAN.bscan_inst/SERIES7_BSCAN.bscan_inst/INTERNAL_TCK
    CONFIG_SITE_X0Y0     BSCANE2 (Prop_BSCAN1_CONFIG_SITE_INTERNAL_TCK_TCK)
                                                      0.465    50.465 r  dbg_hub/inst/BSCANID.u_xsdbm_id/SWITCH_N_EXT_BSCAN.bscan_inst/SERIES7_BSCAN.bscan_inst/TCK
                         net (fo=1, routed)           0.808    51.273    dbg_hub/inst/BSCANID.u_xsdbm_id/tck_bs
    BUFGCE_X0Y50         BUFGCE (Prop_BUFCE_BUFGCE_I_O)
                                                      0.024    51.297 r  dbg_hub/inst/BSCANID.u_xsdbm_id/SWITCH_N_EXT_BSCAN.u_bufg_icon_tck/O
    X2Y1 (CLOCK_ROOT)    net (fo=490, routed)         1.590    52.887    dbg_hub/inst/BSCANID.u_xsdbm_id/CORE_XSDB.U_ICON/U_CMD/m_bscan_tck[0]
    SLICE_X53Y139        FDCE                                         r  dbg_hub/inst/BSCANID.u_xsdbm_id/CORE_XSDB.U_ICON/U_CMD/iTARGET_reg[15]/C
                         clock pessimism              4.290    57.177    
                         clock uncertainty           -0.035    57.142    
    SLICE_X53Y139        FDCE (Recov_AFF2_SLICEM_C_CLR)
                                                     -0.066    57.076    dbg_hub/inst/BSCANID.u_xsdbm_id/CORE_XSDB.U_ICON/U_CMD/iTARGET_reg[15]
  -------------------------------------------------------------------
                         required time                         57.076    
                         arrival time                          -8.901    
  -------------------------------------------------------------------
                         slack                                 48.175    

Slack (MET) :             48.338ns  (required time - arrival time)
  Source:                 dbg_hub/inst/BSCANID.u_xsdbm_id/SWITCH_N_EXT_BSCAN.bscan_switch/portno_reg[3]/C
                            (rising edge-triggered cell FDRE clocked by dbg_hub/inst/BSCANID.u_xsdbm_id/SWITCH_N_EXT_BSCAN.bscan_inst/SERIES7_BSCAN.bscan_inst/INTERNAL_TCK  {rise@0.000ns fall@25.000ns period=50.000ns})
  Destination:            dbg_hub/inst/BSCANID.u_xsdbm_id/CORE_XSDB.U_ICON/U_CMD/iTARGET_reg[10]/CLR
                            (recovery check against rising-edge clock dbg_hub/inst/BSCANID.u_xsdbm_id/SWITCH_N_EXT_BSCAN.bscan_inst/SERIES7_BSCAN.bscan_inst/INTERNAL_TCK  {rise@0.000ns fall@25.000ns period=50.000ns})
  Path Group:             **async_default**
  Path Type:              Recovery (Max at Slow Process Corner)
  Requirement:            50.000ns  (dbg_hub/inst/BSCANID.u_xsdbm_id/SWITCH_N_EXT_BSCAN.bscan_inst/SERIES7_BSCAN.bscan_inst/INTERNAL_TCK rise@50.000ns - dbg_hub/inst/BSCANID.u_xsdbm_id/SWITCH_N_EXT_BSCAN.bscan_inst/SERIES7_BSCAN.bscan_inst/INTERNAL_TCK rise@0.000ns)
  Data Path Delay:        1.510ns  (logic 0.336ns (22.252%)  route 1.174ns (77.748%))
  Logic Levels:           2  (LUT4=1 LUT6=1)
  Clock Path Skew:        -0.051ns (DCD - SCD + CPR)
    Destination Clock Delay (DCD):    2.885ns = ( 52.885 - 50.000 ) 
    Source Clock Delay      (SCD):    7.226ns
    Clock Pessimism Removal (CPR):    4.290ns
  Clock Uncertainty:      0.035ns  ((TSJ^2 + TIJ^2)^1/2 + DJ) / 2 + PE
    Total System Jitter     (TSJ):    0.071ns
    Total Input Jitter      (TIJ):    0.000ns
    Discrete Jitter          (DJ):    0.000ns
    Phase Error              (PE):    0.000ns
  Clock Net Delay (Source):      1.758ns (routing 0.879ns, distribution 0.879ns)
  Clock Net Delay (Destination): 1.588ns (routing 0.798ns, distribution 0.790ns)

    Location             Delay type                Incr(ns)  Path(ns)    Netlist Resource(s)
  -------------------------------------------------------------------    -------------------
                         (clock dbg_hub/inst/BSCANID.u_xsdbm_id/SWITCH_N_EXT_BSCAN.bscan_inst/SERIES7_BSCAN.bscan_inst/INTERNAL_TCK rise edge)
                                                      0.000     0.000 r  
    CONFIG_SITE_X0Y0     BSCANE2                      0.000     0.000 r  dbg_hub/inst/BSCANID.u_xsdbm_id/SWITCH_N_EXT_BSCAN.bscan_inst/SERIES7_BSCAN.bscan_inst/INTERNAL_TCK
    CONFIG_SITE_X0Y0     BSCANE2 (Prop_BSCAN1_CONFIG_SITE_INTERNAL_TCK_TCK)
                                                      4.300     4.300 r  dbg_hub/inst/BSCANID.u_xsdbm_id/SWITCH_N_EXT_BSCAN.bscan_inst/SERIES7_BSCAN.bscan_inst/TCK
                         net (fo=1, routed)           1.140     5.440    dbg_hub/inst/BSCANID.u_xsdbm_id/tck_bs
    BUFGCE_X0Y50         BUFGCE (Prop_BUFCE_BUFGCE_I_O)
                                                      0.028     5.468 r  dbg_hub/inst/BSCANID.u_xsdbm_id/SWITCH_N_EXT_BSCAN.u_bufg_icon_tck/O
    X2Y1 (CLOCK_ROOT)    net (fo=490, routed)         1.758     7.226    dbg_hub/inst/BSCANID.u_xsdbm_id/SWITCH_N_EXT_BSCAN.bscan_switch/s_bscan_tck
    SLICE_X48Y163        FDRE                                         r  dbg_hub/inst/BSCANID.u_xsdbm_id/SWITCH_N_EXT_BSCAN.bscan_switch/portno_reg[3]/C
  -------------------------------------------------------------------    -------------------
    SLICE_X48Y163        FDRE (Prop_BFF2_SLICEL_C_Q)
                                                      0.080     7.306 f  dbg_hub/inst/BSCANID.u_xsdbm_id/SWITCH_N_EXT_BSCAN.bscan_switch/portno_reg[3]/Q
                         net (fo=1, routed)           0.188     7.494    dbg_hub/inst/BSCANID.u_xsdbm_id/SWITCH_N_EXT_BSCAN.bscan_switch/portno[3]
    SLICE_X48Y163        LUT6 (Prop_D6LUT_SLICEL_I0_O)
                                                      0.146     7.640 f  dbg_hub/inst/BSCANID.u_xsdbm_id/SWITCH_N_EXT_BSCAN.bscan_switch/m_bscan_drck[0]_INST_0_i_1/O
                         net (fo=5, routed)           0.509     8.149    dbg_hub/inst/BSCANID.u_xsdbm_id/SWITCH_N_EXT_BSCAN.bscan_switch/m_bscan_drck[0]_INST_0_i_1_n_0
    SLICE_X49Y162        LUT4 (Prop_D5LUT_SLICEL_I3_O)
                                                      0.110     8.259 r  dbg_hub/inst/BSCANID.u_xsdbm_id/SWITCH_N_EXT_BSCAN.bscan_switch/m_bscan_sel[0]_INST_0/O
                         net (fo=11, routed)          0.477     8.736    dbg_hub/inst/BSCANID.u_xsdbm_id/CORE_XSDB.U_ICON/U_CMD/iTARGET_reg[6]_0
    SLICE_X52Y138        FDCE                                         f  dbg_hub/inst/BSCANID.u_xsdbm_id/CORE_XSDB.U_ICON/U_CMD/iTARGET_reg[10]/CLR  (IS_INVERTED)
  -------------------------------------------------------------------    -------------------

                         (clock dbg_hub/inst/BSCANID.u_xsdbm_id/SWITCH_N_EXT_BSCAN.bscan_inst/SERIES7_BSCAN.bscan_inst/INTERNAL_TCK rise edge)
                                                     50.000    50.000 r  
    CONFIG_SITE_X0Y0     BSCANE2                      0.000    50.000 r  dbg_hub/inst/BSCANID.u_xsdbm_id/SWITCH_N_EXT_BSCAN.bscan_inst/SERIES7_BSCAN.bscan_inst/INTERNAL_TCK
    CONFIG_SITE_X0Y0     BSCANE2 (Prop_BSCAN1_CONFIG_SITE_INTERNAL_TCK_TCK)
                                                      0.465    50.465 r  dbg_hub/inst/BSCANID.u_xsdbm_id/SWITCH_N_EXT_BSCAN.bscan_inst/SERIES7_BSCAN.bscan_inst/TCK
                         net (fo=1, routed)           0.808    51.273    dbg_hub/inst/BSCANID.u_xsdbm_id/tck_bs
    BUFGCE_X0Y50         BUFGCE (Prop_BUFCE_BUFGCE_I_O)
                                                      0.024    51.297 r  dbg_hub/inst/BSCANID.u_xsdbm_id/SWITCH_N_EXT_BSCAN.u_bufg_icon_tck/O
    X2Y1 (CLOCK_ROOT)    net (fo=490, routed)         1.588    52.885    dbg_hub/inst/BSCANID.u_xsdbm_id/CORE_XSDB.U_ICON/U_CMD/m_bscan_tck[0]
    SLICE_X52Y138        FDCE                                         r  dbg_hub/inst/BSCANID.u_xsdbm_id/CORE_XSDB.U_ICON/U_CMD/iTARGET_reg[10]/C
                         clock pessimism              4.290    57.175    
                         clock uncertainty           -0.035    57.140    
    SLICE_X52Y138        FDCE (Recov_EFF_SLICEL_C_CLR)
                                                     -0.066    57.074    dbg_hub/inst/BSCANID.u_xsdbm_id/CORE_XSDB.U_ICON/U_CMD/iTARGET_reg[10]
  -------------------------------------------------------------------
                         required time                         57.074    
                         arrival time                          -8.736    
  -------------------------------------------------------------------
                         slack                                 48.338    

Slack (MET) :             48.338ns  (required time - arrival time)
  Source:                 dbg_hub/inst/BSCANID.u_xsdbm_id/SWITCH_N_EXT_BSCAN.bscan_switch/portno_reg[3]/C
                            (rising edge-triggered cell FDRE clocked by dbg_hub/inst/BSCANID.u_xsdbm_id/SWITCH_N_EXT_BSCAN.bscan_inst/SERIES7_BSCAN.bscan_inst/INTERNAL_TCK  {rise@0.000ns fall@25.000ns period=50.000ns})
  Destination:            dbg_hub/inst/BSCANID.u_xsdbm_id/CORE_XSDB.U_ICON/U_CMD/iTARGET_reg[11]/CLR
                            (recovery check against rising-edge clock dbg_hub/inst/BSCANID.u_xsdbm_id/SWITCH_N_EXT_BSCAN.bscan_inst/SERIES7_BSCAN.bscan_inst/INTERNAL_TCK  {rise@0.000ns fall@25.000ns period=50.000ns})
  Path Group:             **async_default**
  Path Type:              Recovery (Max at Slow Process Corner)
  Requirement:            50.000ns  (dbg_hub/inst/BSCANID.u_xsdbm_id/SWITCH_N_EXT_BSCAN.bscan_inst/SERIES7_BSCAN.bscan_inst/INTERNAL_TCK rise@50.000ns - dbg_hub/inst/BSCANID.u_xsdbm_id/SWITCH_N_EXT_BSCAN.bscan_inst/SERIES7_BSCAN.bscan_inst/INTERNAL_TCK rise@0.000ns)
  Data Path Delay:        1.510ns  (logic 0.336ns (22.252%)  route 1.174ns (77.748%))
  Logic Levels:           2  (LUT4=1 LUT6=1)
  Clock Path Skew:        -0.051ns (DCD - SCD + CPR)
    Destination Clock Delay (DCD):    2.885ns = ( 52.885 - 50.000 ) 
    Source Clock Delay      (SCD):    7.226ns
    Clock Pessimism Removal (CPR):    4.290ns
  Clock Uncertainty:      0.035ns  ((TSJ^2 + TIJ^2)^1/2 + DJ) / 2 + PE
    Total System Jitter     (TSJ):    0.071ns
    Total Input Jitter      (TIJ):    0.000ns
    Discrete Jitter          (DJ):    0.000ns
    Phase Error              (PE):    0.000ns
  Clock Net Delay (Source):      1.758ns (routing 0.879ns, distribution 0.879ns)
  Clock Net Delay (Destination): 1.588ns (routing 0.798ns, distribution 0.790ns)

    Location             Delay type                Incr(ns)  Path(ns)    Netlist Resource(s)
  -------------------------------------------------------------------    -------------------
                         (clock dbg_hub/inst/BSCANID.u_xsdbm_id/SWITCH_N_EXT_BSCAN.bscan_inst/SERIES7_BSCAN.bscan_inst/INTERNAL_TCK rise edge)
                                                      0.000     0.000 r  
    CONFIG_SITE_X0Y0     BSCANE2                      0.000     0.000 r  dbg_hub/inst/BSCANID.u_xsdbm_id/SWITCH_N_EXT_BSCAN.bscan_inst/SERIES7_BSCAN.bscan_inst/INTERNAL_TCK
    CONFIG_SITE_X0Y0     BSCANE2 (Prop_BSCAN1_CONFIG_SITE_INTERNAL_TCK_TCK)
                                                      4.300     4.300 r  dbg_hub/inst/BSCANID.u_xsdbm_id/SWITCH_N_EXT_BSCAN.bscan_inst/SERIES7_BSCAN.bscan_inst/TCK
                         net (fo=1, routed)           1.140     5.440    dbg_hub/inst/BSCANID.u_xsdbm_id/tck_bs
    BUFGCE_X0Y50         BUFGCE (Prop_BUFCE_BUFGCE_I_O)
                                                      0.028     5.468 r  dbg_hub/inst/BSCANID.u_xsdbm_id/SWITCH_N_EXT_BSCAN.u_bufg_icon_tck/O
    X2Y1 (CLOCK_ROOT)    net (fo=490, routed)         1.758     7.226    dbg_hub/inst/BSCANID.u_xsdbm_id/SWITCH_N_EXT_BSCAN.bscan_switch/s_bscan_tck
    SLICE_X48Y163        FDRE                                         r  dbg_hub/inst/BSCANID.u_xsdbm_id/SWITCH_N_EXT_BSCAN.bscan_switch/portno_reg[3]/C
  -------------------------------------------------------------------    -------------------
    SLICE_X48Y163        FDRE (Prop_BFF2_SLICEL_C_Q)
                                                      0.080     7.306 f  dbg_hub/inst/BSCANID.u_xsdbm_id/SWITCH_N_EXT_BSCAN.bscan_switch/portno_reg[3]/Q
                         net (fo=1, routed)           0.188     7.494    dbg_hub/inst/BSCANID.u_xsdbm_id/SWITCH_N_EXT_BSCAN.bscan_switch/portno[3]
    SLICE_X48Y163        LUT6 (Prop_D6LUT_SLICEL_I0_O)
                                                      0.146     7.640 f  dbg_hub/inst/BSCANID.u_xsdbm_id/SWITCH_N_EXT_BSCAN.bscan_switch/m_bscan_drck[0]_INST_0_i_1/O
                         net (fo=5, routed)           0.509     8.149    dbg_hub/inst/BSCANID.u_xsdbm_id/SWITCH_N_EXT_BSCAN.bscan_switch/m_bscan_drck[0]_INST_0_i_1_n_0
    SLICE_X49Y162        LUT4 (Prop_D5LUT_SLICEL_I3_O)
                                                      0.110     8.259 r  dbg_hub/inst/BSCANID.u_xsdbm_id/SWITCH_N_EXT_BSCAN.bscan_switch/m_bscan_sel[0]_INST_0/O
                         net (fo=11, routed)          0.477     8.736    dbg_hub/inst/BSCANID.u_xsdbm_id/CORE_XSDB.U_ICON/U_CMD/iTARGET_reg[6]_0
    SLICE_X52Y138        FDCE                                         f  dbg_hub/inst/BSCANID.u_xsdbm_id/CORE_XSDB.U_ICON/U_CMD/iTARGET_reg[11]/CLR  (IS_INVERTED)
  -------------------------------------------------------------------    -------------------

                         (clock dbg_hub/inst/BSCANID.u_xsdbm_id/SWITCH_N_EXT_BSCAN.bscan_inst/SERIES7_BSCAN.bscan_inst/INTERNAL_TCK rise edge)
                                                     50.000    50.000 r  
    CONFIG_SITE_X0Y0     BSCANE2                      0.000    50.000 r  dbg_hub/inst/BSCANID.u_xsdbm_id/SWITCH_N_EXT_BSCAN.bscan_inst/SERIES7_BSCAN.bscan_inst/INTERNAL_TCK
    CONFIG_SITE_X0Y0     BSCANE2 (Prop_BSCAN1_CONFIG_SITE_INTERNAL_TCK_TCK)
                                                      0.465    50.465 r  dbg_hub/inst/BSCANID.u_xsdbm_id/SWITCH_N_EXT_BSCAN.bscan_inst/SERIES7_BSCAN.bscan_inst/TCK
                         net (fo=1, routed)           0.808    51.273    dbg_hub/inst/BSCANID.u_xsdbm_id/tck_bs
    BUFGCE_X0Y50         BUFGCE (Prop_BUFCE_BUFGCE_I_O)
                                                      0.024    51.297 r  dbg_hub/inst/BSCANID.u_xsdbm_id/SWITCH_N_EXT_BSCAN.u_bufg_icon_tck/O
    X2Y1 (CLOCK_ROOT)    net (fo=490, routed)         1.588    52.885    dbg_hub/inst/BSCANID.u_xsdbm_id/CORE_XSDB.U_ICON/U_CMD/m_bscan_tck[0]
    SLICE_X52Y138        FDCE                                         r  dbg_hub/inst/BSCANID.u_xsdbm_id/CORE_XSDB.U_ICON/U_CMD/iTARGET_reg[11]/C
                         clock pessimism              4.290    57.175    
                         clock uncertainty           -0.035    57.140    
    SLICE_X52Y138        FDCE (Recov_EFF2_SLICEL_C_CLR)
                                                     -0.066    57.074    dbg_hub/inst/BSCANID.u_xsdbm_id/CORE_XSDB.U_ICON/U_CMD/iTARGET_reg[11]
  -------------------------------------------------------------------
                         required time                         57.074    
                         arrival time                          -8.736    
  -------------------------------------------------------------------
                         slack                                 48.338    

Slack (MET) :             48.338ns  (required time - arrival time)
  Source:                 dbg_hub/inst/BSCANID.u_xsdbm_id/SWITCH_N_EXT_BSCAN.bscan_switch/portno_reg[3]/C
                            (rising edge-triggered cell FDRE clocked by dbg_hub/inst/BSCANID.u_xsdbm_id/SWITCH_N_EXT_BSCAN.bscan_inst/SERIES7_BSCAN.bscan_inst/INTERNAL_TCK  {rise@0.000ns fall@25.000ns period=50.000ns})
  Destination:            dbg_hub/inst/BSCANID.u_xsdbm_id/CORE_XSDB.U_ICON/U_CMD/iTARGET_reg[12]/CLR
                            (recovery check against rising-edge clock dbg_hub/inst/BSCANID.u_xsdbm_id/SWITCH_N_EXT_BSCAN.bscan_inst/SERIES7_BSCAN.bscan_inst/INTERNAL_TCK  {rise@0.000ns fall@25.000ns period=50.000ns})
  Path Group:             **async_default**
  Path Type:              Recovery (Max at Slow Process Corner)
  Requirement:            50.000ns  (dbg_hub/inst/BSCANID.u_xsdbm_id/SWITCH_N_EXT_BSCAN.bscan_inst/SERIES7_BSCAN.bscan_inst/INTERNAL_TCK rise@50.000ns - dbg_hub/inst/BSCANID.u_xsdbm_id/SWITCH_N_EXT_BSCAN.bscan_inst/SERIES7_BSCAN.bscan_inst/INTERNAL_TCK rise@0.000ns)
  Data Path Delay:        1.510ns  (logic 0.336ns (22.252%)  route 1.174ns (77.748%))
  Logic Levels:           2  (LUT4=1 LUT6=1)
  Clock Path Skew:        -0.051ns (DCD - SCD + CPR)
    Destination Clock Delay (DCD):    2.885ns = ( 52.885 - 50.000 ) 
    Source Clock Delay      (SCD):    7.226ns
    Clock Pessimism Removal (CPR):    4.290ns
  Clock Uncertainty:      0.035ns  ((TSJ^2 + TIJ^2)^1/2 + DJ) / 2 + PE
    Total System Jitter     (TSJ):    0.071ns
    Total Input Jitter      (TIJ):    0.000ns
    Discrete Jitter          (DJ):    0.000ns
    Phase Error              (PE):    0.000ns
  Clock Net Delay (Source):      1.758ns (routing 0.879ns, distribution 0.879ns)
  Clock Net Delay (Destination): 1.588ns (routing 0.798ns, distribution 0.790ns)

    Location             Delay type                Incr(ns)  Path(ns)    Netlist Resource(s)
  -------------------------------------------------------------------    -------------------
                         (clock dbg_hub/inst/BSCANID.u_xsdbm_id/SWITCH_N_EXT_BSCAN.bscan_inst/SERIES7_BSCAN.bscan_inst/INTERNAL_TCK rise edge)
                                                      0.000     0.000 r  
    CONFIG_SITE_X0Y0     BSCANE2                      0.000     0.000 r  dbg_hub/inst/BSCANID.u_xsdbm_id/SWITCH_N_EXT_BSCAN.bscan_inst/SERIES7_BSCAN.bscan_inst/INTERNAL_TCK
    CONFIG_SITE_X0Y0     BSCANE2 (Prop_BSCAN1_CONFIG_SITE_INTERNAL_TCK_TCK)
                                                      4.300     4.300 r  dbg_hub/inst/BSCANID.u_xsdbm_id/SWITCH_N_EXT_BSCAN.bscan_inst/SERIES7_BSCAN.bscan_inst/TCK
                         net (fo=1, routed)           1.140     5.440    dbg_hub/inst/BSCANID.u_xsdbm_id/tck_bs
    BUFGCE_X0Y50         BUFGCE (Prop_BUFCE_BUFGCE_I_O)
                                                      0.028     5.468 r  dbg_hub/inst/BSCANID.u_xsdbm_id/SWITCH_N_EXT_BSCAN.u_bufg_icon_tck/O
    X2Y1 (CLOCK_ROOT)    net (fo=490, routed)         1.758     7.226    dbg_hub/inst/BSCANID.u_xsdbm_id/SWITCH_N_EXT_BSCAN.bscan_switch/s_bscan_tck
    SLICE_X48Y163        FDRE                                         r  dbg_hub/inst/BSCANID.u_xsdbm_id/SWITCH_N_EXT_BSCAN.bscan_switch/portno_reg[3]/C
  -------------------------------------------------------------------    -------------------
    SLICE_X48Y163        FDRE (Prop_BFF2_SLICEL_C_Q)
                                                      0.080     7.306 f  dbg_hub/inst/BSCANID.u_xsdbm_id/SWITCH_N_EXT_BSCAN.bscan_switch/portno_reg[3]/Q
                         net (fo=1, routed)           0.188     7.494    dbg_hub/inst/BSCANID.u_xsdbm_id/SWITCH_N_EXT_BSCAN.bscan_switch/portno[3]
    SLICE_X48Y163        LUT6 (Prop_D6LUT_SLICEL_I0_O)
                                                      0.146     7.640 f  dbg_hub/inst/BSCANID.u_xsdbm_id/SWITCH_N_EXT_BSCAN.bscan_switch/m_bscan_drck[0]_INST_0_i_1/O
                         net (fo=5, routed)           0.509     8.149    dbg_hub/inst/BSCANID.u_xsdbm_id/SWITCH_N_EXT_BSCAN.bscan_switch/m_bscan_drck[0]_INST_0_i_1_n_0
    SLICE_X49Y162        LUT4 (Prop_D5LUT_SLICEL_I3_O)
                                                      0.110     8.259 r  dbg_hub/inst/BSCANID.u_xsdbm_id/SWITCH_N_EXT_BSCAN.bscan_switch/m_bscan_sel[0]_INST_0/O
                         net (fo=11, routed)          0.477     8.736    dbg_hub/inst/BSCANID.u_xsdbm_id/CORE_XSDB.U_ICON/U_CMD/iTARGET_reg[6]_0
    SLICE_X52Y138        FDCE                                         f  dbg_hub/inst/BSCANID.u_xsdbm_id/CORE_XSDB.U_ICON/U_CMD/iTARGET_reg[12]/CLR  (IS_INVERTED)
  -------------------------------------------------------------------    -------------------

                         (clock dbg_hub/inst/BSCANID.u_xsdbm_id/SWITCH_N_EXT_BSCAN.bscan_inst/SERIES7_BSCAN.bscan_inst/INTERNAL_TCK rise edge)
                                                     50.000    50.000 r  
    CONFIG_SITE_X0Y0     BSCANE2                      0.000    50.000 r  dbg_hub/inst/BSCANID.u_xsdbm_id/SWITCH_N_EXT_BSCAN.bscan_inst/SERIES7_BSCAN.bscan_inst/INTERNAL_TCK
    CONFIG_SITE_X0Y0     BSCANE2 (Prop_BSCAN1_CONFIG_SITE_INTERNAL_TCK_TCK)
                                                      0.465    50.465 r  dbg_hub/inst/BSCANID.u_xsdbm_id/SWITCH_N_EXT_BSCAN.bscan_inst/SERIES7_BSCAN.bscan_inst/TCK
                         net (fo=1, routed)           0.808    51.273    dbg_hub/inst/BSCANID.u_xsdbm_id/tck_bs
    BUFGCE_X0Y50         BUFGCE (Prop_BUFCE_BUFGCE_I_O)
                                                      0.024    51.297 r  dbg_hub/inst/BSCANID.u_xsdbm_id/SWITCH_N_EXT_BSCAN.u_bufg_icon_tck/O
    X2Y1 (CLOCK_ROOT)    net (fo=490, routed)         1.588    52.885    dbg_hub/inst/BSCANID.u_xsdbm_id/CORE_XSDB.U_ICON/U_CMD/m_bscan_tck[0]
    SLICE_X52Y138        FDCE                                         r  dbg_hub/inst/BSCANID.u_xsdbm_id/CORE_XSDB.U_ICON/U_CMD/iTARGET_reg[12]/C
                         clock pessimism              4.290    57.175    
                         clock uncertainty           -0.035    57.140    
    SLICE_X52Y138        FDCE (Recov_FFF_SLICEL_C_CLR)
                                                     -0.066    57.074    dbg_hub/inst/BSCANID.u_xsdbm_id/CORE_XSDB.U_ICON/U_CMD/iTARGET_reg[12]
  -------------------------------------------------------------------
                         required time                         57.074    
                         arrival time                          -8.736    
  -------------------------------------------------------------------
                         slack                                 48.338    

Slack (MET) :             48.338ns  (required time - arrival time)
  Source:                 dbg_hub/inst/BSCANID.u_xsdbm_id/SWITCH_N_EXT_BSCAN.bscan_switch/portno_reg[3]/C
                            (rising edge-triggered cell FDRE clocked by dbg_hub/inst/BSCANID.u_xsdbm_id/SWITCH_N_EXT_BSCAN.bscan_inst/SERIES7_BSCAN.bscan_inst/INTERNAL_TCK  {rise@0.000ns fall@25.000ns period=50.000ns})
  Destination:            dbg_hub/inst/BSCANID.u_xsdbm_id/CORE_XSDB.U_ICON/U_CMD/iTARGET_reg[13]/CLR
                            (recovery check against rising-edge clock dbg_hub/inst/BSCANID.u_xsdbm_id/SWITCH_N_EXT_BSCAN.bscan_inst/SERIES7_BSCAN.bscan_inst/INTERNAL_TCK  {rise@0.000ns fall@25.000ns period=50.000ns})
  Path Group:             **async_default**
  Path Type:              Recovery (Max at Slow Process Corner)
  Requirement:            50.000ns  (dbg_hub/inst/BSCANID.u_xsdbm_id/SWITCH_N_EXT_BSCAN.bscan_inst/SERIES7_BSCAN.bscan_inst/INTERNAL_TCK rise@50.000ns - dbg_hub/inst/BSCANID.u_xsdbm_id/SWITCH_N_EXT_BSCAN.bscan_inst/SERIES7_BSCAN.bscan_inst/INTERNAL_TCK rise@0.000ns)
  Data Path Delay:        1.510ns  (logic 0.336ns (22.252%)  route 1.174ns (77.748%))
  Logic Levels:           2  (LUT4=1 LUT6=1)
  Clock Path Skew:        -0.051ns (DCD - SCD + CPR)
    Destination Clock Delay (DCD):    2.885ns = ( 52.885 - 50.000 ) 
    Source Clock Delay      (SCD):    7.226ns
    Clock Pessimism Removal (CPR):    4.290ns
  Clock Uncertainty:      0.035ns  ((TSJ^2 + TIJ^2)^1/2 + DJ) / 2 + PE
    Total System Jitter     (TSJ):    0.071ns
    Total Input Jitter      (TIJ):    0.000ns
    Discrete Jitter          (DJ):    0.000ns
    Phase Error              (PE):    0.000ns
  Clock Net Delay (Source):      1.758ns (routing 0.879ns, distribution 0.879ns)
  Clock Net Delay (Destination): 1.588ns (routing 0.798ns, distribution 0.790ns)

    Location             Delay type                Incr(ns)  Path(ns)    Netlist Resource(s)
  -------------------------------------------------------------------    -------------------
                         (clock dbg_hub/inst/BSCANID.u_xsdbm_id/SWITCH_N_EXT_BSCAN.bscan_inst/SERIES7_BSCAN.bscan_inst/INTERNAL_TCK rise edge)
                                                      0.000     0.000 r  
    CONFIG_SITE_X0Y0     BSCANE2                      0.000     0.000 r  dbg_hub/inst/BSCANID.u_xsdbm_id/SWITCH_N_EXT_BSCAN.bscan_inst/SERIES7_BSCAN.bscan_inst/INTERNAL_TCK
    CONFIG_SITE_X0Y0     BSCANE2 (Prop_BSCAN1_CONFIG_SITE_INTERNAL_TCK_TCK)
                                                      4.300     4.300 r  dbg_hub/inst/BSCANID.u_xsdbm_id/SWITCH_N_EXT_BSCAN.bscan_inst/SERIES7_BSCAN.bscan_inst/TCK
                         net (fo=1, routed)           1.140     5.440    dbg_hub/inst/BSCANID.u_xsdbm_id/tck_bs
    BUFGCE_X0Y50         BUFGCE (Prop_BUFCE_BUFGCE_I_O)
                                                      0.028     5.468 r  dbg_hub/inst/BSCANID.u_xsdbm_id/SWITCH_N_EXT_BSCAN.u_bufg_icon_tck/O
    X2Y1 (CLOCK_ROOT)    net (fo=490, routed)         1.758     7.226    dbg_hub/inst/BSCANID.u_xsdbm_id/SWITCH_N_EXT_BSCAN.bscan_switch/s_bscan_tck
    SLICE_X48Y163        FDRE                                         r  dbg_hub/inst/BSCANID.u_xsdbm_id/SWITCH_N_EXT_BSCAN.bscan_switch/portno_reg[3]/C
  -------------------------------------------------------------------    -------------------
    SLICE_X48Y163        FDRE (Prop_BFF2_SLICEL_C_Q)
                                                      0.080     7.306 f  dbg_hub/inst/BSCANID.u_xsdbm_id/SWITCH_N_EXT_BSCAN.bscan_switch/portno_reg[3]/Q
                         net (fo=1, routed)           0.188     7.494    dbg_hub/inst/BSCANID.u_xsdbm_id/SWITCH_N_EXT_BSCAN.bscan_switch/portno[3]
    SLICE_X48Y163        LUT6 (Prop_D6LUT_SLICEL_I0_O)
                                                      0.146     7.640 f  dbg_hub/inst/BSCANID.u_xsdbm_id/SWITCH_N_EXT_BSCAN.bscan_switch/m_bscan_drck[0]_INST_0_i_1/O
                         net (fo=5, routed)           0.509     8.149    dbg_hub/inst/BSCANID.u_xsdbm_id/SWITCH_N_EXT_BSCAN.bscan_switch/m_bscan_drck[0]_INST_0_i_1_n_0
    SLICE_X49Y162        LUT4 (Prop_D5LUT_SLICEL_I3_O)
                                                      0.110     8.259 r  dbg_hub/inst/BSCANID.u_xsdbm_id/SWITCH_N_EXT_BSCAN.bscan_switch/m_bscan_sel[0]_INST_0/O
                         net (fo=11, routed)          0.477     8.736    dbg_hub/inst/BSCANID.u_xsdbm_id/CORE_XSDB.U_ICON/U_CMD/iTARGET_reg[6]_0
    SLICE_X52Y138        FDCE                                         f  dbg_hub/inst/BSCANID.u_xsdbm_id/CORE_XSDB.U_ICON/U_CMD/iTARGET_reg[13]/CLR  (IS_INVERTED)
  -------------------------------------------------------------------    -------------------

                         (clock dbg_hub/inst/BSCANID.u_xsdbm_id/SWITCH_N_EXT_BSCAN.bscan_inst/SERIES7_BSCAN.bscan_inst/INTERNAL_TCK rise edge)
                                                     50.000    50.000 r  
    CONFIG_SITE_X0Y0     BSCANE2                      0.000    50.000 r  dbg_hub/inst/BSCANID.u_xsdbm_id/SWITCH_N_EXT_BSCAN.bscan_inst/SERIES7_BSCAN.bscan_inst/INTERNAL_TCK
    CONFIG_SITE_X0Y0     BSCANE2 (Prop_BSCAN1_CONFIG_SITE_INTERNAL_TCK_TCK)
                                                      0.465    50.465 r  dbg_hub/inst/BSCANID.u_xsdbm_id/SWITCH_N_EXT_BSCAN.bscan_inst/SERIES7_BSCAN.bscan_inst/TCK
                         net (fo=1, routed)           0.808    51.273    dbg_hub/inst/BSCANID.u_xsdbm_id/tck_bs
    BUFGCE_X0Y50         BUFGCE (Prop_BUFCE_BUFGCE_I_O)
                                                      0.024    51.297 r  dbg_hub/inst/BSCANID.u_xsdbm_id/SWITCH_N_EXT_BSCAN.u_bufg_icon_tck/O
    X2Y1 (CLOCK_ROOT)    net (fo=490, routed)         1.588    52.885    dbg_hub/inst/BSCANID.u_xsdbm_id/CORE_XSDB.U_ICON/U_CMD/m_bscan_tck[0]
    SLICE_X52Y138        FDCE                                         r  dbg_hub/inst/BSCANID.u_xsdbm_id/CORE_XSDB.U_ICON/U_CMD/iTARGET_reg[13]/C
                         clock pessimism              4.290    57.175    
                         clock uncertainty           -0.035    57.140    
    SLICE_X52Y138        FDCE (Recov_FFF2_SLICEL_C_CLR)
                                                     -0.066    57.074    dbg_hub/inst/BSCANID.u_xsdbm_id/CORE_XSDB.U_ICON/U_CMD/iTARGET_reg[13]
  -------------------------------------------------------------------
                         required time                         57.074    
                         arrival time                          -8.736    
  -------------------------------------------------------------------
                         slack                                 48.338    

Slack (MET) :             48.338ns  (required time - arrival time)
  Source:                 dbg_hub/inst/BSCANID.u_xsdbm_id/SWITCH_N_EXT_BSCAN.bscan_switch/portno_reg[3]/C
                            (rising edge-triggered cell FDRE clocked by dbg_hub/inst/BSCANID.u_xsdbm_id/SWITCH_N_EXT_BSCAN.bscan_inst/SERIES7_BSCAN.bscan_inst/INTERNAL_TCK  {rise@0.000ns fall@25.000ns period=50.000ns})
  Destination:            dbg_hub/inst/BSCANID.u_xsdbm_id/CORE_XSDB.U_ICON/U_CMD/iTARGET_reg[6]/CLR
                            (recovery check against rising-edge clock dbg_hub/inst/BSCANID.u_xsdbm_id/SWITCH_N_EXT_BSCAN.bscan_inst/SERIES7_BSCAN.bscan_inst/INTERNAL_TCK  {rise@0.000ns fall@25.000ns period=50.000ns})
  Path Group:             **async_default**
  Path Type:              Recovery (Max at Slow Process Corner)
  Requirement:            50.000ns  (dbg_hub/inst/BSCANID.u_xsdbm_id/SWITCH_N_EXT_BSCAN.bscan_inst/SERIES7_BSCAN.bscan_inst/INTERNAL_TCK rise@50.000ns - dbg_hub/inst/BSCANID.u_xsdbm_id/SWITCH_N_EXT_BSCAN.bscan_inst/SERIES7_BSCAN.bscan_inst/INTERNAL_TCK rise@0.000ns)
  Data Path Delay:        1.510ns  (logic 0.336ns (22.252%)  route 1.174ns (77.748%))
  Logic Levels:           2  (LUT4=1 LUT6=1)
  Clock Path Skew:        -0.051ns (DCD - SCD + CPR)
    Destination Clock Delay (DCD):    2.885ns = ( 52.885 - 50.000 ) 
    Source Clock Delay      (SCD):    7.226ns
    Clock Pessimism Removal (CPR):    4.290ns
  Clock Uncertainty:      0.035ns  ((TSJ^2 + TIJ^2)^1/2 + DJ) / 2 + PE
    Total System Jitter     (TSJ):    0.071ns
    Total Input Jitter      (TIJ):    0.000ns
    Discrete Jitter          (DJ):    0.000ns
    Phase Error              (PE):    0.000ns
  Clock Net Delay (Source):      1.758ns (routing 0.879ns, distribution 0.879ns)
  Clock Net Delay (Destination): 1.588ns (routing 0.798ns, distribution 0.790ns)

    Location             Delay type                Incr(ns)  Path(ns)    Netlist Resource(s)
  -------------------------------------------------------------------    -------------------
                         (clock dbg_hub/inst/BSCANID.u_xsdbm_id/SWITCH_N_EXT_BSCAN.bscan_inst/SERIES7_BSCAN.bscan_inst/INTERNAL_TCK rise edge)
                                                      0.000     0.000 r  
    CONFIG_SITE_X0Y0     BSCANE2                      0.000     0.000 r  dbg_hub/inst/BSCANID.u_xsdbm_id/SWITCH_N_EXT_BSCAN.bscan_inst/SERIES7_BSCAN.bscan_inst/INTERNAL_TCK
    CONFIG_SITE_X0Y0     BSCANE2 (Prop_BSCAN1_CONFIG_SITE_INTERNAL_TCK_TCK)
                                                      4.300     4.300 r  dbg_hub/inst/BSCANID.u_xsdbm_id/SWITCH_N_EXT_BSCAN.bscan_inst/SERIES7_BSCAN.bscan_inst/TCK
                         net (fo=1, routed)           1.140     5.440    dbg_hub/inst/BSCANID.u_xsdbm_id/tck_bs
    BUFGCE_X0Y50         BUFGCE (Prop_BUFCE_BUFGCE_I_O)
                                                      0.028     5.468 r  dbg_hub/inst/BSCANID.u_xsdbm_id/SWITCH_N_EXT_BSCAN.u_bufg_icon_tck/O
    X2Y1 (CLOCK_ROOT)    net (fo=490, routed)         1.758     7.226    dbg_hub/inst/BSCANID.u_xsdbm_id/SWITCH_N_EXT_BSCAN.bscan_switch/s_bscan_tck
    SLICE_X48Y163        FDRE                                         r  dbg_hub/inst/BSCANID.u_xsdbm_id/SWITCH_N_EXT_BSCAN.bscan_switch/portno_reg[3]/C
  -------------------------------------------------------------------    -------------------
    SLICE_X48Y163        FDRE (Prop_BFF2_SLICEL_C_Q)
                                                      0.080     7.306 f  dbg_hub/inst/BSCANID.u_xsdbm_id/SWITCH_N_EXT_BSCAN.bscan_switch/portno_reg[3]/Q
                         net (fo=1, routed)           0.188     7.494    dbg_hub/inst/BSCANID.u_xsdbm_id/SWITCH_N_EXT_BSCAN.bscan_switch/portno[3]
    SLICE_X48Y163        LUT6 (Prop_D6LUT_SLICEL_I0_O)
                                                      0.146     7.640 f  dbg_hub/inst/BSCANID.u_xsdbm_id/SWITCH_N_EXT_BSCAN.bscan_switch/m_bscan_drck[0]_INST_0_i_1/O
                         net (fo=5, routed)           0.509     8.149    dbg_hub/inst/BSCANID.u_xsdbm_id/SWITCH_N_EXT_BSCAN.bscan_switch/m_bscan_drck[0]_INST_0_i_1_n_0
    SLICE_X49Y162        LUT4 (Prop_D5LUT_SLICEL_I3_O)
                                                      0.110     8.259 r  dbg_hub/inst/BSCANID.u_xsdbm_id/SWITCH_N_EXT_BSCAN.bscan_switch/m_bscan_sel[0]_INST_0/O
                         net (fo=11, routed)          0.477     8.736    dbg_hub/inst/BSCANID.u_xsdbm_id/CORE_XSDB.U_ICON/U_CMD/iTARGET_reg[6]_0
    SLICE_X52Y138        FDCE                                         f  dbg_hub/inst/BSCANID.u_xsdbm_id/CORE_XSDB.U_ICON/U_CMD/iTARGET_reg[6]/CLR  (IS_INVERTED)
  -------------------------------------------------------------------    -------------------

                         (clock dbg_hub/inst/BSCANID.u_xsdbm_id/SWITCH_N_EXT_BSCAN.bscan_inst/SERIES7_BSCAN.bscan_inst/INTERNAL_TCK rise edge)
                                                     50.000    50.000 r  
    CONFIG_SITE_X0Y0     BSCANE2                      0.000    50.000 r  dbg_hub/inst/BSCANID.u_xsdbm_id/SWITCH_N_EXT_BSCAN.bscan_inst/SERIES7_BSCAN.bscan_inst/INTERNAL_TCK
    CONFIG_SITE_X0Y0     BSCANE2 (Prop_BSCAN1_CONFIG_SITE_INTERNAL_TCK_TCK)
                                                      0.465    50.465 r  dbg_hub/inst/BSCANID.u_xsdbm_id/SWITCH_N_EXT_BSCAN.bscan_inst/SERIES7_BSCAN.bscan_inst/TCK
                         net (fo=1, routed)           0.808    51.273    dbg_hub/inst/BSCANID.u_xsdbm_id/tck_bs
    BUFGCE_X0Y50         BUFGCE (Prop_BUFCE_BUFGCE_I_O)
                                                      0.024    51.297 r  dbg_hub/inst/BSCANID.u_xsdbm_id/SWITCH_N_EXT_BSCAN.u_bufg_icon_tck/O
    X2Y1 (CLOCK_ROOT)    net (fo=490, routed)         1.588    52.885    dbg_hub/inst/BSCANID.u_xsdbm_id/CORE_XSDB.U_ICON/U_CMD/m_bscan_tck[0]
    SLICE_X52Y138        FDCE                                         r  dbg_hub/inst/BSCANID.u_xsdbm_id/CORE_XSDB.U_ICON/U_CMD/iTARGET_reg[6]/C
                         clock pessimism              4.290    57.175    
                         clock uncertainty           -0.035    57.140    
    SLICE_X52Y138        FDCE (Recov_GFF_SLICEL_C_CLR)
                                                     -0.066    57.074    dbg_hub/inst/BSCANID.u_xsdbm_id/CORE_XSDB.U_ICON/U_CMD/iTARGET_reg[6]
  -------------------------------------------------------------------
                         required time                         57.074    
                         arrival time                          -8.736    
  -------------------------------------------------------------------
                         slack                                 48.338    

Slack (MET) :             48.338ns  (required time - arrival time)
  Source:                 dbg_hub/inst/BSCANID.u_xsdbm_id/SWITCH_N_EXT_BSCAN.bscan_switch/portno_reg[3]/C
                            (rising edge-triggered cell FDRE clocked by dbg_hub/inst/BSCANID.u_xsdbm_id/SWITCH_N_EXT_BSCAN.bscan_inst/SERIES7_BSCAN.bscan_inst/INTERNAL_TCK  {rise@0.000ns fall@25.000ns period=50.000ns})
  Destination:            dbg_hub/inst/BSCANID.u_xsdbm_id/CORE_XSDB.U_ICON/U_CMD/iTARGET_reg[7]/CLR
                            (recovery check against rising-edge clock dbg_hub/inst/BSCANID.u_xsdbm_id/SWITCH_N_EXT_BSCAN.bscan_inst/SERIES7_BSCAN.bscan_inst/INTERNAL_TCK  {rise@0.000ns fall@25.000ns period=50.000ns})
  Path Group:             **async_default**
  Path Type:              Recovery (Max at Slow Process Corner)
  Requirement:            50.000ns  (dbg_hub/inst/BSCANID.u_xsdbm_id/SWITCH_N_EXT_BSCAN.bscan_inst/SERIES7_BSCAN.bscan_inst/INTERNAL_TCK rise@50.000ns - dbg_hub/inst/BSCANID.u_xsdbm_id/SWITCH_N_EXT_BSCAN.bscan_inst/SERIES7_BSCAN.bscan_inst/INTERNAL_TCK rise@0.000ns)
  Data Path Delay:        1.510ns  (logic 0.336ns (22.252%)  route 1.174ns (77.748%))
  Logic Levels:           2  (LUT4=1 LUT6=1)
  Clock Path Skew:        -0.051ns (DCD - SCD + CPR)
    Destination Clock Delay (DCD):    2.885ns = ( 52.885 - 50.000 ) 
    Source Clock Delay      (SCD):    7.226ns
    Clock Pessimism Removal (CPR):    4.290ns
  Clock Uncertainty:      0.035ns  ((TSJ^2 + TIJ^2)^1/2 + DJ) / 2 + PE
    Total System Jitter     (TSJ):    0.071ns
    Total Input Jitter      (TIJ):    0.000ns
    Discrete Jitter          (DJ):    0.000ns
    Phase Error              (PE):    0.000ns
  Clock Net Delay (Source):      1.758ns (routing 0.879ns, distribution 0.879ns)
  Clock Net Delay (Destination): 1.588ns (routing 0.798ns, distribution 0.790ns)

    Location             Delay type                Incr(ns)  Path(ns)    Netlist Resource(s)
  -------------------------------------------------------------------    -------------------
                         (clock dbg_hub/inst/BSCANID.u_xsdbm_id/SWITCH_N_EXT_BSCAN.bscan_inst/SERIES7_BSCAN.bscan_inst/INTERNAL_TCK rise edge)
                                                      0.000     0.000 r  
    CONFIG_SITE_X0Y0     BSCANE2                      0.000     0.000 r  dbg_hub/inst/BSCANID.u_xsdbm_id/SWITCH_N_EXT_BSCAN.bscan_inst/SERIES7_BSCAN.bscan_inst/INTERNAL_TCK
    CONFIG_SITE_X0Y0     BSCANE2 (Prop_BSCAN1_CONFIG_SITE_INTERNAL_TCK_TCK)
                                                      4.300     4.300 r  dbg_hub/inst/BSCANID.u_xsdbm_id/SWITCH_N_EXT_BSCAN.bscan_inst/SERIES7_BSCAN.bscan_inst/TCK
                         net (fo=1, routed)           1.140     5.440    dbg_hub/inst/BSCANID.u_xsdbm_id/tck_bs
    BUFGCE_X0Y50         BUFGCE (Prop_BUFCE_BUFGCE_I_O)
                                                      0.028     5.468 r  dbg_hub/inst/BSCANID.u_xsdbm_id/SWITCH_N_EXT_BSCAN.u_bufg_icon_tck/O
    X2Y1 (CLOCK_ROOT)    net (fo=490, routed)         1.758     7.226    dbg_hub/inst/BSCANID.u_xsdbm_id/SWITCH_N_EXT_BSCAN.bscan_switch/s_bscan_tck
    SLICE_X48Y163        FDRE                                         r  dbg_hub/inst/BSCANID.u_xsdbm_id/SWITCH_N_EXT_BSCAN.bscan_switch/portno_reg[3]/C
  -------------------------------------------------------------------    -------------------
    SLICE_X48Y163        FDRE (Prop_BFF2_SLICEL_C_Q)
                                                      0.080     7.306 f  dbg_hub/inst/BSCANID.u_xsdbm_id/SWITCH_N_EXT_BSCAN.bscan_switch/portno_reg[3]/Q
                         net (fo=1, routed)           0.188     7.494    dbg_hub/inst/BSCANID.u_xsdbm_id/SWITCH_N_EXT_BSCAN.bscan_switch/portno[3]
    SLICE_X48Y163        LUT6 (Prop_D6LUT_SLICEL_I0_O)
                                                      0.146     7.640 f  dbg_hub/inst/BSCANID.u_xsdbm_id/SWITCH_N_EXT_BSCAN.bscan_switch/m_bscan_drck[0]_INST_0_i_1/O
                         net (fo=5, routed)           0.509     8.149    dbg_hub/inst/BSCANID.u_xsdbm_id/SWITCH_N_EXT_BSCAN.bscan_switch/m_bscan_drck[0]_INST_0_i_1_n_0
    SLICE_X49Y162        LUT4 (Prop_D5LUT_SLICEL_I3_O)
                                                      0.110     8.259 r  dbg_hub/inst/BSCANID.u_xsdbm_id/SWITCH_N_EXT_BSCAN.bscan_switch/m_bscan_sel[0]_INST_0/O
                         net (fo=11, routed)          0.477     8.736    dbg_hub/inst/BSCANID.u_xsdbm_id/CORE_XSDB.U_ICON/U_CMD/iTARGET_reg[6]_0
    SLICE_X52Y138        FDCE                                         f  dbg_hub/inst/BSCANID.u_xsdbm_id/CORE_XSDB.U_ICON/U_CMD/iTARGET_reg[7]/CLR  (IS_INVERTED)
  -------------------------------------------------------------------    -------------------

                         (clock dbg_hub/inst/BSCANID.u_xsdbm_id/SWITCH_N_EXT_BSCAN.bscan_inst/SERIES7_BSCAN.bscan_inst/INTERNAL_TCK rise edge)
                                                     50.000    50.000 r  
    CONFIG_SITE_X0Y0     BSCANE2                      0.000    50.000 r  dbg_hub/inst/BSCANID.u_xsdbm_id/SWITCH_N_EXT_BSCAN.bscan_inst/SERIES7_BSCAN.bscan_inst/INTERNAL_TCK
    CONFIG_SITE_X0Y0     BSCANE2 (Prop_BSCAN1_CONFIG_SITE_INTERNAL_TCK_TCK)
                                                      0.465    50.465 r  dbg_hub/inst/BSCANID.u_xsdbm_id/SWITCH_N_EXT_BSCAN.bscan_inst/SERIES7_BSCAN.bscan_inst/TCK
                         net (fo=1, routed)           0.808    51.273    dbg_hub/inst/BSCANID.u_xsdbm_id/tck_bs
    BUFGCE_X0Y50         BUFGCE (Prop_BUFCE_BUFGCE_I_O)
                                                      0.024    51.297 r  dbg_hub/inst/BSCANID.u_xsdbm_id/SWITCH_N_EXT_BSCAN.u_bufg_icon_tck/O
    X2Y1 (CLOCK_ROOT)    net (fo=490, routed)         1.588    52.885    dbg_hub/inst/BSCANID.u_xsdbm_id/CORE_XSDB.U_ICON/U_CMD/m_bscan_tck[0]
    SLICE_X52Y138        FDCE                                         r  dbg_hub/inst/BSCANID.u_xsdbm_id/CORE_XSDB.U_ICON/U_CMD/iTARGET_reg[7]/C
                         clock pessimism              4.290    57.175    
                         clock uncertainty           -0.035    57.140    
    SLICE_X52Y138        FDCE (Recov_GFF2_SLICEL_C_CLR)
                                                     -0.066    57.074    dbg_hub/inst/BSCANID.u_xsdbm_id/CORE_XSDB.U_ICON/U_CMD/iTARGET_reg[7]
  -------------------------------------------------------------------
                         required time                         57.074    
                         arrival time                          -8.736    
  -------------------------------------------------------------------
                         slack                                 48.338    

Slack (MET) :             48.338ns  (required time - arrival time)
  Source:                 dbg_hub/inst/BSCANID.u_xsdbm_id/SWITCH_N_EXT_BSCAN.bscan_switch/portno_reg[3]/C
                            (rising edge-triggered cell FDRE clocked by dbg_hub/inst/BSCANID.u_xsdbm_id/SWITCH_N_EXT_BSCAN.bscan_inst/SERIES7_BSCAN.bscan_inst/INTERNAL_TCK  {rise@0.000ns fall@25.000ns period=50.000ns})
  Destination:            dbg_hub/inst/BSCANID.u_xsdbm_id/CORE_XSDB.U_ICON/U_CMD/iTARGET_reg[8]/CLR
                            (recovery check against rising-edge clock dbg_hub/inst/BSCANID.u_xsdbm_id/SWITCH_N_EXT_BSCAN.bscan_inst/SERIES7_BSCAN.bscan_inst/INTERNAL_TCK  {rise@0.000ns fall@25.000ns period=50.000ns})
  Path Group:             **async_default**
  Path Type:              Recovery (Max at Slow Process Corner)
  Requirement:            50.000ns  (dbg_hub/inst/BSCANID.u_xsdbm_id/SWITCH_N_EXT_BSCAN.bscan_inst/SERIES7_BSCAN.bscan_inst/INTERNAL_TCK rise@50.000ns - dbg_hub/inst/BSCANID.u_xsdbm_id/SWITCH_N_EXT_BSCAN.bscan_inst/SERIES7_BSCAN.bscan_inst/INTERNAL_TCK rise@0.000ns)
  Data Path Delay:        1.510ns  (logic 0.336ns (22.252%)  route 1.174ns (77.748%))
  Logic Levels:           2  (LUT4=1 LUT6=1)
  Clock Path Skew:        -0.051ns (DCD - SCD + CPR)
    Destination Clock Delay (DCD):    2.885ns = ( 52.885 - 50.000 ) 
    Source Clock Delay      (SCD):    7.226ns
    Clock Pessimism Removal (CPR):    4.290ns
  Clock Uncertainty:      0.035ns  ((TSJ^2 + TIJ^2)^1/2 + DJ) / 2 + PE
    Total System Jitter     (TSJ):    0.071ns
    Total Input Jitter      (TIJ):    0.000ns
    Discrete Jitter          (DJ):    0.000ns
    Phase Error              (PE):    0.000ns
  Clock Net Delay (Source):      1.758ns (routing 0.879ns, distribution 0.879ns)
  Clock Net Delay (Destination): 1.588ns (routing 0.798ns, distribution 0.790ns)

    Location             Delay type                Incr(ns)  Path(ns)    Netlist Resource(s)
  -------------------------------------------------------------------    -------------------
                         (clock dbg_hub/inst/BSCANID.u_xsdbm_id/SWITCH_N_EXT_BSCAN.bscan_inst/SERIES7_BSCAN.bscan_inst/INTERNAL_TCK rise edge)
                                                      0.000     0.000 r  
    CONFIG_SITE_X0Y0     BSCANE2                      0.000     0.000 r  dbg_hub/inst/BSCANID.u_xsdbm_id/SWITCH_N_EXT_BSCAN.bscan_inst/SERIES7_BSCAN.bscan_inst/INTERNAL_TCK
    CONFIG_SITE_X0Y0     BSCANE2 (Prop_BSCAN1_CONFIG_SITE_INTERNAL_TCK_TCK)
                                                      4.300     4.300 r  dbg_hub/inst/BSCANID.u_xsdbm_id/SWITCH_N_EXT_BSCAN.bscan_inst/SERIES7_BSCAN.bscan_inst/TCK
                         net (fo=1, routed)           1.140     5.440    dbg_hub/inst/BSCANID.u_xsdbm_id/tck_bs
    BUFGCE_X0Y50         BUFGCE (Prop_BUFCE_BUFGCE_I_O)
                                                      0.028     5.468 r  dbg_hub/inst/BSCANID.u_xsdbm_id/SWITCH_N_EXT_BSCAN.u_bufg_icon_tck/O
    X2Y1 (CLOCK_ROOT)    net (fo=490, routed)         1.758     7.226    dbg_hub/inst/BSCANID.u_xsdbm_id/SWITCH_N_EXT_BSCAN.bscan_switch/s_bscan_tck
    SLICE_X48Y163        FDRE                                         r  dbg_hub/inst/BSCANID.u_xsdbm_id/SWITCH_N_EXT_BSCAN.bscan_switch/portno_reg[3]/C
  -------------------------------------------------------------------    -------------------
    SLICE_X48Y163        FDRE (Prop_BFF2_SLICEL_C_Q)
                                                      0.080     7.306 f  dbg_hub/inst/BSCANID.u_xsdbm_id/SWITCH_N_EXT_BSCAN.bscan_switch/portno_reg[3]/Q
                         net (fo=1, routed)           0.188     7.494    dbg_hub/inst/BSCANID.u_xsdbm_id/SWITCH_N_EXT_BSCAN.bscan_switch/portno[3]
    SLICE_X48Y163        LUT6 (Prop_D6LUT_SLICEL_I0_O)
                                                      0.146     7.640 f  dbg_hub/inst/BSCANID.u_xsdbm_id/SWITCH_N_EXT_BSCAN.bscan_switch/m_bscan_drck[0]_INST_0_i_1/O
                         net (fo=5, routed)           0.509     8.149    dbg_hub/inst/BSCANID.u_xsdbm_id/SWITCH_N_EXT_BSCAN.bscan_switch/m_bscan_drck[0]_INST_0_i_1_n_0
    SLICE_X49Y162        LUT4 (Prop_D5LUT_SLICEL_I3_O)
                                                      0.110     8.259 r  dbg_hub/inst/BSCANID.u_xsdbm_id/SWITCH_N_EXT_BSCAN.bscan_switch/m_bscan_sel[0]_INST_0/O
                         net (fo=11, routed)          0.477     8.736    dbg_hub/inst/BSCANID.u_xsdbm_id/CORE_XSDB.U_ICON/U_CMD/iTARGET_reg[6]_0
    SLICE_X52Y138        FDCE                                         f  dbg_hub/inst/BSCANID.u_xsdbm_id/CORE_XSDB.U_ICON/U_CMD/iTARGET_reg[8]/CLR  (IS_INVERTED)
  -------------------------------------------------------------------    -------------------

                         (clock dbg_hub/inst/BSCANID.u_xsdbm_id/SWITCH_N_EXT_BSCAN.bscan_inst/SERIES7_BSCAN.bscan_inst/INTERNAL_TCK rise edge)
                                                     50.000    50.000 r  
    CONFIG_SITE_X0Y0     BSCANE2                      0.000    50.000 r  dbg_hub/inst/BSCANID.u_xsdbm_id/SWITCH_N_EXT_BSCAN.bscan_inst/SERIES7_BSCAN.bscan_inst/INTERNAL_TCK
    CONFIG_SITE_X0Y0     BSCANE2 (Prop_BSCAN1_CONFIG_SITE_INTERNAL_TCK_TCK)
                                                      0.465    50.465 r  dbg_hub/inst/BSCANID.u_xsdbm_id/SWITCH_N_EXT_BSCAN.bscan_inst/SERIES7_BSCAN.bscan_inst/TCK
                         net (fo=1, routed)           0.808    51.273    dbg_hub/inst/BSCANID.u_xsdbm_id/tck_bs
    BUFGCE_X0Y50         BUFGCE (Prop_BUFCE_BUFGCE_I_O)
                                                      0.024    51.297 r  dbg_hub/inst/BSCANID.u_xsdbm_id/SWITCH_N_EXT_BSCAN.u_bufg_icon_tck/O
    X2Y1 (CLOCK_ROOT)    net (fo=490, routed)         1.588    52.885    dbg_hub/inst/BSCANID.u_xsdbm_id/CORE_XSDB.U_ICON/U_CMD/m_bscan_tck[0]
    SLICE_X52Y138        FDCE                                         r  dbg_hub/inst/BSCANID.u_xsdbm_id/CORE_XSDB.U_ICON/U_CMD/iTARGET_reg[8]/C
                         clock pessimism              4.290    57.175    
                         clock uncertainty           -0.035    57.140    
    SLICE_X52Y138        FDCE (Recov_HFF_SLICEL_C_CLR)
                                                     -0.066    57.074    dbg_hub/inst/BSCANID.u_xsdbm_id/CORE_XSDB.U_ICON/U_CMD/iTARGET_reg[8]
  -------------------------------------------------------------------
                         required time                         57.074    
                         arrival time                          -8.736    
  -------------------------------------------------------------------
                         slack                                 48.338    

Slack (MET) :             48.338ns  (required time - arrival time)
  Source:                 dbg_hub/inst/BSCANID.u_xsdbm_id/SWITCH_N_EXT_BSCAN.bscan_switch/portno_reg[3]/C
                            (rising edge-triggered cell FDRE clocked by dbg_hub/inst/BSCANID.u_xsdbm_id/SWITCH_N_EXT_BSCAN.bscan_inst/SERIES7_BSCAN.bscan_inst/INTERNAL_TCK  {rise@0.000ns fall@25.000ns period=50.000ns})
  Destination:            dbg_hub/inst/BSCANID.u_xsdbm_id/CORE_XSDB.U_ICON/U_CMD/iTARGET_reg[9]/CLR
                            (recovery check against rising-edge clock dbg_hub/inst/BSCANID.u_xsdbm_id/SWITCH_N_EXT_BSCAN.bscan_inst/SERIES7_BSCAN.bscan_inst/INTERNAL_TCK  {rise@0.000ns fall@25.000ns period=50.000ns})
  Path Group:             **async_default**
  Path Type:              Recovery (Max at Slow Process Corner)
  Requirement:            50.000ns  (dbg_hub/inst/BSCANID.u_xsdbm_id/SWITCH_N_EXT_BSCAN.bscan_inst/SERIES7_BSCAN.bscan_inst/INTERNAL_TCK rise@50.000ns - dbg_hub/inst/BSCANID.u_xsdbm_id/SWITCH_N_EXT_BSCAN.bscan_inst/SERIES7_BSCAN.bscan_inst/INTERNAL_TCK rise@0.000ns)
  Data Path Delay:        1.510ns  (logic 0.336ns (22.252%)  route 1.174ns (77.748%))
  Logic Levels:           2  (LUT4=1 LUT6=1)
  Clock Path Skew:        -0.051ns (DCD - SCD + CPR)
    Destination Clock Delay (DCD):    2.885ns = ( 52.885 - 50.000 ) 
    Source Clock Delay      (SCD):    7.226ns
    Clock Pessimism Removal (CPR):    4.290ns
  Clock Uncertainty:      0.035ns  ((TSJ^2 + TIJ^2)^1/2 + DJ) / 2 + PE
    Total System Jitter     (TSJ):    0.071ns
    Total Input Jitter      (TIJ):    0.000ns
    Discrete Jitter          (DJ):    0.000ns
    Phase Error              (PE):    0.000ns
  Clock Net Delay (Source):      1.758ns (routing 0.879ns, distribution 0.879ns)
  Clock Net Delay (Destination): 1.588ns (routing 0.798ns, distribution 0.790ns)

    Location             Delay type                Incr(ns)  Path(ns)    Netlist Resource(s)
  -------------------------------------------------------------------    -------------------
                         (clock dbg_hub/inst/BSCANID.u_xsdbm_id/SWITCH_N_EXT_BSCAN.bscan_inst/SERIES7_BSCAN.bscan_inst/INTERNAL_TCK rise edge)
                                                      0.000     0.000 r  
    CONFIG_SITE_X0Y0     BSCANE2                      0.000     0.000 r  dbg_hub/inst/BSCANID.u_xsdbm_id/SWITCH_N_EXT_BSCAN.bscan_inst/SERIES7_BSCAN.bscan_inst/INTERNAL_TCK
    CONFIG_SITE_X0Y0     BSCANE2 (Prop_BSCAN1_CONFIG_SITE_INTERNAL_TCK_TCK)
                                                      4.300     4.300 r  dbg_hub/inst/BSCANID.u_xsdbm_id/SWITCH_N_EXT_BSCAN.bscan_inst/SERIES7_BSCAN.bscan_inst/TCK
                         net (fo=1, routed)           1.140     5.440    dbg_hub/inst/BSCANID.u_xsdbm_id/tck_bs
    BUFGCE_X0Y50         BUFGCE (Prop_BUFCE_BUFGCE_I_O)
                                                      0.028     5.468 r  dbg_hub/inst/BSCANID.u_xsdbm_id/SWITCH_N_EXT_BSCAN.u_bufg_icon_tck/O
    X2Y1 (CLOCK_ROOT)    net (fo=490, routed)         1.758     7.226    dbg_hub/inst/BSCANID.u_xsdbm_id/SWITCH_N_EXT_BSCAN.bscan_switch/s_bscan_tck
    SLICE_X48Y163        FDRE                                         r  dbg_hub/inst/BSCANID.u_xsdbm_id/SWITCH_N_EXT_BSCAN.bscan_switch/portno_reg[3]/C
  -------------------------------------------------------------------    -------------------
    SLICE_X48Y163        FDRE (Prop_BFF2_SLICEL_C_Q)
                                                      0.080     7.306 f  dbg_hub/inst/BSCANID.u_xsdbm_id/SWITCH_N_EXT_BSCAN.bscan_switch/portno_reg[3]/Q
                         net (fo=1, routed)           0.188     7.494    dbg_hub/inst/BSCANID.u_xsdbm_id/SWITCH_N_EXT_BSCAN.bscan_switch/portno[3]
    SLICE_X48Y163        LUT6 (Prop_D6LUT_SLICEL_I0_O)
                                                      0.146     7.640 f  dbg_hub/inst/BSCANID.u_xsdbm_id/SWITCH_N_EXT_BSCAN.bscan_switch/m_bscan_drck[0]_INST_0_i_1/O
                         net (fo=5, routed)           0.509     8.149    dbg_hub/inst/BSCANID.u_xsdbm_id/SWITCH_N_EXT_BSCAN.bscan_switch/m_bscan_drck[0]_INST_0_i_1_n_0
    SLICE_X49Y162        LUT4 (Prop_D5LUT_SLICEL_I3_O)
                                                      0.110     8.259 r  dbg_hub/inst/BSCANID.u_xsdbm_id/SWITCH_N_EXT_BSCAN.bscan_switch/m_bscan_sel[0]_INST_0/O
                         net (fo=11, routed)          0.477     8.736    dbg_hub/inst/BSCANID.u_xsdbm_id/CORE_XSDB.U_ICON/U_CMD/iTARGET_reg[6]_0
    SLICE_X52Y138        FDCE                                         f  dbg_hub/inst/BSCANID.u_xsdbm_id/CORE_XSDB.U_ICON/U_CMD/iTARGET_reg[9]/CLR  (IS_INVERTED)
  -------------------------------------------------------------------    -------------------

                         (clock dbg_hub/inst/BSCANID.u_xsdbm_id/SWITCH_N_EXT_BSCAN.bscan_inst/SERIES7_BSCAN.bscan_inst/INTERNAL_TCK rise edge)
                                                     50.000    50.000 r  
    CONFIG_SITE_X0Y0     BSCANE2                      0.000    50.000 r  dbg_hub/inst/BSCANID.u_xsdbm_id/SWITCH_N_EXT_BSCAN.bscan_inst/SERIES7_BSCAN.bscan_inst/INTERNAL_TCK
    CONFIG_SITE_X0Y0     BSCANE2 (Prop_BSCAN1_CONFIG_SITE_INTERNAL_TCK_TCK)
                                                      0.465    50.465 r  dbg_hub/inst/BSCANID.u_xsdbm_id/SWITCH_N_EXT_BSCAN.bscan_inst/SERIES7_BSCAN.bscan_inst/TCK
                         net (fo=1, routed)           0.808    51.273    dbg_hub/inst/BSCANID.u_xsdbm_id/tck_bs
    BUFGCE_X0Y50         BUFGCE (Prop_BUFCE_BUFGCE_I_O)
                                                      0.024    51.297 r  dbg_hub/inst/BSCANID.u_xsdbm_id/SWITCH_N_EXT_BSCAN.u_bufg_icon_tck/O
    X2Y1 (CLOCK_ROOT)    net (fo=490, routed)         1.588    52.885    dbg_hub/inst/BSCANID.u_xsdbm_id/CORE_XSDB.U_ICON/U_CMD/m_bscan_tck[0]
    SLICE_X52Y138        FDCE                                         r  dbg_hub/inst/BSCANID.u_xsdbm_id/CORE_XSDB.U_ICON/U_CMD/iTARGET_reg[9]/C
                         clock pessimism              4.290    57.175    
                         clock uncertainty           -0.035    57.140    
    SLICE_X52Y138        FDCE (Recov_HFF2_SLICEL_C_CLR)
                                                     -0.066    57.074    dbg_hub/inst/BSCANID.u_xsdbm_id/CORE_XSDB.U_ICON/U_CMD/iTARGET_reg[9]
  -------------------------------------------------------------------
                         required time                         57.074    
                         arrival time                          -8.736    
  -------------------------------------------------------------------
                         slack                                 48.338    





Min Delay Paths
--------------------------------------------------------------------------------------
Slack (MET) :             0.083ns  (arrival time - required time)
  Source:                 dbg_hub/inst/BSCANID.u_xsdbm_id/CORE_XSDB.UUT_MASTER/U_ICON_INTERFACE/U_CMD6_RD/U_RD_FIFO/SUBCORE_FIFO.xsdbm_v3_0_0_rdfifo_inst/inst_fifo_gen/gconvfifo.rf/grf.rf/rstblk/ngwrdrst.grst.g7serrst.rst_rd_reg2_reg/C
                            (rising edge-triggered cell FDPE clocked by dbg_hub/inst/BSCANID.u_xsdbm_id/SWITCH_N_EXT_BSCAN.bscan_inst/SERIES7_BSCAN.bscan_inst/INTERNAL_TCK  {rise@0.000ns fall@25.000ns period=50.000ns})
  Destination:            dbg_hub/inst/BSCANID.u_xsdbm_id/CORE_XSDB.UUT_MASTER/U_ICON_INTERFACE/U_CMD6_RD/U_RD_FIFO/SUBCORE_FIFO.xsdbm_v3_0_0_rdfifo_inst/inst_fifo_gen/gconvfifo.rf/grf.rf/rstblk/ngwrdrst.grst.g7serrst.rd_rst_asreg_reg/PRE
                            (removal check against rising-edge clock dbg_hub/inst/BSCANID.u_xsdbm_id/SWITCH_N_EXT_BSCAN.bscan_inst/SERIES7_BSCAN.bscan_inst/INTERNAL_TCK  {rise@0.000ns fall@25.000ns period=50.000ns})
  Path Group:             **async_default**
  Path Type:              Removal (Min at Fast Process Corner)
  Requirement:            0.000ns  (dbg_hub/inst/BSCANID.u_xsdbm_id/SWITCH_N_EXT_BSCAN.bscan_inst/SERIES7_BSCAN.bscan_inst/INTERNAL_TCK rise@0.000ns - dbg_hub/inst/BSCANID.u_xsdbm_id/SWITCH_N_EXT_BSCAN.bscan_inst/SERIES7_BSCAN.bscan_inst/INTERNAL_TCK rise@0.000ns)
  Data Path Delay:        0.121ns  (logic 0.040ns (33.058%)  route 0.081ns (66.942%))
  Logic Levels:           0  
  Clock Path Skew:        0.058ns (DCD - SCD - CPR)
    Destination Clock Delay (DCD):    6.244ns
    Source Clock Delay      (SCD):    2.071ns
    Clock Pessimism Removal (CPR):    4.115ns
  Clock Net Delay (Source):      0.986ns (routing 0.483ns, distribution 0.503ns)
  Clock Net Delay (Destination): 1.125ns (routing 0.539ns, distribution 0.586ns)

    Location             Delay type                Incr(ns)  Path(ns)    Netlist Resource(s)
  -------------------------------------------------------------------    -------------------
                         (clock dbg_hub/inst/BSCANID.u_xsdbm_id/SWITCH_N_EXT_BSCAN.bscan_inst/SERIES7_BSCAN.bscan_inst/INTERNAL_TCK rise edge)
                                                      0.000     0.000 r  
    CONFIG_SITE_X0Y0     BSCANE2                      0.000     0.000 r  dbg_hub/inst/BSCANID.u_xsdbm_id/SWITCH_N_EXT_BSCAN.bscan_inst/SERIES7_BSCAN.bscan_inst/INTERNAL_TCK
    CONFIG_SITE_X0Y0     BSCANE2 (Prop_BSCAN1_CONFIG_SITE_INTERNAL_TCK_TCK)
                                                      0.465     0.465 r  dbg_hub/inst/BSCANID.u_xsdbm_id/SWITCH_N_EXT_BSCAN.bscan_inst/SERIES7_BSCAN.bscan_inst/TCK
                         net (fo=1, routed)           0.603     1.068    dbg_hub/inst/BSCANID.u_xsdbm_id/tck_bs
    BUFGCE_X0Y50         BUFGCE (Prop_BUFCE_BUFGCE_I_O)
                                                      0.017     1.085 r  dbg_hub/inst/BSCANID.u_xsdbm_id/SWITCH_N_EXT_BSCAN.u_bufg_icon_tck/O
    X2Y1 (CLOCK_ROOT)    net (fo=490, routed)         0.986     2.071    dbg_hub/inst/BSCANID.u_xsdbm_id/CORE_XSDB.UUT_MASTER/U_ICON_INTERFACE/U_CMD6_RD/U_RD_FIFO/SUBCORE_FIFO.xsdbm_v3_0_0_rdfifo_inst/inst_fifo_gen/gconvfifo.rf/grf.rf/rstblk/rd_clk
    SLICE_X60Y135        FDPE                                         r  dbg_hub/inst/BSCANID.u_xsdbm_id/CORE_XSDB.UUT_MASTER/U_ICON_INTERFACE/U_CMD6_RD/U_RD_FIFO/SUBCORE_FIFO.xsdbm_v3_0_0_rdfifo_inst/inst_fifo_gen/gconvfifo.rf/grf.rf/rstblk/ngwrdrst.grst.g7serrst.rst_rd_reg2_reg/C
  -------------------------------------------------------------------    -------------------
    SLICE_X60Y135        FDPE (Prop_AFF2_SLICEL_C_Q)
                                                      0.040     2.111 f  dbg_hub/inst/BSCANID.u_xsdbm_id/CORE_XSDB.UUT_MASTER/U_ICON_INTERFACE/U_CMD6_RD/U_RD_FIFO/SUBCORE_FIFO.xsdbm_v3_0_0_rdfifo_inst/inst_fifo_gen/gconvfifo.rf/grf.rf/rstblk/ngwrdrst.grst.g7serrst.rst_rd_reg2_reg/Q
                         net (fo=1, routed)           0.081     2.192    dbg_hub/inst/BSCANID.u_xsdbm_id/CORE_XSDB.UUT_MASTER/U_ICON_INTERFACE/U_CMD6_RD/U_RD_FIFO/SUBCORE_FIFO.xsdbm_v3_0_0_rdfifo_inst/inst_fifo_gen/gconvfifo.rf/grf.rf/rstblk/rst_rd_reg2
    SLICE_X59Y135        FDPE                                         f  dbg_hub/inst/BSCANID.u_xsdbm_id/CORE_XSDB.UUT_MASTER/U_ICON_INTERFACE/U_CMD6_RD/U_RD_FIFO/SUBCORE_FIFO.xsdbm_v3_0_0_rdfifo_inst/inst_fifo_gen/gconvfifo.rf/grf.rf/rstblk/ngwrdrst.grst.g7serrst.rd_rst_asreg_reg/PRE
  -------------------------------------------------------------------    -------------------

                         (clock dbg_hub/inst/BSCANID.u_xsdbm_id/SWITCH_N_EXT_BSCAN.bscan_inst/SERIES7_BSCAN.bscan_inst/INTERNAL_TCK rise edge)
                                                      0.000     0.000 r  
    CONFIG_SITE_X0Y0     BSCANE2                      0.000     0.000 r  dbg_hub/inst/BSCANID.u_xsdbm_id/SWITCH_N_EXT_BSCAN.bscan_inst/SERIES7_BSCAN.bscan_inst/INTERNAL_TCK
    CONFIG_SITE_X0Y0     BSCANE2 (Prop_BSCAN1_CONFIG_SITE_INTERNAL_TCK_TCK)
                                                      4.300     4.300 r  dbg_hub/inst/BSCANID.u_xsdbm_id/SWITCH_N_EXT_BSCAN.bscan_inst/SERIES7_BSCAN.bscan_inst/TCK
                         net (fo=1, routed)           0.800     5.100    dbg_hub/inst/BSCANID.u_xsdbm_id/tck_bs
    BUFGCE_X0Y50         BUFGCE (Prop_BUFCE_BUFGCE_I_O)
                                                      0.019     5.119 r  dbg_hub/inst/BSCANID.u_xsdbm_id/SWITCH_N_EXT_BSCAN.u_bufg_icon_tck/O
    X2Y1 (CLOCK_ROOT)    net (fo=490, routed)         1.125     6.244    dbg_hub/inst/BSCANID.u_xsdbm_id/CORE_XSDB.UUT_MASTER/U_ICON_INTERFACE/U_CMD6_RD/U_RD_FIFO/SUBCORE_FIFO.xsdbm_v3_0_0_rdfifo_inst/inst_fifo_gen/gconvfifo.rf/grf.rf/rstblk/rd_clk
    SLICE_X59Y135        FDPE                                         r  dbg_hub/inst/BSCANID.u_xsdbm_id/CORE_XSDB.UUT_MASTER/U_ICON_INTERFACE/U_CMD6_RD/U_RD_FIFO/SUBCORE_FIFO.xsdbm_v3_0_0_rdfifo_inst/inst_fifo_gen/gconvfifo.rf/grf.rf/rstblk/ngwrdrst.grst.g7serrst.rd_rst_asreg_reg/C
                         clock pessimism             -4.115     2.129    
    SLICE_X59Y135        FDPE (Remov_HFF2_SLICEL_C_PRE)
                                                     -0.020     2.109    dbg_hub/inst/BSCANID.u_xsdbm_id/CORE_XSDB.UUT_MASTER/U_ICON_INTERFACE/U_CMD6_RD/U_RD_FIFO/SUBCORE_FIFO.xsdbm_v3_0_0_rdfifo_inst/inst_fifo_gen/gconvfifo.rf/grf.rf/rstblk/ngwrdrst.grst.g7serrst.rd_rst_asreg_reg
  -------------------------------------------------------------------
                         required time                         -2.109    
                         arrival time                           2.192    
  -------------------------------------------------------------------
                         slack                                  0.083    

Slack (MET) :             0.124ns  (arrival time - required time)
  Source:                 dbg_hub/inst/BSCANID.u_xsdbm_id/CORE_XSDB.UUT_MASTER/U_ICON_INTERFACE/U_CMD6_WR/U_WR_FIFO/SUBCORE_FIFO.xsdbm_v3_0_0_wrfifo_inst/inst_fifo_gen/gconvfifo.rf/grf.rf/rstblk/ngwrdrst.grst.g7serrst.wr_rst_reg_reg[0]/C
                            (rising edge-triggered cell FDPE clocked by dbg_hub/inst/BSCANID.u_xsdbm_id/SWITCH_N_EXT_BSCAN.bscan_inst/SERIES7_BSCAN.bscan_inst/INTERNAL_TCK  {rise@0.000ns fall@25.000ns period=50.000ns})
  Destination:            dbg_hub/inst/BSCANID.u_xsdbm_id/CORE_XSDB.UUT_MASTER/U_ICON_INTERFACE/U_CMD6_WR/U_WR_FIFO/SUBCORE_FIFO.xsdbm_v3_0_0_wrfifo_inst/inst_fifo_gen/gconvfifo.rf/grf.rf/gntv_or_sync_fifo.gcx.clkx/gnxpm_cdc.rd_pntr_bin_reg[0]/CLR
                            (removal check against rising-edge clock dbg_hub/inst/BSCANID.u_xsdbm_id/SWITCH_N_EXT_BSCAN.bscan_inst/SERIES7_BSCAN.bscan_inst/INTERNAL_TCK  {rise@0.000ns fall@25.000ns period=50.000ns})
  Path Group:             **async_default**
  Path Type:              Removal (Min at Fast Process Corner)
  Requirement:            0.000ns  (dbg_hub/inst/BSCANID.u_xsdbm_id/SWITCH_N_EXT_BSCAN.bscan_inst/SERIES7_BSCAN.bscan_inst/INTERNAL_TCK rise@0.000ns - dbg_hub/inst/BSCANID.u_xsdbm_id/SWITCH_N_EXT_BSCAN.bscan_inst/SERIES7_BSCAN.bscan_inst/INTERNAL_TCK rise@0.000ns)
  Data Path Delay:        0.119ns  (logic 0.038ns (31.933%)  route 0.081ns (68.067%))
  Logic Levels:           0  
  Clock Path Skew:        0.015ns (DCD - SCD - CPR)
    Destination Clock Delay (DCD):    6.225ns
    Source Clock Delay      (SCD):    2.059ns
    Clock Pessimism Removal (CPR):    4.151ns
  Clock Net Delay (Source):      0.974ns (routing 0.483ns, distribution 0.491ns)
  Clock Net Delay (Destination): 1.106ns (routing 0.539ns, distribution 0.567ns)

    Location             Delay type                Incr(ns)  Path(ns)    Netlist Resource(s)
  -------------------------------------------------------------------    -------------------
                         (clock dbg_hub/inst/BSCANID.u_xsdbm_id/SWITCH_N_EXT_BSCAN.bscan_inst/SERIES7_BSCAN.bscan_inst/INTERNAL_TCK rise edge)
                                                      0.000     0.000 r  
    CONFIG_SITE_X0Y0     BSCANE2                      0.000     0.000 r  dbg_hub/inst/BSCANID.u_xsdbm_id/SWITCH_N_EXT_BSCAN.bscan_inst/SERIES7_BSCAN.bscan_inst/INTERNAL_TCK
    CONFIG_SITE_X0Y0     BSCANE2 (Prop_BSCAN1_CONFIG_SITE_INTERNAL_TCK_TCK)
                                                      0.465     0.465 r  dbg_hub/inst/BSCANID.u_xsdbm_id/SWITCH_N_EXT_BSCAN.bscan_inst/SERIES7_BSCAN.bscan_inst/TCK
                         net (fo=1, routed)           0.603     1.068    dbg_hub/inst/BSCANID.u_xsdbm_id/tck_bs
    BUFGCE_X0Y50         BUFGCE (Prop_BUFCE_BUFGCE_I_O)
                                                      0.017     1.085 r  dbg_hub/inst/BSCANID.u_xsdbm_id/SWITCH_N_EXT_BSCAN.u_bufg_icon_tck/O
    X2Y1 (CLOCK_ROOT)    net (fo=490, routed)         0.974     2.059    dbg_hub/inst/BSCANID.u_xsdbm_id/CORE_XSDB.UUT_MASTER/U_ICON_INTERFACE/U_CMD6_WR/U_WR_FIFO/SUBCORE_FIFO.xsdbm_v3_0_0_wrfifo_inst/inst_fifo_gen/gconvfifo.rf/grf.rf/rstblk/wr_clk
    SLICE_X58Y115        FDPE                                         r  dbg_hub/inst/BSCANID.u_xsdbm_id/CORE_XSDB.UUT_MASTER/U_ICON_INTERFACE/U_CMD6_WR/U_WR_FIFO/SUBCORE_FIFO.xsdbm_v3_0_0_wrfifo_inst/inst_fifo_gen/gconvfifo.rf/grf.rf/rstblk/ngwrdrst.grst.g7serrst.wr_rst_reg_reg[0]/C
  -------------------------------------------------------------------    -------------------
    SLICE_X58Y115        FDPE (Prop_EFF_SLICEM_C_Q)
                                                      0.038     2.097 f  dbg_hub/inst/BSCANID.u_xsdbm_id/CORE_XSDB.UUT_MASTER/U_ICON_INTERFACE/U_CMD6_WR/U_WR_FIFO/SUBCORE_FIFO.xsdbm_v3_0_0_wrfifo_inst/inst_fifo_gen/gconvfifo.rf/grf.rf/rstblk/ngwrdrst.grst.g7serrst.wr_rst_reg_reg[0]/Q
                         net (fo=18, routed)          0.081     2.178    dbg_hub/inst/BSCANID.u_xsdbm_id/CORE_XSDB.UUT_MASTER/U_ICON_INTERFACE/U_CMD6_WR/U_WR_FIFO/SUBCORE_FIFO.xsdbm_v3_0_0_wrfifo_inst/inst_fifo_gen/gconvfifo.rf/grf.rf/gntv_or_sync_fifo.gcx.clkx/AR[0]
    SLICE_X59Y115        FDCE                                         f  dbg_hub/inst/BSCANID.u_xsdbm_id/CORE_XSDB.UUT_MASTER/U_ICON_INTERFACE/U_CMD6_WR/U_WR_FIFO/SUBCORE_FIFO.xsdbm_v3_0_0_wrfifo_inst/inst_fifo_gen/gconvfifo.rf/grf.rf/gntv_or_sync_fifo.gcx.clkx/gnxpm_cdc.rd_pntr_bin_reg[0]/CLR
  -------------------------------------------------------------------    -------------------

                         (clock dbg_hub/inst/BSCANID.u_xsdbm_id/SWITCH_N_EXT_BSCAN.bscan_inst/SERIES7_BSCAN.bscan_inst/INTERNAL_TCK rise edge)
                                                      0.000     0.000 r  
    CONFIG_SITE_X0Y0     BSCANE2                      0.000     0.000 r  dbg_hub/inst/BSCANID.u_xsdbm_id/SWITCH_N_EXT_BSCAN.bscan_inst/SERIES7_BSCAN.bscan_inst/INTERNAL_TCK
    CONFIG_SITE_X0Y0     BSCANE2 (Prop_BSCAN1_CONFIG_SITE_INTERNAL_TCK_TCK)
                                                      4.300     4.300 r  dbg_hub/inst/BSCANID.u_xsdbm_id/SWITCH_N_EXT_BSCAN.bscan_inst/SERIES7_BSCAN.bscan_inst/TCK
                         net (fo=1, routed)           0.800     5.100    dbg_hub/inst/BSCANID.u_xsdbm_id/tck_bs
    BUFGCE_X0Y50         BUFGCE (Prop_BUFCE_BUFGCE_I_O)
                                                      0.019     5.119 r  dbg_hub/inst/BSCANID.u_xsdbm_id/SWITCH_N_EXT_BSCAN.u_bufg_icon_tck/O
    X2Y1 (CLOCK_ROOT)    net (fo=490, routed)         1.106     6.225    dbg_hub/inst/BSCANID.u_xsdbm_id/CORE_XSDB.UUT_MASTER/U_ICON_INTERFACE/U_CMD6_WR/U_WR_FIFO/SUBCORE_FIFO.xsdbm_v3_0_0_wrfifo_inst/inst_fifo_gen/gconvfifo.rf/grf.rf/gntv_or_sync_fifo.gcx.clkx/wr_clk
    SLICE_X59Y115        FDCE                                         r  dbg_hub/inst/BSCANID.u_xsdbm_id/CORE_XSDB.UUT_MASTER/U_ICON_INTERFACE/U_CMD6_WR/U_WR_FIFO/SUBCORE_FIFO.xsdbm_v3_0_0_wrfifo_inst/inst_fifo_gen/gconvfifo.rf/grf.rf/gntv_or_sync_fifo.gcx.clkx/gnxpm_cdc.rd_pntr_bin_reg[0]/C
                         clock pessimism             -4.151     2.074    
    SLICE_X59Y115        FDCE (Remov_GFF_SLICEL_C_CLR)
                                                     -0.020     2.054    dbg_hub/inst/BSCANID.u_xsdbm_id/CORE_XSDB.UUT_MASTER/U_ICON_INTERFACE/U_CMD6_WR/U_WR_FIFO/SUBCORE_FIFO.xsdbm_v3_0_0_wrfifo_inst/inst_fifo_gen/gconvfifo.rf/grf.rf/gntv_or_sync_fifo.gcx.clkx/gnxpm_cdc.rd_pntr_bin_reg[0]
  -------------------------------------------------------------------
                         required time                         -2.054    
                         arrival time                           2.178    
  -------------------------------------------------------------------
                         slack                                  0.124    

Slack (MET) :             0.124ns  (arrival time - required time)
  Source:                 dbg_hub/inst/BSCANID.u_xsdbm_id/CORE_XSDB.UUT_MASTER/U_ICON_INTERFACE/U_CMD6_WR/U_WR_FIFO/SUBCORE_FIFO.xsdbm_v3_0_0_wrfifo_inst/inst_fifo_gen/gconvfifo.rf/grf.rf/rstblk/ngwrdrst.grst.g7serrst.wr_rst_reg_reg[0]/C
                            (rising edge-triggered cell FDPE clocked by dbg_hub/inst/BSCANID.u_xsdbm_id/SWITCH_N_EXT_BSCAN.bscan_inst/SERIES7_BSCAN.bscan_inst/INTERNAL_TCK  {rise@0.000ns fall@25.000ns period=50.000ns})
  Destination:            dbg_hub/inst/BSCANID.u_xsdbm_id/CORE_XSDB.UUT_MASTER/U_ICON_INTERFACE/U_CMD6_WR/U_WR_FIFO/SUBCORE_FIFO.xsdbm_v3_0_0_wrfifo_inst/inst_fifo_gen/gconvfifo.rf/grf.rf/gntv_or_sync_fifo.gcx.clkx/gnxpm_cdc.rd_pntr_bin_reg[1]/CLR
                            (removal check against rising-edge clock dbg_hub/inst/BSCANID.u_xsdbm_id/SWITCH_N_EXT_BSCAN.bscan_inst/SERIES7_BSCAN.bscan_inst/INTERNAL_TCK  {rise@0.000ns fall@25.000ns period=50.000ns})
  Path Group:             **async_default**
  Path Type:              Removal (Min at Fast Process Corner)
  Requirement:            0.000ns  (dbg_hub/inst/BSCANID.u_xsdbm_id/SWITCH_N_EXT_BSCAN.bscan_inst/SERIES7_BSCAN.bscan_inst/INTERNAL_TCK rise@0.000ns - dbg_hub/inst/BSCANID.u_xsdbm_id/SWITCH_N_EXT_BSCAN.bscan_inst/SERIES7_BSCAN.bscan_inst/INTERNAL_TCK rise@0.000ns)
  Data Path Delay:        0.119ns  (logic 0.038ns (31.933%)  route 0.081ns (68.067%))
  Logic Levels:           0  
  Clock Path Skew:        0.015ns (DCD - SCD - CPR)
    Destination Clock Delay (DCD):    6.225ns
    Source Clock Delay      (SCD):    2.059ns
    Clock Pessimism Removal (CPR):    4.151ns
  Clock Net Delay (Source):      0.974ns (routing 0.483ns, distribution 0.491ns)
  Clock Net Delay (Destination): 1.106ns (routing 0.539ns, distribution 0.567ns)

    Location             Delay type                Incr(ns)  Path(ns)    Netlist Resource(s)
  -------------------------------------------------------------------    -------------------
                         (clock dbg_hub/inst/BSCANID.u_xsdbm_id/SWITCH_N_EXT_BSCAN.bscan_inst/SERIES7_BSCAN.bscan_inst/INTERNAL_TCK rise edge)
                                                      0.000     0.000 r  
    CONFIG_SITE_X0Y0     BSCANE2                      0.000     0.000 r  dbg_hub/inst/BSCANID.u_xsdbm_id/SWITCH_N_EXT_BSCAN.bscan_inst/SERIES7_BSCAN.bscan_inst/INTERNAL_TCK
    CONFIG_SITE_X0Y0     BSCANE2 (Prop_BSCAN1_CONFIG_SITE_INTERNAL_TCK_TCK)
                                                      0.465     0.465 r  dbg_hub/inst/BSCANID.u_xsdbm_id/SWITCH_N_EXT_BSCAN.bscan_inst/SERIES7_BSCAN.bscan_inst/TCK
                         net (fo=1, routed)           0.603     1.068    dbg_hub/inst/BSCANID.u_xsdbm_id/tck_bs
    BUFGCE_X0Y50         BUFGCE (Prop_BUFCE_BUFGCE_I_O)
                                                      0.017     1.085 r  dbg_hub/inst/BSCANID.u_xsdbm_id/SWITCH_N_EXT_BSCAN.u_bufg_icon_tck/O
    X2Y1 (CLOCK_ROOT)    net (fo=490, routed)         0.974     2.059    dbg_hub/inst/BSCANID.u_xsdbm_id/CORE_XSDB.UUT_MASTER/U_ICON_INTERFACE/U_CMD6_WR/U_WR_FIFO/SUBCORE_FIFO.xsdbm_v3_0_0_wrfifo_inst/inst_fifo_gen/gconvfifo.rf/grf.rf/rstblk/wr_clk
    SLICE_X58Y115        FDPE                                         r  dbg_hub/inst/BSCANID.u_xsdbm_id/CORE_XSDB.UUT_MASTER/U_ICON_INTERFACE/U_CMD6_WR/U_WR_FIFO/SUBCORE_FIFO.xsdbm_v3_0_0_wrfifo_inst/inst_fifo_gen/gconvfifo.rf/grf.rf/rstblk/ngwrdrst.grst.g7serrst.wr_rst_reg_reg[0]/C
  -------------------------------------------------------------------    -------------------
    SLICE_X58Y115        FDPE (Prop_EFF_SLICEM_C_Q)
                                                      0.038     2.097 f  dbg_hub/inst/BSCANID.u_xsdbm_id/CORE_XSDB.UUT_MASTER/U_ICON_INTERFACE/U_CMD6_WR/U_WR_FIFO/SUBCORE_FIFO.xsdbm_v3_0_0_wrfifo_inst/inst_fifo_gen/gconvfifo.rf/grf.rf/rstblk/ngwrdrst.grst.g7serrst.wr_rst_reg_reg[0]/Q
                         net (fo=18, routed)          0.081     2.178    dbg_hub/inst/BSCANID.u_xsdbm_id/CORE_XSDB.UUT_MASTER/U_ICON_INTERFACE/U_CMD6_WR/U_WR_FIFO/SUBCORE_FIFO.xsdbm_v3_0_0_wrfifo_inst/inst_fifo_gen/gconvfifo.rf/grf.rf/gntv_or_sync_fifo.gcx.clkx/AR[0]
    SLICE_X59Y115        FDCE                                         f  dbg_hub/inst/BSCANID.u_xsdbm_id/CORE_XSDB.UUT_MASTER/U_ICON_INTERFACE/U_CMD6_WR/U_WR_FIFO/SUBCORE_FIFO.xsdbm_v3_0_0_wrfifo_inst/inst_fifo_gen/gconvfifo.rf/grf.rf/gntv_or_sync_fifo.gcx.clkx/gnxpm_cdc.rd_pntr_bin_reg[1]/CLR
  -------------------------------------------------------------------    -------------------

                         (clock dbg_hub/inst/BSCANID.u_xsdbm_id/SWITCH_N_EXT_BSCAN.bscan_inst/SERIES7_BSCAN.bscan_inst/INTERNAL_TCK rise edge)
                                                      0.000     0.000 r  
    CONFIG_SITE_X0Y0     BSCANE2                      0.000     0.000 r  dbg_hub/inst/BSCANID.u_xsdbm_id/SWITCH_N_EXT_BSCAN.bscan_inst/SERIES7_BSCAN.bscan_inst/INTERNAL_TCK
    CONFIG_SITE_X0Y0     BSCANE2 (Prop_BSCAN1_CONFIG_SITE_INTERNAL_TCK_TCK)
                                                      4.300     4.300 r  dbg_hub/inst/BSCANID.u_xsdbm_id/SWITCH_N_EXT_BSCAN.bscan_inst/SERIES7_BSCAN.bscan_inst/TCK
                         net (fo=1, routed)           0.800     5.100    dbg_hub/inst/BSCANID.u_xsdbm_id/tck_bs
    BUFGCE_X0Y50         BUFGCE (Prop_BUFCE_BUFGCE_I_O)
                                                      0.019     5.119 r  dbg_hub/inst/BSCANID.u_xsdbm_id/SWITCH_N_EXT_BSCAN.u_bufg_icon_tck/O
    X2Y1 (CLOCK_ROOT)    net (fo=490, routed)         1.106     6.225    dbg_hub/inst/BSCANID.u_xsdbm_id/CORE_XSDB.UUT_MASTER/U_ICON_INTERFACE/U_CMD6_WR/U_WR_FIFO/SUBCORE_FIFO.xsdbm_v3_0_0_wrfifo_inst/inst_fifo_gen/gconvfifo.rf/grf.rf/gntv_or_sync_fifo.gcx.clkx/wr_clk
    SLICE_X59Y115        FDCE                                         r  dbg_hub/inst/BSCANID.u_xsdbm_id/CORE_XSDB.UUT_MASTER/U_ICON_INTERFACE/U_CMD6_WR/U_WR_FIFO/SUBCORE_FIFO.xsdbm_v3_0_0_wrfifo_inst/inst_fifo_gen/gconvfifo.rf/grf.rf/gntv_or_sync_fifo.gcx.clkx/gnxpm_cdc.rd_pntr_bin_reg[1]/C
                         clock pessimism             -4.151     2.074    
    SLICE_X59Y115        FDCE (Remov_GFF2_SLICEL_C_CLR)
                                                     -0.020     2.054    dbg_hub/inst/BSCANID.u_xsdbm_id/CORE_XSDB.UUT_MASTER/U_ICON_INTERFACE/U_CMD6_WR/U_WR_FIFO/SUBCORE_FIFO.xsdbm_v3_0_0_wrfifo_inst/inst_fifo_gen/gconvfifo.rf/grf.rf/gntv_or_sync_fifo.gcx.clkx/gnxpm_cdc.rd_pntr_bin_reg[1]
  -------------------------------------------------------------------
                         required time                         -2.054    
                         arrival time                           2.178    
  -------------------------------------------------------------------
                         slack                                  0.124    

Slack (MET) :             0.124ns  (arrival time - required time)
  Source:                 dbg_hub/inst/BSCANID.u_xsdbm_id/CORE_XSDB.UUT_MASTER/U_ICON_INTERFACE/U_CMD6_WR/U_WR_FIFO/SUBCORE_FIFO.xsdbm_v3_0_0_wrfifo_inst/inst_fifo_gen/gconvfifo.rf/grf.rf/rstblk/ngwrdrst.grst.g7serrst.wr_rst_reg_reg[0]/C
                            (rising edge-triggered cell FDPE clocked by dbg_hub/inst/BSCANID.u_xsdbm_id/SWITCH_N_EXT_BSCAN.bscan_inst/SERIES7_BSCAN.bscan_inst/INTERNAL_TCK  {rise@0.000ns fall@25.000ns period=50.000ns})
  Destination:            dbg_hub/inst/BSCANID.u_xsdbm_id/CORE_XSDB.UUT_MASTER/U_ICON_INTERFACE/U_CMD6_WR/U_WR_FIFO/SUBCORE_FIFO.xsdbm_v3_0_0_wrfifo_inst/inst_fifo_gen/gconvfifo.rf/grf.rf/gntv_or_sync_fifo.gcx.clkx/gnxpm_cdc.rd_pntr_bin_reg[2]/CLR
                            (removal check against rising-edge clock dbg_hub/inst/BSCANID.u_xsdbm_id/SWITCH_N_EXT_BSCAN.bscan_inst/SERIES7_BSCAN.bscan_inst/INTERNAL_TCK  {rise@0.000ns fall@25.000ns period=50.000ns})
  Path Group:             **async_default**
  Path Type:              Removal (Min at Fast Process Corner)
  Requirement:            0.000ns  (dbg_hub/inst/BSCANID.u_xsdbm_id/SWITCH_N_EXT_BSCAN.bscan_inst/SERIES7_BSCAN.bscan_inst/INTERNAL_TCK rise@0.000ns - dbg_hub/inst/BSCANID.u_xsdbm_id/SWITCH_N_EXT_BSCAN.bscan_inst/SERIES7_BSCAN.bscan_inst/INTERNAL_TCK rise@0.000ns)
  Data Path Delay:        0.119ns  (logic 0.038ns (31.933%)  route 0.081ns (68.067%))
  Logic Levels:           0  
  Clock Path Skew:        0.015ns (DCD - SCD - CPR)
    Destination Clock Delay (DCD):    6.225ns
    Source Clock Delay      (SCD):    2.059ns
    Clock Pessimism Removal (CPR):    4.151ns
  Clock Net Delay (Source):      0.974ns (routing 0.483ns, distribution 0.491ns)
  Clock Net Delay (Destination): 1.106ns (routing 0.539ns, distribution 0.567ns)

    Location             Delay type                Incr(ns)  Path(ns)    Netlist Resource(s)
  -------------------------------------------------------------------    -------------------
                         (clock dbg_hub/inst/BSCANID.u_xsdbm_id/SWITCH_N_EXT_BSCAN.bscan_inst/SERIES7_BSCAN.bscan_inst/INTERNAL_TCK rise edge)
                                                      0.000     0.000 r  
    CONFIG_SITE_X0Y0     BSCANE2                      0.000     0.000 r  dbg_hub/inst/BSCANID.u_xsdbm_id/SWITCH_N_EXT_BSCAN.bscan_inst/SERIES7_BSCAN.bscan_inst/INTERNAL_TCK
    CONFIG_SITE_X0Y0     BSCANE2 (Prop_BSCAN1_CONFIG_SITE_INTERNAL_TCK_TCK)
                                                      0.465     0.465 r  dbg_hub/inst/BSCANID.u_xsdbm_id/SWITCH_N_EXT_BSCAN.bscan_inst/SERIES7_BSCAN.bscan_inst/TCK
                         net (fo=1, routed)           0.603     1.068    dbg_hub/inst/BSCANID.u_xsdbm_id/tck_bs
    BUFGCE_X0Y50         BUFGCE (Prop_BUFCE_BUFGCE_I_O)
                                                      0.017     1.085 r  dbg_hub/inst/BSCANID.u_xsdbm_id/SWITCH_N_EXT_BSCAN.u_bufg_icon_tck/O
    X2Y1 (CLOCK_ROOT)    net (fo=490, routed)         0.974     2.059    dbg_hub/inst/BSCANID.u_xsdbm_id/CORE_XSDB.UUT_MASTER/U_ICON_INTERFACE/U_CMD6_WR/U_WR_FIFO/SUBCORE_FIFO.xsdbm_v3_0_0_wrfifo_inst/inst_fifo_gen/gconvfifo.rf/grf.rf/rstblk/wr_clk
    SLICE_X58Y115        FDPE                                         r  dbg_hub/inst/BSCANID.u_xsdbm_id/CORE_XSDB.UUT_MASTER/U_ICON_INTERFACE/U_CMD6_WR/U_WR_FIFO/SUBCORE_FIFO.xsdbm_v3_0_0_wrfifo_inst/inst_fifo_gen/gconvfifo.rf/grf.rf/rstblk/ngwrdrst.grst.g7serrst.wr_rst_reg_reg[0]/C
  -------------------------------------------------------------------    -------------------
    SLICE_X58Y115        FDPE (Prop_EFF_SLICEM_C_Q)
                                                      0.038     2.097 f  dbg_hub/inst/BSCANID.u_xsdbm_id/CORE_XSDB.UUT_MASTER/U_ICON_INTERFACE/U_CMD6_WR/U_WR_FIFO/SUBCORE_FIFO.xsdbm_v3_0_0_wrfifo_inst/inst_fifo_gen/gconvfifo.rf/grf.rf/rstblk/ngwrdrst.grst.g7serrst.wr_rst_reg_reg[0]/Q
                         net (fo=18, routed)          0.081     2.178    dbg_hub/inst/BSCANID.u_xsdbm_id/CORE_XSDB.UUT_MASTER/U_ICON_INTERFACE/U_CMD6_WR/U_WR_FIFO/SUBCORE_FIFO.xsdbm_v3_0_0_wrfifo_inst/inst_fifo_gen/gconvfifo.rf/grf.rf/gntv_or_sync_fifo.gcx.clkx/AR[0]
    SLICE_X59Y115        FDCE                                         f  dbg_hub/inst/BSCANID.u_xsdbm_id/CORE_XSDB.UUT_MASTER/U_ICON_INTERFACE/U_CMD6_WR/U_WR_FIFO/SUBCORE_FIFO.xsdbm_v3_0_0_wrfifo_inst/inst_fifo_gen/gconvfifo.rf/grf.rf/gntv_or_sync_fifo.gcx.clkx/gnxpm_cdc.rd_pntr_bin_reg[2]/CLR
  -------------------------------------------------------------------    -------------------

                         (clock dbg_hub/inst/BSCANID.u_xsdbm_id/SWITCH_N_EXT_BSCAN.bscan_inst/SERIES7_BSCAN.bscan_inst/INTERNAL_TCK rise edge)
                                                      0.000     0.000 r  
    CONFIG_SITE_X0Y0     BSCANE2                      0.000     0.000 r  dbg_hub/inst/BSCANID.u_xsdbm_id/SWITCH_N_EXT_BSCAN.bscan_inst/SERIES7_BSCAN.bscan_inst/INTERNAL_TCK
    CONFIG_SITE_X0Y0     BSCANE2 (Prop_BSCAN1_CONFIG_SITE_INTERNAL_TCK_TCK)
                                                      4.300     4.300 r  dbg_hub/inst/BSCANID.u_xsdbm_id/SWITCH_N_EXT_BSCAN.bscan_inst/SERIES7_BSCAN.bscan_inst/TCK
                         net (fo=1, routed)           0.800     5.100    dbg_hub/inst/BSCANID.u_xsdbm_id/tck_bs
    BUFGCE_X0Y50         BUFGCE (Prop_BUFCE_BUFGCE_I_O)
                                                      0.019     5.119 r  dbg_hub/inst/BSCANID.u_xsdbm_id/SWITCH_N_EXT_BSCAN.u_bufg_icon_tck/O
    X2Y1 (CLOCK_ROOT)    net (fo=490, routed)         1.106     6.225    dbg_hub/inst/BSCANID.u_xsdbm_id/CORE_XSDB.UUT_MASTER/U_ICON_INTERFACE/U_CMD6_WR/U_WR_FIFO/SUBCORE_FIFO.xsdbm_v3_0_0_wrfifo_inst/inst_fifo_gen/gconvfifo.rf/grf.rf/gntv_or_sync_fifo.gcx.clkx/wr_clk
    SLICE_X59Y115        FDCE                                         r  dbg_hub/inst/BSCANID.u_xsdbm_id/CORE_XSDB.UUT_MASTER/U_ICON_INTERFACE/U_CMD6_WR/U_WR_FIFO/SUBCORE_FIFO.xsdbm_v3_0_0_wrfifo_inst/inst_fifo_gen/gconvfifo.rf/grf.rf/gntv_or_sync_fifo.gcx.clkx/gnxpm_cdc.rd_pntr_bin_reg[2]/C
                         clock pessimism             -4.151     2.074    
    SLICE_X59Y115        FDCE (Remov_HFF2_SLICEL_C_CLR)
                                                     -0.020     2.054    dbg_hub/inst/BSCANID.u_xsdbm_id/CORE_XSDB.UUT_MASTER/U_ICON_INTERFACE/U_CMD6_WR/U_WR_FIFO/SUBCORE_FIFO.xsdbm_v3_0_0_wrfifo_inst/inst_fifo_gen/gconvfifo.rf/grf.rf/gntv_or_sync_fifo.gcx.clkx/gnxpm_cdc.rd_pntr_bin_reg[2]
  -------------------------------------------------------------------
                         required time                         -2.054    
                         arrival time                           2.178    
  -------------------------------------------------------------------
                         slack                                  0.124    

Slack (MET) :             0.128ns  (arrival time - required time)
  Source:                 dbg_hub/inst/BSCANID.u_xsdbm_id/CORE_XSDB.UUT_MASTER/U_ICON_INTERFACE/U_CMD6_WR/U_WR_FIFO/SUBCORE_FIFO.xsdbm_v3_0_0_wrfifo_inst/inst_fifo_gen/gconvfifo.rf/grf.rf/rstblk/ngwrdrst.grst.g7serrst.wr_rst_reg_reg[0]/C
                            (rising edge-triggered cell FDPE clocked by dbg_hub/inst/BSCANID.u_xsdbm_id/SWITCH_N_EXT_BSCAN.bscan_inst/SERIES7_BSCAN.bscan_inst/INTERNAL_TCK  {rise@0.000ns fall@25.000ns period=50.000ns})
  Destination:            dbg_hub/inst/BSCANID.u_xsdbm_id/CORE_XSDB.UUT_MASTER/U_ICON_INTERFACE/U_CMD6_WR/U_WR_FIFO/SUBCORE_FIFO.xsdbm_v3_0_0_wrfifo_inst/inst_fifo_gen/gconvfifo.rf/grf.rf/gntv_or_sync_fifo.gcx.clkx/gnxpm_cdc.rd_pntr_bin_reg[3]/CLR
                            (removal check against rising-edge clock dbg_hub/inst/BSCANID.u_xsdbm_id/SWITCH_N_EXT_BSCAN.bscan_inst/SERIES7_BSCAN.bscan_inst/INTERNAL_TCK  {rise@0.000ns fall@25.000ns period=50.000ns})
  Path Group:             **async_default**
  Path Type:              Removal (Min at Fast Process Corner)
  Requirement:            0.000ns  (dbg_hub/inst/BSCANID.u_xsdbm_id/SWITCH_N_EXT_BSCAN.bscan_inst/SERIES7_BSCAN.bscan_inst/INTERNAL_TCK rise@0.000ns - dbg_hub/inst/BSCANID.u_xsdbm_id/SWITCH_N_EXT_BSCAN.bscan_inst/SERIES7_BSCAN.bscan_inst/INTERNAL_TCK rise@0.000ns)
  Data Path Delay:        0.119ns  (logic 0.038ns (31.933%)  route 0.081ns (68.067%))
  Logic Levels:           0  
  Clock Path Skew:        0.011ns (DCD - SCD - CPR)
    Destination Clock Delay (DCD):    6.221ns
    Source Clock Delay      (SCD):    2.059ns
    Clock Pessimism Removal (CPR):    4.151ns
  Clock Net Delay (Source):      0.974ns (routing 0.483ns, distribution 0.491ns)
  Clock Net Delay (Destination): 1.102ns (routing 0.539ns, distribution 0.563ns)

    Location             Delay type                Incr(ns)  Path(ns)    Netlist Resource(s)
  -------------------------------------------------------------------    -------------------
                         (clock dbg_hub/inst/BSCANID.u_xsdbm_id/SWITCH_N_EXT_BSCAN.bscan_inst/SERIES7_BSCAN.bscan_inst/INTERNAL_TCK rise edge)
                                                      0.000     0.000 r  
    CONFIG_SITE_X0Y0     BSCANE2                      0.000     0.000 r  dbg_hub/inst/BSCANID.u_xsdbm_id/SWITCH_N_EXT_BSCAN.bscan_inst/SERIES7_BSCAN.bscan_inst/INTERNAL_TCK
    CONFIG_SITE_X0Y0     BSCANE2 (Prop_BSCAN1_CONFIG_SITE_INTERNAL_TCK_TCK)
                                                      0.465     0.465 r  dbg_hub/inst/BSCANID.u_xsdbm_id/SWITCH_N_EXT_BSCAN.bscan_inst/SERIES7_BSCAN.bscan_inst/TCK
                         net (fo=1, routed)           0.603     1.068    dbg_hub/inst/BSCANID.u_xsdbm_id/tck_bs
    BUFGCE_X0Y50         BUFGCE (Prop_BUFCE_BUFGCE_I_O)
                                                      0.017     1.085 r  dbg_hub/inst/BSCANID.u_xsdbm_id/SWITCH_N_EXT_BSCAN.u_bufg_icon_tck/O
    X2Y1 (CLOCK_ROOT)    net (fo=490, routed)         0.974     2.059    dbg_hub/inst/BSCANID.u_xsdbm_id/CORE_XSDB.UUT_MASTER/U_ICON_INTERFACE/U_CMD6_WR/U_WR_FIFO/SUBCORE_FIFO.xsdbm_v3_0_0_wrfifo_inst/inst_fifo_gen/gconvfifo.rf/grf.rf/rstblk/wr_clk
    SLICE_X58Y115        FDPE                                         r  dbg_hub/inst/BSCANID.u_xsdbm_id/CORE_XSDB.UUT_MASTER/U_ICON_INTERFACE/U_CMD6_WR/U_WR_FIFO/SUBCORE_FIFO.xsdbm_v3_0_0_wrfifo_inst/inst_fifo_gen/gconvfifo.rf/grf.rf/rstblk/ngwrdrst.grst.g7serrst.wr_rst_reg_reg[0]/C
  -------------------------------------------------------------------    -------------------
    SLICE_X58Y115        FDPE (Prop_EFF_SLICEM_C_Q)
                                                      0.038     2.097 f  dbg_hub/inst/BSCANID.u_xsdbm_id/CORE_XSDB.UUT_MASTER/U_ICON_INTERFACE/U_CMD6_WR/U_WR_FIFO/SUBCORE_FIFO.xsdbm_v3_0_0_wrfifo_inst/inst_fifo_gen/gconvfifo.rf/grf.rf/rstblk/ngwrdrst.grst.g7serrst.wr_rst_reg_reg[0]/Q
                         net (fo=18, routed)          0.081     2.178    dbg_hub/inst/BSCANID.u_xsdbm_id/CORE_XSDB.UUT_MASTER/U_ICON_INTERFACE/U_CMD6_WR/U_WR_FIFO/SUBCORE_FIFO.xsdbm_v3_0_0_wrfifo_inst/inst_fifo_gen/gconvfifo.rf/grf.rf/gntv_or_sync_fifo.gcx.clkx/AR[0]
    SLICE_X59Y115        FDCE                                         f  dbg_hub/inst/BSCANID.u_xsdbm_id/CORE_XSDB.UUT_MASTER/U_ICON_INTERFACE/U_CMD6_WR/U_WR_FIFO/SUBCORE_FIFO.xsdbm_v3_0_0_wrfifo_inst/inst_fifo_gen/gconvfifo.rf/grf.rf/gntv_or_sync_fifo.gcx.clkx/gnxpm_cdc.rd_pntr_bin_reg[3]/CLR
  -------------------------------------------------------------------    -------------------

                         (clock dbg_hub/inst/BSCANID.u_xsdbm_id/SWITCH_N_EXT_BSCAN.bscan_inst/SERIES7_BSCAN.bscan_inst/INTERNAL_TCK rise edge)
                                                      0.000     0.000 r  
    CONFIG_SITE_X0Y0     BSCANE2                      0.000     0.000 r  dbg_hub/inst/BSCANID.u_xsdbm_id/SWITCH_N_EXT_BSCAN.bscan_inst/SERIES7_BSCAN.bscan_inst/INTERNAL_TCK
    CONFIG_SITE_X0Y0     BSCANE2 (Prop_BSCAN1_CONFIG_SITE_INTERNAL_TCK_TCK)
                                                      4.300     4.300 r  dbg_hub/inst/BSCANID.u_xsdbm_id/SWITCH_N_EXT_BSCAN.bscan_inst/SERIES7_BSCAN.bscan_inst/TCK
                         net (fo=1, routed)           0.800     5.100    dbg_hub/inst/BSCANID.u_xsdbm_id/tck_bs
    BUFGCE_X0Y50         BUFGCE (Prop_BUFCE_BUFGCE_I_O)
                                                      0.019     5.119 r  dbg_hub/inst/BSCANID.u_xsdbm_id/SWITCH_N_EXT_BSCAN.u_bufg_icon_tck/O
    X2Y1 (CLOCK_ROOT)    net (fo=490, routed)         1.102     6.221    dbg_hub/inst/BSCANID.u_xsdbm_id/CORE_XSDB.UUT_MASTER/U_ICON_INTERFACE/U_CMD6_WR/U_WR_FIFO/SUBCORE_FIFO.xsdbm_v3_0_0_wrfifo_inst/inst_fifo_gen/gconvfifo.rf/grf.rf/gntv_or_sync_fifo.gcx.clkx/wr_clk
    SLICE_X59Y115        FDCE                                         r  dbg_hub/inst/BSCANID.u_xsdbm_id/CORE_XSDB.UUT_MASTER/U_ICON_INTERFACE/U_CMD6_WR/U_WR_FIFO/SUBCORE_FIFO.xsdbm_v3_0_0_wrfifo_inst/inst_fifo_gen/gconvfifo.rf/grf.rf/gntv_or_sync_fifo.gcx.clkx/gnxpm_cdc.rd_pntr_bin_reg[3]/C
                         clock pessimism             -4.151     2.070    
    SLICE_X59Y115        FDCE (Remov_AFF_SLICEL_C_CLR)
                                                     -0.020     2.050    dbg_hub/inst/BSCANID.u_xsdbm_id/CORE_XSDB.UUT_MASTER/U_ICON_INTERFACE/U_CMD6_WR/U_WR_FIFO/SUBCORE_FIFO.xsdbm_v3_0_0_wrfifo_inst/inst_fifo_gen/gconvfifo.rf/grf.rf/gntv_or_sync_fifo.gcx.clkx/gnxpm_cdc.rd_pntr_bin_reg[3]
  -------------------------------------------------------------------
                         required time                         -2.050    
                         arrival time                           2.178    
  -------------------------------------------------------------------
                         slack                                  0.128    

Slack (MET) :             0.128ns  (arrival time - required time)
  Source:                 dbg_hub/inst/BSCANID.u_xsdbm_id/CORE_XSDB.UUT_MASTER/U_ICON_INTERFACE/U_CMD6_WR/U_WR_FIFO/SUBCORE_FIFO.xsdbm_v3_0_0_wrfifo_inst/inst_fifo_gen/gconvfifo.rf/grf.rf/rstblk/ngwrdrst.grst.g7serrst.wr_rst_reg_reg[0]/C
                            (rising edge-triggered cell FDPE clocked by dbg_hub/inst/BSCANID.u_xsdbm_id/SWITCH_N_EXT_BSCAN.bscan_inst/SERIES7_BSCAN.bscan_inst/INTERNAL_TCK  {rise@0.000ns fall@25.000ns period=50.000ns})
  Destination:            dbg_hub/inst/BSCANID.u_xsdbm_id/CORE_XSDB.UUT_MASTER/U_ICON_INTERFACE/U_CMD6_WR/U_WR_FIFO/SUBCORE_FIFO.xsdbm_v3_0_0_wrfifo_inst/inst_fifo_gen/gconvfifo.rf/grf.rf/gntv_or_sync_fifo.gl0.wr/gwas.wsts/ram_full_fb_i_reg/CLR
                            (removal check against rising-edge clock dbg_hub/inst/BSCANID.u_xsdbm_id/SWITCH_N_EXT_BSCAN.bscan_inst/SERIES7_BSCAN.bscan_inst/INTERNAL_TCK  {rise@0.000ns fall@25.000ns period=50.000ns})
  Path Group:             **async_default**
  Path Type:              Removal (Min at Fast Process Corner)
  Requirement:            0.000ns  (dbg_hub/inst/BSCANID.u_xsdbm_id/SWITCH_N_EXT_BSCAN.bscan_inst/SERIES7_BSCAN.bscan_inst/INTERNAL_TCK rise@0.000ns - dbg_hub/inst/BSCANID.u_xsdbm_id/SWITCH_N_EXT_BSCAN.bscan_inst/SERIES7_BSCAN.bscan_inst/INTERNAL_TCK rise@0.000ns)
  Data Path Delay:        0.119ns  (logic 0.038ns (31.933%)  route 0.081ns (68.067%))
  Logic Levels:           0  
  Clock Path Skew:        0.011ns (DCD - SCD - CPR)
    Destination Clock Delay (DCD):    6.221ns
    Source Clock Delay      (SCD):    2.059ns
    Clock Pessimism Removal (CPR):    4.151ns
  Clock Net Delay (Source):      0.974ns (routing 0.483ns, distribution 0.491ns)
  Clock Net Delay (Destination): 1.102ns (routing 0.539ns, distribution 0.563ns)

    Location             Delay type                Incr(ns)  Path(ns)    Netlist Resource(s)
  -------------------------------------------------------------------    -------------------
                         (clock dbg_hub/inst/BSCANID.u_xsdbm_id/SWITCH_N_EXT_BSCAN.bscan_inst/SERIES7_BSCAN.bscan_inst/INTERNAL_TCK rise edge)
                                                      0.000     0.000 r  
    CONFIG_SITE_X0Y0     BSCANE2                      0.000     0.000 r  dbg_hub/inst/BSCANID.u_xsdbm_id/SWITCH_N_EXT_BSCAN.bscan_inst/SERIES7_BSCAN.bscan_inst/INTERNAL_TCK
    CONFIG_SITE_X0Y0     BSCANE2 (Prop_BSCAN1_CONFIG_SITE_INTERNAL_TCK_TCK)
                                                      0.465     0.465 r  dbg_hub/inst/BSCANID.u_xsdbm_id/SWITCH_N_EXT_BSCAN.bscan_inst/SERIES7_BSCAN.bscan_inst/TCK
                         net (fo=1, routed)           0.603     1.068    dbg_hub/inst/BSCANID.u_xsdbm_id/tck_bs
    BUFGCE_X0Y50         BUFGCE (Prop_BUFCE_BUFGCE_I_O)
                                                      0.017     1.085 r  dbg_hub/inst/BSCANID.u_xsdbm_id/SWITCH_N_EXT_BSCAN.u_bufg_icon_tck/O
    X2Y1 (CLOCK_ROOT)    net (fo=490, routed)         0.974     2.059    dbg_hub/inst/BSCANID.u_xsdbm_id/CORE_XSDB.UUT_MASTER/U_ICON_INTERFACE/U_CMD6_WR/U_WR_FIFO/SUBCORE_FIFO.xsdbm_v3_0_0_wrfifo_inst/inst_fifo_gen/gconvfifo.rf/grf.rf/rstblk/wr_clk
    SLICE_X58Y115        FDPE                                         r  dbg_hub/inst/BSCANID.u_xsdbm_id/CORE_XSDB.UUT_MASTER/U_ICON_INTERFACE/U_CMD6_WR/U_WR_FIFO/SUBCORE_FIFO.xsdbm_v3_0_0_wrfifo_inst/inst_fifo_gen/gconvfifo.rf/grf.rf/rstblk/ngwrdrst.grst.g7serrst.wr_rst_reg_reg[0]/C
  -------------------------------------------------------------------    -------------------
    SLICE_X58Y115        FDPE (Prop_EFF_SLICEM_C_Q)
                                                      0.038     2.097 f  dbg_hub/inst/BSCANID.u_xsdbm_id/CORE_XSDB.UUT_MASTER/U_ICON_INTERFACE/U_CMD6_WR/U_WR_FIFO/SUBCORE_FIFO.xsdbm_v3_0_0_wrfifo_inst/inst_fifo_gen/gconvfifo.rf/grf.rf/rstblk/ngwrdrst.grst.g7serrst.wr_rst_reg_reg[0]/Q
                         net (fo=18, routed)          0.081     2.178    dbg_hub/inst/BSCANID.u_xsdbm_id/CORE_XSDB.UUT_MASTER/U_ICON_INTERFACE/U_CMD6_WR/U_WR_FIFO/SUBCORE_FIFO.xsdbm_v3_0_0_wrfifo_inst/inst_fifo_gen/gconvfifo.rf/grf.rf/gntv_or_sync_fifo.gl0.wr/gwas.wsts/ram_full_fb_i_reg_2[0]
    SLICE_X59Y115        FDCE                                         f  dbg_hub/inst/BSCANID.u_xsdbm_id/CORE_XSDB.UUT_MASTER/U_ICON_INTERFACE/U_CMD6_WR/U_WR_FIFO/SUBCORE_FIFO.xsdbm_v3_0_0_wrfifo_inst/inst_fifo_gen/gconvfifo.rf/grf.rf/gntv_or_sync_fifo.gl0.wr/gwas.wsts/ram_full_fb_i_reg/CLR
  -------------------------------------------------------------------    -------------------

                         (clock dbg_hub/inst/BSCANID.u_xsdbm_id/SWITCH_N_EXT_BSCAN.bscan_inst/SERIES7_BSCAN.bscan_inst/INTERNAL_TCK rise edge)
                                                      0.000     0.000 r  
    CONFIG_SITE_X0Y0     BSCANE2                      0.000     0.000 r  dbg_hub/inst/BSCANID.u_xsdbm_id/SWITCH_N_EXT_BSCAN.bscan_inst/SERIES7_BSCAN.bscan_inst/INTERNAL_TCK
    CONFIG_SITE_X0Y0     BSCANE2 (Prop_BSCAN1_CONFIG_SITE_INTERNAL_TCK_TCK)
                                                      4.300     4.300 r  dbg_hub/inst/BSCANID.u_xsdbm_id/SWITCH_N_EXT_BSCAN.bscan_inst/SERIES7_BSCAN.bscan_inst/TCK
                         net (fo=1, routed)           0.800     5.100    dbg_hub/inst/BSCANID.u_xsdbm_id/tck_bs
    BUFGCE_X0Y50         BUFGCE (Prop_BUFCE_BUFGCE_I_O)
                                                      0.019     5.119 r  dbg_hub/inst/BSCANID.u_xsdbm_id/SWITCH_N_EXT_BSCAN.u_bufg_icon_tck/O
    X2Y1 (CLOCK_ROOT)    net (fo=490, routed)         1.102     6.221    dbg_hub/inst/BSCANID.u_xsdbm_id/CORE_XSDB.UUT_MASTER/U_ICON_INTERFACE/U_CMD6_WR/U_WR_FIFO/SUBCORE_FIFO.xsdbm_v3_0_0_wrfifo_inst/inst_fifo_gen/gconvfifo.rf/grf.rf/gntv_or_sync_fifo.gl0.wr/gwas.wsts/wr_clk
    SLICE_X59Y115        FDCE                                         r  dbg_hub/inst/BSCANID.u_xsdbm_id/CORE_XSDB.UUT_MASTER/U_ICON_INTERFACE/U_CMD6_WR/U_WR_FIFO/SUBCORE_FIFO.xsdbm_v3_0_0_wrfifo_inst/inst_fifo_gen/gconvfifo.rf/grf.rf/gntv_or_sync_fifo.gl0.wr/gwas.wsts/ram_full_fb_i_reg/C
                         clock pessimism             -4.151     2.070    
    SLICE_X59Y115        FDCE (Remov_AFF2_SLICEL_C_CLR)
                                                     -0.020     2.050    dbg_hub/inst/BSCANID.u_xsdbm_id/CORE_XSDB.UUT_MASTER/U_ICON_INTERFACE/U_CMD6_WR/U_WR_FIFO/SUBCORE_FIFO.xsdbm_v3_0_0_wrfifo_inst/inst_fifo_gen/gconvfifo.rf/grf.rf/gntv_or_sync_fifo.gl0.wr/gwas.wsts/ram_full_fb_i_reg
  -------------------------------------------------------------------
                         required time                         -2.050    
                         arrival time                           2.178    
  -------------------------------------------------------------------
                         slack                                  0.128    

Slack (MET) :             0.128ns  (arrival time - required time)
  Source:                 dbg_hub/inst/BSCANID.u_xsdbm_id/CORE_XSDB.UUT_MASTER/U_ICON_INTERFACE/U_CMD6_WR/U_WR_FIFO/SUBCORE_FIFO.xsdbm_v3_0_0_wrfifo_inst/inst_fifo_gen/gconvfifo.rf/grf.rf/rstblk/ngwrdrst.grst.g7serrst.wr_rst_reg_reg[0]/C
                            (rising edge-triggered cell FDPE clocked by dbg_hub/inst/BSCANID.u_xsdbm_id/SWITCH_N_EXT_BSCAN.bscan_inst/SERIES7_BSCAN.bscan_inst/INTERNAL_TCK  {rise@0.000ns fall@25.000ns period=50.000ns})
  Destination:            dbg_hub/inst/BSCANID.u_xsdbm_id/CORE_XSDB.UUT_MASTER/U_ICON_INTERFACE/U_CMD6_WR/U_WR_FIFO/SUBCORE_FIFO.xsdbm_v3_0_0_wrfifo_inst/inst_fifo_gen/gconvfifo.rf/grf.rf/gntv_or_sync_fifo.gl0.wr/gwas.wsts/ram_full_i_reg/CLR
                            (removal check against rising-edge clock dbg_hub/inst/BSCANID.u_xsdbm_id/SWITCH_N_EXT_BSCAN.bscan_inst/SERIES7_BSCAN.bscan_inst/INTERNAL_TCK  {rise@0.000ns fall@25.000ns period=50.000ns})
  Path Group:             **async_default**
  Path Type:              Removal (Min at Fast Process Corner)
  Requirement:            0.000ns  (dbg_hub/inst/BSCANID.u_xsdbm_id/SWITCH_N_EXT_BSCAN.bscan_inst/SERIES7_BSCAN.bscan_inst/INTERNAL_TCK rise@0.000ns - dbg_hub/inst/BSCANID.u_xsdbm_id/SWITCH_N_EXT_BSCAN.bscan_inst/SERIES7_BSCAN.bscan_inst/INTERNAL_TCK rise@0.000ns)
  Data Path Delay:        0.119ns  (logic 0.038ns (31.933%)  route 0.081ns (68.067%))
  Logic Levels:           0  
  Clock Path Skew:        0.011ns (DCD - SCD - CPR)
    Destination Clock Delay (DCD):    6.221ns
    Source Clock Delay      (SCD):    2.059ns
    Clock Pessimism Removal (CPR):    4.151ns
  Clock Net Delay (Source):      0.974ns (routing 0.483ns, distribution 0.491ns)
  Clock Net Delay (Destination): 1.102ns (routing 0.539ns, distribution 0.563ns)

    Location             Delay type                Incr(ns)  Path(ns)    Netlist Resource(s)
  -------------------------------------------------------------------    -------------------
                         (clock dbg_hub/inst/BSCANID.u_xsdbm_id/SWITCH_N_EXT_BSCAN.bscan_inst/SERIES7_BSCAN.bscan_inst/INTERNAL_TCK rise edge)
                                                      0.000     0.000 r  
    CONFIG_SITE_X0Y0     BSCANE2                      0.000     0.000 r  dbg_hub/inst/BSCANID.u_xsdbm_id/SWITCH_N_EXT_BSCAN.bscan_inst/SERIES7_BSCAN.bscan_inst/INTERNAL_TCK
    CONFIG_SITE_X0Y0     BSCANE2 (Prop_BSCAN1_CONFIG_SITE_INTERNAL_TCK_TCK)
                                                      0.465     0.465 r  dbg_hub/inst/BSCANID.u_xsdbm_id/SWITCH_N_EXT_BSCAN.bscan_inst/SERIES7_BSCAN.bscan_inst/TCK
                         net (fo=1, routed)           0.603     1.068    dbg_hub/inst/BSCANID.u_xsdbm_id/tck_bs
    BUFGCE_X0Y50         BUFGCE (Prop_BUFCE_BUFGCE_I_O)
                                                      0.017     1.085 r  dbg_hub/inst/BSCANID.u_xsdbm_id/SWITCH_N_EXT_BSCAN.u_bufg_icon_tck/O
    X2Y1 (CLOCK_ROOT)    net (fo=490, routed)         0.974     2.059    dbg_hub/inst/BSCANID.u_xsdbm_id/CORE_XSDB.UUT_MASTER/U_ICON_INTERFACE/U_CMD6_WR/U_WR_FIFO/SUBCORE_FIFO.xsdbm_v3_0_0_wrfifo_inst/inst_fifo_gen/gconvfifo.rf/grf.rf/rstblk/wr_clk
    SLICE_X58Y115        FDPE                                         r  dbg_hub/inst/BSCANID.u_xsdbm_id/CORE_XSDB.UUT_MASTER/U_ICON_INTERFACE/U_CMD6_WR/U_WR_FIFO/SUBCORE_FIFO.xsdbm_v3_0_0_wrfifo_inst/inst_fifo_gen/gconvfifo.rf/grf.rf/rstblk/ngwrdrst.grst.g7serrst.wr_rst_reg_reg[0]/C
  -------------------------------------------------------------------    -------------------
    SLICE_X58Y115        FDPE (Prop_EFF_SLICEM_C_Q)
                                                      0.038     2.097 f  dbg_hub/inst/BSCANID.u_xsdbm_id/CORE_XSDB.UUT_MASTER/U_ICON_INTERFACE/U_CMD6_WR/U_WR_FIFO/SUBCORE_FIFO.xsdbm_v3_0_0_wrfifo_inst/inst_fifo_gen/gconvfifo.rf/grf.rf/rstblk/ngwrdrst.grst.g7serrst.wr_rst_reg_reg[0]/Q
                         net (fo=18, routed)          0.081     2.178    dbg_hub/inst/BSCANID.u_xsdbm_id/CORE_XSDB.UUT_MASTER/U_ICON_INTERFACE/U_CMD6_WR/U_WR_FIFO/SUBCORE_FIFO.xsdbm_v3_0_0_wrfifo_inst/inst_fifo_gen/gconvfifo.rf/grf.rf/gntv_or_sync_fifo.gl0.wr/gwas.wsts/ram_full_fb_i_reg_2[0]
    SLICE_X59Y115        FDCE                                         f  dbg_hub/inst/BSCANID.u_xsdbm_id/CORE_XSDB.UUT_MASTER/U_ICON_INTERFACE/U_CMD6_WR/U_WR_FIFO/SUBCORE_FIFO.xsdbm_v3_0_0_wrfifo_inst/inst_fifo_gen/gconvfifo.rf/grf.rf/gntv_or_sync_fifo.gl0.wr/gwas.wsts/ram_full_i_reg/CLR
  -------------------------------------------------------------------    -------------------

                         (clock dbg_hub/inst/BSCANID.u_xsdbm_id/SWITCH_N_EXT_BSCAN.bscan_inst/SERIES7_BSCAN.bscan_inst/INTERNAL_TCK rise edge)
                                                      0.000     0.000 r  
    CONFIG_SITE_X0Y0     BSCANE2                      0.000     0.000 r  dbg_hub/inst/BSCANID.u_xsdbm_id/SWITCH_N_EXT_BSCAN.bscan_inst/SERIES7_BSCAN.bscan_inst/INTERNAL_TCK
    CONFIG_SITE_X0Y0     BSCANE2 (Prop_BSCAN1_CONFIG_SITE_INTERNAL_TCK_TCK)
                                                      4.300     4.300 r  dbg_hub/inst/BSCANID.u_xsdbm_id/SWITCH_N_EXT_BSCAN.bscan_inst/SERIES7_BSCAN.bscan_inst/TCK
                         net (fo=1, routed)           0.800     5.100    dbg_hub/inst/BSCANID.u_xsdbm_id/tck_bs
    BUFGCE_X0Y50         BUFGCE (Prop_BUFCE_BUFGCE_I_O)
                                                      0.019     5.119 r  dbg_hub/inst/BSCANID.u_xsdbm_id/SWITCH_N_EXT_BSCAN.u_bufg_icon_tck/O
    X2Y1 (CLOCK_ROOT)    net (fo=490, routed)         1.102     6.221    dbg_hub/inst/BSCANID.u_xsdbm_id/CORE_XSDB.UUT_MASTER/U_ICON_INTERFACE/U_CMD6_WR/U_WR_FIFO/SUBCORE_FIFO.xsdbm_v3_0_0_wrfifo_inst/inst_fifo_gen/gconvfifo.rf/grf.rf/gntv_or_sync_fifo.gl0.wr/gwas.wsts/wr_clk
    SLICE_X59Y115        FDCE                                         r  dbg_hub/inst/BSCANID.u_xsdbm_id/CORE_XSDB.UUT_MASTER/U_ICON_INTERFACE/U_CMD6_WR/U_WR_FIFO/SUBCORE_FIFO.xsdbm_v3_0_0_wrfifo_inst/inst_fifo_gen/gconvfifo.rf/grf.rf/gntv_or_sync_fifo.gl0.wr/gwas.wsts/ram_full_i_reg/C
                         clock pessimism             -4.151     2.070    
    SLICE_X59Y115        FDCE (Remov_BFF_SLICEL_C_CLR)
                                                     -0.020     2.050    dbg_hub/inst/BSCANID.u_xsdbm_id/CORE_XSDB.UUT_MASTER/U_ICON_INTERFACE/U_CMD6_WR/U_WR_FIFO/SUBCORE_FIFO.xsdbm_v3_0_0_wrfifo_inst/inst_fifo_gen/gconvfifo.rf/grf.rf/gntv_or_sync_fifo.gl0.wr/gwas.wsts/ram_full_i_reg
  -------------------------------------------------------------------
                         required time                         -2.050    
                         arrival time                           2.178    
  -------------------------------------------------------------------
                         slack                                  0.128    

Slack (MET) :             0.130ns  (arrival time - required time)
  Source:                 dbg_hub/inst/BSCANID.u_xsdbm_id/CORE_XSDB.UUT_MASTER/U_ICON_INTERFACE/U_CMD6_WR/U_WR_FIFO/SUBCORE_FIFO.xsdbm_v3_0_0_wrfifo_inst/inst_fifo_gen/gconvfifo.rf/grf.rf/rstblk/ngwrdrst.grst.g7serrst.wr_rst_reg_reg[0]/C
                            (rising edge-triggered cell FDPE clocked by dbg_hub/inst/BSCANID.u_xsdbm_id/SWITCH_N_EXT_BSCAN.bscan_inst/SERIES7_BSCAN.bscan_inst/INTERNAL_TCK  {rise@0.000ns fall@25.000ns period=50.000ns})
  Destination:            dbg_hub/inst/BSCANID.u_xsdbm_id/CORE_XSDB.UUT_MASTER/U_ICON_INTERFACE/U_CMD6_WR/U_WR_FIFO/SUBCORE_FIFO.xsdbm_v3_0_0_wrfifo_inst/inst_fifo_gen/gconvfifo.rf/grf.rf/gntv_or_sync_fifo.gcx.clkx/gnxpm_cdc.gsync_stage[1].wr_stg_inst/Q_reg_reg[1]/CLR
                            (removal check against rising-edge clock dbg_hub/inst/BSCANID.u_xsdbm_id/SWITCH_N_EXT_BSCAN.bscan_inst/SERIES7_BSCAN.bscan_inst/INTERNAL_TCK  {rise@0.000ns fall@25.000ns period=50.000ns})
  Path Group:             **async_default**
  Path Type:              Removal (Min at Fast Process Corner)
  Requirement:            0.000ns  (dbg_hub/inst/BSCANID.u_xsdbm_id/SWITCH_N_EXT_BSCAN.bscan_inst/SERIES7_BSCAN.bscan_inst/INTERNAL_TCK rise@0.000ns - dbg_hub/inst/BSCANID.u_xsdbm_id/SWITCH_N_EXT_BSCAN.bscan_inst/SERIES7_BSCAN.bscan_inst/INTERNAL_TCK rise@0.000ns)
  Data Path Delay:        0.126ns  (logic 0.038ns (30.159%)  route 0.088ns (69.841%))
  Logic Levels:           0  
  Clock Path Skew:        0.016ns (DCD - SCD - CPR)
    Destination Clock Delay (DCD):    6.226ns
    Source Clock Delay      (SCD):    2.059ns
    Clock Pessimism Removal (CPR):    4.151ns
  Clock Net Delay (Source):      0.974ns (routing 0.483ns, distribution 0.491ns)
  Clock Net Delay (Destination): 1.107ns (routing 0.539ns, distribution 0.568ns)

    Location             Delay type                Incr(ns)  Path(ns)    Netlist Resource(s)
  -------------------------------------------------------------------    -------------------
                         (clock dbg_hub/inst/BSCANID.u_xsdbm_id/SWITCH_N_EXT_BSCAN.bscan_inst/SERIES7_BSCAN.bscan_inst/INTERNAL_TCK rise edge)
                                                      0.000     0.000 r  
    CONFIG_SITE_X0Y0     BSCANE2                      0.000     0.000 r  dbg_hub/inst/BSCANID.u_xsdbm_id/SWITCH_N_EXT_BSCAN.bscan_inst/SERIES7_BSCAN.bscan_inst/INTERNAL_TCK
    CONFIG_SITE_X0Y0     BSCANE2 (Prop_BSCAN1_CONFIG_SITE_INTERNAL_TCK_TCK)
                                                      0.465     0.465 r  dbg_hub/inst/BSCANID.u_xsdbm_id/SWITCH_N_EXT_BSCAN.bscan_inst/SERIES7_BSCAN.bscan_inst/TCK
                         net (fo=1, routed)           0.603     1.068    dbg_hub/inst/BSCANID.u_xsdbm_id/tck_bs
    BUFGCE_X0Y50         BUFGCE (Prop_BUFCE_BUFGCE_I_O)
                                                      0.017     1.085 r  dbg_hub/inst/BSCANID.u_xsdbm_id/SWITCH_N_EXT_BSCAN.u_bufg_icon_tck/O
    X2Y1 (CLOCK_ROOT)    net (fo=490, routed)         0.974     2.059    dbg_hub/inst/BSCANID.u_xsdbm_id/CORE_XSDB.UUT_MASTER/U_ICON_INTERFACE/U_CMD6_WR/U_WR_FIFO/SUBCORE_FIFO.xsdbm_v3_0_0_wrfifo_inst/inst_fifo_gen/gconvfifo.rf/grf.rf/rstblk/wr_clk
    SLICE_X58Y115        FDPE                                         r  dbg_hub/inst/BSCANID.u_xsdbm_id/CORE_XSDB.UUT_MASTER/U_ICON_INTERFACE/U_CMD6_WR/U_WR_FIFO/SUBCORE_FIFO.xsdbm_v3_0_0_wrfifo_inst/inst_fifo_gen/gconvfifo.rf/grf.rf/rstblk/ngwrdrst.grst.g7serrst.wr_rst_reg_reg[0]/C
  -------------------------------------------------------------------    -------------------
    SLICE_X58Y115        FDPE (Prop_EFF_SLICEM_C_Q)
                                                      0.038     2.097 f  dbg_hub/inst/BSCANID.u_xsdbm_id/CORE_XSDB.UUT_MASTER/U_ICON_INTERFACE/U_CMD6_WR/U_WR_FIFO/SUBCORE_FIFO.xsdbm_v3_0_0_wrfifo_inst/inst_fifo_gen/gconvfifo.rf/grf.rf/rstblk/ngwrdrst.grst.g7serrst.wr_rst_reg_reg[0]/Q
                         net (fo=18, routed)          0.088     2.185    dbg_hub/inst/BSCANID.u_xsdbm_id/CORE_XSDB.UUT_MASTER/U_ICON_INTERFACE/U_CMD6_WR/U_WR_FIFO/SUBCORE_FIFO.xsdbm_v3_0_0_wrfifo_inst/inst_fifo_gen/gconvfifo.rf/grf.rf/gntv_or_sync_fifo.gcx.clkx/gnxpm_cdc.gsync_stage[1].wr_stg_inst/AR[0]
    SLICE_X58Y115        FDCE                                         f  dbg_hub/inst/BSCANID.u_xsdbm_id/CORE_XSDB.UUT_MASTER/U_ICON_INTERFACE/U_CMD6_WR/U_WR_FIFO/SUBCORE_FIFO.xsdbm_v3_0_0_wrfifo_inst/inst_fifo_gen/gconvfifo.rf/grf.rf/gntv_or_sync_fifo.gcx.clkx/gnxpm_cdc.gsync_stage[1].wr_stg_inst/Q_reg_reg[1]/CLR
  -------------------------------------------------------------------    -------------------

                         (clock dbg_hub/inst/BSCANID.u_xsdbm_id/SWITCH_N_EXT_BSCAN.bscan_inst/SERIES7_BSCAN.bscan_inst/INTERNAL_TCK rise edge)
                                                      0.000     0.000 r  
    CONFIG_SITE_X0Y0     BSCANE2                      0.000     0.000 r  dbg_hub/inst/BSCANID.u_xsdbm_id/SWITCH_N_EXT_BSCAN.bscan_inst/SERIES7_BSCAN.bscan_inst/INTERNAL_TCK
    CONFIG_SITE_X0Y0     BSCANE2 (Prop_BSCAN1_CONFIG_SITE_INTERNAL_TCK_TCK)
                                                      4.300     4.300 r  dbg_hub/inst/BSCANID.u_xsdbm_id/SWITCH_N_EXT_BSCAN.bscan_inst/SERIES7_BSCAN.bscan_inst/TCK
                         net (fo=1, routed)           0.800     5.100    dbg_hub/inst/BSCANID.u_xsdbm_id/tck_bs
    BUFGCE_X0Y50         BUFGCE (Prop_BUFCE_BUFGCE_I_O)
                                                      0.019     5.119 r  dbg_hub/inst/BSCANID.u_xsdbm_id/SWITCH_N_EXT_BSCAN.u_bufg_icon_tck/O
    X2Y1 (CLOCK_ROOT)    net (fo=490, routed)         1.107     6.226    dbg_hub/inst/BSCANID.u_xsdbm_id/CORE_XSDB.UUT_MASTER/U_ICON_INTERFACE/U_CMD6_WR/U_WR_FIFO/SUBCORE_FIFO.xsdbm_v3_0_0_wrfifo_inst/inst_fifo_gen/gconvfifo.rf/grf.rf/gntv_or_sync_fifo.gcx.clkx/gnxpm_cdc.gsync_stage[1].wr_stg_inst/wr_clk
    SLICE_X58Y115        FDCE                                         r  dbg_hub/inst/BSCANID.u_xsdbm_id/CORE_XSDB.UUT_MASTER/U_ICON_INTERFACE/U_CMD6_WR/U_WR_FIFO/SUBCORE_FIFO.xsdbm_v3_0_0_wrfifo_inst/inst_fifo_gen/gconvfifo.rf/grf.rf/gntv_or_sync_fifo.gcx.clkx/gnxpm_cdc.gsync_stage[1].wr_stg_inst/Q_reg_reg[1]/C
                         clock pessimism             -4.151     2.075    
    SLICE_X58Y115        FDCE (Remov_DFF2_SLICEM_C_CLR)
                                                     -0.020     2.055    dbg_hub/inst/BSCANID.u_xsdbm_id/CORE_XSDB.UUT_MASTER/U_ICON_INTERFACE/U_CMD6_WR/U_WR_FIFO/SUBCORE_FIFO.xsdbm_v3_0_0_wrfifo_inst/inst_fifo_gen/gconvfifo.rf/grf.rf/gntv_or_sync_fifo.gcx.clkx/gnxpm_cdc.gsync_stage[1].wr_stg_inst/Q_reg_reg[1]
  -------------------------------------------------------------------
                         required time                         -2.055    
                         arrival time                           2.185    
  -------------------------------------------------------------------
                         slack                                  0.130    

Slack (MET) :             0.130ns  (arrival time - required time)
  Source:                 dbg_hub/inst/BSCANID.u_xsdbm_id/CORE_XSDB.UUT_MASTER/U_ICON_INTERFACE/U_CMD6_WR/U_WR_FIFO/SUBCORE_FIFO.xsdbm_v3_0_0_wrfifo_inst/inst_fifo_gen/gconvfifo.rf/grf.rf/rstblk/ngwrdrst.grst.g7serrst.wr_rst_reg_reg[0]/C
                            (rising edge-triggered cell FDPE clocked by dbg_hub/inst/BSCANID.u_xsdbm_id/SWITCH_N_EXT_BSCAN.bscan_inst/SERIES7_BSCAN.bscan_inst/INTERNAL_TCK  {rise@0.000ns fall@25.000ns period=50.000ns})
  Destination:            dbg_hub/inst/BSCANID.u_xsdbm_id/CORE_XSDB.UUT_MASTER/U_ICON_INTERFACE/U_CMD6_WR/U_WR_FIFO/SUBCORE_FIFO.xsdbm_v3_0_0_wrfifo_inst/inst_fifo_gen/gconvfifo.rf/grf.rf/gntv_or_sync_fifo.gcx.clkx/gnxpm_cdc.gsync_stage[1].wr_stg_inst/Q_reg_reg[3]/CLR
                            (removal check against rising-edge clock dbg_hub/inst/BSCANID.u_xsdbm_id/SWITCH_N_EXT_BSCAN.bscan_inst/SERIES7_BSCAN.bscan_inst/INTERNAL_TCK  {rise@0.000ns fall@25.000ns period=50.000ns})
  Path Group:             **async_default**
  Path Type:              Removal (Min at Fast Process Corner)
  Requirement:            0.000ns  (dbg_hub/inst/BSCANID.u_xsdbm_id/SWITCH_N_EXT_BSCAN.bscan_inst/SERIES7_BSCAN.bscan_inst/INTERNAL_TCK rise@0.000ns - dbg_hub/inst/BSCANID.u_xsdbm_id/SWITCH_N_EXT_BSCAN.bscan_inst/SERIES7_BSCAN.bscan_inst/INTERNAL_TCK rise@0.000ns)
  Data Path Delay:        0.126ns  (logic 0.038ns (30.159%)  route 0.088ns (69.841%))
  Logic Levels:           0  
  Clock Path Skew:        0.016ns (DCD - SCD - CPR)
    Destination Clock Delay (DCD):    6.226ns
    Source Clock Delay      (SCD):    2.059ns
    Clock Pessimism Removal (CPR):    4.151ns
  Clock Net Delay (Source):      0.974ns (routing 0.483ns, distribution 0.491ns)
  Clock Net Delay (Destination): 1.107ns (routing 0.539ns, distribution 0.568ns)

    Location             Delay type                Incr(ns)  Path(ns)    Netlist Resource(s)
  -------------------------------------------------------------------    -------------------
                         (clock dbg_hub/inst/BSCANID.u_xsdbm_id/SWITCH_N_EXT_BSCAN.bscan_inst/SERIES7_BSCAN.bscan_inst/INTERNAL_TCK rise edge)
                                                      0.000     0.000 r  
    CONFIG_SITE_X0Y0     BSCANE2                      0.000     0.000 r  dbg_hub/inst/BSCANID.u_xsdbm_id/SWITCH_N_EXT_BSCAN.bscan_inst/SERIES7_BSCAN.bscan_inst/INTERNAL_TCK
    CONFIG_SITE_X0Y0     BSCANE2 (Prop_BSCAN1_CONFIG_SITE_INTERNAL_TCK_TCK)
                                                      0.465     0.465 r  dbg_hub/inst/BSCANID.u_xsdbm_id/SWITCH_N_EXT_BSCAN.bscan_inst/SERIES7_BSCAN.bscan_inst/TCK
                         net (fo=1, routed)           0.603     1.068    dbg_hub/inst/BSCANID.u_xsdbm_id/tck_bs
    BUFGCE_X0Y50         BUFGCE (Prop_BUFCE_BUFGCE_I_O)
                                                      0.017     1.085 r  dbg_hub/inst/BSCANID.u_xsdbm_id/SWITCH_N_EXT_BSCAN.u_bufg_icon_tck/O
    X2Y1 (CLOCK_ROOT)    net (fo=490, routed)         0.974     2.059    dbg_hub/inst/BSCANID.u_xsdbm_id/CORE_XSDB.UUT_MASTER/U_ICON_INTERFACE/U_CMD6_WR/U_WR_FIFO/SUBCORE_FIFO.xsdbm_v3_0_0_wrfifo_inst/inst_fifo_gen/gconvfifo.rf/grf.rf/rstblk/wr_clk
    SLICE_X58Y115        FDPE                                         r  dbg_hub/inst/BSCANID.u_xsdbm_id/CORE_XSDB.UUT_MASTER/U_ICON_INTERFACE/U_CMD6_WR/U_WR_FIFO/SUBCORE_FIFO.xsdbm_v3_0_0_wrfifo_inst/inst_fifo_gen/gconvfifo.rf/grf.rf/rstblk/ngwrdrst.grst.g7serrst.wr_rst_reg_reg[0]/C
  -------------------------------------------------------------------    -------------------
    SLICE_X58Y115        FDPE (Prop_EFF_SLICEM_C_Q)
                                                      0.038     2.097 f  dbg_hub/inst/BSCANID.u_xsdbm_id/CORE_XSDB.UUT_MASTER/U_ICON_INTERFACE/U_CMD6_WR/U_WR_FIFO/SUBCORE_FIFO.xsdbm_v3_0_0_wrfifo_inst/inst_fifo_gen/gconvfifo.rf/grf.rf/rstblk/ngwrdrst.grst.g7serrst.wr_rst_reg_reg[0]/Q
                         net (fo=18, routed)          0.088     2.185    dbg_hub/inst/BSCANID.u_xsdbm_id/CORE_XSDB.UUT_MASTER/U_ICON_INTERFACE/U_CMD6_WR/U_WR_FIFO/SUBCORE_FIFO.xsdbm_v3_0_0_wrfifo_inst/inst_fifo_gen/gconvfifo.rf/grf.rf/gntv_or_sync_fifo.gcx.clkx/gnxpm_cdc.gsync_stage[1].wr_stg_inst/AR[0]
    SLICE_X58Y115        FDCE                                         f  dbg_hub/inst/BSCANID.u_xsdbm_id/CORE_XSDB.UUT_MASTER/U_ICON_INTERFACE/U_CMD6_WR/U_WR_FIFO/SUBCORE_FIFO.xsdbm_v3_0_0_wrfifo_inst/inst_fifo_gen/gconvfifo.rf/grf.rf/gntv_or_sync_fifo.gcx.clkx/gnxpm_cdc.gsync_stage[1].wr_stg_inst/Q_reg_reg[3]/CLR
  -------------------------------------------------------------------    -------------------

                         (clock dbg_hub/inst/BSCANID.u_xsdbm_id/SWITCH_N_EXT_BSCAN.bscan_inst/SERIES7_BSCAN.bscan_inst/INTERNAL_TCK rise edge)
                                                      0.000     0.000 r  
    CONFIG_SITE_X0Y0     BSCANE2                      0.000     0.000 r  dbg_hub/inst/BSCANID.u_xsdbm_id/SWITCH_N_EXT_BSCAN.bscan_inst/SERIES7_BSCAN.bscan_inst/INTERNAL_TCK
    CONFIG_SITE_X0Y0     BSCANE2 (Prop_BSCAN1_CONFIG_SITE_INTERNAL_TCK_TCK)
                                                      4.300     4.300 r  dbg_hub/inst/BSCANID.u_xsdbm_id/SWITCH_N_EXT_BSCAN.bscan_inst/SERIES7_BSCAN.bscan_inst/TCK
                         net (fo=1, routed)           0.800     5.100    dbg_hub/inst/BSCANID.u_xsdbm_id/tck_bs
    BUFGCE_X0Y50         BUFGCE (Prop_BUFCE_BUFGCE_I_O)
                                                      0.019     5.119 r  dbg_hub/inst/BSCANID.u_xsdbm_id/SWITCH_N_EXT_BSCAN.u_bufg_icon_tck/O
    X2Y1 (CLOCK_ROOT)    net (fo=490, routed)         1.107     6.226    dbg_hub/inst/BSCANID.u_xsdbm_id/CORE_XSDB.UUT_MASTER/U_ICON_INTERFACE/U_CMD6_WR/U_WR_FIFO/SUBCORE_FIFO.xsdbm_v3_0_0_wrfifo_inst/inst_fifo_gen/gconvfifo.rf/grf.rf/gntv_or_sync_fifo.gcx.clkx/gnxpm_cdc.gsync_stage[1].wr_stg_inst/wr_clk
    SLICE_X58Y115        FDCE                                         r  dbg_hub/inst/BSCANID.u_xsdbm_id/CORE_XSDB.UUT_MASTER/U_ICON_INTERFACE/U_CMD6_WR/U_WR_FIFO/SUBCORE_FIFO.xsdbm_v3_0_0_wrfifo_inst/inst_fifo_gen/gconvfifo.rf/grf.rf/gntv_or_sync_fifo.gcx.clkx/gnxpm_cdc.gsync_stage[1].wr_stg_inst/Q_reg_reg[3]/C
                         clock pessimism             -4.151     2.075    
    SLICE_X58Y115        FDCE (Remov_CFF2_SLICEM_C_CLR)
                                                     -0.020     2.055    dbg_hub/inst/BSCANID.u_xsdbm_id/CORE_XSDB.UUT_MASTER/U_ICON_INTERFACE/U_CMD6_WR/U_WR_FIFO/SUBCORE_FIFO.xsdbm_v3_0_0_wrfifo_inst/inst_fifo_gen/gconvfifo.rf/grf.rf/gntv_or_sync_fifo.gcx.clkx/gnxpm_cdc.gsync_stage[1].wr_stg_inst/Q_reg_reg[3]
  -------------------------------------------------------------------
                         required time                         -2.055    
                         arrival time                           2.185    
  -------------------------------------------------------------------
                         slack                                  0.130    

Slack (MET) :             0.130ns  (arrival time - required time)
  Source:                 dbg_hub/inst/BSCANID.u_xsdbm_id/CORE_XSDB.UUT_MASTER/U_ICON_INTERFACE/U_CMD6_WR/U_WR_FIFO/SUBCORE_FIFO.xsdbm_v3_0_0_wrfifo_inst/inst_fifo_gen/gconvfifo.rf/grf.rf/rstblk/ngwrdrst.grst.g7serrst.wr_rst_reg_reg[0]/C
                            (rising edge-triggered cell FDPE clocked by dbg_hub/inst/BSCANID.u_xsdbm_id/SWITCH_N_EXT_BSCAN.bscan_inst/SERIES7_BSCAN.bscan_inst/INTERNAL_TCK  {rise@0.000ns fall@25.000ns period=50.000ns})
  Destination:            dbg_hub/inst/BSCANID.u_xsdbm_id/CORE_XSDB.UUT_MASTER/U_ICON_INTERFACE/U_CMD6_WR/U_WR_FIFO/SUBCORE_FIFO.xsdbm_v3_0_0_wrfifo_inst/inst_fifo_gen/gconvfifo.rf/grf.rf/gntv_or_sync_fifo.gcx.clkx/gnxpm_cdc.gsync_stage[2].wr_stg_inst/Q_reg_reg[1]/CLR
                            (removal check against rising-edge clock dbg_hub/inst/BSCANID.u_xsdbm_id/SWITCH_N_EXT_BSCAN.bscan_inst/SERIES7_BSCAN.bscan_inst/INTERNAL_TCK  {rise@0.000ns fall@25.000ns period=50.000ns})
  Path Group:             **async_default**
  Path Type:              Removal (Min at Fast Process Corner)
  Requirement:            0.000ns  (dbg_hub/inst/BSCANID.u_xsdbm_id/SWITCH_N_EXT_BSCAN.bscan_inst/SERIES7_BSCAN.bscan_inst/INTERNAL_TCK rise@0.000ns - dbg_hub/inst/BSCANID.u_xsdbm_id/SWITCH_N_EXT_BSCAN.bscan_inst/SERIES7_BSCAN.bscan_inst/INTERNAL_TCK rise@0.000ns)
  Data Path Delay:        0.126ns  (logic 0.038ns (30.159%)  route 0.088ns (69.841%))
  Logic Levels:           0  
  Clock Path Skew:        0.016ns (DCD - SCD - CPR)
    Destination Clock Delay (DCD):    6.226ns
    Source Clock Delay      (SCD):    2.059ns
    Clock Pessimism Removal (CPR):    4.151ns
  Clock Net Delay (Source):      0.974ns (routing 0.483ns, distribution 0.491ns)
  Clock Net Delay (Destination): 1.107ns (routing 0.539ns, distribution 0.568ns)

    Location             Delay type                Incr(ns)  Path(ns)    Netlist Resource(s)
  -------------------------------------------------------------------    -------------------
                         (clock dbg_hub/inst/BSCANID.u_xsdbm_id/SWITCH_N_EXT_BSCAN.bscan_inst/SERIES7_BSCAN.bscan_inst/INTERNAL_TCK rise edge)
                                                      0.000     0.000 r  
    CONFIG_SITE_X0Y0     BSCANE2                      0.000     0.000 r  dbg_hub/inst/BSCANID.u_xsdbm_id/SWITCH_N_EXT_BSCAN.bscan_inst/SERIES7_BSCAN.bscan_inst/INTERNAL_TCK
    CONFIG_SITE_X0Y0     BSCANE2 (Prop_BSCAN1_CONFIG_SITE_INTERNAL_TCK_TCK)
                                                      0.465     0.465 r  dbg_hub/inst/BSCANID.u_xsdbm_id/SWITCH_N_EXT_BSCAN.bscan_inst/SERIES7_BSCAN.bscan_inst/TCK
                         net (fo=1, routed)           0.603     1.068    dbg_hub/inst/BSCANID.u_xsdbm_id/tck_bs
    BUFGCE_X0Y50         BUFGCE (Prop_BUFCE_BUFGCE_I_O)
                                                      0.017     1.085 r  dbg_hub/inst/BSCANID.u_xsdbm_id/SWITCH_N_EXT_BSCAN.u_bufg_icon_tck/O
    X2Y1 (CLOCK_ROOT)    net (fo=490, routed)         0.974     2.059    dbg_hub/inst/BSCANID.u_xsdbm_id/CORE_XSDB.UUT_MASTER/U_ICON_INTERFACE/U_CMD6_WR/U_WR_FIFO/SUBCORE_FIFO.xsdbm_v3_0_0_wrfifo_inst/inst_fifo_gen/gconvfifo.rf/grf.rf/rstblk/wr_clk
    SLICE_X58Y115        FDPE                                         r  dbg_hub/inst/BSCANID.u_xsdbm_id/CORE_XSDB.UUT_MASTER/U_ICON_INTERFACE/U_CMD6_WR/U_WR_FIFO/SUBCORE_FIFO.xsdbm_v3_0_0_wrfifo_inst/inst_fifo_gen/gconvfifo.rf/grf.rf/rstblk/ngwrdrst.grst.g7serrst.wr_rst_reg_reg[0]/C
  -------------------------------------------------------------------    -------------------
    SLICE_X58Y115        FDPE (Prop_EFF_SLICEM_C_Q)
                                                      0.038     2.097 f  dbg_hub/inst/BSCANID.u_xsdbm_id/CORE_XSDB.UUT_MASTER/U_ICON_INTERFACE/U_CMD6_WR/U_WR_FIFO/SUBCORE_FIFO.xsdbm_v3_0_0_wrfifo_inst/inst_fifo_gen/gconvfifo.rf/grf.rf/rstblk/ngwrdrst.grst.g7serrst.wr_rst_reg_reg[0]/Q
                         net (fo=18, routed)          0.088     2.185    dbg_hub/inst/BSCANID.u_xsdbm_id/CORE_XSDB.UUT_MASTER/U_ICON_INTERFACE/U_CMD6_WR/U_WR_FIFO/SUBCORE_FIFO.xsdbm_v3_0_0_wrfifo_inst/inst_fifo_gen/gconvfifo.rf/grf.rf/gntv_or_sync_fifo.gcx.clkx/gnxpm_cdc.gsync_stage[2].wr_stg_inst/AR[0]
    SLICE_X58Y115        FDCE                                         f  dbg_hub/inst/BSCANID.u_xsdbm_id/CORE_XSDB.UUT_MASTER/U_ICON_INTERFACE/U_CMD6_WR/U_WR_FIFO/SUBCORE_FIFO.xsdbm_v3_0_0_wrfifo_inst/inst_fifo_gen/gconvfifo.rf/grf.rf/gntv_or_sync_fifo.gcx.clkx/gnxpm_cdc.gsync_stage[2].wr_stg_inst/Q_reg_reg[1]/CLR
  -------------------------------------------------------------------    -------------------

                         (clock dbg_hub/inst/BSCANID.u_xsdbm_id/SWITCH_N_EXT_BSCAN.bscan_inst/SERIES7_BSCAN.bscan_inst/INTERNAL_TCK rise edge)
                                                      0.000     0.000 r  
    CONFIG_SITE_X0Y0     BSCANE2                      0.000     0.000 r  dbg_hub/inst/BSCANID.u_xsdbm_id/SWITCH_N_EXT_BSCAN.bscan_inst/SERIES7_BSCAN.bscan_inst/INTERNAL_TCK
    CONFIG_SITE_X0Y0     BSCANE2 (Prop_BSCAN1_CONFIG_SITE_INTERNAL_TCK_TCK)
                                                      4.300     4.300 r  dbg_hub/inst/BSCANID.u_xsdbm_id/SWITCH_N_EXT_BSCAN.bscan_inst/SERIES7_BSCAN.bscan_inst/TCK
                         net (fo=1, routed)           0.800     5.100    dbg_hub/inst/BSCANID.u_xsdbm_id/tck_bs
    BUFGCE_X0Y50         BUFGCE (Prop_BUFCE_BUFGCE_I_O)
                                                      0.019     5.119 r  dbg_hub/inst/BSCANID.u_xsdbm_id/SWITCH_N_EXT_BSCAN.u_bufg_icon_tck/O
    X2Y1 (CLOCK_ROOT)    net (fo=490, routed)         1.107     6.226    dbg_hub/inst/BSCANID.u_xsdbm_id/CORE_XSDB.UUT_MASTER/U_ICON_INTERFACE/U_CMD6_WR/U_WR_FIFO/SUBCORE_FIFO.xsdbm_v3_0_0_wrfifo_inst/inst_fifo_gen/gconvfifo.rf/grf.rf/gntv_or_sync_fifo.gcx.clkx/gnxpm_cdc.gsync_stage[2].wr_stg_inst/wr_clk
    SLICE_X58Y115        FDCE                                         r  dbg_hub/inst/BSCANID.u_xsdbm_id/CORE_XSDB.UUT_MASTER/U_ICON_INTERFACE/U_CMD6_WR/U_WR_FIFO/SUBCORE_FIFO.xsdbm_v3_0_0_wrfifo_inst/inst_fifo_gen/gconvfifo.rf/grf.rf/gntv_or_sync_fifo.gcx.clkx/gnxpm_cdc.gsync_stage[2].wr_stg_inst/Q_reg_reg[1]/C
                         clock pessimism             -4.151     2.075    
    SLICE_X58Y115        FDCE (Remov_AFF2_SLICEM_C_CLR)
                                                     -0.020     2.055    dbg_hub/inst/BSCANID.u_xsdbm_id/CORE_XSDB.UUT_MASTER/U_ICON_INTERFACE/U_CMD6_WR/U_WR_FIFO/SUBCORE_FIFO.xsdbm_v3_0_0_wrfifo_inst/inst_fifo_gen/gconvfifo.rf/grf.rf/gntv_or_sync_fifo.gcx.clkx/gnxpm_cdc.gsync_stage[2].wr_stg_inst/Q_reg_reg[1]
  -------------------------------------------------------------------
                         required time                         -2.055    
                         arrival time                           2.185    
  -------------------------------------------------------------------
                         slack                                  0.130    





