TRACE::2026-02-28.23:08:40::SCWPlatform::Trying to open the hw design at /media/steckler/xilinx_linux/SDR_custom/SDR/Software/SDR_Firmware/CPU_N1_ONECYCLE_RISCV_2020_1_MYIR_BRAM_DP/CPU_V1/vitis/bootloader_RV32I/hw/Sections_wrapper.xsa
TRACE::2026-02-28.23:08:40::SCWPlatform::DSA given /media/steckler/xilinx_linux/SDR_custom/SDR/Software/SDR_Firmware/CPU_N1_ONECYCLE_RISCV_2020_1_MYIR_BRAM_DP/CPU_V1/vitis/bootloader_RV32I/hw/Sections_wrapper.xsa
TRACE::2026-02-28.23:08:40::SCWPlatform::DSA absoulate path /media/steckler/xilinx_linux/SDR_custom/SDR/Software/SDR_Firmware/CPU_N1_ONECYCLE_RISCV_2020_1_MYIR_BRAM_DP/CPU_V1/vitis/bootloader_RV32I/hw/Sections_wrapper.xsa
TRACE::2026-02-28.23:08:43::SCWPlatform::DSA directory /media/steckler/xilinx_linux/SDR_custom/SDR/Software/SDR_Firmware/CPU_N1_ONECYCLE_RISCV_2020_1_MYIR_BRAM_DP/CPU_V1/vitis/bootloader_RV32I/hw
TRACE::2026-02-28.23:08:43::SCWPlatform:: Platform Path /media/steckler/xilinx_linux/SDR_custom/SDR/Software/SDR_Firmware/CPU_N1_ONECYCLE_RISCV_2020_1_MYIR_BRAM_DP/CPU_V1/vitis/bootloader_RV32I/hw/Sections_wrapper.xsa
TRACE::2026-02-28.23:08:43::SCWPlatform:: Unique name xilinx:::0.0
TRACE::2026-02-28.23:08:43::SCWPlatform::Do not have an existing db opened. 
TRACE::2026-02-28.23:08:51::SCWPlatform::Opened new HwDB with name Sections_wrapper_0
TRACE::2026-02-28.23:08:51::SCWWriter::formatted JSON is {
	"platformName":	"bootloader_RV32I",
	"sprVersion":	"2.0",
	"mode":	"gui",
	"dsaType":	"Fixed",
	"platformDesc":	"bootloader_RV32I",
	"platHandOff":	"/media/steckler/xilinx_linux/SDR_custom/SDR/Software/SDR_Firmware/CPU_N1_ONECYCLE_RISCV_2020_1_MYIR_BRAM_DP/CPU_V1/Sections_wrapper.xsa",
	"platIntHandOff":	"<platformDir>/hw/Sections_wrapper.xsa",
	"deviceType":	"zynqMP",
	"platIsPrebuiltAutogen":	"false",
	"platIsNoBootBsp":	"true",
	"hasFsblMakeHasChanges":	"false",
	"hasPmufwMakeHasChanges":	"false",
	"platPreBuiltFlag":	false,
	"platformSamplesDir":	""
}
TRACE::2026-02-28.23:08:51::SCWWriter::formatted JSON is {
	"platformName":	"bootloader_RV32I",
	"sprVersion":	"2.0",
	"mode":	"gui",
	"dsaType":	"Fixed",
	"platformDesc":	"bootloader_RV32I",
	"platHandOff":	"/media/steckler/xilinx_linux/SDR_custom/SDR/Software/SDR_Firmware/CPU_N1_ONECYCLE_RISCV_2020_1_MYIR_BRAM_DP/CPU_V1/Sections_wrapper.xsa",
	"platIntHandOff":	"<platformDir>/hw/Sections_wrapper.xsa",
	"deviceType":	"zynqMP",
	"platIsPrebuiltAutogen":	"false",
	"platIsNoBootBsp":	"true",
	"hasFsblMakeHasChanges":	"false",
	"hasPmufwMakeHasChanges":	"false",
	"platPreBuiltFlag":	false,
	"platformSamplesDir":	"",
	"platActiveSys":	"bootloader_RV32I",
	"systems":	[{
			"systemName":	"bootloader_RV32I",
			"systemDesc":	"bootloader_RV32I",
			"sysIsBootAutoGen":	"true",
			"systemDispName":	"bootloader_RV32I"
		}]
}
TRACE::2026-02-28.23:08:51::SCWPlatform::Trying to open the hw design at /media/steckler/xilinx_linux/SDR_custom/SDR/Software/SDR_Firmware/CPU_N1_ONECYCLE_RISCV_2020_1_MYIR_BRAM_DP/CPU_V1/vitis/bootloader_RV32I/hw/Sections_wrapper.xsa
TRACE::2026-02-28.23:08:51::SCWPlatform::DSA given /media/steckler/xilinx_linux/SDR_custom/SDR/Software/SDR_Firmware/CPU_N1_ONECYCLE_RISCV_2020_1_MYIR_BRAM_DP/CPU_V1/vitis/bootloader_RV32I/hw/Sections_wrapper.xsa
TRACE::2026-02-28.23:08:51::SCWPlatform::DSA absoulate path /media/steckler/xilinx_linux/SDR_custom/SDR/Software/SDR_Firmware/CPU_N1_ONECYCLE_RISCV_2020_1_MYIR_BRAM_DP/CPU_V1/vitis/bootloader_RV32I/hw/Sections_wrapper.xsa
TRACE::2026-02-28.23:08:51::SCWPlatform::DSA directory /media/steckler/xilinx_linux/SDR_custom/SDR/Software/SDR_Firmware/CPU_N1_ONECYCLE_RISCV_2020_1_MYIR_BRAM_DP/CPU_V1/vitis/bootloader_RV32I/hw
TRACE::2026-02-28.23:08:51::SCWPlatform:: Platform Path /media/steckler/xilinx_linux/SDR_custom/SDR/Software/SDR_Firmware/CPU_N1_ONECYCLE_RISCV_2020_1_MYIR_BRAM_DP/CPU_V1/vitis/bootloader_RV32I/hw/Sections_wrapper.xsa
TRACE::2026-02-28.23:08:51::SCWPlatform:: Unique name xilinx:::0.0
TRACE::2026-02-28.23:08:51::SCWPlatform::Trying to set the existing hwdb with name Sections_wrapper_0
TRACE::2026-02-28.23:08:51::SCWPlatform::Opened existing hwdb Sections_wrapper_0
TRACE::2026-02-28.23:08:51::SCWPlatform::Found the Hw Db part of the input DSA
TRACE::2026-02-28.23:08:51::SCWDomain::checking for install qemu data   : 
TRACE::2026-02-28.23:08:51::SCWDomain:: Using the QEMU Data from install at  : /media/steckler/xilinx_linux/vitis_2020.1/Vitis/2020.1/data/emulation/platforms/zynqmp/qemu/
TRACE::2026-02-28.23:08:51::SCWDomain:: Using the QEMU args  from install at  : /media/steckler/xilinx_linux/vitis_2020.1/Vitis/2020.1/data/emulation/platforms/zynqmp/qemu/qemu_args.txt
TRACE::2026-02-28.23:08:51::SCWDomain:: Using the PMUQEMU args from install at  : /media/steckler/xilinx_linux/vitis_2020.1/Vitis/2020.1/data/emulation/platforms/zynqmp/qemu/pmu_args.txt
TRACE::2026-02-28.23:08:51::SCWPlatform::Trying to open the hw design at /media/steckler/xilinx_linux/SDR_custom/SDR/Software/SDR_Firmware/CPU_N1_ONECYCLE_RISCV_2020_1_MYIR_BRAM_DP/CPU_V1/vitis/bootloader_RV32I/hw/Sections_wrapper.xsa
TRACE::2026-02-28.23:08:51::SCWPlatform::DSA given /media/steckler/xilinx_linux/SDR_custom/SDR/Software/SDR_Firmware/CPU_N1_ONECYCLE_RISCV_2020_1_MYIR_BRAM_DP/CPU_V1/vitis/bootloader_RV32I/hw/Sections_wrapper.xsa
TRACE::2026-02-28.23:08:51::SCWPlatform::DSA absoulate path /media/steckler/xilinx_linux/SDR_custom/SDR/Software/SDR_Firmware/CPU_N1_ONECYCLE_RISCV_2020_1_MYIR_BRAM_DP/CPU_V1/vitis/bootloader_RV32I/hw/Sections_wrapper.xsa
TRACE::2026-02-28.23:08:51::SCWPlatform::DSA directory /media/steckler/xilinx_linux/SDR_custom/SDR/Software/SDR_Firmware/CPU_N1_ONECYCLE_RISCV_2020_1_MYIR_BRAM_DP/CPU_V1/vitis/bootloader_RV32I/hw
TRACE::2026-02-28.23:08:51::SCWPlatform:: Platform Path /media/steckler/xilinx_linux/SDR_custom/SDR/Software/SDR_Firmware/CPU_N1_ONECYCLE_RISCV_2020_1_MYIR_BRAM_DP/CPU_V1/vitis/bootloader_RV32I/hw/Sections_wrapper.xsa
TRACE::2026-02-28.23:08:51::SCWPlatform:: Unique name xilinx:::0.0
TRACE::2026-02-28.23:08:51::SCWPlatform::Trying to set the existing hwdb with name Sections_wrapper_0
TRACE::2026-02-28.23:08:51::SCWPlatform::Opened existing hwdb Sections_wrapper_0
TRACE::2026-02-28.23:08:51::SCWPlatform::Found the Hw Db part of the input DSA
TRACE::2026-02-28.23:08:51::SCWPlatform::Trying to open the hw design at /media/steckler/xilinx_linux/SDR_custom/SDR/Software/SDR_Firmware/CPU_N1_ONECYCLE_RISCV_2020_1_MYIR_BRAM_DP/CPU_V1/vitis/bootloader_RV32I/hw/Sections_wrapper.xsa
TRACE::2026-02-28.23:08:51::SCWPlatform::DSA given /media/steckler/xilinx_linux/SDR_custom/SDR/Software/SDR_Firmware/CPU_N1_ONECYCLE_RISCV_2020_1_MYIR_BRAM_DP/CPU_V1/vitis/bootloader_RV32I/hw/Sections_wrapper.xsa
TRACE::2026-02-28.23:08:51::SCWPlatform::DSA absoulate path /media/steckler/xilinx_linux/SDR_custom/SDR/Software/SDR_Firmware/CPU_N1_ONECYCLE_RISCV_2020_1_MYIR_BRAM_DP/CPU_V1/vitis/bootloader_RV32I/hw/Sections_wrapper.xsa
TRACE::2026-02-28.23:08:51::SCWPlatform::DSA directory /media/steckler/xilinx_linux/SDR_custom/SDR/Software/SDR_Firmware/CPU_N1_ONECYCLE_RISCV_2020_1_MYIR_BRAM_DP/CPU_V1/vitis/bootloader_RV32I/hw
TRACE::2026-02-28.23:08:51::SCWPlatform:: Platform Path /media/steckler/xilinx_linux/SDR_custom/SDR/Software/SDR_Firmware/CPU_N1_ONECYCLE_RISCV_2020_1_MYIR_BRAM_DP/CPU_V1/vitis/bootloader_RV32I/hw/Sections_wrapper.xsa
TRACE::2026-02-28.23:08:51::SCWPlatform:: Unique name xilinx:::0.0
TRACE::2026-02-28.23:08:51::SCWPlatform::Trying to set the existing hwdb with name Sections_wrapper_0
TRACE::2026-02-28.23:08:51::SCWPlatform::Opened existing hwdb Sections_wrapper_0
TRACE::2026-02-28.23:08:51::SCWPlatform::Found the Hw Db part of the input DSA
TRACE::2026-02-28.23:08:51::SCWPlatform::Trying to open the hw design at /media/steckler/xilinx_linux/SDR_custom/SDR/Software/SDR_Firmware/CPU_N1_ONECYCLE_RISCV_2020_1_MYIR_BRAM_DP/CPU_V1/vitis/bootloader_RV32I/hw/Sections_wrapper.xsa
TRACE::2026-02-28.23:08:51::SCWPlatform::DSA given /media/steckler/xilinx_linux/SDR_custom/SDR/Software/SDR_Firmware/CPU_N1_ONECYCLE_RISCV_2020_1_MYIR_BRAM_DP/CPU_V1/vitis/bootloader_RV32I/hw/Sections_wrapper.xsa
TRACE::2026-02-28.23:08:51::SCWPlatform::DSA absoulate path /media/steckler/xilinx_linux/SDR_custom/SDR/Software/SDR_Firmware/CPU_N1_ONECYCLE_RISCV_2020_1_MYIR_BRAM_DP/CPU_V1/vitis/bootloader_RV32I/hw/Sections_wrapper.xsa
TRACE::2026-02-28.23:08:51::SCWPlatform::DSA directory /media/steckler/xilinx_linux/SDR_custom/SDR/Software/SDR_Firmware/CPU_N1_ONECYCLE_RISCV_2020_1_MYIR_BRAM_DP/CPU_V1/vitis/bootloader_RV32I/hw
TRACE::2026-02-28.23:08:51::SCWPlatform:: Platform Path /media/steckler/xilinx_linux/SDR_custom/SDR/Software/SDR_Firmware/CPU_N1_ONECYCLE_RISCV_2020_1_MYIR_BRAM_DP/CPU_V1/vitis/bootloader_RV32I/hw/Sections_wrapper.xsa
TRACE::2026-02-28.23:08:51::SCWPlatform:: Unique name xilinx:::0.0
TRACE::2026-02-28.23:08:51::SCWPlatform::Trying to set the existing hwdb with name Sections_wrapper_0
TRACE::2026-02-28.23:08:51::SCWPlatform::Opened existing hwdb Sections_wrapper_0
TRACE::2026-02-28.23:08:51::SCWPlatform::Found the Hw Db part of the input DSA
TRACE::2026-02-28.23:08:51::SCWMssOS::Checking the sw design at  /media/steckler/xilinx_linux/SDR_custom/SDR/Software/SDR_Firmware/CPU_N1_ONECYCLE_RISCV_2020_1_MYIR_BRAM_DP/CPU_V1/vitis/bootloader_RV32I/psu_cortexa53_0/standalone_domain/bsp/system.mss
TRACE::2026-02-28.23:08:51::SCWMssOS::DEBUG:  swdes dump  
TRACE::2026-02-28.23:08:51::SCWMssOS::No sw design opened at  /media/steckler/xilinx_linux/SDR_custom/SDR/Software/SDR_Firmware/CPU_N1_ONECYCLE_RISCV_2020_1_MYIR_BRAM_DP/CPU_V1/vitis/bootloader_RV32I/psu_cortexa53_0/standalone_domain/bsp/system.mss
TRACE::2026-02-28.23:08:51::SCWMssOS::mss does not exists at /media/steckler/xilinx_linux/SDR_custom/SDR/Software/SDR_Firmware/CPU_N1_ONECYCLE_RISCV_2020_1_MYIR_BRAM_DP/CPU_V1/vitis/bootloader_RV32I/psu_cortexa53_0/standalone_domain/bsp/system.mss
TRACE::2026-02-28.23:08:51::SCWMssOS::Creating sw design at  /media/steckler/xilinx_linux/SDR_custom/SDR/Software/SDR_Firmware/CPU_N1_ONECYCLE_RISCV_2020_1_MYIR_BRAM_DP/CPU_V1/vitis/bootloader_RV32I/psu_cortexa53_0/standalone_domain/bsp/system.mss
TRACE::2026-02-28.23:08:51::SCWMssOS::Adding the swdes entry, created swdb /media/steckler/xilinx_linux/SDR_custom/SDR/Software/SDR_Firmware/CPU_N1_ONECYCLE_RISCV_2020_1_MYIR_BRAM_DP/CPU_V1/vitis/bootloader_RV32I/psu_cortexa53_0/standalone_domain/bsp/system.mss with des name /media/steckler/xilinx_linux/SDR_custom/SDR/Software/SDR_Firmware/CPU_N1_ONECYCLE_RISCV_2020_1_MYIR_BRAM_DP/CPU_V1/vitis/bootloader_RV32I/psu_cortexa53_0/standalone_domain/bsp/system.mss
TRACE::2026-02-28.23:08:51::SCWMssOS::updating the scw layer changes to swdes at   /media/steckler/xilinx_linux/SDR_custom/SDR/Software/SDR_Firmware/CPU_N1_ONECYCLE_RISCV_2020_1_MYIR_BRAM_DP/CPU_V1/vitis/bootloader_RV32I/psu_cortexa53_0/standalone_domain/bsp/system.mss
TRACE::2026-02-28.23:08:51::SCWMssOS::Writing mss at /media/steckler/xilinx_linux/SDR_custom/SDR/Software/SDR_Firmware/CPU_N1_ONECYCLE_RISCV_2020_1_MYIR_BRAM_DP/CPU_V1/vitis/bootloader_RV32I/psu_cortexa53_0/standalone_domain/bsp/system.mss
TRACE::2026-02-28.23:08:51::SCWMssOS::Completed writing the mss file at /media/steckler/xilinx_linux/SDR_custom/SDR/Software/SDR_Firmware/CPU_N1_ONECYCLE_RISCV_2020_1_MYIR_BRAM_DP/CPU_V1/vitis/bootloader_RV32I/psu_cortexa53_0/standalone_domain/bsp
TRACE::2026-02-28.23:08:51::SCWMssOS::Picking up changes from newly written mss file into SCW Layer. 
TRACE::2026-02-28.23:08:51::SCWMssOS::Updated the changes from newly written mss file into SCW Layer. 
TRACE::2026-02-28.23:08:51::SCWMssOS::Completed writing the mss file at /media/steckler/xilinx_linux/SDR_custom/SDR/Software/SDR_Firmware/CPU_N1_ONECYCLE_RISCV_2020_1_MYIR_BRAM_DP/CPU_V1/vitis/bootloader_RV32I/psu_cortexa53_0/standalone_domain/bsp
TRACE::2026-02-28.23:08:51::SCWMssOS::Forcing BSP Sources regeneration.
TRACE::2026-02-28.23:08:52::SCWMssOS::Saving the mss changes /media/steckler/xilinx_linux/SDR_custom/SDR/Software/SDR_Firmware/CPU_N1_ONECYCLE_RISCV_2020_1_MYIR_BRAM_DP/CPU_V1/vitis/bootloader_RV32I/psu_cortexa53_0/standalone_domain/bsp/system.mss
TRACE::2026-02-28.23:08:52::SCWMssOS::Found a swdesign opened with the mssfile.
TRACE::2026-02-28.23:08:52::SCWMssOS::Running validate of swdbs.
KEYINFO::2026-02-28.23:08:52::SCWMssOS::Could not open the swdb for /media/steckler/xilinx_linux/SDR_custom/SDR/Software/SDR_Firmware/CPU_N1_ONECYCLE_RISCV_2020_1_MYIR_BRAM_DP/CPU_V1/vitis/bootloader_RV32I/psu_cortexa53_0/standalone_domain/bsp/system.mss
KEYINFO::2026-02-28.23:08:52::SCWMssOS::Could not open the sw design at  /media/steckler/xilinx_linux/SDR_custom/SDR/Software/SDR_Firmware/CPU_N1_ONECYCLE_RISCV_2020_1_MYIR_BRAM_DP/CPU_V1/vitis/bootloader_RV32I/psu_cortexa53_0/standalone_domain/bsp/system.mss
ERROR: [Hsi 55-1558] Software Design /media/steckler/xilinx_linux/SDR_custom/SDR/Software/SDR_Firmware/CPU_N1_ONECYCLE_RISCV_2020_1_MYIR_BRAM_DP/CPU_V1/vitis/bootloader_RV32I/psu_cortexa53_0/standalone_domain/bsp/system.mss is not found

TRACE::2026-02-28.23:08:52::SCWMssOS::Cleared the swdb table entry
TRACE::2026-02-28.23:08:52::SCWMssOS::Adding the swdes entry, mss present, able to open swdb /media/steckler/xilinx_linux/SDR_custom/SDR/Software/SDR_Firmware/CPU_N1_ONECYCLE_RISCV_2020_1_MYIR_BRAM_DP/CPU_V1/vitis/bootloader_RV32I/psu_cortexa53_0/standalone_domain/bsp/system.mss with des name system
TRACE::2026-02-28.23:08:52::SCWMssOS::Writing the mss file completed /media/steckler/xilinx_linux/SDR_custom/SDR/Software/SDR_Firmware/CPU_N1_ONECYCLE_RISCV_2020_1_MYIR_BRAM_DP/CPU_V1/vitis/bootloader_RV32I/psu_cortexa53_0/standalone_domain/bsp/system.mss
TRACE::2026-02-28.23:08:52::SCWMssOS::Commit changes completed.
TRACE::2026-02-28.23:08:52::SCWPlatform::Trying to open the hw design at /media/steckler/xilinx_linux/SDR_custom/SDR/Software/SDR_Firmware/CPU_N1_ONECYCLE_RISCV_2020_1_MYIR_BRAM_DP/CPU_V1/vitis/bootloader_RV32I/hw/Sections_wrapper.xsa
TRACE::2026-02-28.23:08:52::SCWPlatform::DSA given /media/steckler/xilinx_linux/SDR_custom/SDR/Software/SDR_Firmware/CPU_N1_ONECYCLE_RISCV_2020_1_MYIR_BRAM_DP/CPU_V1/vitis/bootloader_RV32I/hw/Sections_wrapper.xsa
TRACE::2026-02-28.23:08:52::SCWPlatform::DSA absoulate path /media/steckler/xilinx_linux/SDR_custom/SDR/Software/SDR_Firmware/CPU_N1_ONECYCLE_RISCV_2020_1_MYIR_BRAM_DP/CPU_V1/vitis/bootloader_RV32I/hw/Sections_wrapper.xsa
TRACE::2026-02-28.23:08:52::SCWPlatform::DSA directory /media/steckler/xilinx_linux/SDR_custom/SDR/Software/SDR_Firmware/CPU_N1_ONECYCLE_RISCV_2020_1_MYIR_BRAM_DP/CPU_V1/vitis/bootloader_RV32I/hw
TRACE::2026-02-28.23:08:52::SCWPlatform:: Platform Path /media/steckler/xilinx_linux/SDR_custom/SDR/Software/SDR_Firmware/CPU_N1_ONECYCLE_RISCV_2020_1_MYIR_BRAM_DP/CPU_V1/vitis/bootloader_RV32I/hw/Sections_wrapper.xsa
TRACE::2026-02-28.23:08:52::SCWPlatform:: Unique name xilinx:::0.0
TRACE::2026-02-28.23:08:52::SCWPlatform::Trying to set the existing hwdb with name Sections_wrapper_0
TRACE::2026-02-28.23:08:52::SCWPlatform::Opened existing hwdb Sections_wrapper_0
TRACE::2026-02-28.23:08:52::SCWPlatform::Found the Hw Db part of the input DSA
TRACE::2026-02-28.23:08:52::SCWMssOS::Checking the sw design at  /media/steckler/xilinx_linux/SDR_custom/SDR/Software/SDR_Firmware/CPU_N1_ONECYCLE_RISCV_2020_1_MYIR_BRAM_DP/CPU_V1/vitis/bootloader_RV32I/psu_cortexa53_0/standalone_domain/bsp/system.mss
TRACE::2026-02-28.23:08:52::SCWMssOS::DEBUG:  swdes dump  /media/steckler/xilinx_linux/SDR_custom/SDR/Software/SDR_Firmware/CPU_N1_ONECYCLE_RISCV_2020_1_MYIR_BRAM_DP/CPU_V1/vitis/bootloader_RV32I/psu_cortexa53_0/standalone_domain/bsp/system.mss|system||

TRACE::2026-02-28.23:08:52::SCWMssOS::Sw design exists and opened at  /media/steckler/xilinx_linux/SDR_custom/SDR/Software/SDR_Firmware/CPU_N1_ONECYCLE_RISCV_2020_1_MYIR_BRAM_DP/CPU_V1/vitis/bootloader_RV32I/psu_cortexa53_0/standalone_domain/bsp/system.mss
TRACE::2026-02-28.23:08:52::SCWPlatform::Trying to open the hw design at /media/steckler/xilinx_linux/SDR_custom/SDR/Software/SDR_Firmware/CPU_N1_ONECYCLE_RISCV_2020_1_MYIR_BRAM_DP/CPU_V1/vitis/bootloader_RV32I/hw/Sections_wrapper.xsa
TRACE::2026-02-28.23:08:52::SCWPlatform::DSA given /media/steckler/xilinx_linux/SDR_custom/SDR/Software/SDR_Firmware/CPU_N1_ONECYCLE_RISCV_2020_1_MYIR_BRAM_DP/CPU_V1/vitis/bootloader_RV32I/hw/Sections_wrapper.xsa
TRACE::2026-02-28.23:08:52::SCWPlatform::DSA absoulate path /media/steckler/xilinx_linux/SDR_custom/SDR/Software/SDR_Firmware/CPU_N1_ONECYCLE_RISCV_2020_1_MYIR_BRAM_DP/CPU_V1/vitis/bootloader_RV32I/hw/Sections_wrapper.xsa
TRACE::2026-02-28.23:08:52::SCWPlatform::DSA directory /media/steckler/xilinx_linux/SDR_custom/SDR/Software/SDR_Firmware/CPU_N1_ONECYCLE_RISCV_2020_1_MYIR_BRAM_DP/CPU_V1/vitis/bootloader_RV32I/hw
TRACE::2026-02-28.23:08:52::SCWPlatform:: Platform Path /media/steckler/xilinx_linux/SDR_custom/SDR/Software/SDR_Firmware/CPU_N1_ONECYCLE_RISCV_2020_1_MYIR_BRAM_DP/CPU_V1/vitis/bootloader_RV32I/hw/Sections_wrapper.xsa
TRACE::2026-02-28.23:08:52::SCWPlatform:: Unique name xilinx:::0.0
TRACE::2026-02-28.23:08:52::SCWPlatform::Trying to set the existing hwdb with name Sections_wrapper_0
TRACE::2026-02-28.23:08:52::SCWPlatform::Opened existing hwdb Sections_wrapper_0
TRACE::2026-02-28.23:08:52::SCWPlatform::Found the Hw Db part of the input DSA
TRACE::2026-02-28.23:08:52::SCWMssOS::Checking the sw design at  /media/steckler/xilinx_linux/SDR_custom/SDR/Software/SDR_Firmware/CPU_N1_ONECYCLE_RISCV_2020_1_MYIR_BRAM_DP/CPU_V1/vitis/bootloader_RV32I/psu_cortexa53_0/standalone_domain/bsp/system.mss
TRACE::2026-02-28.23:08:52::SCWMssOS::DEBUG:  swdes dump  /media/steckler/xilinx_linux/SDR_custom/SDR/Software/SDR_Firmware/CPU_N1_ONECYCLE_RISCV_2020_1_MYIR_BRAM_DP/CPU_V1/vitis/bootloader_RV32I/psu_cortexa53_0/standalone_domain/bsp/system.mss|system||

TRACE::2026-02-28.23:08:52::SCWMssOS::Sw design exists and opened at  /media/steckler/xilinx_linux/SDR_custom/SDR/Software/SDR_Firmware/CPU_N1_ONECYCLE_RISCV_2020_1_MYIR_BRAM_DP/CPU_V1/vitis/bootloader_RV32I/psu_cortexa53_0/standalone_domain/bsp/system.mss
TRACE::2026-02-28.23:08:52::SCWPlatform::Trying to open the hw design at /media/steckler/xilinx_linux/SDR_custom/SDR/Software/SDR_Firmware/CPU_N1_ONECYCLE_RISCV_2020_1_MYIR_BRAM_DP/CPU_V1/vitis/bootloader_RV32I/hw/Sections_wrapper.xsa
TRACE::2026-02-28.23:08:52::SCWPlatform::DSA given /media/steckler/xilinx_linux/SDR_custom/SDR/Software/SDR_Firmware/CPU_N1_ONECYCLE_RISCV_2020_1_MYIR_BRAM_DP/CPU_V1/vitis/bootloader_RV32I/hw/Sections_wrapper.xsa
TRACE::2026-02-28.23:08:52::SCWPlatform::DSA absoulate path /media/steckler/xilinx_linux/SDR_custom/SDR/Software/SDR_Firmware/CPU_N1_ONECYCLE_RISCV_2020_1_MYIR_BRAM_DP/CPU_V1/vitis/bootloader_RV32I/hw/Sections_wrapper.xsa
TRACE::2026-02-28.23:08:52::SCWPlatform::DSA directory /media/steckler/xilinx_linux/SDR_custom/SDR/Software/SDR_Firmware/CPU_N1_ONECYCLE_RISCV_2020_1_MYIR_BRAM_DP/CPU_V1/vitis/bootloader_RV32I/hw
TRACE::2026-02-28.23:08:52::SCWPlatform:: Platform Path /media/steckler/xilinx_linux/SDR_custom/SDR/Software/SDR_Firmware/CPU_N1_ONECYCLE_RISCV_2020_1_MYIR_BRAM_DP/CPU_V1/vitis/bootloader_RV32I/hw/Sections_wrapper.xsa
TRACE::2026-02-28.23:08:52::SCWPlatform:: Unique name xilinx:::0.0
TRACE::2026-02-28.23:08:52::SCWPlatform::Trying to set the existing hwdb with name Sections_wrapper_0
TRACE::2026-02-28.23:08:52::SCWPlatform::Opened existing hwdb Sections_wrapper_0
TRACE::2026-02-28.23:08:52::SCWPlatform::Found the Hw Db part of the input DSA
TRACE::2026-02-28.23:08:52::SCWMssOS::Checking the sw design at  /media/steckler/xilinx_linux/SDR_custom/SDR/Software/SDR_Firmware/CPU_N1_ONECYCLE_RISCV_2020_1_MYIR_BRAM_DP/CPU_V1/vitis/bootloader_RV32I/psu_cortexa53_0/standalone_domain/bsp/system.mss
TRACE::2026-02-28.23:08:52::SCWMssOS::DEBUG:  swdes dump  /media/steckler/xilinx_linux/SDR_custom/SDR/Software/SDR_Firmware/CPU_N1_ONECYCLE_RISCV_2020_1_MYIR_BRAM_DP/CPU_V1/vitis/bootloader_RV32I/psu_cortexa53_0/standalone_domain/bsp/system.mss|system||

TRACE::2026-02-28.23:08:52::SCWMssOS::Sw design exists and opened at  /media/steckler/xilinx_linux/SDR_custom/SDR/Software/SDR_Firmware/CPU_N1_ONECYCLE_RISCV_2020_1_MYIR_BRAM_DP/CPU_V1/vitis/bootloader_RV32I/psu_cortexa53_0/standalone_domain/bsp/system.mss
TRACE::2026-02-28.23:08:52::SCWWriter::formatted JSON is {
	"platformName":	"bootloader_RV32I",
	"sprVersion":	"2.0",
	"mode":	"gui",
	"dsaType":	"Fixed",
	"platformDesc":	"bootloader_RV32I",
	"platHandOff":	"/media/steckler/xilinx_linux/SDR_custom/SDR/Software/SDR_Firmware/CPU_N1_ONECYCLE_RISCV_2020_1_MYIR_BRAM_DP/CPU_V1/Sections_wrapper.xsa",
	"platIntHandOff":	"<platformDir>/hw/Sections_wrapper.xsa",
	"deviceType":	"zynqMP",
	"platIsPrebuiltAutogen":	"false",
	"platIsNoBootBsp":	"true",
	"hasFsblMakeHasChanges":	"false",
	"hasPmufwMakeHasChanges":	"false",
	"platPreBuiltFlag":	false,
	"platformSamplesDir":	"",
	"platActiveSys":	"bootloader_RV32I",
	"systems":	[{
			"systemName":	"bootloader_RV32I",
			"systemDesc":	"bootloader_RV32I",
			"sysIsBootAutoGen":	"true",
			"systemDispName":	"bootloader_RV32I",
			"sysActiveDom":	"standalone_domain",
			"sysDefaultDom":	"standalone_domain",
			"domains":	[{
					"domainName":	"standalone_domain",
					"domainDispName":	"standalone_domain",
					"domainDesc":	"standalone_domain",
					"processors":	"psu_cortexa53_0",
					"os":	"standalone",
					"sdxOs":	"standalone",
					"qemuArgs":	"/media/steckler/xilinx_linux/vitis_2020.1/Vitis/2020.1/data/emulation/platforms/zynqmp/qemu/qemu_args.txt",
					"qemuData":	"/media/steckler/xilinx_linux/vitis_2020.1/Vitis/2020.1/data/emulation/platforms/zynqmp/qemu/",
					"pmuQemuArgs":	"/media/steckler/xilinx_linux/vitis_2020.1/Vitis/2020.1/data/emulation/platforms/zynqmp/qemu/pmu_args.txt",
					"debugEnable":	"False",
					"domRuntimes":	["cpp"],
					"swRepo":	"",
					"mssOsVer":	"7.2",
					"mssFile":	"",
					"md5Digest":	"d48e97aeb019d0bbe0eaa54e36530e80",
					"compatibleApp":	"",
					"domType":	"mssDomain",
					"arch":	"64-bit",
					"appSettings":	{
						"appCompilerFlags":	"",
						"appLinkerFlags":	""
					},
					"addedLibs":	[],
					"libOptions":	{
						"libsContainingOptions":	[]
					},
					"prebuiltLibs":	{
						"prebuiltIncPath":	[],
						"prebuiltLibPath":	[]
					},
					"isolation":	{
					}
				}]
		}]
}
LOG::2026-02-28.23:08:52::SCWPlatform::Started generating the artifacts platform bootloader_RV32I
TRACE::2026-02-28.23:08:52::SCWPlatform::Sanity checking of platform is completed
LOG::2026-02-28.23:08:52::SCWPlatform::Started generating the artifacts for system configuration bootloader_RV32I
LOG::2026-02-28.23:08:52::SCWSystem::Checking the domain standalone_domain
LOG::2026-02-28.23:08:52::SCWSystem::Not a boot domain 
LOG::2026-02-28.23:08:52::SCWSystem::Started Processing the domain standalone_domain
TRACE::2026-02-28.23:08:52::SCWDomain::Generating domain artifcats
TRACE::2026-02-28.23:08:52::SCWMssOS::Generating standalone artifcats
TRACE::2026-02-28.23:08:52::SCWMssOS::Copying the qemu file from  /media/steckler/xilinx_linux/vitis_2020.1/Vitis/2020.1/data/emulation/platforms/zynqmp/qemu/qemu_args.txt To /media/steckler/xilinx_linux/SDR_custom/SDR/Software/SDR_Firmware/CPU_N1_ONECYCLE_RISCV_2020_1_MYIR_BRAM_DP/CPU_V1/vitis/bootloader_RV32I/export/bootloader_RV32I/sw/bootloader_RV32I/qemu/
TRACE::2026-02-28.23:08:52::SCWMssOS::Copying the qemu file from  /media/steckler/xilinx_linux/vitis_2020.1/Vitis/2020.1/data/emulation/platforms/zynqmp/qemu/qemu_args.txt To /media/steckler/xilinx_linux/SDR_custom/SDR/Software/SDR_Firmware/CPU_N1_ONECYCLE_RISCV_2020_1_MYIR_BRAM_DP/CPU_V1/vitis/bootloader_RV32I/export/bootloader_RV32I/sw/bootloader_RV32I/qemu/
TRACE::2026-02-28.23:08:52::SCWMssOS::Copying the qemu file from  /media/steckler/xilinx_linux/vitis_2020.1/Vitis/2020.1/data/emulation/platforms/zynqmp/qemu/qemu_args.txt To /media/steckler/xilinx_linux/SDR_custom/SDR/Software/SDR_Firmware/CPU_N1_ONECYCLE_RISCV_2020_1_MYIR_BRAM_DP/CPU_V1/vitis/bootloader_RV32I/export/bootloader_RV32I/sw/bootloader_RV32I/standalone_domain/qemu/
TRACE::2026-02-28.23:08:52::SCWMssOS::Copying the qemu file from  /media/steckler/xilinx_linux/vitis_2020.1/Vitis/2020.1/data/emulation/platforms/zynqmp/qemu/qemu_args.txt To /media/steckler/xilinx_linux/SDR_custom/SDR/Software/SDR_Firmware/CPU_N1_ONECYCLE_RISCV_2020_1_MYIR_BRAM_DP/CPU_V1/vitis/bootloader_RV32I/export/bootloader_RV32I/sw/bootloader_RV32I/standalone_domain/qemu/
TRACE::2026-02-28.23:08:52::SCWMssOS:: Copying the user libraries. 
TRACE::2026-02-28.23:08:52::SCWPlatform::Trying to open the hw design at /media/steckler/xilinx_linux/SDR_custom/SDR/Software/SDR_Firmware/CPU_N1_ONECYCLE_RISCV_2020_1_MYIR_BRAM_DP/CPU_V1/vitis/bootloader_RV32I/hw/Sections_wrapper.xsa
TRACE::2026-02-28.23:08:52::SCWPlatform::DSA given /media/steckler/xilinx_linux/SDR_custom/SDR/Software/SDR_Firmware/CPU_N1_ONECYCLE_RISCV_2020_1_MYIR_BRAM_DP/CPU_V1/vitis/bootloader_RV32I/hw/Sections_wrapper.xsa
TRACE::2026-02-28.23:08:52::SCWPlatform::DSA absoulate path /media/steckler/xilinx_linux/SDR_custom/SDR/Software/SDR_Firmware/CPU_N1_ONECYCLE_RISCV_2020_1_MYIR_BRAM_DP/CPU_V1/vitis/bootloader_RV32I/hw/Sections_wrapper.xsa
TRACE::2026-02-28.23:08:52::SCWPlatform::DSA directory /media/steckler/xilinx_linux/SDR_custom/SDR/Software/SDR_Firmware/CPU_N1_ONECYCLE_RISCV_2020_1_MYIR_BRAM_DP/CPU_V1/vitis/bootloader_RV32I/hw
TRACE::2026-02-28.23:08:52::SCWPlatform:: Platform Path /media/steckler/xilinx_linux/SDR_custom/SDR/Software/SDR_Firmware/CPU_N1_ONECYCLE_RISCV_2020_1_MYIR_BRAM_DP/CPU_V1/vitis/bootloader_RV32I/hw/Sections_wrapper.xsa
TRACE::2026-02-28.23:08:52::SCWPlatform:: Unique name xilinx:::0.0
TRACE::2026-02-28.23:08:52::SCWPlatform::Trying to set the existing hwdb with name Sections_wrapper_0
TRACE::2026-02-28.23:08:52::SCWPlatform::Opened existing hwdb Sections_wrapper_0
TRACE::2026-02-28.23:08:52::SCWPlatform::Found the Hw Db part of the input DSA
TRACE::2026-02-28.23:08:52::SCWMssOS::Checking the sw design at  /media/steckler/xilinx_linux/SDR_custom/SDR/Software/SDR_Firmware/CPU_N1_ONECYCLE_RISCV_2020_1_MYIR_BRAM_DP/CPU_V1/vitis/bootloader_RV32I/psu_cortexa53_0/standalone_domain/bsp/system.mss
TRACE::2026-02-28.23:08:52::SCWMssOS::DEBUG:  swdes dump  /media/steckler/xilinx_linux/SDR_custom/SDR/Software/SDR_Firmware/CPU_N1_ONECYCLE_RISCV_2020_1_MYIR_BRAM_DP/CPU_V1/vitis/bootloader_RV32I/psu_cortexa53_0/standalone_domain/bsp/system.mss|system||

TRACE::2026-02-28.23:08:52::SCWMssOS::Sw design exists and opened at  /media/steckler/xilinx_linux/SDR_custom/SDR/Software/SDR_Firmware/CPU_N1_ONECYCLE_RISCV_2020_1_MYIR_BRAM_DP/CPU_V1/vitis/bootloader_RV32I/psu_cortexa53_0/standalone_domain/bsp/system.mss
TRACE::2026-02-28.23:08:52::SCWMssOS::Completed writing the mss file at /media/steckler/xilinx_linux/SDR_custom/SDR/Software/SDR_Firmware/CPU_N1_ONECYCLE_RISCV_2020_1_MYIR_BRAM_DP/CPU_V1/vitis/bootloader_RV32I/psu_cortexa53_0/standalone_domain/bsp
TRACE::2026-02-28.23:08:52::SCWMssOS::Mss edits present, copying mssfile into export location /media/steckler/xilinx_linux/SDR_custom/SDR/Software/SDR_Firmware/CPU_N1_ONECYCLE_RISCV_2020_1_MYIR_BRAM_DP/CPU_V1/vitis/bootloader_RV32I/psu_cortexa53_0/standalone_domain/bsp/system.mss
TRACE::2026-02-28.23:08:52::SCWMssOS::bsp generated is upto date with the mss file. Skipping bsp generation.
TRACE::2026-02-28.23:08:52::SCWMssOS::BSP is already built. skipping the bsp build ... 
TRACE::2026-02-28.23:08:52::SCWDomain::Skipping the build for domain :  standalone_domain
TRACE::2026-02-28.23:08:52::SCWMssOS::skipping the bsp build ... 
TRACE::2026-02-28.23:08:52::SCWMssOS::Copying to export directory.
TRACE::2026-02-28.23:08:52::SCWMssOS:: Checking if to create the Supporting Applications
TRACE::2026-02-28.23:08:52::SCWMssOS:: No Linux domain exists, trying to generate FSBL 
TRACE::2026-02-28.23:08:52::SCWMssOS:: Completed Standalone Artifacts creation 
LOG::2026-02-28.23:08:52::SCWSystem::Completed Processing the domain standalone_domain
LOG::2026-02-28.23:08:52::SCWSystem::Completed Processing the sysconfig bootloader_RV32I
LOG::2026-02-28.23:08:52::SCWPlatform::Completed generating the artifacts for system configuration bootloader_RV32I
TRACE::2026-02-28.23:08:52::SCWPlatform::Started preparing the platform 
TRACE::2026-02-28.23:08:52::SCWSystem::Writing the bif file for system config bootloader_RV32I
TRACE::2026-02-28.23:08:52::SCWSystem::dir created 
TRACE::2026-02-28.23:08:52::SCWSystem::Writing the bif 
TRACE::2026-02-28.23:08:52::SCWPlatform::Started writing the spfm file 
TRACE::2026-02-28.23:08:52::SCWPlatform::Started writing the xpfm file 
TRACE::2026-02-28.23:08:52::SCWPlatform::Completed generating the platform
TRACE::2026-02-28.23:08:52::SCWMssOS::Saving the mss changes /media/steckler/xilinx_linux/SDR_custom/SDR/Software/SDR_Firmware/CPU_N1_ONECYCLE_RISCV_2020_1_MYIR_BRAM_DP/CPU_V1/vitis/bootloader_RV32I/psu_cortexa53_0/standalone_domain/bsp/system.mss
TRACE::2026-02-28.23:08:52::SCWMssOS::Found a swdesign opened with the mssfile.
TRACE::2026-02-28.23:08:52::SCWMssOS::Completed writemss as part of save.
TRACE::2026-02-28.23:08:52::SCWMssOS::Commit changes completed.
TRACE::2026-02-28.23:08:52::SCWPlatform::Trying to open the hw design at /media/steckler/xilinx_linux/SDR_custom/SDR/Software/SDR_Firmware/CPU_N1_ONECYCLE_RISCV_2020_1_MYIR_BRAM_DP/CPU_V1/vitis/bootloader_RV32I/hw/Sections_wrapper.xsa
TRACE::2026-02-28.23:08:52::SCWPlatform::DSA given /media/steckler/xilinx_linux/SDR_custom/SDR/Software/SDR_Firmware/CPU_N1_ONECYCLE_RISCV_2020_1_MYIR_BRAM_DP/CPU_V1/vitis/bootloader_RV32I/hw/Sections_wrapper.xsa
TRACE::2026-02-28.23:08:52::SCWPlatform::DSA absoulate path /media/steckler/xilinx_linux/SDR_custom/SDR/Software/SDR_Firmware/CPU_N1_ONECYCLE_RISCV_2020_1_MYIR_BRAM_DP/CPU_V1/vitis/bootloader_RV32I/hw/Sections_wrapper.xsa
TRACE::2026-02-28.23:08:52::SCWPlatform::DSA directory /media/steckler/xilinx_linux/SDR_custom/SDR/Software/SDR_Firmware/CPU_N1_ONECYCLE_RISCV_2020_1_MYIR_BRAM_DP/CPU_V1/vitis/bootloader_RV32I/hw
TRACE::2026-02-28.23:08:52::SCWPlatform:: Platform Path /media/steckler/xilinx_linux/SDR_custom/SDR/Software/SDR_Firmware/CPU_N1_ONECYCLE_RISCV_2020_1_MYIR_BRAM_DP/CPU_V1/vitis/bootloader_RV32I/hw/Sections_wrapper.xsa
TRACE::2026-02-28.23:08:52::SCWPlatform:: Unique name xilinx:::0.0
TRACE::2026-02-28.23:08:52::SCWPlatform::Trying to set the existing hwdb with name Sections_wrapper_0
TRACE::2026-02-28.23:08:52::SCWPlatform::Opened existing hwdb Sections_wrapper_0
TRACE::2026-02-28.23:08:52::SCWPlatform::Found the Hw Db part of the input DSA
TRACE::2026-02-28.23:08:52::SCWMssOS::Checking the sw design at  /media/steckler/xilinx_linux/SDR_custom/SDR/Software/SDR_Firmware/CPU_N1_ONECYCLE_RISCV_2020_1_MYIR_BRAM_DP/CPU_V1/vitis/bootloader_RV32I/psu_cortexa53_0/standalone_domain/bsp/system.mss
TRACE::2026-02-28.23:08:52::SCWMssOS::DEBUG:  swdes dump  /media/steckler/xilinx_linux/SDR_custom/SDR/Software/SDR_Firmware/CPU_N1_ONECYCLE_RISCV_2020_1_MYIR_BRAM_DP/CPU_V1/vitis/bootloader_RV32I/psu_cortexa53_0/standalone_domain/bsp/system.mss|system||

TRACE::2026-02-28.23:08:52::SCWMssOS::Sw design exists and opened at  /media/steckler/xilinx_linux/SDR_custom/SDR/Software/SDR_Firmware/CPU_N1_ONECYCLE_RISCV_2020_1_MYIR_BRAM_DP/CPU_V1/vitis/bootloader_RV32I/psu_cortexa53_0/standalone_domain/bsp/system.mss
TRACE::2026-02-28.23:08:52::SCWPlatform::Trying to open the hw design at /media/steckler/xilinx_linux/SDR_custom/SDR/Software/SDR_Firmware/CPU_N1_ONECYCLE_RISCV_2020_1_MYIR_BRAM_DP/CPU_V1/vitis/bootloader_RV32I/hw/Sections_wrapper.xsa
TRACE::2026-02-28.23:08:52::SCWPlatform::DSA given /media/steckler/xilinx_linux/SDR_custom/SDR/Software/SDR_Firmware/CPU_N1_ONECYCLE_RISCV_2020_1_MYIR_BRAM_DP/CPU_V1/vitis/bootloader_RV32I/hw/Sections_wrapper.xsa
TRACE::2026-02-28.23:08:52::SCWPlatform::DSA absoulate path /media/steckler/xilinx_linux/SDR_custom/SDR/Software/SDR_Firmware/CPU_N1_ONECYCLE_RISCV_2020_1_MYIR_BRAM_DP/CPU_V1/vitis/bootloader_RV32I/hw/Sections_wrapper.xsa
TRACE::2026-02-28.23:08:52::SCWPlatform::DSA directory /media/steckler/xilinx_linux/SDR_custom/SDR/Software/SDR_Firmware/CPU_N1_ONECYCLE_RISCV_2020_1_MYIR_BRAM_DP/CPU_V1/vitis/bootloader_RV32I/hw
TRACE::2026-02-28.23:08:52::SCWPlatform:: Platform Path /media/steckler/xilinx_linux/SDR_custom/SDR/Software/SDR_Firmware/CPU_N1_ONECYCLE_RISCV_2020_1_MYIR_BRAM_DP/CPU_V1/vitis/bootloader_RV32I/hw/Sections_wrapper.xsa
TRACE::2026-02-28.23:08:52::SCWPlatform:: Unique name xilinx:::0.0
TRACE::2026-02-28.23:08:52::SCWPlatform::Trying to set the existing hwdb with name Sections_wrapper_0
TRACE::2026-02-28.23:08:52::SCWPlatform::Opened existing hwdb Sections_wrapper_0
TRACE::2026-02-28.23:08:52::SCWPlatform::Found the Hw Db part of the input DSA
TRACE::2026-02-28.23:08:52::SCWMssOS::Checking the sw design at  /media/steckler/xilinx_linux/SDR_custom/SDR/Software/SDR_Firmware/CPU_N1_ONECYCLE_RISCV_2020_1_MYIR_BRAM_DP/CPU_V1/vitis/bootloader_RV32I/psu_cortexa53_0/standalone_domain/bsp/system.mss
TRACE::2026-02-28.23:08:52::SCWMssOS::DEBUG:  swdes dump  /media/steckler/xilinx_linux/SDR_custom/SDR/Software/SDR_Firmware/CPU_N1_ONECYCLE_RISCV_2020_1_MYIR_BRAM_DP/CPU_V1/vitis/bootloader_RV32I/psu_cortexa53_0/standalone_domain/bsp/system.mss|system||

TRACE::2026-02-28.23:08:52::SCWMssOS::Sw design exists and opened at  /media/steckler/xilinx_linux/SDR_custom/SDR/Software/SDR_Firmware/CPU_N1_ONECYCLE_RISCV_2020_1_MYIR_BRAM_DP/CPU_V1/vitis/bootloader_RV32I/psu_cortexa53_0/standalone_domain/bsp/system.mss
TRACE::2026-02-28.23:08:52::SCWPlatform::Trying to open the hw design at /media/steckler/xilinx_linux/SDR_custom/SDR/Software/SDR_Firmware/CPU_N1_ONECYCLE_RISCV_2020_1_MYIR_BRAM_DP/CPU_V1/vitis/bootloader_RV32I/hw/Sections_wrapper.xsa
TRACE::2026-02-28.23:08:52::SCWPlatform::DSA given /media/steckler/xilinx_linux/SDR_custom/SDR/Software/SDR_Firmware/CPU_N1_ONECYCLE_RISCV_2020_1_MYIR_BRAM_DP/CPU_V1/vitis/bootloader_RV32I/hw/Sections_wrapper.xsa
TRACE::2026-02-28.23:08:52::SCWPlatform::DSA absoulate path /media/steckler/xilinx_linux/SDR_custom/SDR/Software/SDR_Firmware/CPU_N1_ONECYCLE_RISCV_2020_1_MYIR_BRAM_DP/CPU_V1/vitis/bootloader_RV32I/hw/Sections_wrapper.xsa
TRACE::2026-02-28.23:08:52::SCWPlatform::DSA directory /media/steckler/xilinx_linux/SDR_custom/SDR/Software/SDR_Firmware/CPU_N1_ONECYCLE_RISCV_2020_1_MYIR_BRAM_DP/CPU_V1/vitis/bootloader_RV32I/hw
TRACE::2026-02-28.23:08:52::SCWPlatform:: Platform Path /media/steckler/xilinx_linux/SDR_custom/SDR/Software/SDR_Firmware/CPU_N1_ONECYCLE_RISCV_2020_1_MYIR_BRAM_DP/CPU_V1/vitis/bootloader_RV32I/hw/Sections_wrapper.xsa
TRACE::2026-02-28.23:08:52::SCWPlatform:: Unique name xilinx:::0.0
TRACE::2026-02-28.23:08:52::SCWPlatform::Trying to set the existing hwdb with name Sections_wrapper_0
TRACE::2026-02-28.23:08:52::SCWPlatform::Opened existing hwdb Sections_wrapper_0
TRACE::2026-02-28.23:08:52::SCWPlatform::Found the Hw Db part of the input DSA
TRACE::2026-02-28.23:08:52::SCWMssOS::Checking the sw design at  /media/steckler/xilinx_linux/SDR_custom/SDR/Software/SDR_Firmware/CPU_N1_ONECYCLE_RISCV_2020_1_MYIR_BRAM_DP/CPU_V1/vitis/bootloader_RV32I/psu_cortexa53_0/standalone_domain/bsp/system.mss
TRACE::2026-02-28.23:08:52::SCWMssOS::DEBUG:  swdes dump  /media/steckler/xilinx_linux/SDR_custom/SDR/Software/SDR_Firmware/CPU_N1_ONECYCLE_RISCV_2020_1_MYIR_BRAM_DP/CPU_V1/vitis/bootloader_RV32I/psu_cortexa53_0/standalone_domain/bsp/system.mss|system||

TRACE::2026-02-28.23:08:52::SCWMssOS::Sw design exists and opened at  /media/steckler/xilinx_linux/SDR_custom/SDR/Software/SDR_Firmware/CPU_N1_ONECYCLE_RISCV_2020_1_MYIR_BRAM_DP/CPU_V1/vitis/bootloader_RV32I/psu_cortexa53_0/standalone_domain/bsp/system.mss
TRACE::2026-02-28.23:08:52::SCWWriter::formatted JSON is {
	"platformName":	"bootloader_RV32I",
	"sprVersion":	"2.0",
	"mode":	"gui",
	"dsaType":	"Fixed",
	"platformDesc":	"bootloader_RV32I",
	"platHandOff":	"/media/steckler/xilinx_linux/SDR_custom/SDR/Software/SDR_Firmware/CPU_N1_ONECYCLE_RISCV_2020_1_MYIR_BRAM_DP/CPU_V1/Sections_wrapper.xsa",
	"platIntHandOff":	"<platformDir>/hw/Sections_wrapper.xsa",
	"deviceType":	"zynqMP",
	"platIsPrebuiltAutogen":	"false",
	"platIsNoBootBsp":	"true",
	"hasFsblMakeHasChanges":	"false",
	"hasPmufwMakeHasChanges":	"false",
	"platPreBuiltFlag":	false,
	"platformSamplesDir":	"",
	"platActiveSys":	"bootloader_RV32I",
	"systems":	[{
			"systemName":	"bootloader_RV32I",
			"systemDesc":	"bootloader_RV32I",
			"sysIsBootAutoGen":	"true",
			"systemDispName":	"bootloader_RV32I",
			"sysActiveDom":	"standalone_domain",
			"sysDefaultDom":	"standalone_domain",
			"domains":	[{
					"domainName":	"standalone_domain",
					"domainDispName":	"standalone_domain",
					"domainDesc":	"standalone_domain",
					"processors":	"psu_cortexa53_0",
					"os":	"standalone",
					"sdxOs":	"standalone",
					"qemuArgs":	"/media/steckler/xilinx_linux/vitis_2020.1/Vitis/2020.1/data/emulation/platforms/zynqmp/qemu/qemu_args.txt",
					"qemuData":	"/media/steckler/xilinx_linux/vitis_2020.1/Vitis/2020.1/data/emulation/platforms/zynqmp/qemu/",
					"pmuQemuArgs":	"/media/steckler/xilinx_linux/vitis_2020.1/Vitis/2020.1/data/emulation/platforms/zynqmp/qemu/pmu_args.txt",
					"debugEnable":	"False",
					"domRuntimes":	["cpp"],
					"swRepo":	"",
					"mssOsVer":	"7.2",
					"mssFile":	"",
					"md5Digest":	"d48e97aeb019d0bbe0eaa54e36530e80",
					"compatibleApp":	"",
					"domType":	"mssDomain",
					"arch":	"64-bit",
					"appSettings":	{
						"appCompilerFlags":	"",
						"appLinkerFlags":	""
					},
					"addedLibs":	[],
					"libOptions":	{
						"libsContainingOptions":	[]
					},
					"prebuiltLibs":	{
						"prebuiltIncPath":	[],
						"prebuiltLibPath":	[]
					},
					"isolation":	{
					}
				}]
		}]
}
KEYINFO::2026-02-28.23:08:52::SCWPlatform::updated the xpfm file.
TRACE::2026-02-28.23:08:52::SCWPlatform::Trying to open the hw design at /media/steckler/xilinx_linux/SDR_custom/SDR/Software/SDR_Firmware/CPU_N1_ONECYCLE_RISCV_2020_1_MYIR_BRAM_DP/CPU_V1/vitis/bootloader_RV32I/hw/Sections_wrapper.xsa
TRACE::2026-02-28.23:08:52::SCWPlatform::DSA given /media/steckler/xilinx_linux/SDR_custom/SDR/Software/SDR_Firmware/CPU_N1_ONECYCLE_RISCV_2020_1_MYIR_BRAM_DP/CPU_V1/vitis/bootloader_RV32I/hw/Sections_wrapper.xsa
TRACE::2026-02-28.23:08:52::SCWPlatform::DSA absoulate path /media/steckler/xilinx_linux/SDR_custom/SDR/Software/SDR_Firmware/CPU_N1_ONECYCLE_RISCV_2020_1_MYIR_BRAM_DP/CPU_V1/vitis/bootloader_RV32I/hw/Sections_wrapper.xsa
TRACE::2026-02-28.23:08:52::SCWPlatform::DSA directory /media/steckler/xilinx_linux/SDR_custom/SDR/Software/SDR_Firmware/CPU_N1_ONECYCLE_RISCV_2020_1_MYIR_BRAM_DP/CPU_V1/vitis/bootloader_RV32I/hw
TRACE::2026-02-28.23:08:52::SCWPlatform:: Platform Path /media/steckler/xilinx_linux/SDR_custom/SDR/Software/SDR_Firmware/CPU_N1_ONECYCLE_RISCV_2020_1_MYIR_BRAM_DP/CPU_V1/vitis/bootloader_RV32I/hw/Sections_wrapper.xsa
TRACE::2026-02-28.23:08:52::SCWPlatform:: Unique name xilinx:::0.0
TRACE::2026-02-28.23:08:52::SCWPlatform::Trying to set the existing hwdb with name Sections_wrapper_0
TRACE::2026-02-28.23:08:52::SCWPlatform::Opened existing hwdb Sections_wrapper_0
TRACE::2026-02-28.23:08:52::SCWPlatform::Found the Hw Db part of the input DSA
TRACE::2026-02-28.23:08:52::SCWMssOS::Checking the sw design at  /media/steckler/xilinx_linux/SDR_custom/SDR/Software/SDR_Firmware/CPU_N1_ONECYCLE_RISCV_2020_1_MYIR_BRAM_DP/CPU_V1/vitis/bootloader_RV32I/psu_cortexa53_0/standalone_domain/bsp/system.mss
TRACE::2026-02-28.23:08:52::SCWMssOS::DEBUG:  swdes dump  /media/steckler/xilinx_linux/SDR_custom/SDR/Software/SDR_Firmware/CPU_N1_ONECYCLE_RISCV_2020_1_MYIR_BRAM_DP/CPU_V1/vitis/bootloader_RV32I/psu_cortexa53_0/standalone_domain/bsp/system.mss|system||

TRACE::2026-02-28.23:08:52::SCWMssOS::Sw design exists and opened at  /media/steckler/xilinx_linux/SDR_custom/SDR/Software/SDR_Firmware/CPU_N1_ONECYCLE_RISCV_2020_1_MYIR_BRAM_DP/CPU_V1/vitis/bootloader_RV32I/psu_cortexa53_0/standalone_domain/bsp/system.mss
TRACE::2026-02-28.23:08:52::SCWMssOS::Saving the mss changes /media/steckler/xilinx_linux/SDR_custom/SDR/Software/SDR_Firmware/CPU_N1_ONECYCLE_RISCV_2020_1_MYIR_BRAM_DP/CPU_V1/vitis/bootloader_RV32I/psu_cortexa53_0/standalone_domain/bsp/system.mss
TRACE::2026-02-28.23:08:52::SCWMssOS::Found a swdesign opened with the mssfile.
TRACE::2026-02-28.23:08:52::SCWMssOS::Completed writemss as part of save.
TRACE::2026-02-28.23:08:52::SCWMssOS::Commit changes completed.
TRACE::2026-02-28.23:08:52::SCWPlatform::Trying to open the hw design at /media/steckler/xilinx_linux/SDR_custom/SDR/Software/SDR_Firmware/CPU_N1_ONECYCLE_RISCV_2020_1_MYIR_BRAM_DP/CPU_V1/vitis/bootloader_RV32I/hw/Sections_wrapper.xsa
TRACE::2026-02-28.23:08:52::SCWPlatform::DSA given /media/steckler/xilinx_linux/SDR_custom/SDR/Software/SDR_Firmware/CPU_N1_ONECYCLE_RISCV_2020_1_MYIR_BRAM_DP/CPU_V1/vitis/bootloader_RV32I/hw/Sections_wrapper.xsa
TRACE::2026-02-28.23:08:52::SCWPlatform::DSA absoulate path /media/steckler/xilinx_linux/SDR_custom/SDR/Software/SDR_Firmware/CPU_N1_ONECYCLE_RISCV_2020_1_MYIR_BRAM_DP/CPU_V1/vitis/bootloader_RV32I/hw/Sections_wrapper.xsa
TRACE::2026-02-28.23:08:52::SCWPlatform::DSA directory /media/steckler/xilinx_linux/SDR_custom/SDR/Software/SDR_Firmware/CPU_N1_ONECYCLE_RISCV_2020_1_MYIR_BRAM_DP/CPU_V1/vitis/bootloader_RV32I/hw
TRACE::2026-02-28.23:08:52::SCWPlatform:: Platform Path /media/steckler/xilinx_linux/SDR_custom/SDR/Software/SDR_Firmware/CPU_N1_ONECYCLE_RISCV_2020_1_MYIR_BRAM_DP/CPU_V1/vitis/bootloader_RV32I/hw/Sections_wrapper.xsa
TRACE::2026-02-28.23:08:52::SCWPlatform:: Unique name xilinx:::0.0
TRACE::2026-02-28.23:08:52::SCWPlatform::Trying to set the existing hwdb with name Sections_wrapper_0
TRACE::2026-02-28.23:08:52::SCWPlatform::Opened existing hwdb Sections_wrapper_0
TRACE::2026-02-28.23:08:52::SCWPlatform::Found the Hw Db part of the input DSA
TRACE::2026-02-28.23:08:52::SCWMssOS::Checking the sw design at  /media/steckler/xilinx_linux/SDR_custom/SDR/Software/SDR_Firmware/CPU_N1_ONECYCLE_RISCV_2020_1_MYIR_BRAM_DP/CPU_V1/vitis/bootloader_RV32I/psu_cortexa53_0/standalone_domain/bsp/system.mss
TRACE::2026-02-28.23:08:52::SCWMssOS::DEBUG:  swdes dump  /media/steckler/xilinx_linux/SDR_custom/SDR/Software/SDR_Firmware/CPU_N1_ONECYCLE_RISCV_2020_1_MYIR_BRAM_DP/CPU_V1/vitis/bootloader_RV32I/psu_cortexa53_0/standalone_domain/bsp/system.mss|system||

TRACE::2026-02-28.23:08:52::SCWMssOS::Sw design exists and opened at  /media/steckler/xilinx_linux/SDR_custom/SDR/Software/SDR_Firmware/CPU_N1_ONECYCLE_RISCV_2020_1_MYIR_BRAM_DP/CPU_V1/vitis/bootloader_RV32I/psu_cortexa53_0/standalone_domain/bsp/system.mss
TRACE::2026-02-28.23:08:52::SCWPlatform::Trying to open the hw design at /media/steckler/xilinx_linux/SDR_custom/SDR/Software/SDR_Firmware/CPU_N1_ONECYCLE_RISCV_2020_1_MYIR_BRAM_DP/CPU_V1/vitis/bootloader_RV32I/hw/Sections_wrapper.xsa
TRACE::2026-02-28.23:08:52::SCWPlatform::DSA given /media/steckler/xilinx_linux/SDR_custom/SDR/Software/SDR_Firmware/CPU_N1_ONECYCLE_RISCV_2020_1_MYIR_BRAM_DP/CPU_V1/vitis/bootloader_RV32I/hw/Sections_wrapper.xsa
TRACE::2026-02-28.23:08:52::SCWPlatform::DSA absoulate path /media/steckler/xilinx_linux/SDR_custom/SDR/Software/SDR_Firmware/CPU_N1_ONECYCLE_RISCV_2020_1_MYIR_BRAM_DP/CPU_V1/vitis/bootloader_RV32I/hw/Sections_wrapper.xsa
TRACE::2026-02-28.23:08:52::SCWPlatform::DSA directory /media/steckler/xilinx_linux/SDR_custom/SDR/Software/SDR_Firmware/CPU_N1_ONECYCLE_RISCV_2020_1_MYIR_BRAM_DP/CPU_V1/vitis/bootloader_RV32I/hw
TRACE::2026-02-28.23:08:52::SCWPlatform:: Platform Path /media/steckler/xilinx_linux/SDR_custom/SDR/Software/SDR_Firmware/CPU_N1_ONECYCLE_RISCV_2020_1_MYIR_BRAM_DP/CPU_V1/vitis/bootloader_RV32I/hw/Sections_wrapper.xsa
TRACE::2026-02-28.23:08:52::SCWPlatform:: Unique name xilinx:::0.0
TRACE::2026-02-28.23:08:52::SCWPlatform::Trying to set the existing hwdb with name Sections_wrapper_0
TRACE::2026-02-28.23:08:52::SCWPlatform::Opened existing hwdb Sections_wrapper_0
TRACE::2026-02-28.23:08:52::SCWPlatform::Found the Hw Db part of the input DSA
TRACE::2026-02-28.23:08:52::SCWMssOS::Checking the sw design at  /media/steckler/xilinx_linux/SDR_custom/SDR/Software/SDR_Firmware/CPU_N1_ONECYCLE_RISCV_2020_1_MYIR_BRAM_DP/CPU_V1/vitis/bootloader_RV32I/psu_cortexa53_0/standalone_domain/bsp/system.mss
TRACE::2026-02-28.23:08:52::SCWMssOS::DEBUG:  swdes dump  /media/steckler/xilinx_linux/SDR_custom/SDR/Software/SDR_Firmware/CPU_N1_ONECYCLE_RISCV_2020_1_MYIR_BRAM_DP/CPU_V1/vitis/bootloader_RV32I/psu_cortexa53_0/standalone_domain/bsp/system.mss|system||

TRACE::2026-02-28.23:08:52::SCWMssOS::Sw design exists and opened at  /media/steckler/xilinx_linux/SDR_custom/SDR/Software/SDR_Firmware/CPU_N1_ONECYCLE_RISCV_2020_1_MYIR_BRAM_DP/CPU_V1/vitis/bootloader_RV32I/psu_cortexa53_0/standalone_domain/bsp/system.mss
TRACE::2026-02-28.23:08:52::SCWPlatform::Trying to open the hw design at /media/steckler/xilinx_linux/SDR_custom/SDR/Software/SDR_Firmware/CPU_N1_ONECYCLE_RISCV_2020_1_MYIR_BRAM_DP/CPU_V1/vitis/bootloader_RV32I/hw/Sections_wrapper.xsa
TRACE::2026-02-28.23:08:52::SCWPlatform::DSA given /media/steckler/xilinx_linux/SDR_custom/SDR/Software/SDR_Firmware/CPU_N1_ONECYCLE_RISCV_2020_1_MYIR_BRAM_DP/CPU_V1/vitis/bootloader_RV32I/hw/Sections_wrapper.xsa
TRACE::2026-02-28.23:08:52::SCWPlatform::DSA absoulate path /media/steckler/xilinx_linux/SDR_custom/SDR/Software/SDR_Firmware/CPU_N1_ONECYCLE_RISCV_2020_1_MYIR_BRAM_DP/CPU_V1/vitis/bootloader_RV32I/hw/Sections_wrapper.xsa
TRACE::2026-02-28.23:08:52::SCWPlatform::DSA directory /media/steckler/xilinx_linux/SDR_custom/SDR/Software/SDR_Firmware/CPU_N1_ONECYCLE_RISCV_2020_1_MYIR_BRAM_DP/CPU_V1/vitis/bootloader_RV32I/hw
TRACE::2026-02-28.23:08:52::SCWPlatform:: Platform Path /media/steckler/xilinx_linux/SDR_custom/SDR/Software/SDR_Firmware/CPU_N1_ONECYCLE_RISCV_2020_1_MYIR_BRAM_DP/CPU_V1/vitis/bootloader_RV32I/hw/Sections_wrapper.xsa
TRACE::2026-02-28.23:08:52::SCWPlatform:: Unique name xilinx:::0.0
TRACE::2026-02-28.23:08:52::SCWPlatform::Trying to set the existing hwdb with name Sections_wrapper_0
TRACE::2026-02-28.23:08:52::SCWPlatform::Opened existing hwdb Sections_wrapper_0
TRACE::2026-02-28.23:08:52::SCWPlatform::Found the Hw Db part of the input DSA
TRACE::2026-02-28.23:08:52::SCWMssOS::Checking the sw design at  /media/steckler/xilinx_linux/SDR_custom/SDR/Software/SDR_Firmware/CPU_N1_ONECYCLE_RISCV_2020_1_MYIR_BRAM_DP/CPU_V1/vitis/bootloader_RV32I/psu_cortexa53_0/standalone_domain/bsp/system.mss
TRACE::2026-02-28.23:08:52::SCWMssOS::DEBUG:  swdes dump  /media/steckler/xilinx_linux/SDR_custom/SDR/Software/SDR_Firmware/CPU_N1_ONECYCLE_RISCV_2020_1_MYIR_BRAM_DP/CPU_V1/vitis/bootloader_RV32I/psu_cortexa53_0/standalone_domain/bsp/system.mss|system||

TRACE::2026-02-28.23:08:52::SCWMssOS::Sw design exists and opened at  /media/steckler/xilinx_linux/SDR_custom/SDR/Software/SDR_Firmware/CPU_N1_ONECYCLE_RISCV_2020_1_MYIR_BRAM_DP/CPU_V1/vitis/bootloader_RV32I/psu_cortexa53_0/standalone_domain/bsp/system.mss
TRACE::2026-02-28.23:08:52::SCWWriter::formatted JSON is {
	"platformName":	"bootloader_RV32I",
	"sprVersion":	"2.0",
	"mode":	"gui",
	"dsaType":	"Fixed",
	"platformDesc":	"bootloader_RV32I",
	"platHandOff":	"/media/steckler/xilinx_linux/SDR_custom/SDR/Software/SDR_Firmware/CPU_N1_ONECYCLE_RISCV_2020_1_MYIR_BRAM_DP/CPU_V1/Sections_wrapper.xsa",
	"platIntHandOff":	"<platformDir>/hw/Sections_wrapper.xsa",
	"deviceType":	"zynqMP",
	"platIsPrebuiltAutogen":	"false",
	"platIsNoBootBsp":	"true",
	"hasFsblMakeHasChanges":	"false",
	"hasPmufwMakeHasChanges":	"false",
	"platPreBuiltFlag":	false,
	"platformSamplesDir":	"",
	"platActiveSys":	"bootloader_RV32I",
	"systems":	[{
			"systemName":	"bootloader_RV32I",
			"systemDesc":	"bootloader_RV32I",
			"sysIsBootAutoGen":	"true",
			"systemDispName":	"bootloader_RV32I",
			"sysActiveDom":	"standalone_domain",
			"sysDefaultDom":	"standalone_domain",
			"domains":	[{
					"domainName":	"standalone_domain",
					"domainDispName":	"standalone_domain",
					"domainDesc":	"standalone_domain",
					"processors":	"psu_cortexa53_0",
					"os":	"standalone",
					"sdxOs":	"standalone",
					"qemuArgs":	"/media/steckler/xilinx_linux/vitis_2020.1/Vitis/2020.1/data/emulation/platforms/zynqmp/qemu/qemu_args.txt",
					"qemuData":	"/media/steckler/xilinx_linux/vitis_2020.1/Vitis/2020.1/data/emulation/platforms/zynqmp/qemu/",
					"pmuQemuArgs":	"/media/steckler/xilinx_linux/vitis_2020.1/Vitis/2020.1/data/emulation/platforms/zynqmp/qemu/pmu_args.txt",
					"debugEnable":	"False",
					"domRuntimes":	["cpp"],
					"swRepo":	"",
					"mssOsVer":	"7.2",
					"mssFile":	"",
					"md5Digest":	"d48e97aeb019d0bbe0eaa54e36530e80",
					"compatibleApp":	"",
					"domType":	"mssDomain",
					"arch":	"64-bit",
					"appSettings":	{
						"appCompilerFlags":	"",
						"appLinkerFlags":	""
					},
					"addedLibs":	[],
					"libOptions":	{
						"libsContainingOptions":	[]
					},
					"prebuiltLibs":	{
						"prebuiltIncPath":	[],
						"prebuiltLibPath":	[]
					},
					"isolation":	{
					}
				}]
		}]
}
TRACE::2026-02-28.23:08:52::SCWPlatform::Trying to open the hw design at /media/steckler/xilinx_linux/SDR_custom/SDR/Software/SDR_Firmware/CPU_N1_ONECYCLE_RISCV_2020_1_MYIR_BRAM_DP/CPU_V1/vitis/bootloader_RV32I/hw/Sections_wrapper.xsa
TRACE::2026-02-28.23:08:52::SCWPlatform::DSA given /media/steckler/xilinx_linux/SDR_custom/SDR/Software/SDR_Firmware/CPU_N1_ONECYCLE_RISCV_2020_1_MYIR_BRAM_DP/CPU_V1/vitis/bootloader_RV32I/hw/Sections_wrapper.xsa
TRACE::2026-02-28.23:08:52::SCWPlatform::DSA absoulate path /media/steckler/xilinx_linux/SDR_custom/SDR/Software/SDR_Firmware/CPU_N1_ONECYCLE_RISCV_2020_1_MYIR_BRAM_DP/CPU_V1/vitis/bootloader_RV32I/hw/Sections_wrapper.xsa
TRACE::2026-02-28.23:08:52::SCWPlatform::DSA directory /media/steckler/xilinx_linux/SDR_custom/SDR/Software/SDR_Firmware/CPU_N1_ONECYCLE_RISCV_2020_1_MYIR_BRAM_DP/CPU_V1/vitis/bootloader_RV32I/hw
TRACE::2026-02-28.23:08:52::SCWPlatform:: Platform Path /media/steckler/xilinx_linux/SDR_custom/SDR/Software/SDR_Firmware/CPU_N1_ONECYCLE_RISCV_2020_1_MYIR_BRAM_DP/CPU_V1/vitis/bootloader_RV32I/hw/Sections_wrapper.xsa
TRACE::2026-02-28.23:08:52::SCWPlatform:: Unique name xilinx:::0.0
TRACE::2026-02-28.23:08:52::SCWPlatform::Trying to set the existing hwdb with name Sections_wrapper_0
TRACE::2026-02-28.23:08:52::SCWPlatform::Opened existing hwdb Sections_wrapper_0
TRACE::2026-02-28.23:08:52::SCWPlatform::Found the Hw Db part of the input DSA
TRACE::2026-02-28.23:08:52::SCWMssOS::Checking the sw design at  /media/steckler/xilinx_linux/SDR_custom/SDR/Software/SDR_Firmware/CPU_N1_ONECYCLE_RISCV_2020_1_MYIR_BRAM_DP/CPU_V1/vitis/bootloader_RV32I/psu_cortexa53_0/standalone_domain/bsp/system.mss
TRACE::2026-02-28.23:08:52::SCWMssOS::DEBUG:  swdes dump  /media/steckler/xilinx_linux/SDR_custom/SDR/Software/SDR_Firmware/CPU_N1_ONECYCLE_RISCV_2020_1_MYIR_BRAM_DP/CPU_V1/vitis/bootloader_RV32I/psu_cortexa53_0/standalone_domain/bsp/system.mss|system||

TRACE::2026-02-28.23:08:52::SCWMssOS::Sw design exists and opened at  /media/steckler/xilinx_linux/SDR_custom/SDR/Software/SDR_Firmware/CPU_N1_ONECYCLE_RISCV_2020_1_MYIR_BRAM_DP/CPU_V1/vitis/bootloader_RV32I/psu_cortexa53_0/standalone_domain/bsp/system.mss
TRACE::2026-02-28.23:08:52::SCWPlatform::Trying to open the hw design at /media/steckler/xilinx_linux/SDR_custom/SDR/Software/SDR_Firmware/CPU_N1_ONECYCLE_RISCV_2020_1_MYIR_BRAM_DP/CPU_V1/vitis/bootloader_RV32I/hw/Sections_wrapper.xsa
TRACE::2026-02-28.23:08:52::SCWPlatform::DSA given /media/steckler/xilinx_linux/SDR_custom/SDR/Software/SDR_Firmware/CPU_N1_ONECYCLE_RISCV_2020_1_MYIR_BRAM_DP/CPU_V1/vitis/bootloader_RV32I/hw/Sections_wrapper.xsa
TRACE::2026-02-28.23:08:52::SCWPlatform::DSA absoulate path /media/steckler/xilinx_linux/SDR_custom/SDR/Software/SDR_Firmware/CPU_N1_ONECYCLE_RISCV_2020_1_MYIR_BRAM_DP/CPU_V1/vitis/bootloader_RV32I/hw/Sections_wrapper.xsa
TRACE::2026-02-28.23:08:52::SCWPlatform::DSA directory /media/steckler/xilinx_linux/SDR_custom/SDR/Software/SDR_Firmware/CPU_N1_ONECYCLE_RISCV_2020_1_MYIR_BRAM_DP/CPU_V1/vitis/bootloader_RV32I/hw
TRACE::2026-02-28.23:08:52::SCWPlatform:: Platform Path /media/steckler/xilinx_linux/SDR_custom/SDR/Software/SDR_Firmware/CPU_N1_ONECYCLE_RISCV_2020_1_MYIR_BRAM_DP/CPU_V1/vitis/bootloader_RV32I/hw/Sections_wrapper.xsa
TRACE::2026-02-28.23:08:52::SCWPlatform:: Unique name xilinx:::0.0
TRACE::2026-02-28.23:08:52::SCWPlatform::Trying to set the existing hwdb with name Sections_wrapper_0
TRACE::2026-02-28.23:08:52::SCWPlatform::Opened existing hwdb Sections_wrapper_0
TRACE::2026-02-28.23:08:52::SCWPlatform::Found the Hw Db part of the input DSA
TRACE::2026-02-28.23:08:52::SCWMssOS::Checking the sw design at  /media/steckler/xilinx_linux/SDR_custom/SDR/Software/SDR_Firmware/CPU_N1_ONECYCLE_RISCV_2020_1_MYIR_BRAM_DP/CPU_V1/vitis/bootloader_RV32I/psu_cortexa53_0/standalone_domain/bsp/system.mss
TRACE::2026-02-28.23:08:52::SCWMssOS::DEBUG:  swdes dump  /media/steckler/xilinx_linux/SDR_custom/SDR/Software/SDR_Firmware/CPU_N1_ONECYCLE_RISCV_2020_1_MYIR_BRAM_DP/CPU_V1/vitis/bootloader_RV32I/psu_cortexa53_0/standalone_domain/bsp/system.mss|system||

TRACE::2026-02-28.23:08:52::SCWMssOS::Sw design exists and opened at  /media/steckler/xilinx_linux/SDR_custom/SDR/Software/SDR_Firmware/CPU_N1_ONECYCLE_RISCV_2020_1_MYIR_BRAM_DP/CPU_V1/vitis/bootloader_RV32I/psu_cortexa53_0/standalone_domain/bsp/system.mss
TRACE::2026-02-28.23:08:52::SCWPlatform::Trying to open the hw design at /media/steckler/xilinx_linux/SDR_custom/SDR/Software/SDR_Firmware/CPU_N1_ONECYCLE_RISCV_2020_1_MYIR_BRAM_DP/CPU_V1/vitis/bootloader_RV32I/hw/Sections_wrapper.xsa
TRACE::2026-02-28.23:08:52::SCWPlatform::DSA given /media/steckler/xilinx_linux/SDR_custom/SDR/Software/SDR_Firmware/CPU_N1_ONECYCLE_RISCV_2020_1_MYIR_BRAM_DP/CPU_V1/vitis/bootloader_RV32I/hw/Sections_wrapper.xsa
TRACE::2026-02-28.23:08:52::SCWPlatform::DSA absoulate path /media/steckler/xilinx_linux/SDR_custom/SDR/Software/SDR_Firmware/CPU_N1_ONECYCLE_RISCV_2020_1_MYIR_BRAM_DP/CPU_V1/vitis/bootloader_RV32I/hw/Sections_wrapper.xsa
TRACE::2026-02-28.23:08:52::SCWPlatform::DSA directory /media/steckler/xilinx_linux/SDR_custom/SDR/Software/SDR_Firmware/CPU_N1_ONECYCLE_RISCV_2020_1_MYIR_BRAM_DP/CPU_V1/vitis/bootloader_RV32I/hw
TRACE::2026-02-28.23:08:52::SCWPlatform:: Platform Path /media/steckler/xilinx_linux/SDR_custom/SDR/Software/SDR_Firmware/CPU_N1_ONECYCLE_RISCV_2020_1_MYIR_BRAM_DP/CPU_V1/vitis/bootloader_RV32I/hw/Sections_wrapper.xsa
TRACE::2026-02-28.23:08:52::SCWPlatform:: Unique name xilinx:::0.0
TRACE::2026-02-28.23:08:52::SCWPlatform::Trying to set the existing hwdb with name Sections_wrapper_0
TRACE::2026-02-28.23:08:52::SCWPlatform::Opened existing hwdb Sections_wrapper_0
TRACE::2026-02-28.23:08:52::SCWPlatform::Found the Hw Db part of the input DSA
TRACE::2026-02-28.23:08:52::SCWMssOS::Checking the sw design at  /media/steckler/xilinx_linux/SDR_custom/SDR/Software/SDR_Firmware/CPU_N1_ONECYCLE_RISCV_2020_1_MYIR_BRAM_DP/CPU_V1/vitis/bootloader_RV32I/psu_cortexa53_0/standalone_domain/bsp/system.mss
TRACE::2026-02-28.23:08:52::SCWMssOS::DEBUG:  swdes dump  /media/steckler/xilinx_linux/SDR_custom/SDR/Software/SDR_Firmware/CPU_N1_ONECYCLE_RISCV_2020_1_MYIR_BRAM_DP/CPU_V1/vitis/bootloader_RV32I/psu_cortexa53_0/standalone_domain/bsp/system.mss|system||

TRACE::2026-02-28.23:08:52::SCWMssOS::Sw design exists and opened at  /media/steckler/xilinx_linux/SDR_custom/SDR/Software/SDR_Firmware/CPU_N1_ONECYCLE_RISCV_2020_1_MYIR_BRAM_DP/CPU_V1/vitis/bootloader_RV32I/psu_cortexa53_0/standalone_domain/bsp/system.mss
TRACE::2026-02-28.23:08:52::SCWMssOS::Saving the mss changes /media/steckler/xilinx_linux/SDR_custom/SDR/Software/SDR_Firmware/CPU_N1_ONECYCLE_RISCV_2020_1_MYIR_BRAM_DP/CPU_V1/vitis/bootloader_RV32I/psu_cortexa53_0/standalone_domain/bsp/system.mss
TRACE::2026-02-28.23:08:52::SCWMssOS::Found a swdesign opened with the mssfile.
TRACE::2026-02-28.23:08:52::SCWMssOS::Completed writemss as part of save.
TRACE::2026-02-28.23:08:52::SCWMssOS::Commit changes completed.
TRACE::2026-02-28.23:08:52::SCWPlatform::Trying to open the hw design at /media/steckler/xilinx_linux/SDR_custom/SDR/Software/SDR_Firmware/CPU_N1_ONECYCLE_RISCV_2020_1_MYIR_BRAM_DP/CPU_V1/vitis/bootloader_RV32I/hw/Sections_wrapper.xsa
TRACE::2026-02-28.23:08:52::SCWPlatform::DSA given /media/steckler/xilinx_linux/SDR_custom/SDR/Software/SDR_Firmware/CPU_N1_ONECYCLE_RISCV_2020_1_MYIR_BRAM_DP/CPU_V1/vitis/bootloader_RV32I/hw/Sections_wrapper.xsa
TRACE::2026-02-28.23:08:52::SCWPlatform::DSA absoulate path /media/steckler/xilinx_linux/SDR_custom/SDR/Software/SDR_Firmware/CPU_N1_ONECYCLE_RISCV_2020_1_MYIR_BRAM_DP/CPU_V1/vitis/bootloader_RV32I/hw/Sections_wrapper.xsa
TRACE::2026-02-28.23:08:52::SCWPlatform::DSA directory /media/steckler/xilinx_linux/SDR_custom/SDR/Software/SDR_Firmware/CPU_N1_ONECYCLE_RISCV_2020_1_MYIR_BRAM_DP/CPU_V1/vitis/bootloader_RV32I/hw
TRACE::2026-02-28.23:08:52::SCWPlatform:: Platform Path /media/steckler/xilinx_linux/SDR_custom/SDR/Software/SDR_Firmware/CPU_N1_ONECYCLE_RISCV_2020_1_MYIR_BRAM_DP/CPU_V1/vitis/bootloader_RV32I/hw/Sections_wrapper.xsa
TRACE::2026-02-28.23:08:52::SCWPlatform:: Unique name xilinx:::0.0
TRACE::2026-02-28.23:08:52::SCWPlatform::Trying to set the existing hwdb with name Sections_wrapper_0
TRACE::2026-02-28.23:08:52::SCWPlatform::Opened existing hwdb Sections_wrapper_0
TRACE::2026-02-28.23:08:52::SCWPlatform::Found the Hw Db part of the input DSA
TRACE::2026-02-28.23:08:52::SCWMssOS::Checking the sw design at  /media/steckler/xilinx_linux/SDR_custom/SDR/Software/SDR_Firmware/CPU_N1_ONECYCLE_RISCV_2020_1_MYIR_BRAM_DP/CPU_V1/vitis/bootloader_RV32I/psu_cortexa53_0/standalone_domain/bsp/system.mss
TRACE::2026-02-28.23:08:52::SCWMssOS::DEBUG:  swdes dump  /media/steckler/xilinx_linux/SDR_custom/SDR/Software/SDR_Firmware/CPU_N1_ONECYCLE_RISCV_2020_1_MYIR_BRAM_DP/CPU_V1/vitis/bootloader_RV32I/psu_cortexa53_0/standalone_domain/bsp/system.mss|system||

TRACE::2026-02-28.23:08:52::SCWMssOS::Sw design exists and opened at  /media/steckler/xilinx_linux/SDR_custom/SDR/Software/SDR_Firmware/CPU_N1_ONECYCLE_RISCV_2020_1_MYIR_BRAM_DP/CPU_V1/vitis/bootloader_RV32I/psu_cortexa53_0/standalone_domain/bsp/system.mss
TRACE::2026-02-28.23:08:52::SCWPlatform::Trying to open the hw design at /media/steckler/xilinx_linux/SDR_custom/SDR/Software/SDR_Firmware/CPU_N1_ONECYCLE_RISCV_2020_1_MYIR_BRAM_DP/CPU_V1/vitis/bootloader_RV32I/hw/Sections_wrapper.xsa
TRACE::2026-02-28.23:08:52::SCWPlatform::DSA given /media/steckler/xilinx_linux/SDR_custom/SDR/Software/SDR_Firmware/CPU_N1_ONECYCLE_RISCV_2020_1_MYIR_BRAM_DP/CPU_V1/vitis/bootloader_RV32I/hw/Sections_wrapper.xsa
TRACE::2026-02-28.23:08:52::SCWPlatform::DSA absoulate path /media/steckler/xilinx_linux/SDR_custom/SDR/Software/SDR_Firmware/CPU_N1_ONECYCLE_RISCV_2020_1_MYIR_BRAM_DP/CPU_V1/vitis/bootloader_RV32I/hw/Sections_wrapper.xsa
TRACE::2026-02-28.23:08:52::SCWPlatform::DSA directory /media/steckler/xilinx_linux/SDR_custom/SDR/Software/SDR_Firmware/CPU_N1_ONECYCLE_RISCV_2020_1_MYIR_BRAM_DP/CPU_V1/vitis/bootloader_RV32I/hw
TRACE::2026-02-28.23:08:52::SCWPlatform:: Platform Path /media/steckler/xilinx_linux/SDR_custom/SDR/Software/SDR_Firmware/CPU_N1_ONECYCLE_RISCV_2020_1_MYIR_BRAM_DP/CPU_V1/vitis/bootloader_RV32I/hw/Sections_wrapper.xsa
TRACE::2026-02-28.23:08:52::SCWPlatform:: Unique name xilinx:::0.0
TRACE::2026-02-28.23:08:52::SCWPlatform::Trying to set the existing hwdb with name Sections_wrapper_0
TRACE::2026-02-28.23:08:52::SCWPlatform::Opened existing hwdb Sections_wrapper_0
TRACE::2026-02-28.23:08:52::SCWPlatform::Found the Hw Db part of the input DSA
TRACE::2026-02-28.23:08:52::SCWMssOS::Checking the sw design at  /media/steckler/xilinx_linux/SDR_custom/SDR/Software/SDR_Firmware/CPU_N1_ONECYCLE_RISCV_2020_1_MYIR_BRAM_DP/CPU_V1/vitis/bootloader_RV32I/psu_cortexa53_0/standalone_domain/bsp/system.mss
TRACE::2026-02-28.23:08:52::SCWMssOS::DEBUG:  swdes dump  /media/steckler/xilinx_linux/SDR_custom/SDR/Software/SDR_Firmware/CPU_N1_ONECYCLE_RISCV_2020_1_MYIR_BRAM_DP/CPU_V1/vitis/bootloader_RV32I/psu_cortexa53_0/standalone_domain/bsp/system.mss|system||

TRACE::2026-02-28.23:08:52::SCWMssOS::Sw design exists and opened at  /media/steckler/xilinx_linux/SDR_custom/SDR/Software/SDR_Firmware/CPU_N1_ONECYCLE_RISCV_2020_1_MYIR_BRAM_DP/CPU_V1/vitis/bootloader_RV32I/psu_cortexa53_0/standalone_domain/bsp/system.mss
TRACE::2026-02-28.23:08:52::SCWPlatform::Trying to open the hw design at /media/steckler/xilinx_linux/SDR_custom/SDR/Software/SDR_Firmware/CPU_N1_ONECYCLE_RISCV_2020_1_MYIR_BRAM_DP/CPU_V1/vitis/bootloader_RV32I/hw/Sections_wrapper.xsa
TRACE::2026-02-28.23:08:52::SCWPlatform::DSA given /media/steckler/xilinx_linux/SDR_custom/SDR/Software/SDR_Firmware/CPU_N1_ONECYCLE_RISCV_2020_1_MYIR_BRAM_DP/CPU_V1/vitis/bootloader_RV32I/hw/Sections_wrapper.xsa
TRACE::2026-02-28.23:08:52::SCWPlatform::DSA absoulate path /media/steckler/xilinx_linux/SDR_custom/SDR/Software/SDR_Firmware/CPU_N1_ONECYCLE_RISCV_2020_1_MYIR_BRAM_DP/CPU_V1/vitis/bootloader_RV32I/hw/Sections_wrapper.xsa
TRACE::2026-02-28.23:08:52::SCWPlatform::DSA directory /media/steckler/xilinx_linux/SDR_custom/SDR/Software/SDR_Firmware/CPU_N1_ONECYCLE_RISCV_2020_1_MYIR_BRAM_DP/CPU_V1/vitis/bootloader_RV32I/hw
TRACE::2026-02-28.23:08:52::SCWPlatform:: Platform Path /media/steckler/xilinx_linux/SDR_custom/SDR/Software/SDR_Firmware/CPU_N1_ONECYCLE_RISCV_2020_1_MYIR_BRAM_DP/CPU_V1/vitis/bootloader_RV32I/hw/Sections_wrapper.xsa
TRACE::2026-02-28.23:08:52::SCWPlatform:: Unique name xilinx:::0.0
TRACE::2026-02-28.23:08:52::SCWPlatform::Trying to set the existing hwdb with name Sections_wrapper_0
TRACE::2026-02-28.23:08:52::SCWPlatform::Opened existing hwdb Sections_wrapper_0
TRACE::2026-02-28.23:08:52::SCWPlatform::Found the Hw Db part of the input DSA
TRACE::2026-02-28.23:08:52::SCWMssOS::Checking the sw design at  /media/steckler/xilinx_linux/SDR_custom/SDR/Software/SDR_Firmware/CPU_N1_ONECYCLE_RISCV_2020_1_MYIR_BRAM_DP/CPU_V1/vitis/bootloader_RV32I/psu_cortexa53_0/standalone_domain/bsp/system.mss
TRACE::2026-02-28.23:08:52::SCWMssOS::DEBUG:  swdes dump  /media/steckler/xilinx_linux/SDR_custom/SDR/Software/SDR_Firmware/CPU_N1_ONECYCLE_RISCV_2020_1_MYIR_BRAM_DP/CPU_V1/vitis/bootloader_RV32I/psu_cortexa53_0/standalone_domain/bsp/system.mss|system||

TRACE::2026-02-28.23:08:52::SCWMssOS::Sw design exists and opened at  /media/steckler/xilinx_linux/SDR_custom/SDR/Software/SDR_Firmware/CPU_N1_ONECYCLE_RISCV_2020_1_MYIR_BRAM_DP/CPU_V1/vitis/bootloader_RV32I/psu_cortexa53_0/standalone_domain/bsp/system.mss
TRACE::2026-02-28.23:08:52::SCWWriter::formatted JSON is {
	"platformName":	"bootloader_RV32I",
	"sprVersion":	"2.0",
	"mode":	"gui",
	"dsaType":	"Fixed",
	"platformDesc":	"bootloader_RV32I",
	"platHandOff":	"/media/steckler/xilinx_linux/SDR_custom/SDR/Software/SDR_Firmware/CPU_N1_ONECYCLE_RISCV_2020_1_MYIR_BRAM_DP/CPU_V1/Sections_wrapper.xsa",
	"platIntHandOff":	"<platformDir>/hw/Sections_wrapper.xsa",
	"deviceType":	"zynqMP",
	"platIsPrebuiltAutogen":	"false",
	"platIsNoBootBsp":	"true",
	"hasFsblMakeHasChanges":	"false",
	"hasPmufwMakeHasChanges":	"false",
	"platPreBuiltFlag":	false,
	"platformSamplesDir":	"",
	"platActiveSys":	"bootloader_RV32I",
	"systems":	[{
			"systemName":	"bootloader_RV32I",
			"systemDesc":	"bootloader_RV32I",
			"sysIsBootAutoGen":	"true",
			"systemDispName":	"bootloader_RV32I",
			"sysActiveDom":	"standalone_domain",
			"sysDefaultDom":	"standalone_domain",
			"domains":	[{
					"domainName":	"standalone_domain",
					"domainDispName":	"standalone on psu_cortexa53_0",
					"domainDesc":	"standalone_domain",
					"processors":	"psu_cortexa53_0",
					"os":	"standalone",
					"sdxOs":	"standalone",
					"qemuArgs":	"/media/steckler/xilinx_linux/vitis_2020.1/Vitis/2020.1/data/emulation/platforms/zynqmp/qemu/qemu_args.txt",
					"qemuData":	"/media/steckler/xilinx_linux/vitis_2020.1/Vitis/2020.1/data/emulation/platforms/zynqmp/qemu/",
					"pmuQemuArgs":	"/media/steckler/xilinx_linux/vitis_2020.1/Vitis/2020.1/data/emulation/platforms/zynqmp/qemu/pmu_args.txt",
					"debugEnable":	"False",
					"domRuntimes":	["cpp"],
					"swRepo":	"",
					"mssOsVer":	"7.2",
					"mssFile":	"",
					"md5Digest":	"d48e97aeb019d0bbe0eaa54e36530e80",
					"compatibleApp":	"",
					"domType":	"mssDomain",
					"arch":	"64-bit",
					"appSettings":	{
						"appCompilerFlags":	"",
						"appLinkerFlags":	""
					},
					"addedLibs":	[],
					"libOptions":	{
						"libsContainingOptions":	[]
					},
					"prebuiltLibs":	{
						"prebuiltIncPath":	[],
						"prebuiltLibPath":	[]
					},
					"isolation":	{
					}
				}]
		}]
}
TRACE::2026-02-28.23:08:52::SCWMssOS::Saving the mss changes /media/steckler/xilinx_linux/SDR_custom/SDR/Software/SDR_Firmware/CPU_N1_ONECYCLE_RISCV_2020_1_MYIR_BRAM_DP/CPU_V1/vitis/bootloader_RV32I/psu_cortexa53_0/standalone_domain/bsp/system.mss
TRACE::2026-02-28.23:08:52::SCWMssOS::Found a swdesign opened with the mssfile.
TRACE::2026-02-28.23:08:52::SCWMssOS::Completed writemss as part of save.
TRACE::2026-02-28.23:08:52::SCWMssOS::Commit changes completed.
TRACE::2026-02-28.23:08:52::SCWPlatform::Trying to open the hw design at /media/steckler/xilinx_linux/SDR_custom/SDR/Software/SDR_Firmware/CPU_N1_ONECYCLE_RISCV_2020_1_MYIR_BRAM_DP/CPU_V1/vitis/bootloader_RV32I/hw/Sections_wrapper.xsa
TRACE::2026-02-28.23:08:52::SCWPlatform::DSA given /media/steckler/xilinx_linux/SDR_custom/SDR/Software/SDR_Firmware/CPU_N1_ONECYCLE_RISCV_2020_1_MYIR_BRAM_DP/CPU_V1/vitis/bootloader_RV32I/hw/Sections_wrapper.xsa
TRACE::2026-02-28.23:08:52::SCWPlatform::DSA absoulate path /media/steckler/xilinx_linux/SDR_custom/SDR/Software/SDR_Firmware/CPU_N1_ONECYCLE_RISCV_2020_1_MYIR_BRAM_DP/CPU_V1/vitis/bootloader_RV32I/hw/Sections_wrapper.xsa
TRACE::2026-02-28.23:08:52::SCWPlatform::DSA directory /media/steckler/xilinx_linux/SDR_custom/SDR/Software/SDR_Firmware/CPU_N1_ONECYCLE_RISCV_2020_1_MYIR_BRAM_DP/CPU_V1/vitis/bootloader_RV32I/hw
TRACE::2026-02-28.23:08:52::SCWPlatform:: Platform Path /media/steckler/xilinx_linux/SDR_custom/SDR/Software/SDR_Firmware/CPU_N1_ONECYCLE_RISCV_2020_1_MYIR_BRAM_DP/CPU_V1/vitis/bootloader_RV32I/hw/Sections_wrapper.xsa
TRACE::2026-02-28.23:08:52::SCWPlatform:: Unique name xilinx:::0.0
TRACE::2026-02-28.23:08:52::SCWPlatform::Trying to set the existing hwdb with name Sections_wrapper_0
TRACE::2026-02-28.23:08:52::SCWPlatform::Opened existing hwdb Sections_wrapper_0
TRACE::2026-02-28.23:08:52::SCWPlatform::Found the Hw Db part of the input DSA
TRACE::2026-02-28.23:08:52::SCWMssOS::Checking the sw design at  /media/steckler/xilinx_linux/SDR_custom/SDR/Software/SDR_Firmware/CPU_N1_ONECYCLE_RISCV_2020_1_MYIR_BRAM_DP/CPU_V1/vitis/bootloader_RV32I/psu_cortexa53_0/standalone_domain/bsp/system.mss
TRACE::2026-02-28.23:08:52::SCWMssOS::DEBUG:  swdes dump  /media/steckler/xilinx_linux/SDR_custom/SDR/Software/SDR_Firmware/CPU_N1_ONECYCLE_RISCV_2020_1_MYIR_BRAM_DP/CPU_V1/vitis/bootloader_RV32I/psu_cortexa53_0/standalone_domain/bsp/system.mss|system||

TRACE::2026-02-28.23:08:52::SCWMssOS::Sw design exists and opened at  /media/steckler/xilinx_linux/SDR_custom/SDR/Software/SDR_Firmware/CPU_N1_ONECYCLE_RISCV_2020_1_MYIR_BRAM_DP/CPU_V1/vitis/bootloader_RV32I/psu_cortexa53_0/standalone_domain/bsp/system.mss
TRACE::2026-02-28.23:08:52::SCWPlatform::Trying to open the hw design at /media/steckler/xilinx_linux/SDR_custom/SDR/Software/SDR_Firmware/CPU_N1_ONECYCLE_RISCV_2020_1_MYIR_BRAM_DP/CPU_V1/vitis/bootloader_RV32I/hw/Sections_wrapper.xsa
TRACE::2026-02-28.23:08:52::SCWPlatform::DSA given /media/steckler/xilinx_linux/SDR_custom/SDR/Software/SDR_Firmware/CPU_N1_ONECYCLE_RISCV_2020_1_MYIR_BRAM_DP/CPU_V1/vitis/bootloader_RV32I/hw/Sections_wrapper.xsa
TRACE::2026-02-28.23:08:52::SCWPlatform::DSA absoulate path /media/steckler/xilinx_linux/SDR_custom/SDR/Software/SDR_Firmware/CPU_N1_ONECYCLE_RISCV_2020_1_MYIR_BRAM_DP/CPU_V1/vitis/bootloader_RV32I/hw/Sections_wrapper.xsa
TRACE::2026-02-28.23:08:52::SCWPlatform::DSA directory /media/steckler/xilinx_linux/SDR_custom/SDR/Software/SDR_Firmware/CPU_N1_ONECYCLE_RISCV_2020_1_MYIR_BRAM_DP/CPU_V1/vitis/bootloader_RV32I/hw
TRACE::2026-02-28.23:08:52::SCWPlatform:: Platform Path /media/steckler/xilinx_linux/SDR_custom/SDR/Software/SDR_Firmware/CPU_N1_ONECYCLE_RISCV_2020_1_MYIR_BRAM_DP/CPU_V1/vitis/bootloader_RV32I/hw/Sections_wrapper.xsa
TRACE::2026-02-28.23:08:52::SCWPlatform:: Unique name xilinx:::0.0
TRACE::2026-02-28.23:08:52::SCWPlatform::Trying to set the existing hwdb with name Sections_wrapper_0
TRACE::2026-02-28.23:08:52::SCWPlatform::Opened existing hwdb Sections_wrapper_0
TRACE::2026-02-28.23:08:52::SCWPlatform::Found the Hw Db part of the input DSA
TRACE::2026-02-28.23:08:52::SCWMssOS::Checking the sw design at  /media/steckler/xilinx_linux/SDR_custom/SDR/Software/SDR_Firmware/CPU_N1_ONECYCLE_RISCV_2020_1_MYIR_BRAM_DP/CPU_V1/vitis/bootloader_RV32I/psu_cortexa53_0/standalone_domain/bsp/system.mss
TRACE::2026-02-28.23:08:52::SCWMssOS::DEBUG:  swdes dump  /media/steckler/xilinx_linux/SDR_custom/SDR/Software/SDR_Firmware/CPU_N1_ONECYCLE_RISCV_2020_1_MYIR_BRAM_DP/CPU_V1/vitis/bootloader_RV32I/psu_cortexa53_0/standalone_domain/bsp/system.mss|system||

TRACE::2026-02-28.23:08:52::SCWMssOS::Sw design exists and opened at  /media/steckler/xilinx_linux/SDR_custom/SDR/Software/SDR_Firmware/CPU_N1_ONECYCLE_RISCV_2020_1_MYIR_BRAM_DP/CPU_V1/vitis/bootloader_RV32I/psu_cortexa53_0/standalone_domain/bsp/system.mss
TRACE::2026-02-28.23:08:52::SCWPlatform::Trying to open the hw design at /media/steckler/xilinx_linux/SDR_custom/SDR/Software/SDR_Firmware/CPU_N1_ONECYCLE_RISCV_2020_1_MYIR_BRAM_DP/CPU_V1/vitis/bootloader_RV32I/hw/Sections_wrapper.xsa
TRACE::2026-02-28.23:08:52::SCWPlatform::DSA given /media/steckler/xilinx_linux/SDR_custom/SDR/Software/SDR_Firmware/CPU_N1_ONECYCLE_RISCV_2020_1_MYIR_BRAM_DP/CPU_V1/vitis/bootloader_RV32I/hw/Sections_wrapper.xsa
TRACE::2026-02-28.23:08:52::SCWPlatform::DSA absoulate path /media/steckler/xilinx_linux/SDR_custom/SDR/Software/SDR_Firmware/CPU_N1_ONECYCLE_RISCV_2020_1_MYIR_BRAM_DP/CPU_V1/vitis/bootloader_RV32I/hw/Sections_wrapper.xsa
TRACE::2026-02-28.23:08:52::SCWPlatform::DSA directory /media/steckler/xilinx_linux/SDR_custom/SDR/Software/SDR_Firmware/CPU_N1_ONECYCLE_RISCV_2020_1_MYIR_BRAM_DP/CPU_V1/vitis/bootloader_RV32I/hw
TRACE::2026-02-28.23:08:52::SCWPlatform:: Platform Path /media/steckler/xilinx_linux/SDR_custom/SDR/Software/SDR_Firmware/CPU_N1_ONECYCLE_RISCV_2020_1_MYIR_BRAM_DP/CPU_V1/vitis/bootloader_RV32I/hw/Sections_wrapper.xsa
TRACE::2026-02-28.23:08:52::SCWPlatform:: Unique name xilinx:::0.0
TRACE::2026-02-28.23:08:52::SCWPlatform::Trying to set the existing hwdb with name Sections_wrapper_0
TRACE::2026-02-28.23:08:52::SCWPlatform::Opened existing hwdb Sections_wrapper_0
TRACE::2026-02-28.23:08:52::SCWPlatform::Found the Hw Db part of the input DSA
TRACE::2026-02-28.23:08:52::SCWMssOS::Checking the sw design at  /media/steckler/xilinx_linux/SDR_custom/SDR/Software/SDR_Firmware/CPU_N1_ONECYCLE_RISCV_2020_1_MYIR_BRAM_DP/CPU_V1/vitis/bootloader_RV32I/psu_cortexa53_0/standalone_domain/bsp/system.mss
TRACE::2026-02-28.23:08:52::SCWMssOS::DEBUG:  swdes dump  /media/steckler/xilinx_linux/SDR_custom/SDR/Software/SDR_Firmware/CPU_N1_ONECYCLE_RISCV_2020_1_MYIR_BRAM_DP/CPU_V1/vitis/bootloader_RV32I/psu_cortexa53_0/standalone_domain/bsp/system.mss|system||

TRACE::2026-02-28.23:08:52::SCWMssOS::Sw design exists and opened at  /media/steckler/xilinx_linux/SDR_custom/SDR/Software/SDR_Firmware/CPU_N1_ONECYCLE_RISCV_2020_1_MYIR_BRAM_DP/CPU_V1/vitis/bootloader_RV32I/psu_cortexa53_0/standalone_domain/bsp/system.mss
TRACE::2026-02-28.23:08:52::SCWWriter::formatted JSON is {
	"platformName":	"bootloader_RV32I",
	"sprVersion":	"2.0",
	"mode":	"gui",
	"dsaType":	"Fixed",
	"platformDesc":	"bootloader_RV32I",
	"platHandOff":	"/media/steckler/xilinx_linux/SDR_custom/SDR/Software/SDR_Firmware/CPU_N1_ONECYCLE_RISCV_2020_1_MYIR_BRAM_DP/CPU_V1/Sections_wrapper.xsa",
	"platIntHandOff":	"<platformDir>/hw/Sections_wrapper.xsa",
	"deviceType":	"zynqMP",
	"platIsPrebuiltAutogen":	"false",
	"platIsNoBootBsp":	"true",
	"hasFsblMakeHasChanges":	"false",
	"hasPmufwMakeHasChanges":	"false",
	"platPreBuiltFlag":	false,
	"platformSamplesDir":	"",
	"platActiveSys":	"bootloader_RV32I",
	"systems":	[{
			"systemName":	"bootloader_RV32I",
			"systemDesc":	"bootloader_RV32I",
			"sysIsBootAutoGen":	"true",
			"systemDispName":	"bootloader_RV32I",
			"sysActiveDom":	"standalone_domain",
			"sysDefaultDom":	"standalone_domain",
			"domains":	[{
					"domainName":	"standalone_domain",
					"domainDispName":	"standalone on psu_cortexa53_0",
					"domainDesc":	"standalone_domain",
					"processors":	"psu_cortexa53_0",
					"os":	"standalone",
					"sdxOs":	"standalone",
					"qemuArgs":	"/media/steckler/xilinx_linux/vitis_2020.1/Vitis/2020.1/data/emulation/platforms/zynqmp/qemu/qemu_args.txt",
					"qemuData":	"/media/steckler/xilinx_linux/vitis_2020.1/Vitis/2020.1/data/emulation/platforms/zynqmp/qemu/",
					"pmuQemuArgs":	"/media/steckler/xilinx_linux/vitis_2020.1/Vitis/2020.1/data/emulation/platforms/zynqmp/qemu/pmu_args.txt",
					"debugEnable":	"False",
					"domRuntimes":	["cpp"],
					"swRepo":	"",
					"mssOsVer":	"7.2",
					"mssFile":	"",
					"md5Digest":	"d48e97aeb019d0bbe0eaa54e36530e80",
					"compatibleApp":	"",
					"domType":	"mssDomain",
					"arch":	"64-bit",
					"appSettings":	{
						"appCompilerFlags":	"",
						"appLinkerFlags":	""
					},
					"addedLibs":	[],
					"libOptions":	{
						"libsContainingOptions":	[]
					},
					"prebuiltLibs":	{
						"prebuiltIncPath":	[],
						"prebuiltLibPath":	[]
					},
					"isolation":	{
					}
				}]
		}]
}
TRACE::2026-02-28.23:08:52::SCWPlatform::Clearing the existing platform
TRACE::2026-02-28.23:08:52::SCWSystem::Clearing the existing sysconfig
TRACE::2026-02-28.23:08:52::SCWMssOS::Removing the swdes entry for  /media/steckler/xilinx_linux/SDR_custom/SDR/Software/SDR_Firmware/CPU_N1_ONECYCLE_RISCV_2020_1_MYIR_BRAM_DP/CPU_V1/vitis/bootloader_RV32I/psu_cortexa53_0/standalone_domain/bsp/system.mss
TRACE::2026-02-28.23:08:52::SCWSystem::Clearing the domains completed.
TRACE::2026-02-28.23:08:52::SCWPlatform::Clearing the opened hw db.
TRACE::2026-02-28.23:08:52::SCWPlatform::DSA given /media/steckler/xilinx_linux/SDR_custom/SDR/Software/SDR_Firmware/CPU_N1_ONECYCLE_RISCV_2020_1_MYIR_BRAM_DP/CPU_V1/vitis/bootloader_RV32I/hw/Sections_wrapper.xsa
TRACE::2026-02-28.23:08:52::SCWPlatform::DSA absoulate path /media/steckler/xilinx_linux/SDR_custom/SDR/Software/SDR_Firmware/CPU_N1_ONECYCLE_RISCV_2020_1_MYIR_BRAM_DP/CPU_V1/vitis/bootloader_RV32I/hw/Sections_wrapper.xsa
TRACE::2026-02-28.23:08:52::SCWPlatform:: Platform location is /media/steckler/xilinx_linux/SDR_custom/SDR/Software/SDR_Firmware/CPU_N1_ONECYCLE_RISCV_2020_1_MYIR_BRAM_DP/CPU_V1/vitis/bootloader_RV32I/hw
TRACE::2026-02-28.23:08:52::SCWPlatform:: Platform Path /media/steckler/xilinx_linux/SDR_custom/SDR/Software/SDR_Firmware/CPU_N1_ONECYCLE_RISCV_2020_1_MYIR_BRAM_DP/CPU_V1/vitis/bootloader_RV32I/hw/Sections_wrapper.xsa
TRACE::2026-02-28.23:08:52::SCWPlatform:: Unique name xilinx:::0.0
TRACE::2026-02-28.23:08:52::SCWPlatform::Removing the HwDB with name /media/steckler/xilinx_linux/SDR_custom/SDR/Software/SDR_Firmware/CPU_N1_ONECYCLE_RISCV_2020_1_MYIR_BRAM_DP/CPU_V1/vitis/bootloader_RV32I/hw/Sections_wrapper.xsa
TRACE::2026-02-28.23:08:52::SCWPlatform::Trying to open the hw design at /media/steckler/xilinx_linux/SDR_custom/SDR/Software/SDR_Firmware/CPU_N1_ONECYCLE_RISCV_2020_1_MYIR_BRAM_DP/CPU_V1/vitis/bootloader_RV32I/hw/Sections_wrapper.xsa
TRACE::2026-02-28.23:08:52::SCWPlatform::DSA given /media/steckler/xilinx_linux/SDR_custom/SDR/Software/SDR_Firmware/CPU_N1_ONECYCLE_RISCV_2020_1_MYIR_BRAM_DP/CPU_V1/vitis/bootloader_RV32I/hw/Sections_wrapper.xsa
TRACE::2026-02-28.23:08:52::SCWPlatform::DSA absoulate path /media/steckler/xilinx_linux/SDR_custom/SDR/Software/SDR_Firmware/CPU_N1_ONECYCLE_RISCV_2020_1_MYIR_BRAM_DP/CPU_V1/vitis/bootloader_RV32I/hw/Sections_wrapper.xsa
TRACE::2026-02-28.23:08:52::SCWPlatform::DSA directory /media/steckler/xilinx_linux/SDR_custom/SDR/Software/SDR_Firmware/CPU_N1_ONECYCLE_RISCV_2020_1_MYIR_BRAM_DP/CPU_V1/vitis/bootloader_RV32I/hw
TRACE::2026-02-28.23:08:52::SCWPlatform:: Platform Path /media/steckler/xilinx_linux/SDR_custom/SDR/Software/SDR_Firmware/CPU_N1_ONECYCLE_RISCV_2020_1_MYIR_BRAM_DP/CPU_V1/vitis/bootloader_RV32I/hw/Sections_wrapper.xsa
TRACE::2026-02-28.23:08:52::SCWPlatform:: Unique name xilinx:::0.0
TRACE::2026-02-28.23:08:52::SCWPlatform::Do not have an existing db opened. 
TRACE::2026-02-28.23:09:00::SCWPlatform::Opened new HwDB with name Sections_wrapper_1
TRACE::2026-02-28.23:09:00::SCWReader::Active system found as  bootloader_RV32I
TRACE::2026-02-28.23:09:00::SCWReader::Handling sysconfig bootloader_RV32I
TRACE::2026-02-28.23:09:00::SCWDomain::checking for install qemu data   : 
TRACE::2026-02-28.23:09:00::SCWDomain:: Using the QEMU Data from install at  : /media/steckler/xilinx_linux/vitis_2020.1/Vitis/2020.1/data/emulation/platforms/zynqmp/qemu/
TRACE::2026-02-28.23:09:00::SCWDomain:: Using the QEMU args  from install at  : /media/steckler/xilinx_linux/vitis_2020.1/Vitis/2020.1/data/emulation/platforms/zynqmp/qemu/qemu_args.txt
TRACE::2026-02-28.23:09:00::SCWDomain:: Using the PMUQEMU args from install at  : /media/steckler/xilinx_linux/vitis_2020.1/Vitis/2020.1/data/emulation/platforms/zynqmp/qemu/pmu_args.txt
TRACE::2026-02-28.23:09:00::SCWPlatform::Trying to open the hw design at /media/steckler/xilinx_linux/SDR_custom/SDR/Software/SDR_Firmware/CPU_N1_ONECYCLE_RISCV_2020_1_MYIR_BRAM_DP/CPU_V1/vitis/bootloader_RV32I/hw/Sections_wrapper.xsa
TRACE::2026-02-28.23:09:00::SCWPlatform::DSA given /media/steckler/xilinx_linux/SDR_custom/SDR/Software/SDR_Firmware/CPU_N1_ONECYCLE_RISCV_2020_1_MYIR_BRAM_DP/CPU_V1/vitis/bootloader_RV32I/hw/Sections_wrapper.xsa
TRACE::2026-02-28.23:09:00::SCWPlatform::DSA absoulate path /media/steckler/xilinx_linux/SDR_custom/SDR/Software/SDR_Firmware/CPU_N1_ONECYCLE_RISCV_2020_1_MYIR_BRAM_DP/CPU_V1/vitis/bootloader_RV32I/hw/Sections_wrapper.xsa
TRACE::2026-02-28.23:09:00::SCWPlatform::DSA directory /media/steckler/xilinx_linux/SDR_custom/SDR/Software/SDR_Firmware/CPU_N1_ONECYCLE_RISCV_2020_1_MYIR_BRAM_DP/CPU_V1/vitis/bootloader_RV32I/hw
TRACE::2026-02-28.23:09:00::SCWPlatform:: Platform Path /media/steckler/xilinx_linux/SDR_custom/SDR/Software/SDR_Firmware/CPU_N1_ONECYCLE_RISCV_2020_1_MYIR_BRAM_DP/CPU_V1/vitis/bootloader_RV32I/hw/Sections_wrapper.xsa
TRACE::2026-02-28.23:09:00::SCWPlatform:: Unique name xilinx:::0.0
TRACE::2026-02-28.23:09:00::SCWPlatform::Trying to set the existing hwdb with name Sections_wrapper_1
TRACE::2026-02-28.23:09:00::SCWPlatform::Opened existing hwdb Sections_wrapper_1
TRACE::2026-02-28.23:09:00::SCWPlatform::Found the Hw Db part of the input DSA
TRACE::2026-02-28.23:09:00::SCWPlatform::Trying to open the hw design at /media/steckler/xilinx_linux/SDR_custom/SDR/Software/SDR_Firmware/CPU_N1_ONECYCLE_RISCV_2020_1_MYIR_BRAM_DP/CPU_V1/vitis/bootloader_RV32I/hw/Sections_wrapper.xsa
TRACE::2026-02-28.23:09:00::SCWPlatform::DSA given /media/steckler/xilinx_linux/SDR_custom/SDR/Software/SDR_Firmware/CPU_N1_ONECYCLE_RISCV_2020_1_MYIR_BRAM_DP/CPU_V1/vitis/bootloader_RV32I/hw/Sections_wrapper.xsa
TRACE::2026-02-28.23:09:00::SCWPlatform::DSA absoulate path /media/steckler/xilinx_linux/SDR_custom/SDR/Software/SDR_Firmware/CPU_N1_ONECYCLE_RISCV_2020_1_MYIR_BRAM_DP/CPU_V1/vitis/bootloader_RV32I/hw/Sections_wrapper.xsa
TRACE::2026-02-28.23:09:00::SCWPlatform::DSA directory /media/steckler/xilinx_linux/SDR_custom/SDR/Software/SDR_Firmware/CPU_N1_ONECYCLE_RISCV_2020_1_MYIR_BRAM_DP/CPU_V1/vitis/bootloader_RV32I/hw
TRACE::2026-02-28.23:09:00::SCWPlatform:: Platform Path /media/steckler/xilinx_linux/SDR_custom/SDR/Software/SDR_Firmware/CPU_N1_ONECYCLE_RISCV_2020_1_MYIR_BRAM_DP/CPU_V1/vitis/bootloader_RV32I/hw/Sections_wrapper.xsa
TRACE::2026-02-28.23:09:00::SCWPlatform:: Unique name xilinx:::0.0
TRACE::2026-02-28.23:09:00::SCWPlatform::Trying to set the existing hwdb with name Sections_wrapper_1
TRACE::2026-02-28.23:09:00::SCWPlatform::Opened existing hwdb Sections_wrapper_1
TRACE::2026-02-28.23:09:00::SCWPlatform::Found the Hw Db part of the input DSA
TRACE::2026-02-28.23:09:00::SCWPlatform::Trying to open the hw design at /media/steckler/xilinx_linux/SDR_custom/SDR/Software/SDR_Firmware/CPU_N1_ONECYCLE_RISCV_2020_1_MYIR_BRAM_DP/CPU_V1/vitis/bootloader_RV32I/hw/Sections_wrapper.xsa
TRACE::2026-02-28.23:09:00::SCWPlatform::DSA given /media/steckler/xilinx_linux/SDR_custom/SDR/Software/SDR_Firmware/CPU_N1_ONECYCLE_RISCV_2020_1_MYIR_BRAM_DP/CPU_V1/vitis/bootloader_RV32I/hw/Sections_wrapper.xsa
TRACE::2026-02-28.23:09:00::SCWPlatform::DSA absoulate path /media/steckler/xilinx_linux/SDR_custom/SDR/Software/SDR_Firmware/CPU_N1_ONECYCLE_RISCV_2020_1_MYIR_BRAM_DP/CPU_V1/vitis/bootloader_RV32I/hw/Sections_wrapper.xsa
TRACE::2026-02-28.23:09:00::SCWPlatform::DSA directory /media/steckler/xilinx_linux/SDR_custom/SDR/Software/SDR_Firmware/CPU_N1_ONECYCLE_RISCV_2020_1_MYIR_BRAM_DP/CPU_V1/vitis/bootloader_RV32I/hw
TRACE::2026-02-28.23:09:00::SCWPlatform:: Platform Path /media/steckler/xilinx_linux/SDR_custom/SDR/Software/SDR_Firmware/CPU_N1_ONECYCLE_RISCV_2020_1_MYIR_BRAM_DP/CPU_V1/vitis/bootloader_RV32I/hw/Sections_wrapper.xsa
TRACE::2026-02-28.23:09:00::SCWPlatform:: Unique name xilinx:::0.0
TRACE::2026-02-28.23:09:00::SCWPlatform::Trying to set the existing hwdb with name Sections_wrapper_1
TRACE::2026-02-28.23:09:00::SCWPlatform::Opened existing hwdb Sections_wrapper_1
TRACE::2026-02-28.23:09:00::SCWPlatform::Found the Hw Db part of the input DSA
TRACE::2026-02-28.23:09:00::SCWPlatform::Trying to open the hw design at /media/steckler/xilinx_linux/SDR_custom/SDR/Software/SDR_Firmware/CPU_N1_ONECYCLE_RISCV_2020_1_MYIR_BRAM_DP/CPU_V1/vitis/bootloader_RV32I/hw/Sections_wrapper.xsa
TRACE::2026-02-28.23:09:00::SCWPlatform::DSA given /media/steckler/xilinx_linux/SDR_custom/SDR/Software/SDR_Firmware/CPU_N1_ONECYCLE_RISCV_2020_1_MYIR_BRAM_DP/CPU_V1/vitis/bootloader_RV32I/hw/Sections_wrapper.xsa
TRACE::2026-02-28.23:09:00::SCWPlatform::DSA absoulate path /media/steckler/xilinx_linux/SDR_custom/SDR/Software/SDR_Firmware/CPU_N1_ONECYCLE_RISCV_2020_1_MYIR_BRAM_DP/CPU_V1/vitis/bootloader_RV32I/hw/Sections_wrapper.xsa
TRACE::2026-02-28.23:09:00::SCWPlatform::DSA directory /media/steckler/xilinx_linux/SDR_custom/SDR/Software/SDR_Firmware/CPU_N1_ONECYCLE_RISCV_2020_1_MYIR_BRAM_DP/CPU_V1/vitis/bootloader_RV32I/hw
TRACE::2026-02-28.23:09:00::SCWPlatform:: Platform Path /media/steckler/xilinx_linux/SDR_custom/SDR/Software/SDR_Firmware/CPU_N1_ONECYCLE_RISCV_2020_1_MYIR_BRAM_DP/CPU_V1/vitis/bootloader_RV32I/hw/Sections_wrapper.xsa
TRACE::2026-02-28.23:09:00::SCWPlatform:: Unique name xilinx:::0.0
TRACE::2026-02-28.23:09:00::SCWPlatform::Trying to set the existing hwdb with name Sections_wrapper_1
TRACE::2026-02-28.23:09:00::SCWPlatform::Opened existing hwdb Sections_wrapper_1
TRACE::2026-02-28.23:09:00::SCWPlatform::Found the Hw Db part of the input DSA
TRACE::2026-02-28.23:09:00::SCWMssOS::Checking the sw design at  /media/steckler/xilinx_linux/SDR_custom/SDR/Software/SDR_Firmware/CPU_N1_ONECYCLE_RISCV_2020_1_MYIR_BRAM_DP/CPU_V1/vitis/bootloader_RV32I/psu_cortexa53_0/standalone_domain/bsp/system.mss
TRACE::2026-02-28.23:09:00::SCWMssOS::DEBUG:  swdes dump  
TRACE::2026-02-28.23:09:00::SCWMssOS::No sw design opened at  /media/steckler/xilinx_linux/SDR_custom/SDR/Software/SDR_Firmware/CPU_N1_ONECYCLE_RISCV_2020_1_MYIR_BRAM_DP/CPU_V1/vitis/bootloader_RV32I/psu_cortexa53_0/standalone_domain/bsp/system.mss
TRACE::2026-02-28.23:09:00::SCWMssOS::mss exists loading the mss file  /media/steckler/xilinx_linux/SDR_custom/SDR/Software/SDR_Firmware/CPU_N1_ONECYCLE_RISCV_2020_1_MYIR_BRAM_DP/CPU_V1/vitis/bootloader_RV32I/psu_cortexa53_0/standalone_domain/bsp/system.mss
TRACE::2026-02-28.23:09:00::SCWMssOS::Opened the sw design from mss  /media/steckler/xilinx_linux/SDR_custom/SDR/Software/SDR_Firmware/CPU_N1_ONECYCLE_RISCV_2020_1_MYIR_BRAM_DP/CPU_V1/vitis/bootloader_RV32I/psu_cortexa53_0/standalone_domain/bsp/system.mss
TRACE::2026-02-28.23:09:00::SCWMssOS::Adding the swdes entry /media/steckler/xilinx_linux/SDR_custom/SDR/Software/SDR_Firmware/CPU_N1_ONECYCLE_RISCV_2020_1_MYIR_BRAM_DP/CPU_V1/vitis/bootloader_RV32I/psu_cortexa53_0/standalone_domain/bsp/system.mss with des name system
TRACE::2026-02-28.23:09:00::SCWMssOS::updating the scw layer about changes
TRACE::2026-02-28.23:09:00::SCWMssOS::Opened the sw design.  /media/steckler/xilinx_linux/SDR_custom/SDR/Software/SDR_Firmware/CPU_N1_ONECYCLE_RISCV_2020_1_MYIR_BRAM_DP/CPU_V1/vitis/bootloader_RV32I/psu_cortexa53_0/standalone_domain/bsp/system.mss
TRACE::2026-02-28.23:09:00::SCWMssOS::Saving the mss changes /media/steckler/xilinx_linux/SDR_custom/SDR/Software/SDR_Firmware/CPU_N1_ONECYCLE_RISCV_2020_1_MYIR_BRAM_DP/CPU_V1/vitis/bootloader_RV32I/psu_cortexa53_0/standalone_domain/bsp/system.mss
TRACE::2026-02-28.23:09:00::SCWMssOS::Found a swdesign opened with the mssfile.
TRACE::2026-02-28.23:09:00::SCWMssOS::Completed writemss as part of save.
TRACE::2026-02-28.23:09:00::SCWMssOS::Commit changes completed.
TRACE::2026-02-28.23:09:00::SCWReader::Adding prebuilt librarypaths as   
TRACE::2026-02-28.23:09:00::SCWReader::Adding prebuilt incpaths  as   
TRACE::2026-02-28.23:09:00::SCWPlatform::Trying to open the hw design at /media/steckler/xilinx_linux/SDR_custom/SDR/Software/SDR_Firmware/CPU_N1_ONECYCLE_RISCV_2020_1_MYIR_BRAM_DP/CPU_V1/vitis/bootloader_RV32I/hw/Sections_wrapper.xsa
TRACE::2026-02-28.23:09:00::SCWPlatform::DSA given /media/steckler/xilinx_linux/SDR_custom/SDR/Software/SDR_Firmware/CPU_N1_ONECYCLE_RISCV_2020_1_MYIR_BRAM_DP/CPU_V1/vitis/bootloader_RV32I/hw/Sections_wrapper.xsa
TRACE::2026-02-28.23:09:00::SCWPlatform::DSA absoulate path /media/steckler/xilinx_linux/SDR_custom/SDR/Software/SDR_Firmware/CPU_N1_ONECYCLE_RISCV_2020_1_MYIR_BRAM_DP/CPU_V1/vitis/bootloader_RV32I/hw/Sections_wrapper.xsa
TRACE::2026-02-28.23:09:00::SCWPlatform::DSA directory /media/steckler/xilinx_linux/SDR_custom/SDR/Software/SDR_Firmware/CPU_N1_ONECYCLE_RISCV_2020_1_MYIR_BRAM_DP/CPU_V1/vitis/bootloader_RV32I/hw
TRACE::2026-02-28.23:09:00::SCWPlatform:: Platform Path /media/steckler/xilinx_linux/SDR_custom/SDR/Software/SDR_Firmware/CPU_N1_ONECYCLE_RISCV_2020_1_MYIR_BRAM_DP/CPU_V1/vitis/bootloader_RV32I/hw/Sections_wrapper.xsa
TRACE::2026-02-28.23:09:00::SCWPlatform:: Unique name xilinx:::0.0
TRACE::2026-02-28.23:09:00::SCWPlatform::Trying to set the existing hwdb with name Sections_wrapper_1
TRACE::2026-02-28.23:09:00::SCWPlatform::Opened existing hwdb Sections_wrapper_1
TRACE::2026-02-28.23:09:00::SCWPlatform::Found the Hw Db part of the input DSA
TRACE::2026-02-28.23:09:00::SCWMssOS::Checking the sw design at  /media/steckler/xilinx_linux/SDR_custom/SDR/Software/SDR_Firmware/CPU_N1_ONECYCLE_RISCV_2020_1_MYIR_BRAM_DP/CPU_V1/vitis/bootloader_RV32I/psu_cortexa53_0/standalone_domain/bsp/system.mss
TRACE::2026-02-28.23:09:00::SCWMssOS::DEBUG:  swdes dump  /media/steckler/xilinx_linux/SDR_custom/SDR/Software/SDR_Firmware/CPU_N1_ONECYCLE_RISCV_2020_1_MYIR_BRAM_DP/CPU_V1/vitis/bootloader_RV32I/psu_cortexa53_0/standalone_domain/bsp/system.mss|system||

TRACE::2026-02-28.23:09:00::SCWMssOS::Sw design exists and opened at  /media/steckler/xilinx_linux/SDR_custom/SDR/Software/SDR_Firmware/CPU_N1_ONECYCLE_RISCV_2020_1_MYIR_BRAM_DP/CPU_V1/vitis/bootloader_RV32I/psu_cortexa53_0/standalone_domain/bsp/system.mss
TRACE::2026-02-28.23:09:00::SCWReader::No isolation master present  
LOG::2026-02-28.23:09:15::SCWPlatform::Started generating the artifacts platform bootloader_RV32I
TRACE::2026-02-28.23:09:15::SCWPlatform::Sanity checking of platform is completed
LOG::2026-02-28.23:09:15::SCWPlatform::Started generating the artifacts for system configuration bootloader_RV32I
LOG::2026-02-28.23:09:15::SCWSystem::Checking the domain standalone_domain
LOG::2026-02-28.23:09:15::SCWSystem::Not a boot domain 
LOG::2026-02-28.23:09:15::SCWSystem::Started Processing the domain standalone_domain
TRACE::2026-02-28.23:09:15::SCWDomain::Generating domain artifcats
TRACE::2026-02-28.23:09:15::SCWMssOS::Generating standalone artifcats
TRACE::2026-02-28.23:09:15::SCWMssOS::Copying the qemu file from  /media/steckler/xilinx_linux/vitis_2020.1/Vitis/2020.1/data/emulation/platforms/zynqmp/qemu/qemu_args.txt To /media/steckler/xilinx_linux/SDR_custom/SDR/Software/SDR_Firmware/CPU_N1_ONECYCLE_RISCV_2020_1_MYIR_BRAM_DP/CPU_V1/vitis/bootloader_RV32I/export/bootloader_RV32I/sw/bootloader_RV32I/qemu/
TRACE::2026-02-28.23:09:15::SCWMssOS::Copying the qemu file from  /media/steckler/xilinx_linux/vitis_2020.1/Vitis/2020.1/data/emulation/platforms/zynqmp/qemu/qemu_args.txt To /media/steckler/xilinx_linux/SDR_custom/SDR/Software/SDR_Firmware/CPU_N1_ONECYCLE_RISCV_2020_1_MYIR_BRAM_DP/CPU_V1/vitis/bootloader_RV32I/export/bootloader_RV32I/sw/bootloader_RV32I/qemu/
TRACE::2026-02-28.23:09:15::SCWMssOS::Copying the qemu file from  /media/steckler/xilinx_linux/vitis_2020.1/Vitis/2020.1/data/emulation/platforms/zynqmp/qemu/qemu_args.txt To /media/steckler/xilinx_linux/SDR_custom/SDR/Software/SDR_Firmware/CPU_N1_ONECYCLE_RISCV_2020_1_MYIR_BRAM_DP/CPU_V1/vitis/bootloader_RV32I/export/bootloader_RV32I/sw/bootloader_RV32I/standalone_domain/qemu/
TRACE::2026-02-28.23:09:15::SCWMssOS::Copying the qemu file from  /media/steckler/xilinx_linux/vitis_2020.1/Vitis/2020.1/data/emulation/platforms/zynqmp/qemu/qemu_args.txt To /media/steckler/xilinx_linux/SDR_custom/SDR/Software/SDR_Firmware/CPU_N1_ONECYCLE_RISCV_2020_1_MYIR_BRAM_DP/CPU_V1/vitis/bootloader_RV32I/export/bootloader_RV32I/sw/bootloader_RV32I/standalone_domain/qemu/
TRACE::2026-02-28.23:09:15::SCWMssOS:: Copying the user libraries. 
TRACE::2026-02-28.23:09:15::SCWPlatform::Trying to open the hw design at /media/steckler/xilinx_linux/SDR_custom/SDR/Software/SDR_Firmware/CPU_N1_ONECYCLE_RISCV_2020_1_MYIR_BRAM_DP/CPU_V1/vitis/bootloader_RV32I/hw/Sections_wrapper.xsa
TRACE::2026-02-28.23:09:15::SCWPlatform::DSA given /media/steckler/xilinx_linux/SDR_custom/SDR/Software/SDR_Firmware/CPU_N1_ONECYCLE_RISCV_2020_1_MYIR_BRAM_DP/CPU_V1/vitis/bootloader_RV32I/hw/Sections_wrapper.xsa
TRACE::2026-02-28.23:09:15::SCWPlatform::DSA absoulate path /media/steckler/xilinx_linux/SDR_custom/SDR/Software/SDR_Firmware/CPU_N1_ONECYCLE_RISCV_2020_1_MYIR_BRAM_DP/CPU_V1/vitis/bootloader_RV32I/hw/Sections_wrapper.xsa
TRACE::2026-02-28.23:09:15::SCWPlatform::DSA directory /media/steckler/xilinx_linux/SDR_custom/SDR/Software/SDR_Firmware/CPU_N1_ONECYCLE_RISCV_2020_1_MYIR_BRAM_DP/CPU_V1/vitis/bootloader_RV32I/hw
TRACE::2026-02-28.23:09:15::SCWPlatform:: Platform Path /media/steckler/xilinx_linux/SDR_custom/SDR/Software/SDR_Firmware/CPU_N1_ONECYCLE_RISCV_2020_1_MYIR_BRAM_DP/CPU_V1/vitis/bootloader_RV32I/hw/Sections_wrapper.xsa
TRACE::2026-02-28.23:09:15::SCWPlatform:: Unique name xilinx:::0.0
TRACE::2026-02-28.23:09:15::SCWPlatform::Trying to set the existing hwdb with name Sections_wrapper_1
TRACE::2026-02-28.23:09:15::SCWPlatform::Opened existing hwdb Sections_wrapper_1
TRACE::2026-02-28.23:09:15::SCWPlatform::Found the Hw Db part of the input DSA
TRACE::2026-02-28.23:09:15::SCWMssOS::Checking the sw design at  /media/steckler/xilinx_linux/SDR_custom/SDR/Software/SDR_Firmware/CPU_N1_ONECYCLE_RISCV_2020_1_MYIR_BRAM_DP/CPU_V1/vitis/bootloader_RV32I/psu_cortexa53_0/standalone_domain/bsp/system.mss
TRACE::2026-02-28.23:09:15::SCWMssOS::DEBUG:  swdes dump  /media/steckler/xilinx_linux/SDR_custom/SDR/Software/SDR_Firmware/CPU_N1_ONECYCLE_RISCV_2020_1_MYIR_BRAM_DP/CPU_V1/vitis/bootloader_RV32I/psu_cortexa53_0/standalone_domain/bsp/system.mss|system||

TRACE::2026-02-28.23:09:15::SCWMssOS::Sw design exists and opened at  /media/steckler/xilinx_linux/SDR_custom/SDR/Software/SDR_Firmware/CPU_N1_ONECYCLE_RISCV_2020_1_MYIR_BRAM_DP/CPU_V1/vitis/bootloader_RV32I/psu_cortexa53_0/standalone_domain/bsp/system.mss
TRACE::2026-02-28.23:09:15::SCWMssOS::Completed writing the mss file at /media/steckler/xilinx_linux/SDR_custom/SDR/Software/SDR_Firmware/CPU_N1_ONECYCLE_RISCV_2020_1_MYIR_BRAM_DP/CPU_V1/vitis/bootloader_RV32I/psu_cortexa53_0/standalone_domain/bsp
TRACE::2026-02-28.23:09:15::SCWMssOS::Mss edits present, copying mssfile into export location /media/steckler/xilinx_linux/SDR_custom/SDR/Software/SDR_Firmware/CPU_N1_ONECYCLE_RISCV_2020_1_MYIR_BRAM_DP/CPU_V1/vitis/bootloader_RV32I/psu_cortexa53_0/standalone_domain/bsp/system.mss
TRACE::2026-02-28.23:09:15::SCWMssOS::bsp generated is upto date with the mss file. Skipping bsp generation.
TRACE::2026-02-28.23:09:15::SCWMssOS::BSP is already built. skipping the bsp build ... 
TRACE::2026-02-28.23:09:15::SCWDomain::Building the domain as part of full build :  standalone_domain
TRACE::2026-02-28.23:09:15::SCWMssOS::doing bsp build ... 
TRACE::2026-02-28.23:09:15::SCWMssOS::System Command Ran  cd  /media/steckler/xilinx_linux/SDR_custom/SDR/Software/SDR_Firmware/CPU_N1_ONECYCLE_RISCV_2020_1_MYIR_BRAM_DP/CPU_V1/vitis/bootloader_RV32I/psu_cortexa53_0/standalone_domain/bsp ; bash -c "make  " 
TRACE::2026-02-28.23:09:16::SCWMssOS::Running Make include in psu_cortexa53_0/libsrc/ddrcpsu_v1_2/src

TRACE::2026-02-28.23:09:16::SCWMssOS::make -C psu_cortexa53_0/libsrc/ddrcpsu_v1_2/src -s include  "SHELL=/bin/sh" "COMPILER=aarch64-none-elf-gcc" "ASSEMBLER=aarch64-
TRACE::2026-02-28.23:09:16::SCWMssOS::none-elf-as" "ARCHIVER=aarch64-none-elf-ar" "COMPILER_FLAGS=  -O2 -c" "EXTRA_COMPILER_FLAGS=-g -Wall -Wextra"

TRACE::2026-02-28.23:09:16::SCWMssOS::Running Make include in psu_cortexa53_0/libsrc/standalone_v7_2/src

TRACE::2026-02-28.23:09:16::SCWMssOS::make -C psu_cortexa53_0/libsrc/standalone_v7_2/src -s include  "SHELL=/bin/sh" "COMPILER=aarch64-none-elf-gcc" "ASSEMBLER=aarch
TRACE::2026-02-28.23:09:16::SCWMssOS::64-none-elf-as" "ARCHIVER=aarch64-none-elf-ar" "COMPILER_FLAGS=  -O2 -c" "EXTRA_COMPILER_FLAGS=-g -Wall -Wextra"

TRACE::2026-02-28.23:09:16::SCWMssOS::Running Make include in psu_cortexa53_0/libsrc/iicps_v3_11/src

TRACE::2026-02-28.23:09:16::SCWMssOS::make -C psu_cortexa53_0/libsrc/iicps_v3_11/src -s include  "SHELL=/bin/sh" "COMPILER=aarch64-none-elf-gcc" "ASSEMBLER=aarch64-n
TRACE::2026-02-28.23:09:16::SCWMssOS::one-elf-as" "ARCHIVER=aarch64-none-elf-ar" "COMPILER_FLAGS=  -O2 -c" "EXTRA_COMPILER_FLAGS=-g -Wall -Wextra"

TRACE::2026-02-28.23:09:16::SCWMssOS::Running Make include in psu_cortexa53_0/libsrc/rtcpsu_v1_9/src

TRACE::2026-02-28.23:09:16::SCWMssOS::make -C psu_cortexa53_0/libsrc/rtcpsu_v1_9/src -s include  "SHELL=/bin/sh" "COMPILER=aarch64-none-elf-gcc" "ASSEMBLER=aarch64-n
TRACE::2026-02-28.23:09:16::SCWMssOS::one-elf-as" "ARCHIVER=aarch64-none-elf-ar" "COMPILER_FLAGS=  -O2 -c" "EXTRA_COMPILER_FLAGS=-g -Wall -Wextra"

TRACE::2026-02-28.23:09:16::SCWMssOS::Running Make include in psu_cortexa53_0/libsrc/resetps_v1_3/src

TRACE::2026-02-28.23:09:16::SCWMssOS::make -C psu_cortexa53_0/libsrc/resetps_v1_3/src -s include  "SHELL=/bin/sh" "COMPILER=aarch64-none-elf-gcc" "ASSEMBLER=aarch64-
TRACE::2026-02-28.23:09:16::SCWMssOS::none-elf-as" "ARCHIVER=aarch64-none-elf-ar" "COMPILER_FLAGS=  -O2 -c" "EXTRA_COMPILER_FLAGS=-g -Wall -Wextra"

TRACE::2026-02-28.23:09:16::SCWMssOS::Running Make include in psu_cortexa53_0/libsrc/video_common_v4_9/src

TRACE::2026-02-28.23:09:16::SCWMssOS::make -C psu_cortexa53_0/libsrc/video_common_v4_9/src -s include  "SHELL=/bin/sh" "COMPILER=aarch64-none-elf-gcc" "ASSEMBLER=aar
TRACE::2026-02-28.23:09:16::SCWMssOS::ch64-none-elf-as" "ARCHIVER=aarch64-none-elf-ar" "COMPILER_FLAGS=  -O2 -c" "EXTRA_COMPILER_FLAGS=-g -Wall -Wextra"

TRACE::2026-02-28.23:09:16::SCWMssOS::Running Make include in psu_cortexa53_0/libsrc/zdma_v1_9/src

TRACE::2026-02-28.23:09:16::SCWMssOS::make -C psu_cortexa53_0/libsrc/zdma_v1_9/src -s include  "SHELL=/bin/sh" "COMPILER=aarch64-none-elf-gcc" "ASSEMBLER=aarch64-non
TRACE::2026-02-28.23:09:16::SCWMssOS::e-elf-as" "ARCHIVER=aarch64-none-elf-ar" "COMPILER_FLAGS=  -O2 -c" "EXTRA_COMPILER_FLAGS=-g -Wall -Wextra"

TRACE::2026-02-28.23:09:16::SCWMssOS::Running Make include in psu_cortexa53_0/libsrc/avbuf_v2_3/src

TRACE::2026-02-28.23:09:16::SCWMssOS::make -C psu_cortexa53_0/libsrc/avbuf_v2_3/src -s include  "SHELL=/bin/sh" "COMPILER=aarch64-none-elf-gcc" "ASSEMBLER=aarch64-no
TRACE::2026-02-28.23:09:16::SCWMssOS::ne-elf-as" "ARCHIVER=aarch64-none-elf-ar" "COMPILER_FLAGS=  -O2 -c" "EXTRA_COMPILER_FLAGS=-g -Wall -Wextra"

TRACE::2026-02-28.23:09:16::SCWMssOS::Running Make include in psu_cortexa53_0/libsrc/gpiops_v3_7/src

TRACE::2026-02-28.23:09:16::SCWMssOS::make -C psu_cortexa53_0/libsrc/gpiops_v3_7/src -s include  "SHELL=/bin/sh" "COMPILER=aarch64-none-elf-gcc" "ASSEMBLER=aarch64-n
TRACE::2026-02-28.23:09:16::SCWMssOS::one-elf-as" "ARCHIVER=aarch64-none-elf-ar" "COMPILER_FLAGS=  -O2 -c" "EXTRA_COMPILER_FLAGS=-g -Wall -Wextra"

TRACE::2026-02-28.23:09:16::SCWMssOS::Running Make include in psu_cortexa53_0/libsrc/cpu_cortexa53_v1_7/src

TRACE::2026-02-28.23:09:16::SCWMssOS::make -C psu_cortexa53_0/libsrc/cpu_cortexa53_v1_7/src -s include  "SHELL=/bin/sh" "COMPILER=aarch64-none-elf-gcc" "ASSEMBLER=aa
TRACE::2026-02-28.23:09:16::SCWMssOS::rch64-none-elf-as" "ARCHIVER=aarch64-none-elf-ar" "COMPILER_FLAGS=  -O2 -c" "EXTRA_COMPILER_FLAGS=-g -Wall -Wextra"

TRACE::2026-02-28.23:09:16::SCWMssOS::Running Make include in psu_cortexa53_0/libsrc/canps_v3_4/src

TRACE::2026-02-28.23:09:16::SCWMssOS::make -C psu_cortexa53_0/libsrc/canps_v3_4/src -s include  "SHELL=/bin/sh" "COMPILER=aarch64-none-elf-gcc" "ASSEMBLER=aarch64-no
TRACE::2026-02-28.23:09:16::SCWMssOS::ne-elf-as" "ARCHIVER=aarch64-none-elf-ar" "COMPILER_FLAGS=  -O2 -c" "EXTRA_COMPILER_FLAGS=-g -Wall -Wextra"

TRACE::2026-02-28.23:09:16::SCWMssOS::Running Make include in psu_cortexa53_0/libsrc/csudma_v1_6/src

TRACE::2026-02-28.23:09:16::SCWMssOS::make -C psu_cortexa53_0/libsrc/csudma_v1_6/src -s include  "SHELL=/bin/sh" "COMPILER=aarch64-none-elf-gcc" "ASSEMBLER=aarch64-n
TRACE::2026-02-28.23:09:16::SCWMssOS::one-elf-as" "ARCHIVER=aarch64-none-elf-ar" "COMPILER_FLAGS=  -O2 -c" "EXTRA_COMPILER_FLAGS=-g -Wall -Wextra"

TRACE::2026-02-28.23:09:16::SCWMssOS::Running Make include in psu_cortexa53_0/libsrc/qspipsu_v1_11/src

TRACE::2026-02-28.23:09:16::SCWMssOS::make -C psu_cortexa53_0/libsrc/qspipsu_v1_11/src -s include  "SHELL=/bin/sh" "COMPILER=aarch64-none-elf-gcc" "ASSEMBLER=aarch64
TRACE::2026-02-28.23:09:16::SCWMssOS::-none-elf-as" "ARCHIVER=aarch64-none-elf-ar" "COMPILER_FLAGS=  -O2 -c" "EXTRA_COMPILER_FLAGS=-g -Wall -Wextra"

TRACE::2026-02-28.23:09:16::SCWMssOS::Running Make include in psu_cortexa53_0/libsrc/ipipsu_v2_6/src

TRACE::2026-02-28.23:09:16::SCWMssOS::make -C psu_cortexa53_0/libsrc/ipipsu_v2_6/src -s include  "SHELL=/bin/sh" "COMPILER=aarch64-none-elf-gcc" "ASSEMBLER=aarch64-n
TRACE::2026-02-28.23:09:16::SCWMssOS::one-elf-as" "ARCHIVER=aarch64-none-elf-ar" "COMPILER_FLAGS=  -O2 -c" "EXTRA_COMPILER_FLAGS=-g -Wall -Wextra"

TRACE::2026-02-28.23:09:16::SCWMssOS::Running Make include in psu_cortexa53_0/libsrc/wdtps_v3_3/src

TRACE::2026-02-28.23:09:16::SCWMssOS::make -C psu_cortexa53_0/libsrc/wdtps_v3_3/src -s include  "SHELL=/bin/sh" "COMPILER=aarch64-none-elf-gcc" "ASSEMBLER=aarch64-no
TRACE::2026-02-28.23:09:16::SCWMssOS::ne-elf-as" "ARCHIVER=aarch64-none-elf-ar" "COMPILER_FLAGS=  -O2 -c" "EXTRA_COMPILER_FLAGS=-g -Wall -Wextra"

TRACE::2026-02-28.23:09:16::SCWMssOS::Running Make include in psu_cortexa53_0/libsrc/clockps_v1_2/src

TRACE::2026-02-28.23:09:16::SCWMssOS::make -C psu_cortexa53_0/libsrc/clockps_v1_2/src -s include  "SHELL=/bin/sh" "COMPILER=aarch64-none-elf-gcc" "ASSEMBLER=aarch64-
TRACE::2026-02-28.23:09:16::SCWMssOS::none-elf-as" "ARCHIVER=aarch64-none-elf-ar" "COMPILER_FLAGS=  -O2 -c" "EXTRA_COMPILER_FLAGS=-g -Wall -Wextra"

TRACE::2026-02-28.23:09:16::SCWMssOS::Running Make include in psu_cortexa53_0/libsrc/sdps_v3_9/src

TRACE::2026-02-28.23:09:16::SCWMssOS::make -C psu_cortexa53_0/libsrc/sdps_v3_9/src -s include  "SHELL=/bin/sh" "COMPILER=aarch64-none-elf-gcc" "ASSEMBLER=aarch64-non
TRACE::2026-02-28.23:09:16::SCWMssOS::e-elf-as" "ARCHIVER=aarch64-none-elf-ar" "COMPILER_FLAGS=  -O2 -c" "EXTRA_COMPILER_FLAGS=-g -Wall -Wextra"

TRACE::2026-02-28.23:09:16::SCWMssOS::Running Make include in psu_cortexa53_0/libsrc/axipmon_v6_8/src

TRACE::2026-02-28.23:09:16::SCWMssOS::make -C psu_cortexa53_0/libsrc/axipmon_v6_8/src -s include  "SHELL=/bin/sh" "COMPILER=aarch64-none-elf-gcc" "ASSEMBLER=aarch64-
TRACE::2026-02-28.23:09:16::SCWMssOS::none-elf-as" "ARCHIVER=aarch64-none-elf-ar" "COMPILER_FLAGS=  -O2 -c" "EXTRA_COMPILER_FLAGS=-g -Wall -Wextra"

TRACE::2026-02-28.23:09:16::SCWMssOS::Running Make include in psu_cortexa53_0/libsrc/bram_v4_4/src

TRACE::2026-02-28.23:09:16::SCWMssOS::make -C psu_cortexa53_0/libsrc/bram_v4_4/src -s include  "SHELL=/bin/sh" "COMPILER=aarch64-none-elf-gcc" "ASSEMBLER=aarch64-non
TRACE::2026-02-28.23:09:16::SCWMssOS::e-elf-as" "ARCHIVER=aarch64-none-elf-ar" "COMPILER_FLAGS=  -O2 -c" "EXTRA_COMPILER_FLAGS=-g -Wall -Wextra"

TRACE::2026-02-28.23:09:16::SCWMssOS::Running Make include in psu_cortexa53_0/libsrc/uartps_v3_9/src

TRACE::2026-02-28.23:09:16::SCWMssOS::make -C psu_cortexa53_0/libsrc/uartps_v3_9/src -s include  "SHELL=/bin/sh" "COMPILER=aarch64-none-elf-gcc" "ASSEMBLER=aarch64-n
TRACE::2026-02-28.23:09:16::SCWMssOS::one-elf-as" "ARCHIVER=aarch64-none-elf-ar" "COMPILER_FLAGS=  -O2 -c" "EXTRA_COMPILER_FLAGS=-g -Wall -Wextra"

TRACE::2026-02-28.23:09:16::SCWMssOS::Running Make include in psu_cortexa53_0/libsrc/sysmonpsu_v2_6/src

TRACE::2026-02-28.23:09:16::SCWMssOS::make -C psu_cortexa53_0/libsrc/sysmonpsu_v2_6/src -s include  "SHELL=/bin/sh" "COMPILER=aarch64-none-elf-gcc" "ASSEMBLER=aarch6
TRACE::2026-02-28.23:09:16::SCWMssOS::4-none-elf-as" "ARCHIVER=aarch64-none-elf-ar" "COMPILER_FLAGS=  -O2 -c" "EXTRA_COMPILER_FLAGS=-g -Wall -Wextra"

TRACE::2026-02-28.23:09:16::SCWMssOS::Running Make include in psu_cortexa53_0/libsrc/coresightps_dcc_v1_7/src

TRACE::2026-02-28.23:09:16::SCWMssOS::make -C psu_cortexa53_0/libsrc/coresightps_dcc_v1_7/src -s include  "SHELL=/bin/sh" "COMPILER=aarch64-none-elf-gcc" "ASSEMBLER=
TRACE::2026-02-28.23:09:16::SCWMssOS::aarch64-none-elf-as" "ARCHIVER=aarch64-none-elf-ar" "COMPILER_FLAGS=  -O2 -c" "EXTRA_COMPILER_FLAGS=-g -Wall -Wextra"

TRACE::2026-02-28.23:09:16::SCWMssOS::Running Make include in psu_cortexa53_0/libsrc/usbpsu_v1_7/src

TRACE::2026-02-28.23:09:16::SCWMssOS::make -C psu_cortexa53_0/libsrc/usbpsu_v1_7/src -s include  "SHELL=/bin/sh" "COMPILER=aarch64-none-elf-gcc" "ASSEMBLER=aarch64-n
TRACE::2026-02-28.23:09:16::SCWMssOS::one-elf-as" "ARCHIVER=aarch64-none-elf-ar" "COMPILER_FLAGS=  -O2 -c" "EXTRA_COMPILER_FLAGS=-g -Wall -Wextra"

TRACE::2026-02-28.23:09:16::SCWMssOS::Running Make include in psu_cortexa53_0/libsrc/dpdma_v1_2/src

TRACE::2026-02-28.23:09:16::SCWMssOS::make -C psu_cortexa53_0/libsrc/dpdma_v1_2/src -s include  "SHELL=/bin/sh" "COMPILER=aarch64-none-elf-gcc" "ASSEMBLER=aarch64-no
TRACE::2026-02-28.23:09:16::SCWMssOS::ne-elf-as" "ARCHIVER=aarch64-none-elf-ar" "COMPILER_FLAGS=  -O2 -c" "EXTRA_COMPILER_FLAGS=-g -Wall -Wextra"

TRACE::2026-02-28.23:09:16::SCWMssOS::Running Make include in psu_cortexa53_0/libsrc/scugic_v4_2/src

TRACE::2026-02-28.23:09:16::SCWMssOS::make -C psu_cortexa53_0/libsrc/scugic_v4_2/src -s include  "SHELL=/bin/sh" "COMPILER=aarch64-none-elf-gcc" "ASSEMBLER=aarch64-n
TRACE::2026-02-28.23:09:16::SCWMssOS::one-elf-as" "ARCHIVER=aarch64-none-elf-ar" "COMPILER_FLAGS=  -O2 -c" "EXTRA_COMPILER_FLAGS=-g -Wall -Wextra"

TRACE::2026-02-28.23:09:16::SCWMssOS::Running Make include in psu_cortexa53_0/libsrc/emacps_v3_11/src

TRACE::2026-02-28.23:09:16::SCWMssOS::make -C psu_cortexa53_0/libsrc/emacps_v3_11/src -s include  "SHELL=/bin/sh" "COMPILER=aarch64-none-elf-gcc" "ASSEMBLER=aarch64-
TRACE::2026-02-28.23:09:16::SCWMssOS::none-elf-as" "ARCHIVER=aarch64-none-elf-ar" "COMPILER_FLAGS=  -O2 -c" "EXTRA_COMPILER_FLAGS=-g -Wall -Wextra"

TRACE::2026-02-28.23:09:16::SCWMssOS::Running Make include in psu_cortexa53_0/libsrc/ttcps_v3_11/src

TRACE::2026-02-28.23:09:16::SCWMssOS::make -C psu_cortexa53_0/libsrc/ttcps_v3_11/src -s include  "SHELL=/bin/sh" "COMPILER=aarch64-none-elf-gcc" "ASSEMBLER=aarch64-n
TRACE::2026-02-28.23:09:16::SCWMssOS::one-elf-as" "ARCHIVER=aarch64-none-elf-ar" "COMPILER_FLAGS=  -O2 -c" "EXTRA_COMPILER_FLAGS=-g -Wall -Wextra"

TRACE::2026-02-28.23:09:16::SCWMssOS::Running Make libs in psu_cortexa53_0/libsrc/ddrcpsu_v1_2/src

TRACE::2026-02-28.23:09:16::SCWMssOS::make -C psu_cortexa53_0/libsrc/ddrcpsu_v1_2/src -s libs  "SHELL=/bin/sh" "COMPILER=aarch64-none-elf-gcc" "ASSEMBLER=aarch64-non
TRACE::2026-02-28.23:09:16::SCWMssOS::e-elf-as" "ARCHIVER=aarch64-none-elf-ar" "COMPILER_FLAGS=  -O2 -c" "EXTRA_COMPILER_FLAGS=-g -Wall -Wextra"

TRACE::2026-02-28.23:09:16::SCWMssOS::Compiling ddrcpsu

TRACE::2026-02-28.23:09:16::SCWMssOS::Running Make libs in psu_cortexa53_0/libsrc/standalone_v7_2/src

TRACE::2026-02-28.23:09:16::SCWMssOS::make -C psu_cortexa53_0/libsrc/standalone_v7_2/src -s libs  "SHELL=/bin/sh" "COMPILER=aarch64-none-elf-gcc" "ASSEMBLER=aarch64-
TRACE::2026-02-28.23:09:16::SCWMssOS::none-elf-as" "ARCHIVER=aarch64-none-elf-ar" "COMPILER_FLAGS=  -O2 -c" "EXTRA_COMPILER_FLAGS=-g -Wall -Wextra"

TRACE::2026-02-28.23:09:16::SCWMssOS::Compiling standalone ARMv8 64 bit

TRACE::2026-02-28.23:09:19::SCWMssOS::Running Make libs in psu_cortexa53_0/libsrc/iicps_v3_11/src

TRACE::2026-02-28.23:09:19::SCWMssOS::make -C psu_cortexa53_0/libsrc/iicps_v3_11/src -s libs  "SHELL=/bin/sh" "COMPILER=aarch64-none-elf-gcc" "ASSEMBLER=aarch64-none
TRACE::2026-02-28.23:09:19::SCWMssOS::-elf-as" "ARCHIVER=aarch64-none-elf-ar" "COMPILER_FLAGS=  -O2 -c" "EXTRA_COMPILER_FLAGS=-g -Wall -Wextra"

TRACE::2026-02-28.23:09:19::SCWMssOS::Compiling iicps

TRACE::2026-02-28.23:09:20::SCWMssOS::Running Make libs in psu_cortexa53_0/libsrc/rtcpsu_v1_9/src

TRACE::2026-02-28.23:09:20::SCWMssOS::make -C psu_cortexa53_0/libsrc/rtcpsu_v1_9/src -s libs  "SHELL=/bin/sh" "COMPILER=aarch64-none-elf-gcc" "ASSEMBLER=aarch64-none
TRACE::2026-02-28.23:09:20::SCWMssOS::-elf-as" "ARCHIVER=aarch64-none-elf-ar" "COMPILER_FLAGS=  -O2 -c" "EXTRA_COMPILER_FLAGS=-g -Wall -Wextra"

TRACE::2026-02-28.23:09:20::SCWMssOS::Compiling rtcpsu

TRACE::2026-02-28.23:09:21::SCWMssOS::Running Make libs in psu_cortexa53_0/libsrc/resetps_v1_3/src

TRACE::2026-02-28.23:09:21::SCWMssOS::make -C psu_cortexa53_0/libsrc/resetps_v1_3/src -s libs  "SHELL=/bin/sh" "COMPILER=aarch64-none-elf-gcc" "ASSEMBLER=aarch64-non
TRACE::2026-02-28.23:09:21::SCWMssOS::e-elf-as" "ARCHIVER=aarch64-none-elf-ar" "COMPILER_FLAGS=  -O2 -c" "EXTRA_COMPILER_FLAGS=-g -Wall -Wextra"

TRACE::2026-02-28.23:09:21::SCWMssOS::Compiling resetps

TRACE::2026-02-28.23:09:21::SCWMssOS::Running Make libs in psu_cortexa53_0/libsrc/video_common_v4_9/src

TRACE::2026-02-28.23:09:21::SCWMssOS::make -C psu_cortexa53_0/libsrc/video_common_v4_9/src -s libs  "SHELL=/bin/sh" "COMPILER=aarch64-none-elf-gcc" "ASSEMBLER=aarch6
TRACE::2026-02-28.23:09:21::SCWMssOS::4-none-elf-as" "ARCHIVER=aarch64-none-elf-ar" "COMPILER_FLAGS=  -O2 -c" "EXTRA_COMPILER_FLAGS=-g -Wall -Wextra"

TRACE::2026-02-28.23:09:21::SCWMssOS::Compiling video_common

TRACE::2026-02-28.23:09:22::SCWMssOS::Running Make libs in psu_cortexa53_0/libsrc/zdma_v1_9/src

TRACE::2026-02-28.23:09:22::SCWMssOS::make -C psu_cortexa53_0/libsrc/zdma_v1_9/src -s libs  "SHELL=/bin/sh" "COMPILER=aarch64-none-elf-gcc" "ASSEMBLER=aarch64-none-e
TRACE::2026-02-28.23:09:22::SCWMssOS::lf-as" "ARCHIVER=aarch64-none-elf-ar" "COMPILER_FLAGS=  -O2 -c" "EXTRA_COMPILER_FLAGS=-g -Wall -Wextra"

TRACE::2026-02-28.23:09:22::SCWMssOS::Compiling zdma

TRACE::2026-02-28.23:09:22::SCWMssOS::Running Make libs in psu_cortexa53_0/libsrc/avbuf_v2_3/src

TRACE::2026-02-28.23:09:22::SCWMssOS::make -C psu_cortexa53_0/libsrc/avbuf_v2_3/src -s libs  "SHELL=/bin/sh" "COMPILER=aarch64-none-elf-gcc" "ASSEMBLER=aarch64-none-
TRACE::2026-02-28.23:09:22::SCWMssOS::elf-as" "ARCHIVER=aarch64-none-elf-ar" "COMPILER_FLAGS=  -O2 -c" "EXTRA_COMPILER_FLAGS=-g -Wall -Wextra"

TRACE::2026-02-28.23:09:22::SCWMssOS::Compiling avbuf

TRACE::2026-02-28.23:09:23::SCWMssOS::Running Make libs in psu_cortexa53_0/libsrc/gpiops_v3_7/src

TRACE::2026-02-28.23:09:23::SCWMssOS::make -C psu_cortexa53_0/libsrc/gpiops_v3_7/src -s libs  "SHELL=/bin/sh" "COMPILER=aarch64-none-elf-gcc" "ASSEMBLER=aarch64-none
TRACE::2026-02-28.23:09:23::SCWMssOS::-elf-as" "ARCHIVER=aarch64-none-elf-ar" "COMPILER_FLAGS=  -O2 -c" "EXTRA_COMPILER_FLAGS=-g -Wall -Wextra"

TRACE::2026-02-28.23:09:23::SCWMssOS::Compiling gpiops

TRACE::2026-02-28.23:09:24::SCWMssOS::Running Make libs in psu_cortexa53_0/libsrc/cpu_cortexa53_v1_7/src

TRACE::2026-02-28.23:09:24::SCWMssOS::make -C psu_cortexa53_0/libsrc/cpu_cortexa53_v1_7/src -s libs  "SHELL=/bin/sh" "COMPILER=aarch64-none-elf-gcc" "ASSEMBLER=aarch
TRACE::2026-02-28.23:09:24::SCWMssOS::64-none-elf-as" "ARCHIVER=aarch64-none-elf-ar" "COMPILER_FLAGS=  -O2 -c" "EXTRA_COMPILER_FLAGS=-g -Wall -Wextra"

TRACE::2026-02-28.23:09:24::SCWMssOS::Compiling cpu_cortexa53

TRACE::2026-02-28.23:09:24::SCWMssOS::Running Make libs in psu_cortexa53_0/libsrc/canps_v3_4/src

TRACE::2026-02-28.23:09:24::SCWMssOS::make -C psu_cortexa53_0/libsrc/canps_v3_4/src -s libs  "SHELL=/bin/sh" "COMPILER=aarch64-none-elf-gcc" "ASSEMBLER=aarch64-none-
TRACE::2026-02-28.23:09:24::SCWMssOS::elf-as" "ARCHIVER=aarch64-none-elf-ar" "COMPILER_FLAGS=  -O2 -c" "EXTRA_COMPILER_FLAGS=-g -Wall -Wextra"

TRACE::2026-02-28.23:09:24::SCWMssOS::Compiling canps

TRACE::2026-02-28.23:09:24::SCWMssOS::Running Make libs in psu_cortexa53_0/libsrc/csudma_v1_6/src

TRACE::2026-02-28.23:09:24::SCWMssOS::make -C psu_cortexa53_0/libsrc/csudma_v1_6/src -s libs  "SHELL=/bin/sh" "COMPILER=aarch64-none-elf-gcc" "ASSEMBLER=aarch64-none
TRACE::2026-02-28.23:09:24::SCWMssOS::-elf-as" "ARCHIVER=aarch64-none-elf-ar" "COMPILER_FLAGS=  -O2 -c" "EXTRA_COMPILER_FLAGS=-g -Wall -Wextra"

TRACE::2026-02-28.23:09:24::SCWMssOS::Compiling csudma

TRACE::2026-02-28.23:09:25::SCWMssOS::Running Make libs in psu_cortexa53_0/libsrc/qspipsu_v1_11/src

TRACE::2026-02-28.23:09:25::SCWMssOS::make -C psu_cortexa53_0/libsrc/qspipsu_v1_11/src -s libs  "SHELL=/bin/sh" "COMPILER=aarch64-none-elf-gcc" "ASSEMBLER=aarch64-no
TRACE::2026-02-28.23:09:25::SCWMssOS::ne-elf-as" "ARCHIVER=aarch64-none-elf-ar" "COMPILER_FLAGS=  -O2 -c" "EXTRA_COMPILER_FLAGS=-g -Wall -Wextra"

TRACE::2026-02-28.23:09:25::SCWMssOS::Compiling qspipsu

TRACE::2026-02-28.23:09:26::SCWMssOS::Running Make libs in psu_cortexa53_0/libsrc/ipipsu_v2_6/src

TRACE::2026-02-28.23:09:26::SCWMssOS::make -C psu_cortexa53_0/libsrc/ipipsu_v2_6/src -s libs  "SHELL=/bin/sh" "COMPILER=aarch64-none-elf-gcc" "ASSEMBLER=aarch64-none
TRACE::2026-02-28.23:09:26::SCWMssOS::-elf-as" "ARCHIVER=aarch64-none-elf-ar" "COMPILER_FLAGS=  -O2 -c" "EXTRA_COMPILER_FLAGS=-g -Wall -Wextra"

TRACE::2026-02-28.23:09:26::SCWMssOS::Compiling ipipsu

TRACE::2026-02-28.23:09:26::SCWMssOS::Running Make libs in psu_cortexa53_0/libsrc/wdtps_v3_3/src

TRACE::2026-02-28.23:09:26::SCWMssOS::make -C psu_cortexa53_0/libsrc/wdtps_v3_3/src -s libs  "SHELL=/bin/sh" "COMPILER=aarch64-none-elf-gcc" "ASSEMBLER=aarch64-none-
TRACE::2026-02-28.23:09:26::SCWMssOS::elf-as" "ARCHIVER=aarch64-none-elf-ar" "COMPILER_FLAGS=  -O2 -c" "EXTRA_COMPILER_FLAGS=-g -Wall -Wextra"

TRACE::2026-02-28.23:09:26::SCWMssOS::Compiling wdtps

TRACE::2026-02-28.23:09:27::SCWMssOS::Running Make libs in psu_cortexa53_0/libsrc/clockps_v1_2/src

TRACE::2026-02-28.23:09:27::SCWMssOS::make -C psu_cortexa53_0/libsrc/clockps_v1_2/src -s libs  "SHELL=/bin/sh" "COMPILER=aarch64-none-elf-gcc" "ASSEMBLER=aarch64-non
TRACE::2026-02-28.23:09:27::SCWMssOS::e-elf-as" "ARCHIVER=aarch64-none-elf-ar" "COMPILER_FLAGS=  -O2 -c" "EXTRA_COMPILER_FLAGS=-g -Wall -Wextra"

TRACE::2026-02-28.23:09:27::SCWMssOS::Compiling clockps

TRACE::2026-02-28.23:09:28::SCWMssOS::Running Make libs in psu_cortexa53_0/libsrc/sdps_v3_9/src

TRACE::2026-02-28.23:09:28::SCWMssOS::make -C psu_cortexa53_0/libsrc/sdps_v3_9/src -s libs  "SHELL=/bin/sh" "COMPILER=aarch64-none-elf-gcc" "ASSEMBLER=aarch64-none-e
TRACE::2026-02-28.23:09:28::SCWMssOS::lf-as" "ARCHIVER=aarch64-none-elf-ar" "COMPILER_FLAGS=  -O2 -c" "EXTRA_COMPILER_FLAGS=-g -Wall -Wextra"

TRACE::2026-02-28.23:09:28::SCWMssOS::Compiling sdps

TRACE::2026-02-28.23:09:29::SCWMssOS::Running Make libs in psu_cortexa53_0/libsrc/axipmon_v6_8/src

TRACE::2026-02-28.23:09:29::SCWMssOS::make -C psu_cortexa53_0/libsrc/axipmon_v6_8/src -s libs  "SHELL=/bin/sh" "COMPILER=aarch64-none-elf-gcc" "ASSEMBLER=aarch64-non
TRACE::2026-02-28.23:09:29::SCWMssOS::e-elf-as" "ARCHIVER=aarch64-none-elf-ar" "COMPILER_FLAGS=  -O2 -c" "EXTRA_COMPILER_FLAGS=-g -Wall -Wextra"

TRACE::2026-02-28.23:09:29::SCWMssOS::Compiling axipmon

TRACE::2026-02-28.23:09:29::SCWMssOS::Running Make libs in psu_cortexa53_0/libsrc/bram_v4_4/src

TRACE::2026-02-28.23:09:29::SCWMssOS::make -C psu_cortexa53_0/libsrc/bram_v4_4/src -s libs  "SHELL=/bin/sh" "COMPILER=aarch64-none-elf-gcc" "ASSEMBLER=aarch64-none-e
TRACE::2026-02-28.23:09:29::SCWMssOS::lf-as" "ARCHIVER=aarch64-none-elf-ar" "COMPILER_FLAGS=  -O2 -c" "EXTRA_COMPILER_FLAGS=-g -Wall -Wextra"

TRACE::2026-02-28.23:09:29::SCWMssOS::Compiling bram

TRACE::2026-02-28.23:09:30::SCWMssOS::Running Make libs in psu_cortexa53_0/libsrc/uartps_v3_9/src

TRACE::2026-02-28.23:09:30::SCWMssOS::make -C psu_cortexa53_0/libsrc/uartps_v3_9/src -s libs  "SHELL=/bin/sh" "COMPILER=aarch64-none-elf-gcc" "ASSEMBLER=aarch64-none
TRACE::2026-02-28.23:09:30::SCWMssOS::-elf-as" "ARCHIVER=aarch64-none-elf-ar" "COMPILER_FLAGS=  -O2 -c" "EXTRA_COMPILER_FLAGS=-g -Wall -Wextra"

TRACE::2026-02-28.23:09:30::SCWMssOS::Compiling uartps

TRACE::2026-02-28.23:09:31::SCWMssOS::Running Make libs in psu_cortexa53_0/libsrc/sysmonpsu_v2_6/src

TRACE::2026-02-28.23:09:31::SCWMssOS::make -C psu_cortexa53_0/libsrc/sysmonpsu_v2_6/src -s libs  "SHELL=/bin/sh" "COMPILER=aarch64-none-elf-gcc" "ASSEMBLER=aarch64-n
TRACE::2026-02-28.23:09:31::SCWMssOS::one-elf-as" "ARCHIVER=aarch64-none-elf-ar" "COMPILER_FLAGS=  -O2 -c" "EXTRA_COMPILER_FLAGS=-g -Wall -Wextra"

TRACE::2026-02-28.23:09:31::SCWMssOS::Compiling sysmonpsu

TRACE::2026-02-28.23:09:31::SCWMssOS::Running Make libs in psu_cortexa53_0/libsrc/coresightps_dcc_v1_7/src

TRACE::2026-02-28.23:09:31::SCWMssOS::make -C psu_cortexa53_0/libsrc/coresightps_dcc_v1_7/src -s libs  "SHELL=/bin/sh" "COMPILER=aarch64-none-elf-gcc" "ASSEMBLER=aar
TRACE::2026-02-28.23:09:31::SCWMssOS::ch64-none-elf-as" "ARCHIVER=aarch64-none-elf-ar" "COMPILER_FLAGS=  -O2 -c" "EXTRA_COMPILER_FLAGS=-g -Wall -Wextra"

TRACE::2026-02-28.23:09:31::SCWMssOS::Compiling coresightps_dcc

TRACE::2026-02-28.23:09:32::SCWMssOS::Running Make libs in psu_cortexa53_0/libsrc/usbpsu_v1_7/src

TRACE::2026-02-28.23:09:32::SCWMssOS::make -C psu_cortexa53_0/libsrc/usbpsu_v1_7/src -s libs  "SHELL=/bin/sh" "COMPILER=aarch64-none-elf-gcc" "ASSEMBLER=aarch64-none
TRACE::2026-02-28.23:09:32::SCWMssOS::-elf-as" "ARCHIVER=aarch64-none-elf-ar" "COMPILER_FLAGS=  -O2 -c" "EXTRA_COMPILER_FLAGS=-g -Wall -Wextra"

TRACE::2026-02-28.23:09:32::SCWMssOS::Compiling usbpsu

TRACE::2026-02-28.23:09:33::SCWMssOS::Running Make libs in psu_cortexa53_0/libsrc/dpdma_v1_2/src

TRACE::2026-02-28.23:09:33::SCWMssOS::make -C psu_cortexa53_0/libsrc/dpdma_v1_2/src -s libs  "SHELL=/bin/sh" "COMPILER=aarch64-none-elf-gcc" "ASSEMBLER=aarch64-none-
TRACE::2026-02-28.23:09:33::SCWMssOS::elf-as" "ARCHIVER=aarch64-none-elf-ar" "COMPILER_FLAGS=  -O2 -c" "EXTRA_COMPILER_FLAGS=-g -Wall -Wextra"

TRACE::2026-02-28.23:09:33::SCWMssOS::Compiling dpdma

TRACE::2026-02-28.23:09:34::SCWMssOS::Running Make libs in psu_cortexa53_0/libsrc/scugic_v4_2/src

TRACE::2026-02-28.23:09:34::SCWMssOS::make -C psu_cortexa53_0/libsrc/scugic_v4_2/src -s libs  "SHELL=/bin/sh" "COMPILER=aarch64-none-elf-gcc" "ASSEMBLER=aarch64-none
TRACE::2026-02-28.23:09:34::SCWMssOS::-elf-as" "ARCHIVER=aarch64-none-elf-ar" "COMPILER_FLAGS=  -O2 -c" "EXTRA_COMPILER_FLAGS=-g -Wall -Wextra"

TRACE::2026-02-28.23:09:34::SCWMssOS::Compiling scugic

TRACE::2026-02-28.23:09:34::SCWMssOS::Running Make libs in psu_cortexa53_0/libsrc/emacps_v3_11/src

TRACE::2026-02-28.23:09:34::SCWMssOS::make -C psu_cortexa53_0/libsrc/emacps_v3_11/src -s libs  "SHELL=/bin/sh" "COMPILER=aarch64-none-elf-gcc" "ASSEMBLER=aarch64-non
TRACE::2026-02-28.23:09:34::SCWMssOS::e-elf-as" "ARCHIVER=aarch64-none-elf-ar" "COMPILER_FLAGS=  -O2 -c" "EXTRA_COMPILER_FLAGS=-g -Wall -Wextra"

TRACE::2026-02-28.23:09:34::SCWMssOS::Compiling emacps

TRACE::2026-02-28.23:09:35::SCWMssOS::Running Make libs in psu_cortexa53_0/libsrc/ttcps_v3_11/src

TRACE::2026-02-28.23:09:35::SCWMssOS::make -C psu_cortexa53_0/libsrc/ttcps_v3_11/src -s libs  "SHELL=/bin/sh" "COMPILER=aarch64-none-elf-gcc" "ASSEMBLER=aarch64-none
TRACE::2026-02-28.23:09:35::SCWMssOS::-elf-as" "ARCHIVER=aarch64-none-elf-ar" "COMPILER_FLAGS=  -O2 -c" "EXTRA_COMPILER_FLAGS=-g -Wall -Wextra"

TRACE::2026-02-28.23:09:35::SCWMssOS::Compiling ttcps

TRACE::2026-02-28.23:09:36::SCWMssOS::Finished building libraries

TRACE::2026-02-28.23:09:36::SCWMssOS::Copying to export directory.
TRACE::2026-02-28.23:09:36::SCWMssOS:: Checking if to create the Supporting Applications
TRACE::2026-02-28.23:09:36::SCWMssOS:: No Linux domain exists, trying to generate FSBL 
TRACE::2026-02-28.23:09:36::SCWMssOS:: Completed Standalone Artifacts creation 
LOG::2026-02-28.23:09:36::SCWSystem::Completed Processing the domain standalone_domain
LOG::2026-02-28.23:09:36::SCWSystem::Completed Processing the sysconfig bootloader_RV32I
LOG::2026-02-28.23:09:36::SCWPlatform::Completed generating the artifacts for system configuration bootloader_RV32I
TRACE::2026-02-28.23:09:36::SCWPlatform::Started preparing the platform 
TRACE::2026-02-28.23:09:36::SCWSystem::Writing the bif file for system config bootloader_RV32I
TRACE::2026-02-28.23:09:36::SCWSystem::dir created 
TRACE::2026-02-28.23:09:36::SCWSystem::Writing the bif 
TRACE::2026-02-28.23:09:36::SCWPlatform::Started writing the spfm file 
TRACE::2026-02-28.23:09:36::SCWPlatform::Started writing the xpfm file 
TRACE::2026-02-28.23:09:36::SCWPlatform::Completed generating the platform
TRACE::2026-02-28.23:09:36::SCWMssOS::Saving the mss changes /media/steckler/xilinx_linux/SDR_custom/SDR/Software/SDR_Firmware/CPU_N1_ONECYCLE_RISCV_2020_1_MYIR_BRAM_DP/CPU_V1/vitis/bootloader_RV32I/psu_cortexa53_0/standalone_domain/bsp/system.mss
TRACE::2026-02-28.23:09:36::SCWMssOS::Found a swdesign opened with the mssfile.
TRACE::2026-02-28.23:09:36::SCWMssOS::Completed writemss as part of save.
TRACE::2026-02-28.23:09:36::SCWMssOS::Commit changes completed.
TRACE::2026-02-28.23:09:36::SCWPlatform::Trying to open the hw design at /media/steckler/xilinx_linux/SDR_custom/SDR/Software/SDR_Firmware/CPU_N1_ONECYCLE_RISCV_2020_1_MYIR_BRAM_DP/CPU_V1/vitis/bootloader_RV32I/hw/Sections_wrapper.xsa
TRACE::2026-02-28.23:09:36::SCWPlatform::DSA given /media/steckler/xilinx_linux/SDR_custom/SDR/Software/SDR_Firmware/CPU_N1_ONECYCLE_RISCV_2020_1_MYIR_BRAM_DP/CPU_V1/vitis/bootloader_RV32I/hw/Sections_wrapper.xsa
TRACE::2026-02-28.23:09:36::SCWPlatform::DSA absoulate path /media/steckler/xilinx_linux/SDR_custom/SDR/Software/SDR_Firmware/CPU_N1_ONECYCLE_RISCV_2020_1_MYIR_BRAM_DP/CPU_V1/vitis/bootloader_RV32I/hw/Sections_wrapper.xsa
TRACE::2026-02-28.23:09:36::SCWPlatform::DSA directory /media/steckler/xilinx_linux/SDR_custom/SDR/Software/SDR_Firmware/CPU_N1_ONECYCLE_RISCV_2020_1_MYIR_BRAM_DP/CPU_V1/vitis/bootloader_RV32I/hw
TRACE::2026-02-28.23:09:36::SCWPlatform:: Platform Path /media/steckler/xilinx_linux/SDR_custom/SDR/Software/SDR_Firmware/CPU_N1_ONECYCLE_RISCV_2020_1_MYIR_BRAM_DP/CPU_V1/vitis/bootloader_RV32I/hw/Sections_wrapper.xsa
TRACE::2026-02-28.23:09:36::SCWPlatform:: Unique name xilinx:::0.0
TRACE::2026-02-28.23:09:36::SCWPlatform::Trying to set the existing hwdb with name Sections_wrapper_1
TRACE::2026-02-28.23:09:36::SCWPlatform::Opened existing hwdb Sections_wrapper_1
TRACE::2026-02-28.23:09:36::SCWPlatform::Found the Hw Db part of the input DSA
TRACE::2026-02-28.23:09:36::SCWMssOS::Checking the sw design at  /media/steckler/xilinx_linux/SDR_custom/SDR/Software/SDR_Firmware/CPU_N1_ONECYCLE_RISCV_2020_1_MYIR_BRAM_DP/CPU_V1/vitis/bootloader_RV32I/psu_cortexa53_0/standalone_domain/bsp/system.mss
TRACE::2026-02-28.23:09:36::SCWMssOS::DEBUG:  swdes dump  /media/steckler/xilinx_linux/SDR_custom/SDR/Software/SDR_Firmware/CPU_N1_ONECYCLE_RISCV_2020_1_MYIR_BRAM_DP/CPU_V1/vitis/bootloader_RV32I/psu_cortexa53_0/standalone_domain/bsp/system.mss|system||

TRACE::2026-02-28.23:09:36::SCWMssOS::Sw design exists and opened at  /media/steckler/xilinx_linux/SDR_custom/SDR/Software/SDR_Firmware/CPU_N1_ONECYCLE_RISCV_2020_1_MYIR_BRAM_DP/CPU_V1/vitis/bootloader_RV32I/psu_cortexa53_0/standalone_domain/bsp/system.mss
TRACE::2026-02-28.23:09:36::SCWWriter::formatted JSON is {
	"platformName":	"bootloader_RV32I",
	"sprVersion":	"2.0",
	"mode":	"gui",
	"dsaType":	"Fixed",
	"platformDesc":	"bootloader_RV32I",
	"platHandOff":	"/media/steckler/xilinx_linux/SDR_custom/SDR/Software/SDR_Firmware/CPU_N1_ONECYCLE_RISCV_2020_1_MYIR_BRAM_DP/CPU_V1/Sections_wrapper.xsa",
	"platIntHandOff":	"<platformDir>/hw/Sections_wrapper.xsa",
	"deviceType":	"zynqMP",
	"platIsPrebuiltAutogen":	"false",
	"platIsNoBootBsp":	"true",
	"hasFsblMakeHasChanges":	"false",
	"hasPmufwMakeHasChanges":	"false",
	"platPreBuiltFlag":	false,
	"platformSamplesDir":	"",
	"platActiveSys":	"bootloader_RV32I",
	"systems":	[{
			"systemName":	"bootloader_RV32I",
			"systemDesc":	"bootloader_RV32I",
			"sysIsBootAutoGen":	"true",
			"systemDispName":	"bootloader_RV32I",
			"sysActiveDom":	"standalone_domain",
			"sysDefaultDom":	"standalone_domain",
			"domains":	[{
					"domainName":	"standalone_domain",
					"domainDispName":	"standalone on psu_cortexa53_0",
					"domainDesc":	"standalone_domain",
					"processors":	"psu_cortexa53_0",
					"os":	"standalone",
					"sdxOs":	"standalone",
					"qemuArgs":	"/media/steckler/xilinx_linux/vitis_2020.1/Vitis/2020.1/data/emulation/platforms/zynqmp/qemu/qemu_args.txt",
					"qemuData":	"/media/steckler/xilinx_linux/vitis_2020.1/Vitis/2020.1/data/emulation/platforms/zynqmp/qemu/",
					"pmuQemuArgs":	"/media/steckler/xilinx_linux/vitis_2020.1/Vitis/2020.1/data/emulation/platforms/zynqmp/qemu/pmu_args.txt",
					"debugEnable":	"False",
					"domRuntimes":	["cpp"],
					"swRepo":	"",
					"mssOsVer":	"7.2",
					"mssFile":	"",
					"md5Digest":	"d48e97aeb019d0bbe0eaa54e36530e80",
					"compatibleApp":	"",
					"domType":	"mssDomain",
					"arch":	"64-bit",
					"appSettings":	{
						"appCompilerFlags":	"",
						"appLinkerFlags":	""
					},
					"addedLibs":	[],
					"libOptions":	{
						"libsContainingOptions":	[]
					},
					"prebuiltLibs":	{
						"prebuiltIncPath":	[],
						"prebuiltLibPath":	[]
					},
					"isolation":	{
					}
				}]
		}]
}
KEYINFO::2026-02-28.23:09:36::SCWPlatform::updated the xpfm file.
TRACE::2026-02-28.23:09:36::SCWPlatform::Trying to open the hw design at /media/steckler/xilinx_linux/SDR_custom/SDR/Software/SDR_Firmware/CPU_N1_ONECYCLE_RISCV_2020_1_MYIR_BRAM_DP/CPU_V1/vitis/bootloader_RV32I/hw/Sections_wrapper.xsa
TRACE::2026-02-28.23:09:36::SCWPlatform::DSA given /media/steckler/xilinx_linux/SDR_custom/SDR/Software/SDR_Firmware/CPU_N1_ONECYCLE_RISCV_2020_1_MYIR_BRAM_DP/CPU_V1/vitis/bootloader_RV32I/hw/Sections_wrapper.xsa
TRACE::2026-02-28.23:09:36::SCWPlatform::DSA absoulate path /media/steckler/xilinx_linux/SDR_custom/SDR/Software/SDR_Firmware/CPU_N1_ONECYCLE_RISCV_2020_1_MYIR_BRAM_DP/CPU_V1/vitis/bootloader_RV32I/hw/Sections_wrapper.xsa
TRACE::2026-02-28.23:09:36::SCWPlatform::DSA directory /media/steckler/xilinx_linux/SDR_custom/SDR/Software/SDR_Firmware/CPU_N1_ONECYCLE_RISCV_2020_1_MYIR_BRAM_DP/CPU_V1/vitis/bootloader_RV32I/hw
TRACE::2026-02-28.23:09:36::SCWPlatform:: Platform Path /media/steckler/xilinx_linux/SDR_custom/SDR/Software/SDR_Firmware/CPU_N1_ONECYCLE_RISCV_2020_1_MYIR_BRAM_DP/CPU_V1/vitis/bootloader_RV32I/hw/Sections_wrapper.xsa
TRACE::2026-02-28.23:09:36::SCWPlatform:: Unique name xilinx:::0.0
TRACE::2026-02-28.23:09:36::SCWPlatform::Trying to set the existing hwdb with name Sections_wrapper_1
TRACE::2026-02-28.23:09:36::SCWPlatform::Opened existing hwdb Sections_wrapper_1
TRACE::2026-02-28.23:09:36::SCWPlatform::Found the Hw Db part of the input DSA
TRACE::2026-02-28.23:09:36::SCWMssOS::Checking the sw design at  /media/steckler/xilinx_linux/SDR_custom/SDR/Software/SDR_Firmware/CPU_N1_ONECYCLE_RISCV_2020_1_MYIR_BRAM_DP/CPU_V1/vitis/bootloader_RV32I/psu_cortexa53_0/standalone_domain/bsp/system.mss
TRACE::2026-02-28.23:09:36::SCWMssOS::DEBUG:  swdes dump  /media/steckler/xilinx_linux/SDR_custom/SDR/Software/SDR_Firmware/CPU_N1_ONECYCLE_RISCV_2020_1_MYIR_BRAM_DP/CPU_V1/vitis/bootloader_RV32I/psu_cortexa53_0/standalone_domain/bsp/system.mss|system||

TRACE::2026-02-28.23:09:36::SCWMssOS::Sw design exists and opened at  /media/steckler/xilinx_linux/SDR_custom/SDR/Software/SDR_Firmware/CPU_N1_ONECYCLE_RISCV_2020_1_MYIR_BRAM_DP/CPU_V1/vitis/bootloader_RV32I/psu_cortexa53_0/standalone_domain/bsp/system.mss
TRACE::2026-02-28.23:26:26::SCWMssOS::cleaning the bsp 
TRACE::2026-02-28.23:26:26::SCWMssOS::System Command Ran  cd  /media/steckler/xilinx_linux/SDR_custom/SDR/Software/SDR_Firmware/CPU_N1_ONECYCLE_RISCV_2020_1_MYIR_BRAM_DP/CPU_V1/vitis/bootloader_RV32I/psu_cortexa53_0/standalone_domain/bsp ; bash -c "make  clean " 
TRACE::2026-02-28.23:26:26::SCWMssOS::make -C psu_cortexa53_0/libsrc/ddrcpsu_v1_2/src -s clean 

TRACE::2026-02-28.23:26:26::SCWMssOS::make -C psu_cortexa53_0/libsrc/standalone_v7_2/src -s clean 

TRACE::2026-02-28.23:26:26::SCWMssOS::make -C psu_cortexa53_0/libsrc/iicps_v3_11/src -s clean 

TRACE::2026-02-28.23:26:26::SCWMssOS::make -C psu_cortexa53_0/libsrc/rtcpsu_v1_9/src -s clean 

TRACE::2026-02-28.23:26:26::SCWMssOS::make -C psu_cortexa53_0/libsrc/resetps_v1_3/src -s clean 

TRACE::2026-02-28.23:26:26::SCWMssOS::make -C psu_cortexa53_0/libsrc/video_common_v4_9/src -s clean 

TRACE::2026-02-28.23:26:26::SCWMssOS::make -C psu_cortexa53_0/libsrc/zdma_v1_9/src -s clean 

TRACE::2026-02-28.23:26:26::SCWMssOS::make -C psu_cortexa53_0/libsrc/avbuf_v2_3/src -s clean 

TRACE::2026-02-28.23:26:26::SCWMssOS::make -C psu_cortexa53_0/libsrc/gpiops_v3_7/src -s clean 

TRACE::2026-02-28.23:26:26::SCWMssOS::make -C psu_cortexa53_0/libsrc/cpu_cortexa53_v1_7/src -s clean 

TRACE::2026-02-28.23:26:26::SCWMssOS::make -C psu_cortexa53_0/libsrc/canps_v3_4/src -s clean 

TRACE::2026-02-28.23:26:26::SCWMssOS::make -C psu_cortexa53_0/libsrc/csudma_v1_6/src -s clean 

TRACE::2026-02-28.23:26:26::SCWMssOS::make -C psu_cortexa53_0/libsrc/qspipsu_v1_11/src -s clean 

TRACE::2026-02-28.23:26:26::SCWMssOS::make -C psu_cortexa53_0/libsrc/ipipsu_v2_6/src -s clean 

TRACE::2026-02-28.23:26:26::SCWMssOS::make -C psu_cortexa53_0/libsrc/wdtps_v3_3/src -s clean 

TRACE::2026-02-28.23:26:26::SCWMssOS::make -C psu_cortexa53_0/libsrc/clockps_v1_2/src -s clean 

TRACE::2026-02-28.23:26:26::SCWMssOS::make -C psu_cortexa53_0/libsrc/sdps_v3_9/src -s clean 

TRACE::2026-02-28.23:26:26::SCWMssOS::make -C psu_cortexa53_0/libsrc/axipmon_v6_8/src -s clean 

TRACE::2026-02-28.23:26:26::SCWMssOS::make -C psu_cortexa53_0/libsrc/bram_v4_4/src -s clean 

TRACE::2026-02-28.23:26:26::SCWMssOS::make -C psu_cortexa53_0/libsrc/uartps_v3_9/src -s clean 

TRACE::2026-02-28.23:26:26::SCWMssOS::make -C psu_cortexa53_0/libsrc/sysmonpsu_v2_6/src -s clean 

TRACE::2026-02-28.23:26:26::SCWMssOS::make -C psu_cortexa53_0/libsrc/coresightps_dcc_v1_7/src -s clean 

TRACE::2026-02-28.23:26:26::SCWMssOS::make -C psu_cortexa53_0/libsrc/usbpsu_v1_7/src -s clean 

TRACE::2026-02-28.23:26:26::SCWMssOS::make -C psu_cortexa53_0/libsrc/dpdma_v1_2/src -s clean 

TRACE::2026-02-28.23:26:26::SCWMssOS::make -C psu_cortexa53_0/libsrc/scugic_v4_2/src -s clean 

TRACE::2026-02-28.23:26:26::SCWMssOS::make -C psu_cortexa53_0/libsrc/emacps_v3_11/src -s clean 

TRACE::2026-02-28.23:26:26::SCWMssOS::make -C psu_cortexa53_0/libsrc/ttcps_v3_11/src -s clean 

TRACE::2026-02-28.23:26:26::SCWMssOS::rm -f psu_cortexa53_0/lib/libxil.a

LOG::2026-02-28.23:26:32::SCWPlatform::Started generating the artifacts platform bootloader_RV32I
TRACE::2026-02-28.23:26:32::SCWPlatform::Sanity checking of platform is completed
LOG::2026-02-28.23:26:32::SCWPlatform::Started generating the artifacts for system configuration bootloader_RV32I
LOG::2026-02-28.23:26:32::SCWSystem::Checking the domain standalone_domain
LOG::2026-02-28.23:26:32::SCWSystem::Not a boot domain 
LOG::2026-02-28.23:26:32::SCWSystem::Started Processing the domain standalone_domain
TRACE::2026-02-28.23:26:32::SCWDomain::Generating domain artifcats
TRACE::2026-02-28.23:26:32::SCWMssOS::Generating standalone artifcats
TRACE::2026-02-28.23:26:32::SCWMssOS::Copying the qemu file from  /media/steckler/xilinx_linux/vitis_2020.1/Vitis/2020.1/data/emulation/platforms/zynqmp/qemu/qemu_args.txt To /media/steckler/xilinx_linux/SDR_custom/SDR/Software/SDR_Firmware/CPU_N1_ONECYCLE_RISCV_2020_1_MYIR_BRAM_DP/CPU_V1/vitis/bootloader_RV32I/export/bootloader_RV32I/sw/bootloader_RV32I/qemu/
TRACE::2026-02-28.23:26:32::SCWMssOS::Copying the qemu file from  /media/steckler/xilinx_linux/vitis_2020.1/Vitis/2020.1/data/emulation/platforms/zynqmp/qemu/qemu_args.txt To /media/steckler/xilinx_linux/SDR_custom/SDR/Software/SDR_Firmware/CPU_N1_ONECYCLE_RISCV_2020_1_MYIR_BRAM_DP/CPU_V1/vitis/bootloader_RV32I/export/bootloader_RV32I/sw/bootloader_RV32I/qemu/
TRACE::2026-02-28.23:26:32::SCWMssOS::Copying the qemu file from  /media/steckler/xilinx_linux/vitis_2020.1/Vitis/2020.1/data/emulation/platforms/zynqmp/qemu/qemu_args.txt To /media/steckler/xilinx_linux/SDR_custom/SDR/Software/SDR_Firmware/CPU_N1_ONECYCLE_RISCV_2020_1_MYIR_BRAM_DP/CPU_V1/vitis/bootloader_RV32I/export/bootloader_RV32I/sw/bootloader_RV32I/standalone_domain/qemu/
TRACE::2026-02-28.23:26:32::SCWMssOS::Copying the qemu file from  /media/steckler/xilinx_linux/vitis_2020.1/Vitis/2020.1/data/emulation/platforms/zynqmp/qemu/qemu_args.txt To /media/steckler/xilinx_linux/SDR_custom/SDR/Software/SDR_Firmware/CPU_N1_ONECYCLE_RISCV_2020_1_MYIR_BRAM_DP/CPU_V1/vitis/bootloader_RV32I/export/bootloader_RV32I/sw/bootloader_RV32I/standalone_domain/qemu/
TRACE::2026-02-28.23:26:32::SCWMssOS:: Copying the user libraries. 
TRACE::2026-02-28.23:26:32::SCWPlatform::Trying to open the hw design at /media/steckler/xilinx_linux/SDR_custom/SDR/Software/SDR_Firmware/CPU_N1_ONECYCLE_RISCV_2020_1_MYIR_BRAM_DP/CPU_V1/vitis/bootloader_RV32I/hw/Sections_wrapper.xsa
TRACE::2026-02-28.23:26:32::SCWPlatform::DSA given /media/steckler/xilinx_linux/SDR_custom/SDR/Software/SDR_Firmware/CPU_N1_ONECYCLE_RISCV_2020_1_MYIR_BRAM_DP/CPU_V1/vitis/bootloader_RV32I/hw/Sections_wrapper.xsa
TRACE::2026-02-28.23:26:32::SCWPlatform::DSA absoulate path /media/steckler/xilinx_linux/SDR_custom/SDR/Software/SDR_Firmware/CPU_N1_ONECYCLE_RISCV_2020_1_MYIR_BRAM_DP/CPU_V1/vitis/bootloader_RV32I/hw/Sections_wrapper.xsa
TRACE::2026-02-28.23:26:32::SCWPlatform::DSA directory /media/steckler/xilinx_linux/SDR_custom/SDR/Software/SDR_Firmware/CPU_N1_ONECYCLE_RISCV_2020_1_MYIR_BRAM_DP/CPU_V1/vitis/bootloader_RV32I/hw
TRACE::2026-02-28.23:26:32::SCWPlatform:: Platform Path /media/steckler/xilinx_linux/SDR_custom/SDR/Software/SDR_Firmware/CPU_N1_ONECYCLE_RISCV_2020_1_MYIR_BRAM_DP/CPU_V1/vitis/bootloader_RV32I/hw/Sections_wrapper.xsa
TRACE::2026-02-28.23:26:32::SCWPlatform:: Unique name xilinx:::0.0
TRACE::2026-02-28.23:26:32::SCWPlatform::Trying to set the existing hwdb with name Sections_wrapper_1
TRACE::2026-02-28.23:26:32::SCWPlatform::Opened existing hwdb Sections_wrapper_1
TRACE::2026-02-28.23:26:32::SCWPlatform::Found the Hw Db part of the input DSA
TRACE::2026-02-28.23:26:32::SCWMssOS::Checking the sw design at  /media/steckler/xilinx_linux/SDR_custom/SDR/Software/SDR_Firmware/CPU_N1_ONECYCLE_RISCV_2020_1_MYIR_BRAM_DP/CPU_V1/vitis/bootloader_RV32I/psu_cortexa53_0/standalone_domain/bsp/system.mss
TRACE::2026-02-28.23:26:32::SCWMssOS::DEBUG:  swdes dump  /media/steckler/xilinx_linux/SDR_custom/SDR/Software/SDR_Firmware/CPU_N1_ONECYCLE_RISCV_2020_1_MYIR_BRAM_DP/CPU_V1/vitis/bootloader_RV32I/psu_cortexa53_0/standalone_domain/bsp/system.mss|system||

TRACE::2026-02-28.23:26:32::SCWMssOS::Sw design exists and opened at  /media/steckler/xilinx_linux/SDR_custom/SDR/Software/SDR_Firmware/CPU_N1_ONECYCLE_RISCV_2020_1_MYIR_BRAM_DP/CPU_V1/vitis/bootloader_RV32I/psu_cortexa53_0/standalone_domain/bsp/system.mss
TRACE::2026-02-28.23:26:32::SCWMssOS::Completed writing the mss file at /media/steckler/xilinx_linux/SDR_custom/SDR/Software/SDR_Firmware/CPU_N1_ONECYCLE_RISCV_2020_1_MYIR_BRAM_DP/CPU_V1/vitis/bootloader_RV32I/psu_cortexa53_0/standalone_domain/bsp
TRACE::2026-02-28.23:26:32::SCWMssOS::Mss edits present, copying mssfile into export location /media/steckler/xilinx_linux/SDR_custom/SDR/Software/SDR_Firmware/CPU_N1_ONECYCLE_RISCV_2020_1_MYIR_BRAM_DP/CPU_V1/vitis/bootloader_RV32I/psu_cortexa53_0/standalone_domain/bsp/system.mss
TRACE::2026-02-28.23:26:32::SCWMssOS::bsp generated is upto date with the mss file. Skipping bsp generation.
TRACE::2026-02-28.23:26:32::SCWMssOS::BSP is already built. skipping the bsp build ... 
TRACE::2026-02-28.23:26:32::SCWDomain::Building the domain as part of full build :  standalone_domain
TRACE::2026-02-28.23:26:32::SCWMssOS::doing bsp build ... 
TRACE::2026-02-28.23:26:32::SCWMssOS::System Command Ran  cd  /media/steckler/xilinx_linux/SDR_custom/SDR/Software/SDR_Firmware/CPU_N1_ONECYCLE_RISCV_2020_1_MYIR_BRAM_DP/CPU_V1/vitis/bootloader_RV32I/psu_cortexa53_0/standalone_domain/bsp ; bash -c "make  " 
TRACE::2026-02-28.23:26:32::SCWMssOS::Running Make include in psu_cortexa53_0/libsrc/ddrcpsu_v1_2/src

TRACE::2026-02-28.23:26:32::SCWMssOS::make -C psu_cortexa53_0/libsrc/ddrcpsu_v1_2/src -s include  "SHELL=/bin/sh" "COMPILER=aarch64-none-elf-gcc" "ASSEMBLER=aarch64-
TRACE::2026-02-28.23:26:32::SCWMssOS::none-elf-as" "ARCHIVER=aarch64-none-elf-ar" "COMPILER_FLAGS=  -O2 -c" "EXTRA_COMPILER_FLAGS=-g -Wall -Wextra"

TRACE::2026-02-28.23:26:32::SCWMssOS::Running Make include in psu_cortexa53_0/libsrc/standalone_v7_2/src

TRACE::2026-02-28.23:26:32::SCWMssOS::make -C psu_cortexa53_0/libsrc/standalone_v7_2/src -s include  "SHELL=/bin/sh" "COMPILER=aarch64-none-elf-gcc" "ASSEMBLER=aarch
TRACE::2026-02-28.23:26:32::SCWMssOS::64-none-elf-as" "ARCHIVER=aarch64-none-elf-ar" "COMPILER_FLAGS=  -O2 -c" "EXTRA_COMPILER_FLAGS=-g -Wall -Wextra"

TRACE::2026-02-28.23:26:32::SCWMssOS::Running Make include in psu_cortexa53_0/libsrc/iicps_v3_11/src

TRACE::2026-02-28.23:26:32::SCWMssOS::make -C psu_cortexa53_0/libsrc/iicps_v3_11/src -s include  "SHELL=/bin/sh" "COMPILER=aarch64-none-elf-gcc" "ASSEMBLER=aarch64-n
TRACE::2026-02-28.23:26:32::SCWMssOS::one-elf-as" "ARCHIVER=aarch64-none-elf-ar" "COMPILER_FLAGS=  -O2 -c" "EXTRA_COMPILER_FLAGS=-g -Wall -Wextra"

TRACE::2026-02-28.23:26:32::SCWMssOS::Running Make include in psu_cortexa53_0/libsrc/rtcpsu_v1_9/src

TRACE::2026-02-28.23:26:32::SCWMssOS::make -C psu_cortexa53_0/libsrc/rtcpsu_v1_9/src -s include  "SHELL=/bin/sh" "COMPILER=aarch64-none-elf-gcc" "ASSEMBLER=aarch64-n
TRACE::2026-02-28.23:26:32::SCWMssOS::one-elf-as" "ARCHIVER=aarch64-none-elf-ar" "COMPILER_FLAGS=  -O2 -c" "EXTRA_COMPILER_FLAGS=-g -Wall -Wextra"

TRACE::2026-02-28.23:26:32::SCWMssOS::Running Make include in psu_cortexa53_0/libsrc/resetps_v1_3/src

TRACE::2026-02-28.23:26:32::SCWMssOS::make -C psu_cortexa53_0/libsrc/resetps_v1_3/src -s include  "SHELL=/bin/sh" "COMPILER=aarch64-none-elf-gcc" "ASSEMBLER=aarch64-
TRACE::2026-02-28.23:26:32::SCWMssOS::none-elf-as" "ARCHIVER=aarch64-none-elf-ar" "COMPILER_FLAGS=  -O2 -c" "EXTRA_COMPILER_FLAGS=-g -Wall -Wextra"

TRACE::2026-02-28.23:26:32::SCWMssOS::Running Make include in psu_cortexa53_0/libsrc/video_common_v4_9/src

TRACE::2026-02-28.23:26:32::SCWMssOS::make -C psu_cortexa53_0/libsrc/video_common_v4_9/src -s include  "SHELL=/bin/sh" "COMPILER=aarch64-none-elf-gcc" "ASSEMBLER=aar
TRACE::2026-02-28.23:26:32::SCWMssOS::ch64-none-elf-as" "ARCHIVER=aarch64-none-elf-ar" "COMPILER_FLAGS=  -O2 -c" "EXTRA_COMPILER_FLAGS=-g -Wall -Wextra"

TRACE::2026-02-28.23:26:32::SCWMssOS::Running Make include in psu_cortexa53_0/libsrc/zdma_v1_9/src

TRACE::2026-02-28.23:26:32::SCWMssOS::make -C psu_cortexa53_0/libsrc/zdma_v1_9/src -s include  "SHELL=/bin/sh" "COMPILER=aarch64-none-elf-gcc" "ASSEMBLER=aarch64-non
TRACE::2026-02-28.23:26:32::SCWMssOS::e-elf-as" "ARCHIVER=aarch64-none-elf-ar" "COMPILER_FLAGS=  -O2 -c" "EXTRA_COMPILER_FLAGS=-g -Wall -Wextra"

TRACE::2026-02-28.23:26:32::SCWMssOS::Running Make include in psu_cortexa53_0/libsrc/avbuf_v2_3/src

TRACE::2026-02-28.23:26:32::SCWMssOS::make -C psu_cortexa53_0/libsrc/avbuf_v2_3/src -s include  "SHELL=/bin/sh" "COMPILER=aarch64-none-elf-gcc" "ASSEMBLER=aarch64-no
TRACE::2026-02-28.23:26:32::SCWMssOS::ne-elf-as" "ARCHIVER=aarch64-none-elf-ar" "COMPILER_FLAGS=  -O2 -c" "EXTRA_COMPILER_FLAGS=-g -Wall -Wextra"

TRACE::2026-02-28.23:26:32::SCWMssOS::Running Make include in psu_cortexa53_0/libsrc/gpiops_v3_7/src

TRACE::2026-02-28.23:26:32::SCWMssOS::make -C psu_cortexa53_0/libsrc/gpiops_v3_7/src -s include  "SHELL=/bin/sh" "COMPILER=aarch64-none-elf-gcc" "ASSEMBLER=aarch64-n
TRACE::2026-02-28.23:26:32::SCWMssOS::one-elf-as" "ARCHIVER=aarch64-none-elf-ar" "COMPILER_FLAGS=  -O2 -c" "EXTRA_COMPILER_FLAGS=-g -Wall -Wextra"

TRACE::2026-02-28.23:26:32::SCWMssOS::Running Make include in psu_cortexa53_0/libsrc/cpu_cortexa53_v1_7/src

TRACE::2026-02-28.23:26:32::SCWMssOS::make -C psu_cortexa53_0/libsrc/cpu_cortexa53_v1_7/src -s include  "SHELL=/bin/sh" "COMPILER=aarch64-none-elf-gcc" "ASSEMBLER=aa
TRACE::2026-02-28.23:26:32::SCWMssOS::rch64-none-elf-as" "ARCHIVER=aarch64-none-elf-ar" "COMPILER_FLAGS=  -O2 -c" "EXTRA_COMPILER_FLAGS=-g -Wall -Wextra"

TRACE::2026-02-28.23:26:32::SCWMssOS::Running Make include in psu_cortexa53_0/libsrc/canps_v3_4/src

TRACE::2026-02-28.23:26:32::SCWMssOS::make -C psu_cortexa53_0/libsrc/canps_v3_4/src -s include  "SHELL=/bin/sh" "COMPILER=aarch64-none-elf-gcc" "ASSEMBLER=aarch64-no
TRACE::2026-02-28.23:26:32::SCWMssOS::ne-elf-as" "ARCHIVER=aarch64-none-elf-ar" "COMPILER_FLAGS=  -O2 -c" "EXTRA_COMPILER_FLAGS=-g -Wall -Wextra"

TRACE::2026-02-28.23:26:32::SCWMssOS::Running Make include in psu_cortexa53_0/libsrc/csudma_v1_6/src

TRACE::2026-02-28.23:26:32::SCWMssOS::make -C psu_cortexa53_0/libsrc/csudma_v1_6/src -s include  "SHELL=/bin/sh" "COMPILER=aarch64-none-elf-gcc" "ASSEMBLER=aarch64-n
TRACE::2026-02-28.23:26:32::SCWMssOS::one-elf-as" "ARCHIVER=aarch64-none-elf-ar" "COMPILER_FLAGS=  -O2 -c" "EXTRA_COMPILER_FLAGS=-g -Wall -Wextra"

TRACE::2026-02-28.23:26:32::SCWMssOS::Running Make include in psu_cortexa53_0/libsrc/qspipsu_v1_11/src

TRACE::2026-02-28.23:26:32::SCWMssOS::make -C psu_cortexa53_0/libsrc/qspipsu_v1_11/src -s include  "SHELL=/bin/sh" "COMPILER=aarch64-none-elf-gcc" "ASSEMBLER=aarch64
TRACE::2026-02-28.23:26:32::SCWMssOS::-none-elf-as" "ARCHIVER=aarch64-none-elf-ar" "COMPILER_FLAGS=  -O2 -c" "EXTRA_COMPILER_FLAGS=-g -Wall -Wextra"

TRACE::2026-02-28.23:26:32::SCWMssOS::Running Make include in psu_cortexa53_0/libsrc/ipipsu_v2_6/src

TRACE::2026-02-28.23:26:32::SCWMssOS::make -C psu_cortexa53_0/libsrc/ipipsu_v2_6/src -s include  "SHELL=/bin/sh" "COMPILER=aarch64-none-elf-gcc" "ASSEMBLER=aarch64-n
TRACE::2026-02-28.23:26:32::SCWMssOS::one-elf-as" "ARCHIVER=aarch64-none-elf-ar" "COMPILER_FLAGS=  -O2 -c" "EXTRA_COMPILER_FLAGS=-g -Wall -Wextra"

TRACE::2026-02-28.23:26:32::SCWMssOS::Running Make include in psu_cortexa53_0/libsrc/wdtps_v3_3/src

TRACE::2026-02-28.23:26:32::SCWMssOS::make -C psu_cortexa53_0/libsrc/wdtps_v3_3/src -s include  "SHELL=/bin/sh" "COMPILER=aarch64-none-elf-gcc" "ASSEMBLER=aarch64-no
TRACE::2026-02-28.23:26:32::SCWMssOS::ne-elf-as" "ARCHIVER=aarch64-none-elf-ar" "COMPILER_FLAGS=  -O2 -c" "EXTRA_COMPILER_FLAGS=-g -Wall -Wextra"

TRACE::2026-02-28.23:26:32::SCWMssOS::Running Make include in psu_cortexa53_0/libsrc/clockps_v1_2/src

TRACE::2026-02-28.23:26:32::SCWMssOS::make -C psu_cortexa53_0/libsrc/clockps_v1_2/src -s include  "SHELL=/bin/sh" "COMPILER=aarch64-none-elf-gcc" "ASSEMBLER=aarch64-
TRACE::2026-02-28.23:26:32::SCWMssOS::none-elf-as" "ARCHIVER=aarch64-none-elf-ar" "COMPILER_FLAGS=  -O2 -c" "EXTRA_COMPILER_FLAGS=-g -Wall -Wextra"

TRACE::2026-02-28.23:26:32::SCWMssOS::Running Make include in psu_cortexa53_0/libsrc/sdps_v3_9/src

TRACE::2026-02-28.23:26:32::SCWMssOS::make -C psu_cortexa53_0/libsrc/sdps_v3_9/src -s include  "SHELL=/bin/sh" "COMPILER=aarch64-none-elf-gcc" "ASSEMBLER=aarch64-non
TRACE::2026-02-28.23:26:32::SCWMssOS::e-elf-as" "ARCHIVER=aarch64-none-elf-ar" "COMPILER_FLAGS=  -O2 -c" "EXTRA_COMPILER_FLAGS=-g -Wall -Wextra"

TRACE::2026-02-28.23:26:32::SCWMssOS::Running Make include in psu_cortexa53_0/libsrc/axipmon_v6_8/src

TRACE::2026-02-28.23:26:32::SCWMssOS::make -C psu_cortexa53_0/libsrc/axipmon_v6_8/src -s include  "SHELL=/bin/sh" "COMPILER=aarch64-none-elf-gcc" "ASSEMBLER=aarch64-
TRACE::2026-02-28.23:26:32::SCWMssOS::none-elf-as" "ARCHIVER=aarch64-none-elf-ar" "COMPILER_FLAGS=  -O2 -c" "EXTRA_COMPILER_FLAGS=-g -Wall -Wextra"

TRACE::2026-02-28.23:26:32::SCWMssOS::Running Make include in psu_cortexa53_0/libsrc/bram_v4_4/src

TRACE::2026-02-28.23:26:32::SCWMssOS::make -C psu_cortexa53_0/libsrc/bram_v4_4/src -s include  "SHELL=/bin/sh" "COMPILER=aarch64-none-elf-gcc" "ASSEMBLER=aarch64-non
TRACE::2026-02-28.23:26:32::SCWMssOS::e-elf-as" "ARCHIVER=aarch64-none-elf-ar" "COMPILER_FLAGS=  -O2 -c" "EXTRA_COMPILER_FLAGS=-g -Wall -Wextra"

TRACE::2026-02-28.23:26:32::SCWMssOS::Running Make include in psu_cortexa53_0/libsrc/uartps_v3_9/src

TRACE::2026-02-28.23:26:32::SCWMssOS::make -C psu_cortexa53_0/libsrc/uartps_v3_9/src -s include  "SHELL=/bin/sh" "COMPILER=aarch64-none-elf-gcc" "ASSEMBLER=aarch64-n
TRACE::2026-02-28.23:26:32::SCWMssOS::one-elf-as" "ARCHIVER=aarch64-none-elf-ar" "COMPILER_FLAGS=  -O2 -c" "EXTRA_COMPILER_FLAGS=-g -Wall -Wextra"

TRACE::2026-02-28.23:26:32::SCWMssOS::Running Make include in psu_cortexa53_0/libsrc/sysmonpsu_v2_6/src

TRACE::2026-02-28.23:26:32::SCWMssOS::make -C psu_cortexa53_0/libsrc/sysmonpsu_v2_6/src -s include  "SHELL=/bin/sh" "COMPILER=aarch64-none-elf-gcc" "ASSEMBLER=aarch6
TRACE::2026-02-28.23:26:32::SCWMssOS::4-none-elf-as" "ARCHIVER=aarch64-none-elf-ar" "COMPILER_FLAGS=  -O2 -c" "EXTRA_COMPILER_FLAGS=-g -Wall -Wextra"

TRACE::2026-02-28.23:26:32::SCWMssOS::Running Make include in psu_cortexa53_0/libsrc/coresightps_dcc_v1_7/src

TRACE::2026-02-28.23:26:32::SCWMssOS::make -C psu_cortexa53_0/libsrc/coresightps_dcc_v1_7/src -s include  "SHELL=/bin/sh" "COMPILER=aarch64-none-elf-gcc" "ASSEMBLER=
TRACE::2026-02-28.23:26:32::SCWMssOS::aarch64-none-elf-as" "ARCHIVER=aarch64-none-elf-ar" "COMPILER_FLAGS=  -O2 -c" "EXTRA_COMPILER_FLAGS=-g -Wall -Wextra"

TRACE::2026-02-28.23:26:32::SCWMssOS::Running Make include in psu_cortexa53_0/libsrc/usbpsu_v1_7/src

TRACE::2026-02-28.23:26:32::SCWMssOS::make -C psu_cortexa53_0/libsrc/usbpsu_v1_7/src -s include  "SHELL=/bin/sh" "COMPILER=aarch64-none-elf-gcc" "ASSEMBLER=aarch64-n
TRACE::2026-02-28.23:26:32::SCWMssOS::one-elf-as" "ARCHIVER=aarch64-none-elf-ar" "COMPILER_FLAGS=  -O2 -c" "EXTRA_COMPILER_FLAGS=-g -Wall -Wextra"

TRACE::2026-02-28.23:26:32::SCWMssOS::Running Make include in psu_cortexa53_0/libsrc/dpdma_v1_2/src

TRACE::2026-02-28.23:26:32::SCWMssOS::make -C psu_cortexa53_0/libsrc/dpdma_v1_2/src -s include  "SHELL=/bin/sh" "COMPILER=aarch64-none-elf-gcc" "ASSEMBLER=aarch64-no
TRACE::2026-02-28.23:26:32::SCWMssOS::ne-elf-as" "ARCHIVER=aarch64-none-elf-ar" "COMPILER_FLAGS=  -O2 -c" "EXTRA_COMPILER_FLAGS=-g -Wall -Wextra"

TRACE::2026-02-28.23:26:32::SCWMssOS::Running Make include in psu_cortexa53_0/libsrc/scugic_v4_2/src

TRACE::2026-02-28.23:26:32::SCWMssOS::make -C psu_cortexa53_0/libsrc/scugic_v4_2/src -s include  "SHELL=/bin/sh" "COMPILER=aarch64-none-elf-gcc" "ASSEMBLER=aarch64-n
TRACE::2026-02-28.23:26:32::SCWMssOS::one-elf-as" "ARCHIVER=aarch64-none-elf-ar" "COMPILER_FLAGS=  -O2 -c" "EXTRA_COMPILER_FLAGS=-g -Wall -Wextra"

TRACE::2026-02-28.23:26:32::SCWMssOS::Running Make include in psu_cortexa53_0/libsrc/emacps_v3_11/src

TRACE::2026-02-28.23:26:32::SCWMssOS::make -C psu_cortexa53_0/libsrc/emacps_v3_11/src -s include  "SHELL=/bin/sh" "COMPILER=aarch64-none-elf-gcc" "ASSEMBLER=aarch64-
TRACE::2026-02-28.23:26:32::SCWMssOS::none-elf-as" "ARCHIVER=aarch64-none-elf-ar" "COMPILER_FLAGS=  -O2 -c" "EXTRA_COMPILER_FLAGS=-g -Wall -Wextra"

TRACE::2026-02-28.23:26:32::SCWMssOS::Running Make include in psu_cortexa53_0/libsrc/ttcps_v3_11/src

TRACE::2026-02-28.23:26:32::SCWMssOS::make -C psu_cortexa53_0/libsrc/ttcps_v3_11/src -s include  "SHELL=/bin/sh" "COMPILER=aarch64-none-elf-gcc" "ASSEMBLER=aarch64-n
TRACE::2026-02-28.23:26:32::SCWMssOS::one-elf-as" "ARCHIVER=aarch64-none-elf-ar" "COMPILER_FLAGS=  -O2 -c" "EXTRA_COMPILER_FLAGS=-g -Wall -Wextra"

TRACE::2026-02-28.23:26:32::SCWMssOS::Running Make libs in psu_cortexa53_0/libsrc/ddrcpsu_v1_2/src

TRACE::2026-02-28.23:26:32::SCWMssOS::make -C psu_cortexa53_0/libsrc/ddrcpsu_v1_2/src -s libs  "SHELL=/bin/sh" "COMPILER=aarch64-none-elf-gcc" "ASSEMBLER=aarch64-non
TRACE::2026-02-28.23:26:32::SCWMssOS::e-elf-as" "ARCHIVER=aarch64-none-elf-ar" "COMPILER_FLAGS=  -O2 -c" "EXTRA_COMPILER_FLAGS=-g -Wall -Wextra"

TRACE::2026-02-28.23:26:32::SCWMssOS::Compiling ddrcpsu

TRACE::2026-02-28.23:26:32::SCWMssOS::Running Make libs in psu_cortexa53_0/libsrc/standalone_v7_2/src

TRACE::2026-02-28.23:26:32::SCWMssOS::make -C psu_cortexa53_0/libsrc/standalone_v7_2/src -s libs  "SHELL=/bin/sh" "COMPILER=aarch64-none-elf-gcc" "ASSEMBLER=aarch64-
TRACE::2026-02-28.23:26:32::SCWMssOS::none-elf-as" "ARCHIVER=aarch64-none-elf-ar" "COMPILER_FLAGS=  -O2 -c" "EXTRA_COMPILER_FLAGS=-g -Wall -Wextra"

TRACE::2026-02-28.23:26:32::SCWMssOS::Compiling standalone ARMv8 64 bit

TRACE::2026-02-28.23:26:35::SCWMssOS::Running Make libs in psu_cortexa53_0/libsrc/iicps_v3_11/src

TRACE::2026-02-28.23:26:35::SCWMssOS::make -C psu_cortexa53_0/libsrc/iicps_v3_11/src -s libs  "SHELL=/bin/sh" "COMPILER=aarch64-none-elf-gcc" "ASSEMBLER=aarch64-none
TRACE::2026-02-28.23:26:35::SCWMssOS::-elf-as" "ARCHIVER=aarch64-none-elf-ar" "COMPILER_FLAGS=  -O2 -c" "EXTRA_COMPILER_FLAGS=-g -Wall -Wextra"

TRACE::2026-02-28.23:26:35::SCWMssOS::Compiling iicps

TRACE::2026-02-28.23:26:36::SCWMssOS::Running Make libs in psu_cortexa53_0/libsrc/rtcpsu_v1_9/src

TRACE::2026-02-28.23:26:36::SCWMssOS::make -C psu_cortexa53_0/libsrc/rtcpsu_v1_9/src -s libs  "SHELL=/bin/sh" "COMPILER=aarch64-none-elf-gcc" "ASSEMBLER=aarch64-none
TRACE::2026-02-28.23:26:36::SCWMssOS::-elf-as" "ARCHIVER=aarch64-none-elf-ar" "COMPILER_FLAGS=  -O2 -c" "EXTRA_COMPILER_FLAGS=-g -Wall -Wextra"

TRACE::2026-02-28.23:26:36::SCWMssOS::Compiling rtcpsu

TRACE::2026-02-28.23:26:37::SCWMssOS::Running Make libs in psu_cortexa53_0/libsrc/resetps_v1_3/src

TRACE::2026-02-28.23:26:37::SCWMssOS::make -C psu_cortexa53_0/libsrc/resetps_v1_3/src -s libs  "SHELL=/bin/sh" "COMPILER=aarch64-none-elf-gcc" "ASSEMBLER=aarch64-non
TRACE::2026-02-28.23:26:37::SCWMssOS::e-elf-as" "ARCHIVER=aarch64-none-elf-ar" "COMPILER_FLAGS=  -O2 -c" "EXTRA_COMPILER_FLAGS=-g -Wall -Wextra"

TRACE::2026-02-28.23:26:37::SCWMssOS::Compiling resetps

TRACE::2026-02-28.23:26:37::SCWMssOS::Running Make libs in psu_cortexa53_0/libsrc/video_common_v4_9/src

TRACE::2026-02-28.23:26:37::SCWMssOS::make -C psu_cortexa53_0/libsrc/video_common_v4_9/src -s libs  "SHELL=/bin/sh" "COMPILER=aarch64-none-elf-gcc" "ASSEMBLER=aarch6
TRACE::2026-02-28.23:26:37::SCWMssOS::4-none-elf-as" "ARCHIVER=aarch64-none-elf-ar" "COMPILER_FLAGS=  -O2 -c" "EXTRA_COMPILER_FLAGS=-g -Wall -Wextra"

TRACE::2026-02-28.23:26:37::SCWMssOS::Compiling video_common

TRACE::2026-02-28.23:26:38::SCWMssOS::Running Make libs in psu_cortexa53_0/libsrc/zdma_v1_9/src

TRACE::2026-02-28.23:26:38::SCWMssOS::make -C psu_cortexa53_0/libsrc/zdma_v1_9/src -s libs  "SHELL=/bin/sh" "COMPILER=aarch64-none-elf-gcc" "ASSEMBLER=aarch64-none-e
TRACE::2026-02-28.23:26:38::SCWMssOS::lf-as" "ARCHIVER=aarch64-none-elf-ar" "COMPILER_FLAGS=  -O2 -c" "EXTRA_COMPILER_FLAGS=-g -Wall -Wextra"

TRACE::2026-02-28.23:26:38::SCWMssOS::Compiling zdma

TRACE::2026-02-28.23:26:39::SCWMssOS::Running Make libs in psu_cortexa53_0/libsrc/avbuf_v2_3/src

TRACE::2026-02-28.23:26:39::SCWMssOS::make -C psu_cortexa53_0/libsrc/avbuf_v2_3/src -s libs  "SHELL=/bin/sh" "COMPILER=aarch64-none-elf-gcc" "ASSEMBLER=aarch64-none-
TRACE::2026-02-28.23:26:39::SCWMssOS::elf-as" "ARCHIVER=aarch64-none-elf-ar" "COMPILER_FLAGS=  -O2 -c" "EXTRA_COMPILER_FLAGS=-g -Wall -Wextra"

TRACE::2026-02-28.23:26:39::SCWMssOS::Compiling avbuf

TRACE::2026-02-28.23:26:39::SCWMssOS::Running Make libs in psu_cortexa53_0/libsrc/gpiops_v3_7/src

TRACE::2026-02-28.23:26:39::SCWMssOS::make -C psu_cortexa53_0/libsrc/gpiops_v3_7/src -s libs  "SHELL=/bin/sh" "COMPILER=aarch64-none-elf-gcc" "ASSEMBLER=aarch64-none
TRACE::2026-02-28.23:26:39::SCWMssOS::-elf-as" "ARCHIVER=aarch64-none-elf-ar" "COMPILER_FLAGS=  -O2 -c" "EXTRA_COMPILER_FLAGS=-g -Wall -Wextra"

TRACE::2026-02-28.23:26:39::SCWMssOS::Compiling gpiops

TRACE::2026-02-28.23:26:40::SCWMssOS::Running Make libs in psu_cortexa53_0/libsrc/cpu_cortexa53_v1_7/src

TRACE::2026-02-28.23:26:40::SCWMssOS::make -C psu_cortexa53_0/libsrc/cpu_cortexa53_v1_7/src -s libs  "SHELL=/bin/sh" "COMPILER=aarch64-none-elf-gcc" "ASSEMBLER=aarch
TRACE::2026-02-28.23:26:40::SCWMssOS::64-none-elf-as" "ARCHIVER=aarch64-none-elf-ar" "COMPILER_FLAGS=  -O2 -c" "EXTRA_COMPILER_FLAGS=-g -Wall -Wextra"

TRACE::2026-02-28.23:26:40::SCWMssOS::Compiling cpu_cortexa53

TRACE::2026-02-28.23:26:40::SCWMssOS::Running Make libs in psu_cortexa53_0/libsrc/canps_v3_4/src

TRACE::2026-02-28.23:26:40::SCWMssOS::make -C psu_cortexa53_0/libsrc/canps_v3_4/src -s libs  "SHELL=/bin/sh" "COMPILER=aarch64-none-elf-gcc" "ASSEMBLER=aarch64-none-
TRACE::2026-02-28.23:26:40::SCWMssOS::elf-as" "ARCHIVER=aarch64-none-elf-ar" "COMPILER_FLAGS=  -O2 -c" "EXTRA_COMPILER_FLAGS=-g -Wall -Wextra"

TRACE::2026-02-28.23:26:40::SCWMssOS::Compiling canps

TRACE::2026-02-28.23:26:41::SCWMssOS::Running Make libs in psu_cortexa53_0/libsrc/csudma_v1_6/src

TRACE::2026-02-28.23:26:41::SCWMssOS::make -C psu_cortexa53_0/libsrc/csudma_v1_6/src -s libs  "SHELL=/bin/sh" "COMPILER=aarch64-none-elf-gcc" "ASSEMBLER=aarch64-none
TRACE::2026-02-28.23:26:41::SCWMssOS::-elf-as" "ARCHIVER=aarch64-none-elf-ar" "COMPILER_FLAGS=  -O2 -c" "EXTRA_COMPILER_FLAGS=-g -Wall -Wextra"

TRACE::2026-02-28.23:26:41::SCWMssOS::Compiling csudma

TRACE::2026-02-28.23:26:41::SCWMssOS::Running Make libs in psu_cortexa53_0/libsrc/qspipsu_v1_11/src

TRACE::2026-02-28.23:26:41::SCWMssOS::make -C psu_cortexa53_0/libsrc/qspipsu_v1_11/src -s libs  "SHELL=/bin/sh" "COMPILER=aarch64-none-elf-gcc" "ASSEMBLER=aarch64-no
TRACE::2026-02-28.23:26:41::SCWMssOS::ne-elf-as" "ARCHIVER=aarch64-none-elf-ar" "COMPILER_FLAGS=  -O2 -c" "EXTRA_COMPILER_FLAGS=-g -Wall -Wextra"

TRACE::2026-02-28.23:26:41::SCWMssOS::Compiling qspipsu

TRACE::2026-02-28.23:26:42::SCWMssOS::Running Make libs in psu_cortexa53_0/libsrc/ipipsu_v2_6/src

TRACE::2026-02-28.23:26:42::SCWMssOS::make -C psu_cortexa53_0/libsrc/ipipsu_v2_6/src -s libs  "SHELL=/bin/sh" "COMPILER=aarch64-none-elf-gcc" "ASSEMBLER=aarch64-none
TRACE::2026-02-28.23:26:42::SCWMssOS::-elf-as" "ARCHIVER=aarch64-none-elf-ar" "COMPILER_FLAGS=  -O2 -c" "EXTRA_COMPILER_FLAGS=-g -Wall -Wextra"

TRACE::2026-02-28.23:26:42::SCWMssOS::Compiling ipipsu

TRACE::2026-02-28.23:26:43::SCWMssOS::Running Make libs in psu_cortexa53_0/libsrc/wdtps_v3_3/src

TRACE::2026-02-28.23:26:43::SCWMssOS::make -C psu_cortexa53_0/libsrc/wdtps_v3_3/src -s libs  "SHELL=/bin/sh" "COMPILER=aarch64-none-elf-gcc" "ASSEMBLER=aarch64-none-
TRACE::2026-02-28.23:26:43::SCWMssOS::elf-as" "ARCHIVER=aarch64-none-elf-ar" "COMPILER_FLAGS=  -O2 -c" "EXTRA_COMPILER_FLAGS=-g -Wall -Wextra"

TRACE::2026-02-28.23:26:43::SCWMssOS::Compiling wdtps

TRACE::2026-02-28.23:26:43::SCWMssOS::Running Make libs in psu_cortexa53_0/libsrc/clockps_v1_2/src

TRACE::2026-02-28.23:26:43::SCWMssOS::make -C psu_cortexa53_0/libsrc/clockps_v1_2/src -s libs  "SHELL=/bin/sh" "COMPILER=aarch64-none-elf-gcc" "ASSEMBLER=aarch64-non
TRACE::2026-02-28.23:26:43::SCWMssOS::e-elf-as" "ARCHIVER=aarch64-none-elf-ar" "COMPILER_FLAGS=  -O2 -c" "EXTRA_COMPILER_FLAGS=-g -Wall -Wextra"

TRACE::2026-02-28.23:26:43::SCWMssOS::Compiling clockps

TRACE::2026-02-28.23:26:44::SCWMssOS::Running Make libs in psu_cortexa53_0/libsrc/sdps_v3_9/src

TRACE::2026-02-28.23:26:44::SCWMssOS::make -C psu_cortexa53_0/libsrc/sdps_v3_9/src -s libs  "SHELL=/bin/sh" "COMPILER=aarch64-none-elf-gcc" "ASSEMBLER=aarch64-none-e
TRACE::2026-02-28.23:26:44::SCWMssOS::lf-as" "ARCHIVER=aarch64-none-elf-ar" "COMPILER_FLAGS=  -O2 -c" "EXTRA_COMPILER_FLAGS=-g -Wall -Wextra"

TRACE::2026-02-28.23:26:44::SCWMssOS::Compiling sdps

TRACE::2026-02-28.23:26:45::SCWMssOS::Running Make libs in psu_cortexa53_0/libsrc/axipmon_v6_8/src

TRACE::2026-02-28.23:26:45::SCWMssOS::make -C psu_cortexa53_0/libsrc/axipmon_v6_8/src -s libs  "SHELL=/bin/sh" "COMPILER=aarch64-none-elf-gcc" "ASSEMBLER=aarch64-non
TRACE::2026-02-28.23:26:45::SCWMssOS::e-elf-as" "ARCHIVER=aarch64-none-elf-ar" "COMPILER_FLAGS=  -O2 -c" "EXTRA_COMPILER_FLAGS=-g -Wall -Wextra"

TRACE::2026-02-28.23:26:45::SCWMssOS::Compiling axipmon

TRACE::2026-02-28.23:26:46::SCWMssOS::Running Make libs in psu_cortexa53_0/libsrc/bram_v4_4/src

TRACE::2026-02-28.23:26:46::SCWMssOS::make -C psu_cortexa53_0/libsrc/bram_v4_4/src -s libs  "SHELL=/bin/sh" "COMPILER=aarch64-none-elf-gcc" "ASSEMBLER=aarch64-none-e
TRACE::2026-02-28.23:26:46::SCWMssOS::lf-as" "ARCHIVER=aarch64-none-elf-ar" "COMPILER_FLAGS=  -O2 -c" "EXTRA_COMPILER_FLAGS=-g -Wall -Wextra"

TRACE::2026-02-28.23:26:46::SCWMssOS::Compiling bram

TRACE::2026-02-28.23:26:46::SCWMssOS::Running Make libs in psu_cortexa53_0/libsrc/uartps_v3_9/src

TRACE::2026-02-28.23:26:46::SCWMssOS::make -C psu_cortexa53_0/libsrc/uartps_v3_9/src -s libs  "SHELL=/bin/sh" "COMPILER=aarch64-none-elf-gcc" "ASSEMBLER=aarch64-none
TRACE::2026-02-28.23:26:46::SCWMssOS::-elf-as" "ARCHIVER=aarch64-none-elf-ar" "COMPILER_FLAGS=  -O2 -c" "EXTRA_COMPILER_FLAGS=-g -Wall -Wextra"

TRACE::2026-02-28.23:26:46::SCWMssOS::Compiling uartps

TRACE::2026-02-28.23:26:47::SCWMssOS::Running Make libs in psu_cortexa53_0/libsrc/sysmonpsu_v2_6/src

TRACE::2026-02-28.23:26:47::SCWMssOS::make -C psu_cortexa53_0/libsrc/sysmonpsu_v2_6/src -s libs  "SHELL=/bin/sh" "COMPILER=aarch64-none-elf-gcc" "ASSEMBLER=aarch64-n
TRACE::2026-02-28.23:26:47::SCWMssOS::one-elf-as" "ARCHIVER=aarch64-none-elf-ar" "COMPILER_FLAGS=  -O2 -c" "EXTRA_COMPILER_FLAGS=-g -Wall -Wextra"

TRACE::2026-02-28.23:26:47::SCWMssOS::Compiling sysmonpsu

TRACE::2026-02-28.23:26:48::SCWMssOS::Running Make libs in psu_cortexa53_0/libsrc/coresightps_dcc_v1_7/src

TRACE::2026-02-28.23:26:48::SCWMssOS::make -C psu_cortexa53_0/libsrc/coresightps_dcc_v1_7/src -s libs  "SHELL=/bin/sh" "COMPILER=aarch64-none-elf-gcc" "ASSEMBLER=aar
TRACE::2026-02-28.23:26:48::SCWMssOS::ch64-none-elf-as" "ARCHIVER=aarch64-none-elf-ar" "COMPILER_FLAGS=  -O2 -c" "EXTRA_COMPILER_FLAGS=-g -Wall -Wextra"

TRACE::2026-02-28.23:26:48::SCWMssOS::Compiling coresightps_dcc

TRACE::2026-02-28.23:26:48::SCWMssOS::Running Make libs in psu_cortexa53_0/libsrc/usbpsu_v1_7/src

TRACE::2026-02-28.23:26:48::SCWMssOS::make -C psu_cortexa53_0/libsrc/usbpsu_v1_7/src -s libs  "SHELL=/bin/sh" "COMPILER=aarch64-none-elf-gcc" "ASSEMBLER=aarch64-none
TRACE::2026-02-28.23:26:48::SCWMssOS::-elf-as" "ARCHIVER=aarch64-none-elf-ar" "COMPILER_FLAGS=  -O2 -c" "EXTRA_COMPILER_FLAGS=-g -Wall -Wextra"

TRACE::2026-02-28.23:26:48::SCWMssOS::Compiling usbpsu

TRACE::2026-02-28.23:26:49::SCWMssOS::Running Make libs in psu_cortexa53_0/libsrc/dpdma_v1_2/src

TRACE::2026-02-28.23:26:49::SCWMssOS::make -C psu_cortexa53_0/libsrc/dpdma_v1_2/src -s libs  "SHELL=/bin/sh" "COMPILER=aarch64-none-elf-gcc" "ASSEMBLER=aarch64-none-
TRACE::2026-02-28.23:26:49::SCWMssOS::elf-as" "ARCHIVER=aarch64-none-elf-ar" "COMPILER_FLAGS=  -O2 -c" "EXTRA_COMPILER_FLAGS=-g -Wall -Wextra"

TRACE::2026-02-28.23:26:49::SCWMssOS::Compiling dpdma

TRACE::2026-02-28.23:26:50::SCWMssOS::Running Make libs in psu_cortexa53_0/libsrc/scugic_v4_2/src

TRACE::2026-02-28.23:26:50::SCWMssOS::make -C psu_cortexa53_0/libsrc/scugic_v4_2/src -s libs  "SHELL=/bin/sh" "COMPILER=aarch64-none-elf-gcc" "ASSEMBLER=aarch64-none
TRACE::2026-02-28.23:26:50::SCWMssOS::-elf-as" "ARCHIVER=aarch64-none-elf-ar" "COMPILER_FLAGS=  -O2 -c" "EXTRA_COMPILER_FLAGS=-g -Wall -Wextra"

TRACE::2026-02-28.23:26:50::SCWMssOS::Compiling scugic

TRACE::2026-02-28.23:26:51::SCWMssOS::Running Make libs in psu_cortexa53_0/libsrc/emacps_v3_11/src

TRACE::2026-02-28.23:26:51::SCWMssOS::make -C psu_cortexa53_0/libsrc/emacps_v3_11/src -s libs  "SHELL=/bin/sh" "COMPILER=aarch64-none-elf-gcc" "ASSEMBLER=aarch64-non
TRACE::2026-02-28.23:26:51::SCWMssOS::e-elf-as" "ARCHIVER=aarch64-none-elf-ar" "COMPILER_FLAGS=  -O2 -c" "EXTRA_COMPILER_FLAGS=-g -Wall -Wextra"

TRACE::2026-02-28.23:26:51::SCWMssOS::Compiling emacps

TRACE::2026-02-28.23:26:52::SCWMssOS::Running Make libs in psu_cortexa53_0/libsrc/ttcps_v3_11/src

TRACE::2026-02-28.23:26:52::SCWMssOS::make -C psu_cortexa53_0/libsrc/ttcps_v3_11/src -s libs  "SHELL=/bin/sh" "COMPILER=aarch64-none-elf-gcc" "ASSEMBLER=aarch64-none
TRACE::2026-02-28.23:26:52::SCWMssOS::-elf-as" "ARCHIVER=aarch64-none-elf-ar" "COMPILER_FLAGS=  -O2 -c" "EXTRA_COMPILER_FLAGS=-g -Wall -Wextra"

TRACE::2026-02-28.23:26:52::SCWMssOS::Compiling ttcps

TRACE::2026-02-28.23:26:52::SCWMssOS::Finished building libraries

TRACE::2026-02-28.23:26:52::SCWMssOS::Copying to export directory.
TRACE::2026-02-28.23:26:52::SCWMssOS:: Checking if to create the Supporting Applications
TRACE::2026-02-28.23:26:52::SCWMssOS:: No Linux domain exists, trying to generate FSBL 
TRACE::2026-02-28.23:26:52::SCWMssOS:: Completed Standalone Artifacts creation 
LOG::2026-02-28.23:26:52::SCWSystem::Completed Processing the domain standalone_domain
LOG::2026-02-28.23:26:52::SCWSystem::Completed Processing the sysconfig bootloader_RV32I
LOG::2026-02-28.23:26:52::SCWPlatform::Completed generating the artifacts for system configuration bootloader_RV32I
TRACE::2026-02-28.23:26:52::SCWPlatform::Started preparing the platform 
TRACE::2026-02-28.23:26:52::SCWSystem::Writing the bif file for system config bootloader_RV32I
TRACE::2026-02-28.23:26:52::SCWSystem::dir created 
TRACE::2026-02-28.23:26:52::SCWSystem::Writing the bif 
TRACE::2026-02-28.23:26:52::SCWPlatform::Started writing the spfm file 
TRACE::2026-02-28.23:26:52::SCWPlatform::Started writing the xpfm file 
TRACE::2026-02-28.23:26:52::SCWPlatform::Completed generating the platform
TRACE::2026-02-28.23:26:52::SCWMssOS::Saving the mss changes /media/steckler/xilinx_linux/SDR_custom/SDR/Software/SDR_Firmware/CPU_N1_ONECYCLE_RISCV_2020_1_MYIR_BRAM_DP/CPU_V1/vitis/bootloader_RV32I/psu_cortexa53_0/standalone_domain/bsp/system.mss
TRACE::2026-02-28.23:26:52::SCWMssOS::Found a swdesign opened with the mssfile.
TRACE::2026-02-28.23:26:52::SCWMssOS::Completed writemss as part of save.
TRACE::2026-02-28.23:26:52::SCWMssOS::Commit changes completed.
TRACE::2026-02-28.23:26:52::SCWPlatform::Trying to open the hw design at /media/steckler/xilinx_linux/SDR_custom/SDR/Software/SDR_Firmware/CPU_N1_ONECYCLE_RISCV_2020_1_MYIR_BRAM_DP/CPU_V1/vitis/bootloader_RV32I/hw/Sections_wrapper.xsa
TRACE::2026-02-28.23:26:52::SCWPlatform::DSA given /media/steckler/xilinx_linux/SDR_custom/SDR/Software/SDR_Firmware/CPU_N1_ONECYCLE_RISCV_2020_1_MYIR_BRAM_DP/CPU_V1/vitis/bootloader_RV32I/hw/Sections_wrapper.xsa
TRACE::2026-02-28.23:26:52::SCWPlatform::DSA absoulate path /media/steckler/xilinx_linux/SDR_custom/SDR/Software/SDR_Firmware/CPU_N1_ONECYCLE_RISCV_2020_1_MYIR_BRAM_DP/CPU_V1/vitis/bootloader_RV32I/hw/Sections_wrapper.xsa
TRACE::2026-02-28.23:26:52::SCWPlatform::DSA directory /media/steckler/xilinx_linux/SDR_custom/SDR/Software/SDR_Firmware/CPU_N1_ONECYCLE_RISCV_2020_1_MYIR_BRAM_DP/CPU_V1/vitis/bootloader_RV32I/hw
TRACE::2026-02-28.23:26:52::SCWPlatform:: Platform Path /media/steckler/xilinx_linux/SDR_custom/SDR/Software/SDR_Firmware/CPU_N1_ONECYCLE_RISCV_2020_1_MYIR_BRAM_DP/CPU_V1/vitis/bootloader_RV32I/hw/Sections_wrapper.xsa
TRACE::2026-02-28.23:26:52::SCWPlatform:: Unique name xilinx:::0.0
TRACE::2026-02-28.23:26:52::SCWPlatform::Trying to set the existing hwdb with name Sections_wrapper_1
TRACE::2026-02-28.23:26:52::SCWPlatform::Opened existing hwdb Sections_wrapper_1
TRACE::2026-02-28.23:26:52::SCWPlatform::Found the Hw Db part of the input DSA
TRACE::2026-02-28.23:26:52::SCWMssOS::Checking the sw design at  /media/steckler/xilinx_linux/SDR_custom/SDR/Software/SDR_Firmware/CPU_N1_ONECYCLE_RISCV_2020_1_MYIR_BRAM_DP/CPU_V1/vitis/bootloader_RV32I/psu_cortexa53_0/standalone_domain/bsp/system.mss
TRACE::2026-02-28.23:26:52::SCWMssOS::DEBUG:  swdes dump  /media/steckler/xilinx_linux/SDR_custom/SDR/Software/SDR_Firmware/CPU_N1_ONECYCLE_RISCV_2020_1_MYIR_BRAM_DP/CPU_V1/vitis/bootloader_RV32I/psu_cortexa53_0/standalone_domain/bsp/system.mss|system||

TRACE::2026-02-28.23:26:52::SCWMssOS::Sw design exists and opened at  /media/steckler/xilinx_linux/SDR_custom/SDR/Software/SDR_Firmware/CPU_N1_ONECYCLE_RISCV_2020_1_MYIR_BRAM_DP/CPU_V1/vitis/bootloader_RV32I/psu_cortexa53_0/standalone_domain/bsp/system.mss
TRACE::2026-02-28.23:26:52::SCWWriter::formatted JSON is {
	"platformName":	"bootloader_RV32I",
	"sprVersion":	"2.0",
	"mode":	"gui",
	"dsaType":	"Fixed",
	"platformDesc":	"bootloader_RV32I",
	"platHandOff":	"/media/steckler/xilinx_linux/SDR_custom/SDR/Software/SDR_Firmware/CPU_N1_ONECYCLE_RISCV_2020_1_MYIR_BRAM_DP/CPU_V1/Sections_wrapper.xsa",
	"platIntHandOff":	"<platformDir>/hw/Sections_wrapper.xsa",
	"deviceType":	"zynqMP",
	"platIsPrebuiltAutogen":	"false",
	"platIsNoBootBsp":	"true",
	"hasFsblMakeHasChanges":	"false",
	"hasPmufwMakeHasChanges":	"false",
	"platPreBuiltFlag":	false,
	"platformSamplesDir":	"",
	"platActiveSys":	"bootloader_RV32I",
	"systems":	[{
			"systemName":	"bootloader_RV32I",
			"systemDesc":	"bootloader_RV32I",
			"sysIsBootAutoGen":	"true",
			"systemDispName":	"bootloader_RV32I",
			"sysActiveDom":	"standalone_domain",
			"sysDefaultDom":	"standalone_domain",
			"domains":	[{
					"domainName":	"standalone_domain",
					"domainDispName":	"standalone on psu_cortexa53_0",
					"domainDesc":	"standalone_domain",
					"processors":	"psu_cortexa53_0",
					"os":	"standalone",
					"sdxOs":	"standalone",
					"qemuArgs":	"/media/steckler/xilinx_linux/vitis_2020.1/Vitis/2020.1/data/emulation/platforms/zynqmp/qemu/qemu_args.txt",
					"qemuData":	"/media/steckler/xilinx_linux/vitis_2020.1/Vitis/2020.1/data/emulation/platforms/zynqmp/qemu/",
					"pmuQemuArgs":	"/media/steckler/xilinx_linux/vitis_2020.1/Vitis/2020.1/data/emulation/platforms/zynqmp/qemu/pmu_args.txt",
					"debugEnable":	"False",
					"domRuntimes":	["cpp"],
					"swRepo":	"",
					"mssOsVer":	"7.2",
					"mssFile":	"",
					"md5Digest":	"d48e97aeb019d0bbe0eaa54e36530e80",
					"compatibleApp":	"",
					"domType":	"mssDomain",
					"arch":	"64-bit",
					"appSettings":	{
						"appCompilerFlags":	"",
						"appLinkerFlags":	""
					},
					"addedLibs":	[],
					"libOptions":	{
						"libsContainingOptions":	[]
					},
					"prebuiltLibs":	{
						"prebuiltIncPath":	[],
						"prebuiltLibPath":	[]
					},
					"isolation":	{
					}
				}]
		}]
}
KEYINFO::2026-02-28.23:26:52::SCWPlatform::updated the xpfm file.
TRACE::2026-02-28.23:26:52::SCWPlatform::Trying to open the hw design at /media/steckler/xilinx_linux/SDR_custom/SDR/Software/SDR_Firmware/CPU_N1_ONECYCLE_RISCV_2020_1_MYIR_BRAM_DP/CPU_V1/vitis/bootloader_RV32I/hw/Sections_wrapper.xsa
TRACE::2026-02-28.23:26:52::SCWPlatform::DSA given /media/steckler/xilinx_linux/SDR_custom/SDR/Software/SDR_Firmware/CPU_N1_ONECYCLE_RISCV_2020_1_MYIR_BRAM_DP/CPU_V1/vitis/bootloader_RV32I/hw/Sections_wrapper.xsa
TRACE::2026-02-28.23:26:52::SCWPlatform::DSA absoulate path /media/steckler/xilinx_linux/SDR_custom/SDR/Software/SDR_Firmware/CPU_N1_ONECYCLE_RISCV_2020_1_MYIR_BRAM_DP/CPU_V1/vitis/bootloader_RV32I/hw/Sections_wrapper.xsa
TRACE::2026-02-28.23:26:52::SCWPlatform::DSA directory /media/steckler/xilinx_linux/SDR_custom/SDR/Software/SDR_Firmware/CPU_N1_ONECYCLE_RISCV_2020_1_MYIR_BRAM_DP/CPU_V1/vitis/bootloader_RV32I/hw
TRACE::2026-02-28.23:26:52::SCWPlatform:: Platform Path /media/steckler/xilinx_linux/SDR_custom/SDR/Software/SDR_Firmware/CPU_N1_ONECYCLE_RISCV_2020_1_MYIR_BRAM_DP/CPU_V1/vitis/bootloader_RV32I/hw/Sections_wrapper.xsa
TRACE::2026-02-28.23:26:52::SCWPlatform:: Unique name xilinx:::0.0
TRACE::2026-02-28.23:26:52::SCWPlatform::Trying to set the existing hwdb with name Sections_wrapper_1
TRACE::2026-02-28.23:26:52::SCWPlatform::Opened existing hwdb Sections_wrapper_1
TRACE::2026-02-28.23:26:52::SCWPlatform::Found the Hw Db part of the input DSA
TRACE::2026-02-28.23:26:52::SCWMssOS::Checking the sw design at  /media/steckler/xilinx_linux/SDR_custom/SDR/Software/SDR_Firmware/CPU_N1_ONECYCLE_RISCV_2020_1_MYIR_BRAM_DP/CPU_V1/vitis/bootloader_RV32I/psu_cortexa53_0/standalone_domain/bsp/system.mss
TRACE::2026-02-28.23:26:52::SCWMssOS::DEBUG:  swdes dump  /media/steckler/xilinx_linux/SDR_custom/SDR/Software/SDR_Firmware/CPU_N1_ONECYCLE_RISCV_2020_1_MYIR_BRAM_DP/CPU_V1/vitis/bootloader_RV32I/psu_cortexa53_0/standalone_domain/bsp/system.mss|system||

TRACE::2026-02-28.23:26:52::SCWMssOS::Sw design exists and opened at  /media/steckler/xilinx_linux/SDR_custom/SDR/Software/SDR_Firmware/CPU_N1_ONECYCLE_RISCV_2020_1_MYIR_BRAM_DP/CPU_V1/vitis/bootloader_RV32I/psu_cortexa53_0/standalone_domain/bsp/system.mss
TRACE::2026-02-28.23:29:09::SCWMssOS::cleaning the bsp 
TRACE::2026-02-28.23:29:09::SCWMssOS::System Command Ran  cd  /media/steckler/xilinx_linux/SDR_custom/SDR/Software/SDR_Firmware/CPU_N1_ONECYCLE_RISCV_2020_1_MYIR_BRAM_DP/CPU_V1/vitis/bootloader_RV32I/psu_cortexa53_0/standalone_domain/bsp ; bash -c "make  clean " 
TRACE::2026-02-28.23:29:09::SCWMssOS::make -C psu_cortexa53_0/libsrc/ddrcpsu_v1_2/src -s clean 

TRACE::2026-02-28.23:29:09::SCWMssOS::make -C psu_cortexa53_0/libsrc/standalone_v7_2/src -s clean 

TRACE::2026-02-28.23:29:09::SCWMssOS::make -C psu_cortexa53_0/libsrc/iicps_v3_11/src -s clean 

TRACE::2026-02-28.23:29:09::SCWMssOS::make -C psu_cortexa53_0/libsrc/rtcpsu_v1_9/src -s clean 

TRACE::2026-02-28.23:29:09::SCWMssOS::make -C psu_cortexa53_0/libsrc/resetps_v1_3/src -s clean 

TRACE::2026-02-28.23:29:09::SCWMssOS::make -C psu_cortexa53_0/libsrc/video_common_v4_9/src -s clean 

TRACE::2026-02-28.23:29:09::SCWMssOS::make -C psu_cortexa53_0/libsrc/zdma_v1_9/src -s clean 

TRACE::2026-02-28.23:29:09::SCWMssOS::make -C psu_cortexa53_0/libsrc/avbuf_v2_3/src -s clean 

TRACE::2026-02-28.23:29:09::SCWMssOS::make -C psu_cortexa53_0/libsrc/gpiops_v3_7/src -s clean 

TRACE::2026-02-28.23:29:09::SCWMssOS::make -C psu_cortexa53_0/libsrc/cpu_cortexa53_v1_7/src -s clean 

TRACE::2026-02-28.23:29:09::SCWMssOS::make -C psu_cortexa53_0/libsrc/canps_v3_4/src -s clean 

TRACE::2026-02-28.23:29:09::SCWMssOS::make -C psu_cortexa53_0/libsrc/csudma_v1_6/src -s clean 

TRACE::2026-02-28.23:29:09::SCWMssOS::make -C psu_cortexa53_0/libsrc/qspipsu_v1_11/src -s clean 

TRACE::2026-02-28.23:29:09::SCWMssOS::make -C psu_cortexa53_0/libsrc/ipipsu_v2_6/src -s clean 

TRACE::2026-02-28.23:29:09::SCWMssOS::make -C psu_cortexa53_0/libsrc/wdtps_v3_3/src -s clean 

TRACE::2026-02-28.23:29:09::SCWMssOS::make -C psu_cortexa53_0/libsrc/clockps_v1_2/src -s clean 

TRACE::2026-02-28.23:29:09::SCWMssOS::make -C psu_cortexa53_0/libsrc/sdps_v3_9/src -s clean 

TRACE::2026-02-28.23:29:09::SCWMssOS::make -C psu_cortexa53_0/libsrc/axipmon_v6_8/src -s clean 

TRACE::2026-02-28.23:29:09::SCWMssOS::make -C psu_cortexa53_0/libsrc/bram_v4_4/src -s clean 

TRACE::2026-02-28.23:29:09::SCWMssOS::make -C psu_cortexa53_0/libsrc/uartps_v3_9/src -s clean 

TRACE::2026-02-28.23:29:09::SCWMssOS::make -C psu_cortexa53_0/libsrc/sysmonpsu_v2_6/src -s clean 

TRACE::2026-02-28.23:29:09::SCWMssOS::make -C psu_cortexa53_0/libsrc/coresightps_dcc_v1_7/src -s clean 

TRACE::2026-02-28.23:29:09::SCWMssOS::make -C psu_cortexa53_0/libsrc/usbpsu_v1_7/src -s clean 

TRACE::2026-02-28.23:29:09::SCWMssOS::make -C psu_cortexa53_0/libsrc/dpdma_v1_2/src -s clean 

TRACE::2026-02-28.23:29:09::SCWMssOS::make -C psu_cortexa53_0/libsrc/scugic_v4_2/src -s clean 

TRACE::2026-02-28.23:29:09::SCWMssOS::make -C psu_cortexa53_0/libsrc/emacps_v3_11/src -s clean 

TRACE::2026-02-28.23:29:09::SCWMssOS::make -C psu_cortexa53_0/libsrc/ttcps_v3_11/src -s clean 

TRACE::2026-02-28.23:29:09::SCWMssOS::rm -f psu_cortexa53_0/lib/libxil.a

LOG::2026-02-28.23:29:15::SCWPlatform::Started generating the artifacts platform bootloader_RV32I
TRACE::2026-02-28.23:29:15::SCWPlatform::Sanity checking of platform is completed
LOG::2026-02-28.23:29:15::SCWPlatform::Started generating the artifacts for system configuration bootloader_RV32I
LOG::2026-02-28.23:29:15::SCWSystem::Checking the domain standalone_domain
LOG::2026-02-28.23:29:15::SCWSystem::Not a boot domain 
LOG::2026-02-28.23:29:15::SCWSystem::Started Processing the domain standalone_domain
TRACE::2026-02-28.23:29:15::SCWDomain::Generating domain artifcats
TRACE::2026-02-28.23:29:15::SCWMssOS::Generating standalone artifcats
TRACE::2026-02-28.23:29:15::SCWMssOS::Copying the qemu file from  /media/steckler/xilinx_linux/vitis_2020.1/Vitis/2020.1/data/emulation/platforms/zynqmp/qemu/qemu_args.txt To /media/steckler/xilinx_linux/SDR_custom/SDR/Software/SDR_Firmware/CPU_N1_ONECYCLE_RISCV_2020_1_MYIR_BRAM_DP/CPU_V1/vitis/bootloader_RV32I/export/bootloader_RV32I/sw/bootloader_RV32I/qemu/
TRACE::2026-02-28.23:29:15::SCWMssOS::Copying the qemu file from  /media/steckler/xilinx_linux/vitis_2020.1/Vitis/2020.1/data/emulation/platforms/zynqmp/qemu/qemu_args.txt To /media/steckler/xilinx_linux/SDR_custom/SDR/Software/SDR_Firmware/CPU_N1_ONECYCLE_RISCV_2020_1_MYIR_BRAM_DP/CPU_V1/vitis/bootloader_RV32I/export/bootloader_RV32I/sw/bootloader_RV32I/qemu/
TRACE::2026-02-28.23:29:15::SCWMssOS::Copying the qemu file from  /media/steckler/xilinx_linux/vitis_2020.1/Vitis/2020.1/data/emulation/platforms/zynqmp/qemu/qemu_args.txt To /media/steckler/xilinx_linux/SDR_custom/SDR/Software/SDR_Firmware/CPU_N1_ONECYCLE_RISCV_2020_1_MYIR_BRAM_DP/CPU_V1/vitis/bootloader_RV32I/export/bootloader_RV32I/sw/bootloader_RV32I/standalone_domain/qemu/
TRACE::2026-02-28.23:29:15::SCWMssOS::Copying the qemu file from  /media/steckler/xilinx_linux/vitis_2020.1/Vitis/2020.1/data/emulation/platforms/zynqmp/qemu/qemu_args.txt To /media/steckler/xilinx_linux/SDR_custom/SDR/Software/SDR_Firmware/CPU_N1_ONECYCLE_RISCV_2020_1_MYIR_BRAM_DP/CPU_V1/vitis/bootloader_RV32I/export/bootloader_RV32I/sw/bootloader_RV32I/standalone_domain/qemu/
TRACE::2026-02-28.23:29:15::SCWMssOS:: Copying the user libraries. 
TRACE::2026-02-28.23:29:15::SCWPlatform::Trying to open the hw design at /media/steckler/xilinx_linux/SDR_custom/SDR/Software/SDR_Firmware/CPU_N1_ONECYCLE_RISCV_2020_1_MYIR_BRAM_DP/CPU_V1/vitis/bootloader_RV32I/hw/Sections_wrapper.xsa
TRACE::2026-02-28.23:29:15::SCWPlatform::DSA given /media/steckler/xilinx_linux/SDR_custom/SDR/Software/SDR_Firmware/CPU_N1_ONECYCLE_RISCV_2020_1_MYIR_BRAM_DP/CPU_V1/vitis/bootloader_RV32I/hw/Sections_wrapper.xsa
TRACE::2026-02-28.23:29:15::SCWPlatform::DSA absoulate path /media/steckler/xilinx_linux/SDR_custom/SDR/Software/SDR_Firmware/CPU_N1_ONECYCLE_RISCV_2020_1_MYIR_BRAM_DP/CPU_V1/vitis/bootloader_RV32I/hw/Sections_wrapper.xsa
TRACE::2026-02-28.23:29:15::SCWPlatform::DSA directory /media/steckler/xilinx_linux/SDR_custom/SDR/Software/SDR_Firmware/CPU_N1_ONECYCLE_RISCV_2020_1_MYIR_BRAM_DP/CPU_V1/vitis/bootloader_RV32I/hw
TRACE::2026-02-28.23:29:15::SCWPlatform:: Platform Path /media/steckler/xilinx_linux/SDR_custom/SDR/Software/SDR_Firmware/CPU_N1_ONECYCLE_RISCV_2020_1_MYIR_BRAM_DP/CPU_V1/vitis/bootloader_RV32I/hw/Sections_wrapper.xsa
TRACE::2026-02-28.23:29:15::SCWPlatform:: Unique name xilinx:::0.0
TRACE::2026-02-28.23:29:15::SCWPlatform::Trying to set the existing hwdb with name Sections_wrapper_1
TRACE::2026-02-28.23:29:15::SCWPlatform::Opened existing hwdb Sections_wrapper_1
TRACE::2026-02-28.23:29:15::SCWPlatform::Found the Hw Db part of the input DSA
TRACE::2026-02-28.23:29:15::SCWMssOS::Checking the sw design at  /media/steckler/xilinx_linux/SDR_custom/SDR/Software/SDR_Firmware/CPU_N1_ONECYCLE_RISCV_2020_1_MYIR_BRAM_DP/CPU_V1/vitis/bootloader_RV32I/psu_cortexa53_0/standalone_domain/bsp/system.mss
TRACE::2026-02-28.23:29:15::SCWMssOS::DEBUG:  swdes dump  /media/steckler/xilinx_linux/SDR_custom/SDR/Software/SDR_Firmware/CPU_N1_ONECYCLE_RISCV_2020_1_MYIR_BRAM_DP/CPU_V1/vitis/bootloader_RV32I/psu_cortexa53_0/standalone_domain/bsp/system.mss|system||

TRACE::2026-02-28.23:29:15::SCWMssOS::Sw design exists and opened at  /media/steckler/xilinx_linux/SDR_custom/SDR/Software/SDR_Firmware/CPU_N1_ONECYCLE_RISCV_2020_1_MYIR_BRAM_DP/CPU_V1/vitis/bootloader_RV32I/psu_cortexa53_0/standalone_domain/bsp/system.mss
TRACE::2026-02-28.23:29:15::SCWMssOS::Completed writing the mss file at /media/steckler/xilinx_linux/SDR_custom/SDR/Software/SDR_Firmware/CPU_N1_ONECYCLE_RISCV_2020_1_MYIR_BRAM_DP/CPU_V1/vitis/bootloader_RV32I/psu_cortexa53_0/standalone_domain/bsp
TRACE::2026-02-28.23:29:15::SCWMssOS::Mss edits present, copying mssfile into export location /media/steckler/xilinx_linux/SDR_custom/SDR/Software/SDR_Firmware/CPU_N1_ONECYCLE_RISCV_2020_1_MYIR_BRAM_DP/CPU_V1/vitis/bootloader_RV32I/psu_cortexa53_0/standalone_domain/bsp/system.mss
TRACE::2026-02-28.23:29:15::SCWMssOS::bsp generated is upto date with the mss file. Skipping bsp generation.
TRACE::2026-02-28.23:29:15::SCWMssOS::BSP is already built. skipping the bsp build ... 
TRACE::2026-02-28.23:29:15::SCWDomain::Building the domain as part of full build :  standalone_domain
TRACE::2026-02-28.23:29:15::SCWMssOS::doing bsp build ... 
TRACE::2026-02-28.23:29:15::SCWMssOS::System Command Ran  cd  /media/steckler/xilinx_linux/SDR_custom/SDR/Software/SDR_Firmware/CPU_N1_ONECYCLE_RISCV_2020_1_MYIR_BRAM_DP/CPU_V1/vitis/bootloader_RV32I/psu_cortexa53_0/standalone_domain/bsp ; bash -c "make  " 
TRACE::2026-02-28.23:29:15::SCWMssOS::Running Make include in psu_cortexa53_0/libsrc/ddrcpsu_v1_2/src

TRACE::2026-02-28.23:29:15::SCWMssOS::make -C psu_cortexa53_0/libsrc/ddrcpsu_v1_2/src -s include  "SHELL=/bin/sh" "COMPILER=aarch64-none-elf-gcc" "ASSEMBLER=aarch64-
TRACE::2026-02-28.23:29:15::SCWMssOS::none-elf-as" "ARCHIVER=aarch64-none-elf-ar" "COMPILER_FLAGS=  -O2 -c" "EXTRA_COMPILER_FLAGS=-g -Wall -Wextra"

TRACE::2026-02-28.23:29:15::SCWMssOS::Running Make include in psu_cortexa53_0/libsrc/standalone_v7_2/src

TRACE::2026-02-28.23:29:15::SCWMssOS::make -C psu_cortexa53_0/libsrc/standalone_v7_2/src -s include  "SHELL=/bin/sh" "COMPILER=aarch64-none-elf-gcc" "ASSEMBLER=aarch
TRACE::2026-02-28.23:29:15::SCWMssOS::64-none-elf-as" "ARCHIVER=aarch64-none-elf-ar" "COMPILER_FLAGS=  -O2 -c" "EXTRA_COMPILER_FLAGS=-g -Wall -Wextra"

TRACE::2026-02-28.23:29:15::SCWMssOS::Running Make include in psu_cortexa53_0/libsrc/iicps_v3_11/src

TRACE::2026-02-28.23:29:15::SCWMssOS::make -C psu_cortexa53_0/libsrc/iicps_v3_11/src -s include  "SHELL=/bin/sh" "COMPILER=aarch64-none-elf-gcc" "ASSEMBLER=aarch64-n
TRACE::2026-02-28.23:29:15::SCWMssOS::one-elf-as" "ARCHIVER=aarch64-none-elf-ar" "COMPILER_FLAGS=  -O2 -c" "EXTRA_COMPILER_FLAGS=-g -Wall -Wextra"

TRACE::2026-02-28.23:29:15::SCWMssOS::Running Make include in psu_cortexa53_0/libsrc/rtcpsu_v1_9/src

TRACE::2026-02-28.23:29:15::SCWMssOS::make -C psu_cortexa53_0/libsrc/rtcpsu_v1_9/src -s include  "SHELL=/bin/sh" "COMPILER=aarch64-none-elf-gcc" "ASSEMBLER=aarch64-n
TRACE::2026-02-28.23:29:15::SCWMssOS::one-elf-as" "ARCHIVER=aarch64-none-elf-ar" "COMPILER_FLAGS=  -O2 -c" "EXTRA_COMPILER_FLAGS=-g -Wall -Wextra"

TRACE::2026-02-28.23:29:15::SCWMssOS::Running Make include in psu_cortexa53_0/libsrc/resetps_v1_3/src

TRACE::2026-02-28.23:29:15::SCWMssOS::make -C psu_cortexa53_0/libsrc/resetps_v1_3/src -s include  "SHELL=/bin/sh" "COMPILER=aarch64-none-elf-gcc" "ASSEMBLER=aarch64-
TRACE::2026-02-28.23:29:15::SCWMssOS::none-elf-as" "ARCHIVER=aarch64-none-elf-ar" "COMPILER_FLAGS=  -O2 -c" "EXTRA_COMPILER_FLAGS=-g -Wall -Wextra"

TRACE::2026-02-28.23:29:15::SCWMssOS::Running Make include in psu_cortexa53_0/libsrc/video_common_v4_9/src

TRACE::2026-02-28.23:29:15::SCWMssOS::make -C psu_cortexa53_0/libsrc/video_common_v4_9/src -s include  "SHELL=/bin/sh" "COMPILER=aarch64-none-elf-gcc" "ASSEMBLER=aar
TRACE::2026-02-28.23:29:15::SCWMssOS::ch64-none-elf-as" "ARCHIVER=aarch64-none-elf-ar" "COMPILER_FLAGS=  -O2 -c" "EXTRA_COMPILER_FLAGS=-g -Wall -Wextra"

TRACE::2026-02-28.23:29:15::SCWMssOS::Running Make include in psu_cortexa53_0/libsrc/zdma_v1_9/src

TRACE::2026-02-28.23:29:15::SCWMssOS::make -C psu_cortexa53_0/libsrc/zdma_v1_9/src -s include  "SHELL=/bin/sh" "COMPILER=aarch64-none-elf-gcc" "ASSEMBLER=aarch64-non
TRACE::2026-02-28.23:29:15::SCWMssOS::e-elf-as" "ARCHIVER=aarch64-none-elf-ar" "COMPILER_FLAGS=  -O2 -c" "EXTRA_COMPILER_FLAGS=-g -Wall -Wextra"

TRACE::2026-02-28.23:29:15::SCWMssOS::Running Make include in psu_cortexa53_0/libsrc/avbuf_v2_3/src

TRACE::2026-02-28.23:29:15::SCWMssOS::make -C psu_cortexa53_0/libsrc/avbuf_v2_3/src -s include  "SHELL=/bin/sh" "COMPILER=aarch64-none-elf-gcc" "ASSEMBLER=aarch64-no
TRACE::2026-02-28.23:29:15::SCWMssOS::ne-elf-as" "ARCHIVER=aarch64-none-elf-ar" "COMPILER_FLAGS=  -O2 -c" "EXTRA_COMPILER_FLAGS=-g -Wall -Wextra"

TRACE::2026-02-28.23:29:15::SCWMssOS::Running Make include in psu_cortexa53_0/libsrc/gpiops_v3_7/src

TRACE::2026-02-28.23:29:15::SCWMssOS::make -C psu_cortexa53_0/libsrc/gpiops_v3_7/src -s include  "SHELL=/bin/sh" "COMPILER=aarch64-none-elf-gcc" "ASSEMBLER=aarch64-n
TRACE::2026-02-28.23:29:15::SCWMssOS::one-elf-as" "ARCHIVER=aarch64-none-elf-ar" "COMPILER_FLAGS=  -O2 -c" "EXTRA_COMPILER_FLAGS=-g -Wall -Wextra"

TRACE::2026-02-28.23:29:15::SCWMssOS::Running Make include in psu_cortexa53_0/libsrc/cpu_cortexa53_v1_7/src

TRACE::2026-02-28.23:29:15::SCWMssOS::make -C psu_cortexa53_0/libsrc/cpu_cortexa53_v1_7/src -s include  "SHELL=/bin/sh" "COMPILER=aarch64-none-elf-gcc" "ASSEMBLER=aa
TRACE::2026-02-28.23:29:15::SCWMssOS::rch64-none-elf-as" "ARCHIVER=aarch64-none-elf-ar" "COMPILER_FLAGS=  -O2 -c" "EXTRA_COMPILER_FLAGS=-g -Wall -Wextra"

TRACE::2026-02-28.23:29:15::SCWMssOS::Running Make include in psu_cortexa53_0/libsrc/canps_v3_4/src

TRACE::2026-02-28.23:29:15::SCWMssOS::make -C psu_cortexa53_0/libsrc/canps_v3_4/src -s include  "SHELL=/bin/sh" "COMPILER=aarch64-none-elf-gcc" "ASSEMBLER=aarch64-no
TRACE::2026-02-28.23:29:15::SCWMssOS::ne-elf-as" "ARCHIVER=aarch64-none-elf-ar" "COMPILER_FLAGS=  -O2 -c" "EXTRA_COMPILER_FLAGS=-g -Wall -Wextra"

TRACE::2026-02-28.23:29:15::SCWMssOS::Running Make include in psu_cortexa53_0/libsrc/csudma_v1_6/src

TRACE::2026-02-28.23:29:15::SCWMssOS::make -C psu_cortexa53_0/libsrc/csudma_v1_6/src -s include  "SHELL=/bin/sh" "COMPILER=aarch64-none-elf-gcc" "ASSEMBLER=aarch64-n
TRACE::2026-02-28.23:29:15::SCWMssOS::one-elf-as" "ARCHIVER=aarch64-none-elf-ar" "COMPILER_FLAGS=  -O2 -c" "EXTRA_COMPILER_FLAGS=-g -Wall -Wextra"

TRACE::2026-02-28.23:29:15::SCWMssOS::Running Make include in psu_cortexa53_0/libsrc/qspipsu_v1_11/src

TRACE::2026-02-28.23:29:15::SCWMssOS::make -C psu_cortexa53_0/libsrc/qspipsu_v1_11/src -s include  "SHELL=/bin/sh" "COMPILER=aarch64-none-elf-gcc" "ASSEMBLER=aarch64
TRACE::2026-02-28.23:29:15::SCWMssOS::-none-elf-as" "ARCHIVER=aarch64-none-elf-ar" "COMPILER_FLAGS=  -O2 -c" "EXTRA_COMPILER_FLAGS=-g -Wall -Wextra"

TRACE::2026-02-28.23:29:15::SCWMssOS::Running Make include in psu_cortexa53_0/libsrc/ipipsu_v2_6/src

TRACE::2026-02-28.23:29:15::SCWMssOS::make -C psu_cortexa53_0/libsrc/ipipsu_v2_6/src -s include  "SHELL=/bin/sh" "COMPILER=aarch64-none-elf-gcc" "ASSEMBLER=aarch64-n
TRACE::2026-02-28.23:29:15::SCWMssOS::one-elf-as" "ARCHIVER=aarch64-none-elf-ar" "COMPILER_FLAGS=  -O2 -c" "EXTRA_COMPILER_FLAGS=-g -Wall -Wextra"

TRACE::2026-02-28.23:29:15::SCWMssOS::Running Make include in psu_cortexa53_0/libsrc/wdtps_v3_3/src

TRACE::2026-02-28.23:29:15::SCWMssOS::make -C psu_cortexa53_0/libsrc/wdtps_v3_3/src -s include  "SHELL=/bin/sh" "COMPILER=aarch64-none-elf-gcc" "ASSEMBLER=aarch64-no
TRACE::2026-02-28.23:29:15::SCWMssOS::ne-elf-as" "ARCHIVER=aarch64-none-elf-ar" "COMPILER_FLAGS=  -O2 -c" "EXTRA_COMPILER_FLAGS=-g -Wall -Wextra"

TRACE::2026-02-28.23:29:15::SCWMssOS::Running Make include in psu_cortexa53_0/libsrc/clockps_v1_2/src

TRACE::2026-02-28.23:29:15::SCWMssOS::make -C psu_cortexa53_0/libsrc/clockps_v1_2/src -s include  "SHELL=/bin/sh" "COMPILER=aarch64-none-elf-gcc" "ASSEMBLER=aarch64-
TRACE::2026-02-28.23:29:15::SCWMssOS::none-elf-as" "ARCHIVER=aarch64-none-elf-ar" "COMPILER_FLAGS=  -O2 -c" "EXTRA_COMPILER_FLAGS=-g -Wall -Wextra"

TRACE::2026-02-28.23:29:15::SCWMssOS::Running Make include in psu_cortexa53_0/libsrc/sdps_v3_9/src

TRACE::2026-02-28.23:29:15::SCWMssOS::make -C psu_cortexa53_0/libsrc/sdps_v3_9/src -s include  "SHELL=/bin/sh" "COMPILER=aarch64-none-elf-gcc" "ASSEMBLER=aarch64-non
TRACE::2026-02-28.23:29:15::SCWMssOS::e-elf-as" "ARCHIVER=aarch64-none-elf-ar" "COMPILER_FLAGS=  -O2 -c" "EXTRA_COMPILER_FLAGS=-g -Wall -Wextra"

TRACE::2026-02-28.23:29:15::SCWMssOS::Running Make include in psu_cortexa53_0/libsrc/axipmon_v6_8/src

TRACE::2026-02-28.23:29:15::SCWMssOS::make -C psu_cortexa53_0/libsrc/axipmon_v6_8/src -s include  "SHELL=/bin/sh" "COMPILER=aarch64-none-elf-gcc" "ASSEMBLER=aarch64-
TRACE::2026-02-28.23:29:15::SCWMssOS::none-elf-as" "ARCHIVER=aarch64-none-elf-ar" "COMPILER_FLAGS=  -O2 -c" "EXTRA_COMPILER_FLAGS=-g -Wall -Wextra"

TRACE::2026-02-28.23:29:15::SCWMssOS::Running Make include in psu_cortexa53_0/libsrc/bram_v4_4/src

TRACE::2026-02-28.23:29:15::SCWMssOS::make -C psu_cortexa53_0/libsrc/bram_v4_4/src -s include  "SHELL=/bin/sh" "COMPILER=aarch64-none-elf-gcc" "ASSEMBLER=aarch64-non
TRACE::2026-02-28.23:29:15::SCWMssOS::e-elf-as" "ARCHIVER=aarch64-none-elf-ar" "COMPILER_FLAGS=  -O2 -c" "EXTRA_COMPILER_FLAGS=-g -Wall -Wextra"

TRACE::2026-02-28.23:29:15::SCWMssOS::Running Make include in psu_cortexa53_0/libsrc/uartps_v3_9/src

TRACE::2026-02-28.23:29:15::SCWMssOS::make -C psu_cortexa53_0/libsrc/uartps_v3_9/src -s include  "SHELL=/bin/sh" "COMPILER=aarch64-none-elf-gcc" "ASSEMBLER=aarch64-n
TRACE::2026-02-28.23:29:15::SCWMssOS::one-elf-as" "ARCHIVER=aarch64-none-elf-ar" "COMPILER_FLAGS=  -O2 -c" "EXTRA_COMPILER_FLAGS=-g -Wall -Wextra"

TRACE::2026-02-28.23:29:15::SCWMssOS::Running Make include in psu_cortexa53_0/libsrc/sysmonpsu_v2_6/src

TRACE::2026-02-28.23:29:15::SCWMssOS::make -C psu_cortexa53_0/libsrc/sysmonpsu_v2_6/src -s include  "SHELL=/bin/sh" "COMPILER=aarch64-none-elf-gcc" "ASSEMBLER=aarch6
TRACE::2026-02-28.23:29:15::SCWMssOS::4-none-elf-as" "ARCHIVER=aarch64-none-elf-ar" "COMPILER_FLAGS=  -O2 -c" "EXTRA_COMPILER_FLAGS=-g -Wall -Wextra"

TRACE::2026-02-28.23:29:15::SCWMssOS::Running Make include in psu_cortexa53_0/libsrc/coresightps_dcc_v1_7/src

TRACE::2026-02-28.23:29:15::SCWMssOS::make -C psu_cortexa53_0/libsrc/coresightps_dcc_v1_7/src -s include  "SHELL=/bin/sh" "COMPILER=aarch64-none-elf-gcc" "ASSEMBLER=
TRACE::2026-02-28.23:29:15::SCWMssOS::aarch64-none-elf-as" "ARCHIVER=aarch64-none-elf-ar" "COMPILER_FLAGS=  -O2 -c" "EXTRA_COMPILER_FLAGS=-g -Wall -Wextra"

TRACE::2026-02-28.23:29:15::SCWMssOS::Running Make include in psu_cortexa53_0/libsrc/usbpsu_v1_7/src

TRACE::2026-02-28.23:29:15::SCWMssOS::make -C psu_cortexa53_0/libsrc/usbpsu_v1_7/src -s include  "SHELL=/bin/sh" "COMPILER=aarch64-none-elf-gcc" "ASSEMBLER=aarch64-n
TRACE::2026-02-28.23:29:15::SCWMssOS::one-elf-as" "ARCHIVER=aarch64-none-elf-ar" "COMPILER_FLAGS=  -O2 -c" "EXTRA_COMPILER_FLAGS=-g -Wall -Wextra"

TRACE::2026-02-28.23:29:15::SCWMssOS::Running Make include in psu_cortexa53_0/libsrc/dpdma_v1_2/src

TRACE::2026-02-28.23:29:15::SCWMssOS::make -C psu_cortexa53_0/libsrc/dpdma_v1_2/src -s include  "SHELL=/bin/sh" "COMPILER=aarch64-none-elf-gcc" "ASSEMBLER=aarch64-no
TRACE::2026-02-28.23:29:15::SCWMssOS::ne-elf-as" "ARCHIVER=aarch64-none-elf-ar" "COMPILER_FLAGS=  -O2 -c" "EXTRA_COMPILER_FLAGS=-g -Wall -Wextra"

TRACE::2026-02-28.23:29:15::SCWMssOS::Running Make include in psu_cortexa53_0/libsrc/scugic_v4_2/src

TRACE::2026-02-28.23:29:15::SCWMssOS::make -C psu_cortexa53_0/libsrc/scugic_v4_2/src -s include  "SHELL=/bin/sh" "COMPILER=aarch64-none-elf-gcc" "ASSEMBLER=aarch64-n
TRACE::2026-02-28.23:29:15::SCWMssOS::one-elf-as" "ARCHIVER=aarch64-none-elf-ar" "COMPILER_FLAGS=  -O2 -c" "EXTRA_COMPILER_FLAGS=-g -Wall -Wextra"

TRACE::2026-02-28.23:29:15::SCWMssOS::Running Make include in psu_cortexa53_0/libsrc/emacps_v3_11/src

TRACE::2026-02-28.23:29:15::SCWMssOS::make -C psu_cortexa53_0/libsrc/emacps_v3_11/src -s include  "SHELL=/bin/sh" "COMPILER=aarch64-none-elf-gcc" "ASSEMBLER=aarch64-
TRACE::2026-02-28.23:29:15::SCWMssOS::none-elf-as" "ARCHIVER=aarch64-none-elf-ar" "COMPILER_FLAGS=  -O2 -c" "EXTRA_COMPILER_FLAGS=-g -Wall -Wextra"

TRACE::2026-02-28.23:29:15::SCWMssOS::Running Make include in psu_cortexa53_0/libsrc/ttcps_v3_11/src

TRACE::2026-02-28.23:29:15::SCWMssOS::make -C psu_cortexa53_0/libsrc/ttcps_v3_11/src -s include  "SHELL=/bin/sh" "COMPILER=aarch64-none-elf-gcc" "ASSEMBLER=aarch64-n
TRACE::2026-02-28.23:29:15::SCWMssOS::one-elf-as" "ARCHIVER=aarch64-none-elf-ar" "COMPILER_FLAGS=  -O2 -c" "EXTRA_COMPILER_FLAGS=-g -Wall -Wextra"

TRACE::2026-02-28.23:29:15::SCWMssOS::Running Make libs in psu_cortexa53_0/libsrc/ddrcpsu_v1_2/src

TRACE::2026-02-28.23:29:15::SCWMssOS::make -C psu_cortexa53_0/libsrc/ddrcpsu_v1_2/src -s libs  "SHELL=/bin/sh" "COMPILER=aarch64-none-elf-gcc" "ASSEMBLER=aarch64-non
TRACE::2026-02-28.23:29:15::SCWMssOS::e-elf-as" "ARCHIVER=aarch64-none-elf-ar" "COMPILER_FLAGS=  -O2 -c" "EXTRA_COMPILER_FLAGS=-g -Wall -Wextra"

TRACE::2026-02-28.23:29:15::SCWMssOS::Compiling ddrcpsu

TRACE::2026-02-28.23:29:15::SCWMssOS::Running Make libs in psu_cortexa53_0/libsrc/standalone_v7_2/src

TRACE::2026-02-28.23:29:15::SCWMssOS::make -C psu_cortexa53_0/libsrc/standalone_v7_2/src -s libs  "SHELL=/bin/sh" "COMPILER=aarch64-none-elf-gcc" "ASSEMBLER=aarch64-
TRACE::2026-02-28.23:29:15::SCWMssOS::none-elf-as" "ARCHIVER=aarch64-none-elf-ar" "COMPILER_FLAGS=  -O2 -c" "EXTRA_COMPILER_FLAGS=-g -Wall -Wextra"

TRACE::2026-02-28.23:29:15::SCWMssOS::Compiling standalone ARMv8 64 bit

TRACE::2026-02-28.23:29:18::SCWMssOS::Running Make libs in psu_cortexa53_0/libsrc/iicps_v3_11/src

TRACE::2026-02-28.23:29:18::SCWMssOS::make -C psu_cortexa53_0/libsrc/iicps_v3_11/src -s libs  "SHELL=/bin/sh" "COMPILER=aarch64-none-elf-gcc" "ASSEMBLER=aarch64-none
TRACE::2026-02-28.23:29:18::SCWMssOS::-elf-as" "ARCHIVER=aarch64-none-elf-ar" "COMPILER_FLAGS=  -O2 -c" "EXTRA_COMPILER_FLAGS=-g -Wall -Wextra"

TRACE::2026-02-28.23:29:18::SCWMssOS::Compiling iicps

TRACE::2026-02-28.23:29:19::SCWMssOS::Running Make libs in psu_cortexa53_0/libsrc/rtcpsu_v1_9/src

TRACE::2026-02-28.23:29:19::SCWMssOS::make -C psu_cortexa53_0/libsrc/rtcpsu_v1_9/src -s libs  "SHELL=/bin/sh" "COMPILER=aarch64-none-elf-gcc" "ASSEMBLER=aarch64-none
TRACE::2026-02-28.23:29:19::SCWMssOS::-elf-as" "ARCHIVER=aarch64-none-elf-ar" "COMPILER_FLAGS=  -O2 -c" "EXTRA_COMPILER_FLAGS=-g -Wall -Wextra"

TRACE::2026-02-28.23:29:19::SCWMssOS::Compiling rtcpsu

TRACE::2026-02-28.23:29:20::SCWMssOS::Running Make libs in psu_cortexa53_0/libsrc/resetps_v1_3/src

TRACE::2026-02-28.23:29:20::SCWMssOS::make -C psu_cortexa53_0/libsrc/resetps_v1_3/src -s libs  "SHELL=/bin/sh" "COMPILER=aarch64-none-elf-gcc" "ASSEMBLER=aarch64-non
TRACE::2026-02-28.23:29:20::SCWMssOS::e-elf-as" "ARCHIVER=aarch64-none-elf-ar" "COMPILER_FLAGS=  -O2 -c" "EXTRA_COMPILER_FLAGS=-g -Wall -Wextra"

TRACE::2026-02-28.23:29:20::SCWMssOS::Compiling resetps

TRACE::2026-02-28.23:29:20::SCWMssOS::Running Make libs in psu_cortexa53_0/libsrc/video_common_v4_9/src

TRACE::2026-02-28.23:29:20::SCWMssOS::make -C psu_cortexa53_0/libsrc/video_common_v4_9/src -s libs  "SHELL=/bin/sh" "COMPILER=aarch64-none-elf-gcc" "ASSEMBLER=aarch6
TRACE::2026-02-28.23:29:20::SCWMssOS::4-none-elf-as" "ARCHIVER=aarch64-none-elf-ar" "COMPILER_FLAGS=  -O2 -c" "EXTRA_COMPILER_FLAGS=-g -Wall -Wextra"

TRACE::2026-02-28.23:29:20::SCWMssOS::Compiling video_common

TRACE::2026-02-28.23:29:21::SCWMssOS::Running Make libs in psu_cortexa53_0/libsrc/zdma_v1_9/src

TRACE::2026-02-28.23:29:21::SCWMssOS::make -C psu_cortexa53_0/libsrc/zdma_v1_9/src -s libs  "SHELL=/bin/sh" "COMPILER=aarch64-none-elf-gcc" "ASSEMBLER=aarch64-none-e
TRACE::2026-02-28.23:29:21::SCWMssOS::lf-as" "ARCHIVER=aarch64-none-elf-ar" "COMPILER_FLAGS=  -O2 -c" "EXTRA_COMPILER_FLAGS=-g -Wall -Wextra"

TRACE::2026-02-28.23:29:21::SCWMssOS::Compiling zdma

TRACE::2026-02-28.23:29:22::SCWMssOS::Running Make libs in psu_cortexa53_0/libsrc/avbuf_v2_3/src

TRACE::2026-02-28.23:29:22::SCWMssOS::make -C psu_cortexa53_0/libsrc/avbuf_v2_3/src -s libs  "SHELL=/bin/sh" "COMPILER=aarch64-none-elf-gcc" "ASSEMBLER=aarch64-none-
TRACE::2026-02-28.23:29:22::SCWMssOS::elf-as" "ARCHIVER=aarch64-none-elf-ar" "COMPILER_FLAGS=  -O2 -c" "EXTRA_COMPILER_FLAGS=-g -Wall -Wextra"

TRACE::2026-02-28.23:29:22::SCWMssOS::Compiling avbuf

TRACE::2026-02-28.23:29:22::SCWMssOS::Running Make libs in psu_cortexa53_0/libsrc/gpiops_v3_7/src

TRACE::2026-02-28.23:29:22::SCWMssOS::make -C psu_cortexa53_0/libsrc/gpiops_v3_7/src -s libs  "SHELL=/bin/sh" "COMPILER=aarch64-none-elf-gcc" "ASSEMBLER=aarch64-none
TRACE::2026-02-28.23:29:22::SCWMssOS::-elf-as" "ARCHIVER=aarch64-none-elf-ar" "COMPILER_FLAGS=  -O2 -c" "EXTRA_COMPILER_FLAGS=-g -Wall -Wextra"

TRACE::2026-02-28.23:29:22::SCWMssOS::Compiling gpiops

TRACE::2026-02-28.23:29:23::SCWMssOS::Running Make libs in psu_cortexa53_0/libsrc/cpu_cortexa53_v1_7/src

TRACE::2026-02-28.23:29:23::SCWMssOS::make -C psu_cortexa53_0/libsrc/cpu_cortexa53_v1_7/src -s libs  "SHELL=/bin/sh" "COMPILER=aarch64-none-elf-gcc" "ASSEMBLER=aarch
TRACE::2026-02-28.23:29:23::SCWMssOS::64-none-elf-as" "ARCHIVER=aarch64-none-elf-ar" "COMPILER_FLAGS=  -O2 -c" "EXTRA_COMPILER_FLAGS=-g -Wall -Wextra"

TRACE::2026-02-28.23:29:23::SCWMssOS::Compiling cpu_cortexa53

TRACE::2026-02-28.23:29:23::SCWMssOS::Running Make libs in psu_cortexa53_0/libsrc/canps_v3_4/src

TRACE::2026-02-28.23:29:23::SCWMssOS::make -C psu_cortexa53_0/libsrc/canps_v3_4/src -s libs  "SHELL=/bin/sh" "COMPILER=aarch64-none-elf-gcc" "ASSEMBLER=aarch64-none-
TRACE::2026-02-28.23:29:23::SCWMssOS::elf-as" "ARCHIVER=aarch64-none-elf-ar" "COMPILER_FLAGS=  -O2 -c" "EXTRA_COMPILER_FLAGS=-g -Wall -Wextra"

TRACE::2026-02-28.23:29:23::SCWMssOS::Compiling canps

TRACE::2026-02-28.23:29:24::SCWMssOS::Running Make libs in psu_cortexa53_0/libsrc/csudma_v1_6/src

TRACE::2026-02-28.23:29:24::SCWMssOS::make -C psu_cortexa53_0/libsrc/csudma_v1_6/src -s libs  "SHELL=/bin/sh" "COMPILER=aarch64-none-elf-gcc" "ASSEMBLER=aarch64-none
TRACE::2026-02-28.23:29:24::SCWMssOS::-elf-as" "ARCHIVER=aarch64-none-elf-ar" "COMPILER_FLAGS=  -O2 -c" "EXTRA_COMPILER_FLAGS=-g -Wall -Wextra"

TRACE::2026-02-28.23:29:24::SCWMssOS::Compiling csudma

TRACE::2026-02-28.23:29:24::SCWMssOS::Running Make libs in psu_cortexa53_0/libsrc/qspipsu_v1_11/src

TRACE::2026-02-28.23:29:24::SCWMssOS::make -C psu_cortexa53_0/libsrc/qspipsu_v1_11/src -s libs  "SHELL=/bin/sh" "COMPILER=aarch64-none-elf-gcc" "ASSEMBLER=aarch64-no
TRACE::2026-02-28.23:29:24::SCWMssOS::ne-elf-as" "ARCHIVER=aarch64-none-elf-ar" "COMPILER_FLAGS=  -O2 -c" "EXTRA_COMPILER_FLAGS=-g -Wall -Wextra"

TRACE::2026-02-28.23:29:24::SCWMssOS::Compiling qspipsu

TRACE::2026-02-28.23:29:25::SCWMssOS::Running Make libs in psu_cortexa53_0/libsrc/ipipsu_v2_6/src

TRACE::2026-02-28.23:29:25::SCWMssOS::make -C psu_cortexa53_0/libsrc/ipipsu_v2_6/src -s libs  "SHELL=/bin/sh" "COMPILER=aarch64-none-elf-gcc" "ASSEMBLER=aarch64-none
TRACE::2026-02-28.23:29:25::SCWMssOS::-elf-as" "ARCHIVER=aarch64-none-elf-ar" "COMPILER_FLAGS=  -O2 -c" "EXTRA_COMPILER_FLAGS=-g -Wall -Wextra"

TRACE::2026-02-28.23:29:25::SCWMssOS::Compiling ipipsu

TRACE::2026-02-28.23:29:26::SCWMssOS::Running Make libs in psu_cortexa53_0/libsrc/wdtps_v3_3/src

TRACE::2026-02-28.23:29:26::SCWMssOS::make -C psu_cortexa53_0/libsrc/wdtps_v3_3/src -s libs  "SHELL=/bin/sh" "COMPILER=aarch64-none-elf-gcc" "ASSEMBLER=aarch64-none-
TRACE::2026-02-28.23:29:26::SCWMssOS::elf-as" "ARCHIVER=aarch64-none-elf-ar" "COMPILER_FLAGS=  -O2 -c" "EXTRA_COMPILER_FLAGS=-g -Wall -Wextra"

TRACE::2026-02-28.23:29:26::SCWMssOS::Compiling wdtps

TRACE::2026-02-28.23:29:26::SCWMssOS::Running Make libs in psu_cortexa53_0/libsrc/clockps_v1_2/src

TRACE::2026-02-28.23:29:26::SCWMssOS::make -C psu_cortexa53_0/libsrc/clockps_v1_2/src -s libs  "SHELL=/bin/sh" "COMPILER=aarch64-none-elf-gcc" "ASSEMBLER=aarch64-non
TRACE::2026-02-28.23:29:26::SCWMssOS::e-elf-as" "ARCHIVER=aarch64-none-elf-ar" "COMPILER_FLAGS=  -O2 -c" "EXTRA_COMPILER_FLAGS=-g -Wall -Wextra"

TRACE::2026-02-28.23:29:26::SCWMssOS::Compiling clockps

TRACE::2026-02-28.23:29:27::SCWMssOS::Running Make libs in psu_cortexa53_0/libsrc/sdps_v3_9/src

TRACE::2026-02-28.23:29:27::SCWMssOS::make -C psu_cortexa53_0/libsrc/sdps_v3_9/src -s libs  "SHELL=/bin/sh" "COMPILER=aarch64-none-elf-gcc" "ASSEMBLER=aarch64-none-e
TRACE::2026-02-28.23:29:27::SCWMssOS::lf-as" "ARCHIVER=aarch64-none-elf-ar" "COMPILER_FLAGS=  -O2 -c" "EXTRA_COMPILER_FLAGS=-g -Wall -Wextra"

TRACE::2026-02-28.23:29:27::SCWMssOS::Compiling sdps

TRACE::2026-02-28.23:29:28::SCWMssOS::Running Make libs in psu_cortexa53_0/libsrc/axipmon_v6_8/src

TRACE::2026-02-28.23:29:28::SCWMssOS::make -C psu_cortexa53_0/libsrc/axipmon_v6_8/src -s libs  "SHELL=/bin/sh" "COMPILER=aarch64-none-elf-gcc" "ASSEMBLER=aarch64-non
TRACE::2026-02-28.23:29:28::SCWMssOS::e-elf-as" "ARCHIVER=aarch64-none-elf-ar" "COMPILER_FLAGS=  -O2 -c" "EXTRA_COMPILER_FLAGS=-g -Wall -Wextra"

TRACE::2026-02-28.23:29:28::SCWMssOS::Compiling axipmon

TRACE::2026-02-28.23:29:29::SCWMssOS::Running Make libs in psu_cortexa53_0/libsrc/bram_v4_4/src

TRACE::2026-02-28.23:29:29::SCWMssOS::make -C psu_cortexa53_0/libsrc/bram_v4_4/src -s libs  "SHELL=/bin/sh" "COMPILER=aarch64-none-elf-gcc" "ASSEMBLER=aarch64-none-e
TRACE::2026-02-28.23:29:29::SCWMssOS::lf-as" "ARCHIVER=aarch64-none-elf-ar" "COMPILER_FLAGS=  -O2 -c" "EXTRA_COMPILER_FLAGS=-g -Wall -Wextra"

TRACE::2026-02-28.23:29:29::SCWMssOS::Compiling bram

TRACE::2026-02-28.23:29:29::SCWMssOS::Running Make libs in psu_cortexa53_0/libsrc/uartps_v3_9/src

TRACE::2026-02-28.23:29:29::SCWMssOS::make -C psu_cortexa53_0/libsrc/uartps_v3_9/src -s libs  "SHELL=/bin/sh" "COMPILER=aarch64-none-elf-gcc" "ASSEMBLER=aarch64-none
TRACE::2026-02-28.23:29:29::SCWMssOS::-elf-as" "ARCHIVER=aarch64-none-elf-ar" "COMPILER_FLAGS=  -O2 -c" "EXTRA_COMPILER_FLAGS=-g -Wall -Wextra"

TRACE::2026-02-28.23:29:29::SCWMssOS::Compiling uartps

TRACE::2026-02-28.23:29:30::SCWMssOS::Running Make libs in psu_cortexa53_0/libsrc/sysmonpsu_v2_6/src

TRACE::2026-02-28.23:29:30::SCWMssOS::make -C psu_cortexa53_0/libsrc/sysmonpsu_v2_6/src -s libs  "SHELL=/bin/sh" "COMPILER=aarch64-none-elf-gcc" "ASSEMBLER=aarch64-n
TRACE::2026-02-28.23:29:30::SCWMssOS::one-elf-as" "ARCHIVER=aarch64-none-elf-ar" "COMPILER_FLAGS=  -O2 -c" "EXTRA_COMPILER_FLAGS=-g -Wall -Wextra"

TRACE::2026-02-28.23:29:30::SCWMssOS::Compiling sysmonpsu

TRACE::2026-02-28.23:29:31::SCWMssOS::Running Make libs in psu_cortexa53_0/libsrc/coresightps_dcc_v1_7/src

TRACE::2026-02-28.23:29:31::SCWMssOS::make -C psu_cortexa53_0/libsrc/coresightps_dcc_v1_7/src -s libs  "SHELL=/bin/sh" "COMPILER=aarch64-none-elf-gcc" "ASSEMBLER=aar
TRACE::2026-02-28.23:29:31::SCWMssOS::ch64-none-elf-as" "ARCHIVER=aarch64-none-elf-ar" "COMPILER_FLAGS=  -O2 -c" "EXTRA_COMPILER_FLAGS=-g -Wall -Wextra"

TRACE::2026-02-28.23:29:31::SCWMssOS::Compiling coresightps_dcc

TRACE::2026-02-28.23:29:31::SCWMssOS::Running Make libs in psu_cortexa53_0/libsrc/usbpsu_v1_7/src

TRACE::2026-02-28.23:29:31::SCWMssOS::make -C psu_cortexa53_0/libsrc/usbpsu_v1_7/src -s libs  "SHELL=/bin/sh" "COMPILER=aarch64-none-elf-gcc" "ASSEMBLER=aarch64-none
TRACE::2026-02-28.23:29:31::SCWMssOS::-elf-as" "ARCHIVER=aarch64-none-elf-ar" "COMPILER_FLAGS=  -O2 -c" "EXTRA_COMPILER_FLAGS=-g -Wall -Wextra"

TRACE::2026-02-28.23:29:31::SCWMssOS::Compiling usbpsu

TRACE::2026-02-28.23:29:33::SCWMssOS::Running Make libs in psu_cortexa53_0/libsrc/dpdma_v1_2/src

TRACE::2026-02-28.23:29:33::SCWMssOS::make -C psu_cortexa53_0/libsrc/dpdma_v1_2/src -s libs  "SHELL=/bin/sh" "COMPILER=aarch64-none-elf-gcc" "ASSEMBLER=aarch64-none-
TRACE::2026-02-28.23:29:33::SCWMssOS::elf-as" "ARCHIVER=aarch64-none-elf-ar" "COMPILER_FLAGS=  -O2 -c" "EXTRA_COMPILER_FLAGS=-g -Wall -Wextra"

TRACE::2026-02-28.23:29:33::SCWMssOS::Compiling dpdma

TRACE::2026-02-28.23:29:33::SCWMssOS::Running Make libs in psu_cortexa53_0/libsrc/scugic_v4_2/src

TRACE::2026-02-28.23:29:33::SCWMssOS::make -C psu_cortexa53_0/libsrc/scugic_v4_2/src -s libs  "SHELL=/bin/sh" "COMPILER=aarch64-none-elf-gcc" "ASSEMBLER=aarch64-none
TRACE::2026-02-28.23:29:33::SCWMssOS::-elf-as" "ARCHIVER=aarch64-none-elf-ar" "COMPILER_FLAGS=  -O2 -c" "EXTRA_COMPILER_FLAGS=-g -Wall -Wextra"

TRACE::2026-02-28.23:29:33::SCWMssOS::Compiling scugic

TRACE::2026-02-28.23:29:34::SCWMssOS::Running Make libs in psu_cortexa53_0/libsrc/emacps_v3_11/src

TRACE::2026-02-28.23:29:34::SCWMssOS::make -C psu_cortexa53_0/libsrc/emacps_v3_11/src -s libs  "SHELL=/bin/sh" "COMPILER=aarch64-none-elf-gcc" "ASSEMBLER=aarch64-non
TRACE::2026-02-28.23:29:34::SCWMssOS::e-elf-as" "ARCHIVER=aarch64-none-elf-ar" "COMPILER_FLAGS=  -O2 -c" "EXTRA_COMPILER_FLAGS=-g -Wall -Wextra"

TRACE::2026-02-28.23:29:34::SCWMssOS::Compiling emacps

TRACE::2026-02-28.23:29:35::SCWMssOS::Running Make libs in psu_cortexa53_0/libsrc/ttcps_v3_11/src

TRACE::2026-02-28.23:29:35::SCWMssOS::make -C psu_cortexa53_0/libsrc/ttcps_v3_11/src -s libs  "SHELL=/bin/sh" "COMPILER=aarch64-none-elf-gcc" "ASSEMBLER=aarch64-none
TRACE::2026-02-28.23:29:35::SCWMssOS::-elf-as" "ARCHIVER=aarch64-none-elf-ar" "COMPILER_FLAGS=  -O2 -c" "EXTRA_COMPILER_FLAGS=-g -Wall -Wextra"

TRACE::2026-02-28.23:29:35::SCWMssOS::Compiling ttcps

TRACE::2026-02-28.23:29:35::SCWMssOS::Finished building libraries

TRACE::2026-02-28.23:29:35::SCWMssOS::Copying to export directory.
TRACE::2026-02-28.23:29:35::SCWMssOS:: Checking if to create the Supporting Applications
TRACE::2026-02-28.23:29:35::SCWMssOS:: No Linux domain exists, trying to generate FSBL 
TRACE::2026-02-28.23:29:35::SCWMssOS:: Completed Standalone Artifacts creation 
LOG::2026-02-28.23:29:35::SCWSystem::Completed Processing the domain standalone_domain
LOG::2026-02-28.23:29:35::SCWSystem::Completed Processing the sysconfig bootloader_RV32I
LOG::2026-02-28.23:29:35::SCWPlatform::Completed generating the artifacts for system configuration bootloader_RV32I
TRACE::2026-02-28.23:29:35::SCWPlatform::Started preparing the platform 
TRACE::2026-02-28.23:29:35::SCWSystem::Writing the bif file for system config bootloader_RV32I
TRACE::2026-02-28.23:29:35::SCWSystem::dir created 
TRACE::2026-02-28.23:29:35::SCWSystem::Writing the bif 
TRACE::2026-02-28.23:29:35::SCWPlatform::Started writing the spfm file 
TRACE::2026-02-28.23:29:35::SCWPlatform::Started writing the xpfm file 
TRACE::2026-02-28.23:29:35::SCWPlatform::Completed generating the platform
TRACE::2026-02-28.23:29:35::SCWMssOS::Saving the mss changes /media/steckler/xilinx_linux/SDR_custom/SDR/Software/SDR_Firmware/CPU_N1_ONECYCLE_RISCV_2020_1_MYIR_BRAM_DP/CPU_V1/vitis/bootloader_RV32I/psu_cortexa53_0/standalone_domain/bsp/system.mss
TRACE::2026-02-28.23:29:35::SCWMssOS::Found a swdesign opened with the mssfile.
TRACE::2026-02-28.23:29:35::SCWMssOS::Completed writemss as part of save.
TRACE::2026-02-28.23:29:35::SCWMssOS::Commit changes completed.
TRACE::2026-02-28.23:29:35::SCWPlatform::Trying to open the hw design at /media/steckler/xilinx_linux/SDR_custom/SDR/Software/SDR_Firmware/CPU_N1_ONECYCLE_RISCV_2020_1_MYIR_BRAM_DP/CPU_V1/vitis/bootloader_RV32I/hw/Sections_wrapper.xsa
TRACE::2026-02-28.23:29:35::SCWPlatform::DSA given /media/steckler/xilinx_linux/SDR_custom/SDR/Software/SDR_Firmware/CPU_N1_ONECYCLE_RISCV_2020_1_MYIR_BRAM_DP/CPU_V1/vitis/bootloader_RV32I/hw/Sections_wrapper.xsa
TRACE::2026-02-28.23:29:35::SCWPlatform::DSA absoulate path /media/steckler/xilinx_linux/SDR_custom/SDR/Software/SDR_Firmware/CPU_N1_ONECYCLE_RISCV_2020_1_MYIR_BRAM_DP/CPU_V1/vitis/bootloader_RV32I/hw/Sections_wrapper.xsa
TRACE::2026-02-28.23:29:35::SCWPlatform::DSA directory /media/steckler/xilinx_linux/SDR_custom/SDR/Software/SDR_Firmware/CPU_N1_ONECYCLE_RISCV_2020_1_MYIR_BRAM_DP/CPU_V1/vitis/bootloader_RV32I/hw
TRACE::2026-02-28.23:29:35::SCWPlatform:: Platform Path /media/steckler/xilinx_linux/SDR_custom/SDR/Software/SDR_Firmware/CPU_N1_ONECYCLE_RISCV_2020_1_MYIR_BRAM_DP/CPU_V1/vitis/bootloader_RV32I/hw/Sections_wrapper.xsa
TRACE::2026-02-28.23:29:35::SCWPlatform:: Unique name xilinx:::0.0
TRACE::2026-02-28.23:29:35::SCWPlatform::Trying to set the existing hwdb with name Sections_wrapper_1
TRACE::2026-02-28.23:29:35::SCWPlatform::Opened existing hwdb Sections_wrapper_1
TRACE::2026-02-28.23:29:35::SCWPlatform::Found the Hw Db part of the input DSA
TRACE::2026-02-28.23:29:35::SCWMssOS::Checking the sw design at  /media/steckler/xilinx_linux/SDR_custom/SDR/Software/SDR_Firmware/CPU_N1_ONECYCLE_RISCV_2020_1_MYIR_BRAM_DP/CPU_V1/vitis/bootloader_RV32I/psu_cortexa53_0/standalone_domain/bsp/system.mss
TRACE::2026-02-28.23:29:35::SCWMssOS::DEBUG:  swdes dump  /media/steckler/xilinx_linux/SDR_custom/SDR/Software/SDR_Firmware/CPU_N1_ONECYCLE_RISCV_2020_1_MYIR_BRAM_DP/CPU_V1/vitis/bootloader_RV32I/psu_cortexa53_0/standalone_domain/bsp/system.mss|system||

TRACE::2026-02-28.23:29:35::SCWMssOS::Sw design exists and opened at  /media/steckler/xilinx_linux/SDR_custom/SDR/Software/SDR_Firmware/CPU_N1_ONECYCLE_RISCV_2020_1_MYIR_BRAM_DP/CPU_V1/vitis/bootloader_RV32I/psu_cortexa53_0/standalone_domain/bsp/system.mss
TRACE::2026-02-28.23:29:35::SCWWriter::formatted JSON is {
	"platformName":	"bootloader_RV32I",
	"sprVersion":	"2.0",
	"mode":	"gui",
	"dsaType":	"Fixed",
	"platformDesc":	"bootloader_RV32I",
	"platHandOff":	"/media/steckler/xilinx_linux/SDR_custom/SDR/Software/SDR_Firmware/CPU_N1_ONECYCLE_RISCV_2020_1_MYIR_BRAM_DP/CPU_V1/Sections_wrapper.xsa",
	"platIntHandOff":	"<platformDir>/hw/Sections_wrapper.xsa",
	"deviceType":	"zynqMP",
	"platIsPrebuiltAutogen":	"false",
	"platIsNoBootBsp":	"true",
	"hasFsblMakeHasChanges":	"false",
	"hasPmufwMakeHasChanges":	"false",
	"platPreBuiltFlag":	false,
	"platformSamplesDir":	"",
	"platActiveSys":	"bootloader_RV32I",
	"systems":	[{
			"systemName":	"bootloader_RV32I",
			"systemDesc":	"bootloader_RV32I",
			"sysIsBootAutoGen":	"true",
			"systemDispName":	"bootloader_RV32I",
			"sysActiveDom":	"standalone_domain",
			"sysDefaultDom":	"standalone_domain",
			"domains":	[{
					"domainName":	"standalone_domain",
					"domainDispName":	"standalone on psu_cortexa53_0",
					"domainDesc":	"standalone_domain",
					"processors":	"psu_cortexa53_0",
					"os":	"standalone",
					"sdxOs":	"standalone",
					"qemuArgs":	"/media/steckler/xilinx_linux/vitis_2020.1/Vitis/2020.1/data/emulation/platforms/zynqmp/qemu/qemu_args.txt",
					"qemuData":	"/media/steckler/xilinx_linux/vitis_2020.1/Vitis/2020.1/data/emulation/platforms/zynqmp/qemu/",
					"pmuQemuArgs":	"/media/steckler/xilinx_linux/vitis_2020.1/Vitis/2020.1/data/emulation/platforms/zynqmp/qemu/pmu_args.txt",
					"debugEnable":	"False",
					"domRuntimes":	["cpp"],
					"swRepo":	"",
					"mssOsVer":	"7.2",
					"mssFile":	"",
					"md5Digest":	"d48e97aeb019d0bbe0eaa54e36530e80",
					"compatibleApp":	"",
					"domType":	"mssDomain",
					"arch":	"64-bit",
					"appSettings":	{
						"appCompilerFlags":	"",
						"appLinkerFlags":	""
					},
					"addedLibs":	[],
					"libOptions":	{
						"libsContainingOptions":	[]
					},
					"prebuiltLibs":	{
						"prebuiltIncPath":	[],
						"prebuiltLibPath":	[]
					},
					"isolation":	{
					}
				}]
		}]
}
KEYINFO::2026-02-28.23:29:35::SCWPlatform::updated the xpfm file.
TRACE::2026-02-28.23:29:35::SCWPlatform::Trying to open the hw design at /media/steckler/xilinx_linux/SDR_custom/SDR/Software/SDR_Firmware/CPU_N1_ONECYCLE_RISCV_2020_1_MYIR_BRAM_DP/CPU_V1/vitis/bootloader_RV32I/hw/Sections_wrapper.xsa
TRACE::2026-02-28.23:29:35::SCWPlatform::DSA given /media/steckler/xilinx_linux/SDR_custom/SDR/Software/SDR_Firmware/CPU_N1_ONECYCLE_RISCV_2020_1_MYIR_BRAM_DP/CPU_V1/vitis/bootloader_RV32I/hw/Sections_wrapper.xsa
TRACE::2026-02-28.23:29:35::SCWPlatform::DSA absoulate path /media/steckler/xilinx_linux/SDR_custom/SDR/Software/SDR_Firmware/CPU_N1_ONECYCLE_RISCV_2020_1_MYIR_BRAM_DP/CPU_V1/vitis/bootloader_RV32I/hw/Sections_wrapper.xsa
TRACE::2026-02-28.23:29:35::SCWPlatform::DSA directory /media/steckler/xilinx_linux/SDR_custom/SDR/Software/SDR_Firmware/CPU_N1_ONECYCLE_RISCV_2020_1_MYIR_BRAM_DP/CPU_V1/vitis/bootloader_RV32I/hw
TRACE::2026-02-28.23:29:35::SCWPlatform:: Platform Path /media/steckler/xilinx_linux/SDR_custom/SDR/Software/SDR_Firmware/CPU_N1_ONECYCLE_RISCV_2020_1_MYIR_BRAM_DP/CPU_V1/vitis/bootloader_RV32I/hw/Sections_wrapper.xsa
TRACE::2026-02-28.23:29:35::SCWPlatform:: Unique name xilinx:::0.0
TRACE::2026-02-28.23:29:35::SCWPlatform::Trying to set the existing hwdb with name Sections_wrapper_1
TRACE::2026-02-28.23:29:35::SCWPlatform::Opened existing hwdb Sections_wrapper_1
TRACE::2026-02-28.23:29:35::SCWPlatform::Found the Hw Db part of the input DSA
TRACE::2026-02-28.23:29:35::SCWMssOS::Checking the sw design at  /media/steckler/xilinx_linux/SDR_custom/SDR/Software/SDR_Firmware/CPU_N1_ONECYCLE_RISCV_2020_1_MYIR_BRAM_DP/CPU_V1/vitis/bootloader_RV32I/psu_cortexa53_0/standalone_domain/bsp/system.mss
TRACE::2026-02-28.23:29:35::SCWMssOS::DEBUG:  swdes dump  /media/steckler/xilinx_linux/SDR_custom/SDR/Software/SDR_Firmware/CPU_N1_ONECYCLE_RISCV_2020_1_MYIR_BRAM_DP/CPU_V1/vitis/bootloader_RV32I/psu_cortexa53_0/standalone_domain/bsp/system.mss|system||

TRACE::2026-02-28.23:29:35::SCWMssOS::Sw design exists and opened at  /media/steckler/xilinx_linux/SDR_custom/SDR/Software/SDR_Firmware/CPU_N1_ONECYCLE_RISCV_2020_1_MYIR_BRAM_DP/CPU_V1/vitis/bootloader_RV32I/psu_cortexa53_0/standalone_domain/bsp/system.mss
