Vivado Simulator 2020.1
Time resolution is 1 ps
 Block Memory Generator module loading initial data...
 Block Memory Generator data initialization complete.
Block Memory Generator module BASIC_wrapper.BASIC_i.RV32I_IF.RV32I_ROM_MEMORY.blk_mem_gen_0.inst.\native_mem_module.blk_mem_gen_v8_4_4_inst  is using a behavioral model for simulation which will not precisely model memory collision behavior.
XilinxAXIVIP: Found at Path: BASIC_wrapper.BASIC_i.zynq_ultra_ps_e_0.inst.S_AXI_ACP.slave
[0] : *ZYNQ_MPSoC_BFM_INFO : S_AXI_ACP : Port is DISABLED.
XilinxAXIVIP: Found at Path: BASIC_wrapper.BASIC_i.zynq_ultra_ps_e_0.inst.S_AXI_ACE.slave
[0] : *ZYNQ_MPSoC_BFM_INFO : S_AXI_ACE : Port is DISABLED.
XilinxAXIVIP: Found at Path: BASIC_wrapper.BASIC_i.zynq_ultra_ps_e_0.inst.S_AXI_HPC0_FPD.slave
[0] : *ZYNQ_MPSoC_BFM_INFO : S_AXI_GP0 : Port is DISABLED.
XilinxAXIVIP: Found at Path: BASIC_wrapper.BASIC_i.zynq_ultra_ps_e_0.inst.S_AXI_HPC1_FPD.slave
[0] : *ZYNQ_MPSoC_BFM_INFO : S_AXI_GP1 : Port is DISABLED.
XilinxAXIVIP: Found at Path: BASIC_wrapper.BASIC_i.zynq_ultra_ps_e_0.inst.S_AXI_HP0_FPD.slave
[0] : *ZYNQ_MPSoC_BFM_INFO : S_AXI_GP2 : Port is DISABLED.
XilinxAXIVIP: Found at Path: BASIC_wrapper.BASIC_i.zynq_ultra_ps_e_0.inst.S_AXI_HP1_FPD.slave
[0] : *ZYNQ_MPSoC_BFM_INFO : S_AXI_GP3 : Port is DISABLED.
XilinxAXIVIP: Found at Path: BASIC_wrapper.BASIC_i.zynq_ultra_ps_e_0.inst.S_AXI_HP2_FPD.slave
[0] : *ZYNQ_MPSoC_BFM_INFO : S_AXI_GP4 : Port is DISABLED.
XilinxAXIVIP: Found at Path: BASIC_wrapper.BASIC_i.zynq_ultra_ps_e_0.inst.S_AXI_HP3_FPD.slave
[0] : *ZYNQ_MPSoC_BFM_INFO : S_AXI_GP5 : Port is DISABLED.
XilinxAXIVIP: Found at Path: BASIC_wrapper.BASIC_i.zynq_ultra_ps_e_0.inst.S_AXI_HPM0_LPD.slave
[0] : *ZYNQ_MPSoC_BFM_INFO : S_AXI_GP6 : Port is DISABLED.
XilinxAXIVIP: Found at Path: BASIC_wrapper.BASIC_i.zynq_ultra_ps_e_0.inst.M_AXI_HPM0_FPD.master
[0] : *ZYNQ_MPSoC_BFM_INFO : M_AXI_GP0 : Port is ENABLED.
XilinxAXIVIP: Found at Path: BASIC_wrapper.BASIC_i.zynq_ultra_ps_e_0.inst.M_AXI_HPM1_FPD.master
[0] : *ZYNQ_MPSoC_BFM_INFO : M_AXI_GP1 : Port is DISABLED.
XilinxAXIVIP: Found at Path: BASIC_wrapper.BASIC_i.zynq_ultra_ps_e_0.inst.M_AXI_HPM0_LPD.master
[0] : *ZYNQ_MPSoC_BFM_INFO : M_AXI_GP2 : Port is DISABLED.
WARNING: 50 ns BASIC_wrapper.BASIC_i.zynq_ultra_ps_e_0.inst.M_AXI_HPM0_FPD.master.IF : ARESET_N can't be X/Z after 1 cycle of clock. To downgrade, use <hierarchy_path to VIP>.IF.set_enable_xchecks_to_warn(), or filter using clr_enable_xchecks.
 Block Memory Generator module loading initial data...
 Block Memory Generator data initialization complete.
Block Memory Generator module BASIC_wrapper.BASIC_i.RV32I_IF.RV32I_ROM_MEMORY.blk_mem_gen_0.inst.\native_mem_module.blk_mem_gen_v8_4_4_inst  is using a behavioral model for simulation which will not precisely model memory collision behavior.
XilinxAXIVIP: Found at Path: BASIC_wrapper.BASIC_i.zynq_ultra_ps_e_0.inst.S_AXI_ACP.slave
[0] : *ZYNQ_MPSoC_BFM_INFO : S_AXI_ACP : Port is DISABLED.
XilinxAXIVIP: Found at Path: BASIC_wrapper.BASIC_i.zynq_ultra_ps_e_0.inst.S_AXI_ACE.slave
[0] : *ZYNQ_MPSoC_BFM_INFO : S_AXI_ACE : Port is DISABLED.
XilinxAXIVIP: Found at Path: BASIC_wrapper.BASIC_i.zynq_ultra_ps_e_0.inst.S_AXI_HPC0_FPD.slave
[0] : *ZYNQ_MPSoC_BFM_INFO : S_AXI_GP0 : Port is DISABLED.
XilinxAXIVIP: Found at Path: BASIC_wrapper.BASIC_i.zynq_ultra_ps_e_0.inst.S_AXI_HPC1_FPD.slave
[0] : *ZYNQ_MPSoC_BFM_INFO : S_AXI_GP1 : Port is DISABLED.
XilinxAXIVIP: Found at Path: BASIC_wrapper.BASIC_i.zynq_ultra_ps_e_0.inst.S_AXI_HP0_FPD.slave
[0] : *ZYNQ_MPSoC_BFM_INFO : S_AXI_GP2 : Port is DISABLED.
XilinxAXIVIP: Found at Path: BASIC_wrapper.BASIC_i.zynq_ultra_ps_e_0.inst.S_AXI_HP1_FPD.slave
[0] : *ZYNQ_MPSoC_BFM_INFO : S_AXI_GP3 : Port is DISABLED.
XilinxAXIVIP: Found at Path: BASIC_wrapper.BASIC_i.zynq_ultra_ps_e_0.inst.S_AXI_HP2_FPD.slave
[0] : *ZYNQ_MPSoC_BFM_INFO : S_AXI_GP4 : Port is DISABLED.
XilinxAXIVIP: Found at Path: BASIC_wrapper.BASIC_i.zynq_ultra_ps_e_0.inst.S_AXI_HP3_FPD.slave
[0] : *ZYNQ_MPSoC_BFM_INFO : S_AXI_GP5 : Port is DISABLED.
XilinxAXIVIP: Found at Path: BASIC_wrapper.BASIC_i.zynq_ultra_ps_e_0.inst.S_AXI_HPM0_LPD.slave
[0] : *ZYNQ_MPSoC_BFM_INFO : S_AXI_GP6 : Port is DISABLED.
XilinxAXIVIP: Found at Path: BASIC_wrapper.BASIC_i.zynq_ultra_ps_e_0.inst.M_AXI_HPM0_FPD.master
[0] : *ZYNQ_MPSoC_BFM_INFO : M_AXI_GP0 : Port is ENABLED.
XilinxAXIVIP: Found at Path: BASIC_wrapper.BASIC_i.zynq_ultra_ps_e_0.inst.M_AXI_HPM1_FPD.master
[0] : *ZYNQ_MPSoC_BFM_INFO : M_AXI_GP1 : Port is DISABLED.
XilinxAXIVIP: Found at Path: BASIC_wrapper.BASIC_i.zynq_ultra_ps_e_0.inst.M_AXI_HPM0_LPD.master
[0] : *ZYNQ_MPSoC_BFM_INFO : M_AXI_GP2 : Port is DISABLED.
INFO: HDL object /BASIC_wrapper/BASIC_i/RV32I_ID/regfile_0/inst/regs is an unpacked array. VCD does not support unpacked array type according to IEEE LRM 1800-2009, section21.7.5.
INFO: HDL object /BASIC_wrapper/BASIC_i/RV32I_IF/RV32I_ROM_MEMORY/blk_mem_gen_0/inst/\native_mem_module.blk_mem_gen_v8_4_4_inst /memory is an unpacked array. VCD does not support unpacked array type according to IEEE LRM 1800-2009, section21.7.5.
INFO: HDL object /BASIC_wrapper/BASIC_i/RV32I_IF/RV32I_ROM_MEMORY/blk_mem_gen_0/inst/\native_mem_module.blk_mem_gen_v8_4_4_inst /temp_mem_array is an unpacked array. VCD does not support unpacked array type according to IEEE LRM 1800-2009, section21.7.5.
INFO: HDL object /BASIC_wrapper/BASIC_i/RV32I_IF/RV32I_ROM_MEMORY/blk_mem_gen_0/inst/\native_mem_module.blk_mem_gen_v8_4_4_inst /sbiterr_arr is an unpacked array. VCD does not support unpacked array type according to IEEE LRM 1800-2009, section21.7.5.
INFO: HDL object /BASIC_wrapper/BASIC_i/RV32I_IF/RV32I_ROM_MEMORY/blk_mem_gen_0/inst/\native_mem_module.blk_mem_gen_v8_4_4_inst /dbiterr_arr is an unpacked array. VCD does not support unpacked array type according to IEEE LRM 1800-2009, section21.7.5.
INFO: HDL object /BASIC_wrapper/BASIC_i/RV32I_IF/RV32I_ROM_MEMORY/blk_mem_gen_0/inst/\native_mem_module.blk_mem_gen_v8_4_4_inst /softecc_sbiterr_arr is an unpacked array. VCD does not support unpacked array type according to IEEE LRM 1800-2009, section21.7.5.
INFO: HDL object /BASIC_wrapper/BASIC_i/RV32I_IF/RV32I_ROM_MEMORY/blk_mem_gen_0/inst/\native_mem_module.blk_mem_gen_v8_4_4_inst /softecc_dbiterr_arr is an unpacked array. VCD does not support unpacked array type according to IEEE LRM 1800-2009, section21.7.5.
INFO: HDL object /BASIC_wrapper/BASIC_i/RV32I_RAM_MEMORY/ram_data_1/inst/mem0 is an unpacked array. VCD does not support unpacked array type according to IEEE LRM 1800-2009, section21.7.5.
INFO: HDL object /BASIC_wrapper/BASIC_i/RV32I_RAM_MEMORY/ram_data_1/inst/mem1 is an unpacked array. VCD does not support unpacked array type according to IEEE LRM 1800-2009, section21.7.5.
INFO: HDL object /BASIC_wrapper/BASIC_i/RV32I_RAM_MEMORY/ram_data_1/inst/mem2 is an unpacked array. VCD does not support unpacked array type according to IEEE LRM 1800-2009, section21.7.5.
INFO: HDL object /BASIC_wrapper/BASIC_i/RV32I_RAM_MEMORY/ram_data_1/inst/mem3 is an unpacked array. VCD does not support unpacked array type according to IEEE LRM 1800-2009, section21.7.5.
WARNING: HDL object /BASIC_wrapper/BASIC_i/proc_sys_reset_0/U0/FDRE_inst/INIT is of a type not supported for VCD or has zero size.
WARNING: HDL object /BASIC_wrapper/BASIC_i/proc_sys_reset_0/U0/FDRE_inst/IS_C_INVERTED is of a type not supported for VCD or has zero size.
WARNING: HDL object /BASIC_wrapper/BASIC_i/proc_sys_reset_0/U0/FDRE_inst/IS_D_INVERTED is of a type not supported for VCD or has zero size.
WARNING: HDL object /BASIC_wrapper/BASIC_i/proc_sys_reset_0/U0/FDRE_inst/IS_R_INVERTED is of a type not supported for VCD or has zero size.
WARNING: HDL object /BASIC_wrapper/BASIC_i/proc_sys_reset_0/U0/FDRE_inst/MODULE_NAME is of a type not supported for VCD or has zero size.
WARNING: HDL object /BASIC_wrapper/BASIC_i/proc_sys_reset_0/U0/FDRE_inst/IN_DELAY is of a type not supported for VCD or has zero size.
WARNING: HDL object /BASIC_wrapper/BASIC_i/proc_sys_reset_0/U0/FDRE_inst/OUT_DELAY is of a type not supported for VCD or has zero size.
WARNING: HDL object /BASIC_wrapper/BASIC_i/proc_sys_reset_0/U0/FDRE_inst/INCLK_DELAY is of a type not supported for VCD or has zero size.
WARNING: HDL object /BASIC_wrapper/BASIC_i/proc_sys_reset_0/U0/FDRE_inst/OUTCLK_DELAY is of a type not supported for VCD or has zero size.
WARNING: HDL object /BASIC_wrapper/BASIC_i/proc_sys_reset_0/U0/\BSR_OUT_DFF(0)\/FDRE_BSR/INIT is of a type not supported for VCD or has zero size.
WARNING: HDL object /BASIC_wrapper/BASIC_i/proc_sys_reset_0/U0/\BSR_OUT_DFF(0)\/FDRE_BSR/IS_C_INVERTED is of a type not supported for VCD or has zero size.
WARNING: HDL object /BASIC_wrapper/BASIC_i/proc_sys_reset_0/U0/\BSR_OUT_DFF(0)\/FDRE_BSR/IS_D_INVERTED is of a type not supported for VCD or has zero size.
WARNING: HDL object /BASIC_wrapper/BASIC_i/proc_sys_reset_0/U0/\BSR_OUT_DFF(0)\/FDRE_BSR/IS_R_INVERTED is of a type not supported for VCD or has zero size.
WARNING: HDL object /BASIC_wrapper/BASIC_i/proc_sys_reset_0/U0/\BSR_OUT_DFF(0)\/FDRE_BSR/MODULE_NAME is of a type not supported for VCD or has zero size.
WARNING: HDL object /BASIC_wrapper/BASIC_i/proc_sys_reset_0/U0/\BSR_OUT_DFF(0)\/FDRE_BSR/IN_DELAY is of a type not supported for VCD or has zero size.
WARNING: HDL object /BASIC_wrapper/BASIC_i/proc_sys_reset_0/U0/\BSR_OUT_DFF(0)\/FDRE_BSR/OUT_DELAY is of a type not supported for VCD or has zero size.
WARNING: HDL object /BASIC_wrapper/BASIC_i/proc_sys_reset_0/U0/\BSR_OUT_DFF(0)\/FDRE_BSR/INCLK_DELAY is of a type not supported for VCD or has zero size.
WARNING: HDL object /BASIC_wrapper/BASIC_i/proc_sys_reset_0/U0/\BSR_OUT_DFF(0)\/FDRE_BSR/OUTCLK_DELAY is of a type not supported for VCD or has zero size.
WARNING: HDL object /BASIC_wrapper/BASIC_i/proc_sys_reset_0/U0/\BSR_OUT_DFF(0)\/i is of a type not supported for VCD or has zero size.
WARNING: HDL object /BASIC_wrapper/BASIC_i/proc_sys_reset_0/U0/\ACTIVE_LOW_BSR_OUT_DFF(0)\/FDRE_BSR_N/INIT is of a type not supported for VCD or has zero size.
WARNING: HDL object /BASIC_wrapper/BASIC_i/proc_sys_reset_0/U0/\ACTIVE_LOW_BSR_OUT_DFF(0)\/FDRE_BSR_N/IS_C_INVERTED is of a type not supported for VCD or has zero size.
WARNING: HDL object /BASIC_wrapper/BASIC_i/proc_sys_reset_0/U0/\ACTIVE_LOW_BSR_OUT_DFF(0)\/FDRE_BSR_N/IS_D_INVERTED is of a type not supported for VCD or has zero size.
WARNING: HDL object /BASIC_wrapper/BASIC_i/proc_sys_reset_0/U0/\ACTIVE_LOW_BSR_OUT_DFF(0)\/FDRE_BSR_N/IS_R_INVERTED is of a type not supported for VCD or has zero size.
WARNING: HDL object /BASIC_wrapper/BASIC_i/proc_sys_reset_0/U0/\ACTIVE_LOW_BSR_OUT_DFF(0)\/FDRE_BSR_N/MODULE_NAME is of a type not supported for VCD or has zero size.
WARNING: HDL object /BASIC_wrapper/BASIC_i/proc_sys_reset_0/U0/\ACTIVE_LOW_BSR_OUT_DFF(0)\/FDRE_BSR_N/IN_DELAY is of a type not supported for VCD or has zero size.
WARNING: HDL object /BASIC_wrapper/BASIC_i/proc_sys_reset_0/U0/\ACTIVE_LOW_BSR_OUT_DFF(0)\/FDRE_BSR_N/OUT_DELAY is of a type not supported for VCD or has zero size.
WARNING: HDL object /BASIC_wrapper/BASIC_i/proc_sys_reset_0/U0/\ACTIVE_LOW_BSR_OUT_DFF(0)\/FDRE_BSR_N/INCLK_DELAY is of a type not supported for VCD or has zero size.
WARNING: HDL object /BASIC_wrapper/BASIC_i/proc_sys_reset_0/U0/\ACTIVE_LOW_BSR_OUT_DFF(0)\/FDRE_BSR_N/OUTCLK_DELAY is of a type not supported for VCD or has zero size.
WARNING: HDL object /BASIC_wrapper/BASIC_i/proc_sys_reset_0/U0/\ACTIVE_LOW_BSR_OUT_DFF(0)\/i is of a type not supported for VCD or has zero size.
WARNING: HDL object /BASIC_wrapper/BASIC_i/proc_sys_reset_0/U0/\PR_OUT_DFF(0)\/FDRE_PER/INIT is of a type not supported for VCD or has zero size.
WARNING: HDL object /BASIC_wrapper/BASIC_i/proc_sys_reset_0/U0/\PR_OUT_DFF(0)\/FDRE_PER/IS_C_INVERTED is of a type not supported for VCD or has zero size.
WARNING: HDL object /BASIC_wrapper/BASIC_i/proc_sys_reset_0/U0/\PR_OUT_DFF(0)\/FDRE_PER/IS_D_INVERTED is of a type not supported for VCD or has zero size.
WARNING: HDL object /BASIC_wrapper/BASIC_i/proc_sys_reset_0/U0/\PR_OUT_DFF(0)\/FDRE_PER/IS_R_INVERTED is of a type not supported for VCD or has zero size.
WARNING: HDL object /BASIC_wrapper/BASIC_i/proc_sys_reset_0/U0/\PR_OUT_DFF(0)\/FDRE_PER/MODULE_NAME is of a type not supported for VCD or has zero size.
WARNING: HDL object /BASIC_wrapper/BASIC_i/proc_sys_reset_0/U0/\PR_OUT_DFF(0)\/FDRE_PER/IN_DELAY is of a type not supported for VCD or has zero size.
WARNING: HDL object /BASIC_wrapper/BASIC_i/proc_sys_reset_0/U0/\PR_OUT_DFF(0)\/FDRE_PER/OUT_DELAY is of a type not supported for VCD or has zero size.
WARNING: HDL object /BASIC_wrapper/BASIC_i/proc_sys_reset_0/U0/\PR_OUT_DFF(0)\/FDRE_PER/INCLK_DELAY is of a type not supported for VCD or has zero size.
WARNING: HDL object /BASIC_wrapper/BASIC_i/proc_sys_reset_0/U0/\PR_OUT_DFF(0)\/FDRE_PER/OUTCLK_DELAY is of a type not supported for VCD or has zero size.
WARNING: HDL object /BASIC_wrapper/BASIC_i/proc_sys_reset_0/U0/\PR_OUT_DFF(0)\/i is of a type not supported for VCD or has zero size.
WARNING: HDL object /BASIC_wrapper/BASIC_i/proc_sys_reset_0/U0/\ACTIVE_LOW_PR_OUT_DFF(0)\/FDRE_PER_N/INIT is of a type not supported for VCD or has zero size.
WARNING: HDL object /BASIC_wrapper/BASIC_i/proc_sys_reset_0/U0/\ACTIVE_LOW_PR_OUT_DFF(0)\/FDRE_PER_N/IS_C_INVERTED is of a type not supported for VCD or has zero size.
WARNING: HDL object /BASIC_wrapper/BASIC_i/proc_sys_reset_0/U0/\ACTIVE_LOW_PR_OUT_DFF(0)\/FDRE_PER_N/IS_D_INVERTED is of a type not supported for VCD or has zero size.
WARNING: HDL object /BASIC_wrapper/BASIC_i/proc_sys_reset_0/U0/\ACTIVE_LOW_PR_OUT_DFF(0)\/FDRE_PER_N/IS_R_INVERTED is of a type not supported for VCD or has zero size.
WARNING: HDL object /BASIC_wrapper/BASIC_i/proc_sys_reset_0/U0/\ACTIVE_LOW_PR_OUT_DFF(0)\/FDRE_PER_N/MODULE_NAME is of a type not supported for VCD or has zero size.
WARNING: HDL object /BASIC_wrapper/BASIC_i/proc_sys_reset_0/U0/\ACTIVE_LOW_PR_OUT_DFF(0)\/FDRE_PER_N/IN_DELAY is of a type not supported for VCD or has zero size.
WARNING: HDL object /BASIC_wrapper/BASIC_i/proc_sys_reset_0/U0/\ACTIVE_LOW_PR_OUT_DFF(0)\/FDRE_PER_N/OUT_DELAY is of a type not supported for VCD or has zero size.
WARNING: HDL object /BASIC_wrapper/BASIC_i/proc_sys_reset_0/U0/\ACTIVE_LOW_PR_OUT_DFF(0)\/FDRE_PER_N/INCLK_DELAY is of a type not supported for VCD or has zero size.
WARNING: HDL object /BASIC_wrapper/BASIC_i/proc_sys_reset_0/U0/\ACTIVE_LOW_PR_OUT_DFF(0)\/FDRE_PER_N/OUTCLK_DELAY is of a type not supported for VCD or has zero size.
WARNING: HDL object /BASIC_wrapper/BASIC_i/proc_sys_reset_0/U0/\ACTIVE_LOW_PR_OUT_DFF(0)\/i is of a type not supported for VCD or has zero size.
WARNING: HDL object /BASIC_wrapper/BASIC_i/proc_sys_reset_0/U0/EXT_LPF/POR_SRL_I/S0/Index_p/A_in is of a type not supported for VCD or has zero size.
WARNING: HDL object /BASIC_wrapper/BASIC_i/proc_sys_reset_0/U0/EXT_LPF/POR_SRL_I/S0/WriteBehavior/SHIFT_REG is of a type not supported for VCD or has zero size.
WARNING: HDL object /BASIC_wrapper/BASIC_i/proc_sys_reset_0/U0/EXT_LPF/POR_SRL_I/S0/WriteBehavior/ignore is of a type not supported for VCD or has zero size.
WARNING: HDL object /BASIC_wrapper/BASIC_i/proc_sys_reset_0/U0/EXT_LPF/POR_SRL_I/S0/WriteBehavior/Q_end is of a type not supported for VCD or has zero size.
WARNING: HDL object /BASIC_wrapper/BASIC_i/proc_sys_reset_0/U0/EXT_LPF/POR_SRL_I/S0/WriteBehavior/Q_Index is of a type not supported for VCD or has zero size.
WARNING: HDL object /BASIC_wrapper/BASIC_i/proc_sys_reset_0/U0/EXT_LPF/POR_SRL_I/S0/Index is of a type not supported for VCD or has zero size.
WARNING: HDL object /BASIC_wrapper/BASIC_i/proc_sys_reset_0/U0/EXT_LPF/POR_SRL_I/S0/INIT is of a type not supported for VCD or has zero size.
WARNING: HDL object /BASIC_wrapper/BASIC_i/proc_sys_reset_0/U0/EXT_LPF/POR_SRL_I/S0/IS_CLK_INVERTED is of a type not supported for VCD or has zero size.
WARNING: HDL object /BASIC_wrapper/BASIC_i/proc_sys_reset_0/U0/EXT_LPF/POR_SRL_I/S0/MODULE_NAME is of a type not supported for VCD or has zero size.
WARNING: HDL object /BASIC_wrapper/BASIC_i/proc_sys_reset_0/U0/EXT_LPF/POR_SRL_I/INIT is of a type not supported for VCD or has zero size.
WARNING: HDL object /BASIC_wrapper/BASIC_i/proc_sys_reset_0/U0/EXT_LPF/active_low_ext/ACT_LO_EXT/generate_level_p_s_cdc/single_bit/CROSS_PLEVEL_IN2SCNDRY_IN_cdc_to/F3/INIT is of a type not supported for VCD or has zero size.
WARNING: HDL object /BASIC_wrapper/BASIC_i/proc_sys_reset_0/U0/EXT_LPF/active_low_ext/ACT_LO_EXT/generate_level_p_s_cdc/single_bit/CROSS_PLEVEL_IN2SCNDRY_IN_cdc_to/F3/IS_C_INVERTED is of a type not supported for VCD or has zero size.
WARNING: HDL object /BASIC_wrapper/BASIC_i/proc_sys_reset_0/U0/EXT_LPF/active_low_ext/ACT_LO_EXT/generate_level_p_s_cdc/single_bit/CROSS_PLEVEL_IN2SCNDRY_IN_cdc_to/F3/IS_D_INVERTED is of a type not supported for VCD or has zero size.
WARNING: HDL object /BASIC_wrapper/BASIC_i/proc_sys_reset_0/U0/EXT_LPF/active_low_ext/ACT_LO_EXT/generate_level_p_s_cdc/single_bit/CROSS_PLEVEL_IN2SCNDRY_IN_cdc_to/F3/IS_R_INVERTED is of a type not supported for VCD or has zero size.
WARNING: HDL object /BASIC_wrapper/BASIC_i/proc_sys_reset_0/U0/EXT_LPF/active_low_ext/ACT_LO_EXT/generate_level_p_s_cdc/single_bit/CROSS_PLEVEL_IN2SCNDRY_IN_cdc_to/F3/MODULE_NAME is of a type not supported for VCD or has zero size.
WARNING: HDL object /BASIC_wrapper/BASIC_i/proc_sys_reset_0/U0/EXT_LPF/active_low_ext/ACT_LO_EXT/generate_level_p_s_cdc/single_bit/CROSS_PLEVEL_IN2SCNDRY_IN_cdc_to/F3/IN_DELAY is of a type not supported for VCD or has zero size.
WARNING: HDL object /BASIC_wrapper/BASIC_i/proc_sys_reset_0/U0/EXT_LPF/active_low_ext/ACT_LO_EXT/generate_level_p_s_cdc/single_bit/CROSS_PLEVEL_IN2SCNDRY_IN_cdc_to/F3/OUT_DELAY is of a type not supported for VCD or has zero size.
WARNING: HDL object /BASIC_wrapper/BASIC_i/proc_sys_reset_0/U0/EXT_LPF/active_low_ext/ACT_LO_EXT/generate_level_p_s_cdc/single_bit/CROSS_PLEVEL_IN2SCNDRY_IN_cdc_to/F3/INCLK_DELAY is of a type not supported for VCD or has zero size.
WARNING: HDL object /BASIC_wrapper/BASIC_i/proc_sys_reset_0/U0/EXT_LPF/active_low_ext/ACT_LO_EXT/generate_level_p_s_cdc/single_bit/CROSS_PLEVEL_IN2SCNDRY_IN_cdc_to/F3/OUTCLK_DELAY is of a type not supported for VCD or has zero size.
WARNING: HDL object /BASIC_wrapper/BASIC_i/proc_sys_reset_0/U0/EXT_LPF/active_low_ext/ACT_LO_EXT/generate_level_p_s_cdc/single_bit/CROSS_PLEVEL_IN2SCNDRY_IN_cdc_to/INIT is of a type not supported for VCD or has zero size.
WARNING: HDL object /BASIC_wrapper/BASIC_i/proc_sys_reset_0/U0/EXT_LPF/active_low_ext/ACT_LO_EXT/generate_level_p_s_cdc/single_bit/CROSS_PLEVEL_IN2SCNDRY_s_level_out_d2/F3/INIT is of a type not supported for VCD or has zero size.
WARNING: HDL object /BASIC_wrapper/BASIC_i/proc_sys_reset_0/U0/EXT_LPF/active_low_ext/ACT_LO_EXT/generate_level_p_s_cdc/single_bit/CROSS_PLEVEL_IN2SCNDRY_s_level_out_d2/F3/IS_C_INVERTED is of a type not supported for VCD or has zero size.
WARNING: HDL object /BASIC_wrapper/BASIC_i/proc_sys_reset_0/U0/EXT_LPF/active_low_ext/ACT_LO_EXT/generate_level_p_s_cdc/single_bit/CROSS_PLEVEL_IN2SCNDRY_s_level_out_d2/F3/IS_D_INVERTED is of a type not supported for VCD or has zero size.
WARNING: HDL object /BASIC_wrapper/BASIC_i/proc_sys_reset_0/U0/EXT_LPF/active_low_ext/ACT_LO_EXT/generate_level_p_s_cdc/single_bit/CROSS_PLEVEL_IN2SCNDRY_s_level_out_d2/F3/IS_R_INVERTED is of a type not supported for VCD or has zero size.
WARNING: HDL object /BASIC_wrapper/BASIC_i/proc_sys_reset_0/U0/EXT_LPF/active_low_ext/ACT_LO_EXT/generate_level_p_s_cdc/single_bit/CROSS_PLEVEL_IN2SCNDRY_s_level_out_d2/F3/MODULE_NAME is of a type not supported for VCD or has zero size.
WARNING: HDL object /BASIC_wrapper/BASIC_i/proc_sys_reset_0/U0/EXT_LPF/active_low_ext/ACT_LO_EXT/generate_level_p_s_cdc/single_bit/CROSS_PLEVEL_IN2SCNDRY_s_level_out_d2/F3/IN_DELAY is of a type not supported for VCD or has zero size.
WARNING: HDL object /BASIC_wrapper/BASIC_i/proc_sys_reset_0/U0/EXT_LPF/active_low_ext/ACT_LO_EXT/generate_level_p_s_cdc/single_bit/CROSS_PLEVEL_IN2SCNDRY_s_level_out_d2/F3/OUT_DELAY is of a type not supported for VCD or has zero size.
WARNING: HDL object /BASIC_wrapper/BASIC_i/proc_sys_reset_0/U0/EXT_LPF/active_low_ext/ACT_LO_EXT/generate_level_p_s_cdc/single_bit/CROSS_PLEVEL_IN2SCNDRY_s_level_out_d2/F3/INCLK_DELAY is of a type not supported for VCD or has zero size.
WARNING: HDL object /BASIC_wrapper/BASIC_i/proc_sys_reset_0/U0/EXT_LPF/active_low_ext/ACT_LO_EXT/generate_level_p_s_cdc/single_bit/CROSS_PLEVEL_IN2SCNDRY_s_level_out_d2/F3/OUTCLK_DELAY is of a type not supported for VCD or has zero size.
WARNING: HDL object /BASIC_wrapper/BASIC_i/proc_sys_reset_0/U0/EXT_LPF/active_low_ext/ACT_LO_EXT/generate_level_p_s_cdc/single_bit/CROSS_PLEVEL_IN2SCNDRY_s_level_out_d2/INIT is of a type not supported for VCD or has zero size.
WARNING: HDL object /BASIC_wrapper/BASIC_i/proc_sys_reset_0/U0/EXT_LPF/active_low_ext/ACT_LO_EXT/generate_level_p_s_cdc/single_bit/CROSS_PLEVEL_IN2SCNDRY_s_level_out_d3/F3/INIT is of a type not supported for VCD or has zero size.
WARNING: HDL object /BASIC_wrapper/BASIC_i/proc_sys_reset_0/U0/EXT_LPF/active_low_ext/ACT_LO_EXT/generate_level_p_s_cdc/single_bit/CROSS_PLEVEL_IN2SCNDRY_s_level_out_d3/F3/IS_C_INVERTED is of a type not supported for VCD or has zero size.
WARNING: HDL object /BASIC_wrapper/BASIC_i/proc_sys_reset_0/U0/EXT_LPF/active_low_ext/ACT_LO_EXT/generate_level_p_s_cdc/single_bit/CROSS_PLEVEL_IN2SCNDRY_s_level_out_d3/F3/IS_D_INVERTED is of a type not supported for VCD or has zero size.
WARNING: HDL object /BASIC_wrapper/BASIC_i/proc_sys_reset_0/U0/EXT_LPF/active_low_ext/ACT_LO_EXT/generate_level_p_s_cdc/single_bit/CROSS_PLEVEL_IN2SCNDRY_s_level_out_d3/F3/IS_R_INVERTED is of a type not supported for VCD or has zero size.
WARNING: HDL object /BASIC_wrapper/BASIC_i/proc_sys_reset_0/U0/EXT_LPF/active_low_ext/ACT_LO_EXT/generate_level_p_s_cdc/single_bit/CROSS_PLEVEL_IN2SCNDRY_s_level_out_d3/F3/MODULE_NAME is of a type not supported for VCD or has zero size.
WARNING: HDL object /BASIC_wrapper/BASIC_i/proc_sys_reset_0/U0/EXT_LPF/active_low_ext/ACT_LO_EXT/generate_level_p_s_cdc/single_bit/CROSS_PLEVEL_IN2SCNDRY_s_level_out_d3/F3/IN_DELAY is of a type not supported for VCD or has zero size.
WARNING: HDL object /BASIC_wrapper/BASIC_i/proc_sys_reset_0/U0/EXT_LPF/active_low_ext/ACT_LO_EXT/generate_level_p_s_cdc/single_bit/CROSS_PLEVEL_IN2SCNDRY_s_level_out_d3/F3/OUT_DELAY is of a type not supported for VCD or has zero size.
WARNING: HDL object /BASIC_wrapper/BASIC_i/proc_sys_reset_0/U0/EXT_LPF/active_low_ext/ACT_LO_EXT/generate_level_p_s_cdc/single_bit/CROSS_PLEVEL_IN2SCNDRY_s_level_out_d3/F3/INCLK_DELAY is of a type not supported for VCD or has zero size.
WARNING: HDL object /BASIC_wrapper/BASIC_i/proc_sys_reset_0/U0/EXT_LPF/active_low_ext/ACT_LO_EXT/generate_level_p_s_cdc/single_bit/CROSS_PLEVEL_IN2SCNDRY_s_level_out_d3/F3/OUTCLK_DELAY is of a type not supported for VCD or has zero size.
WARNING: HDL object /BASIC_wrapper/BASIC_i/proc_sys_reset_0/U0/EXT_LPF/active_low_ext/ACT_LO_EXT/generate_level_p_s_cdc/single_bit/CROSS_PLEVEL_IN2SCNDRY_s_level_out_d3/INIT is of a type not supported for VCD or has zero size.
WARNING: HDL object /BASIC_wrapper/BASIC_i/proc_sys_reset_0/U0/EXT_LPF/active_low_ext/ACT_LO_EXT/generate_level_p_s_cdc/single_bit/CROSS_PLEVEL_IN2SCNDRY_s_level_out_d4/F3/INIT is of a type not supported for VCD or has zero size.
WARNING: HDL object /BASIC_wrapper/BASIC_i/proc_sys_reset_0/U0/EXT_LPF/active_low_ext/ACT_LO_EXT/generate_level_p_s_cdc/single_bit/CROSS_PLEVEL_IN2SCNDRY_s_level_out_d4/F3/IS_C_INVERTED is of a type not supported for VCD or has zero size.
WARNING: HDL object /BASIC_wrapper/BASIC_i/proc_sys_reset_0/U0/EXT_LPF/active_low_ext/ACT_LO_EXT/generate_level_p_s_cdc/single_bit/CROSS_PLEVEL_IN2SCNDRY_s_level_out_d4/F3/IS_D_INVERTED is of a type not supported for VCD or has zero size.
WARNING: HDL object /BASIC_wrapper/BASIC_i/proc_sys_reset_0/U0/EXT_LPF/active_low_ext/ACT_LO_EXT/generate_level_p_s_cdc/single_bit/CROSS_PLEVEL_IN2SCNDRY_s_level_out_d4/F3/IS_R_INVERTED is of a type not supported for VCD or has zero size.
WARNING: HDL object /BASIC_wrapper/BASIC_i/proc_sys_reset_0/U0/EXT_LPF/active_low_ext/ACT_LO_EXT/generate_level_p_s_cdc/single_bit/CROSS_PLEVEL_IN2SCNDRY_s_level_out_d4/F3/MODULE_NAME is of a type not supported for VCD or has zero size.
WARNING: HDL object /BASIC_wrapper/BASIC_i/proc_sys_reset_0/U0/EXT_LPF/active_low_ext/ACT_LO_EXT/generate_level_p_s_cdc/single_bit/CROSS_PLEVEL_IN2SCNDRY_s_level_out_d4/F3/IN_DELAY is of a type not supported for VCD or has zero size.
WARNING: HDL object /BASIC_wrapper/BASIC_i/proc_sys_reset_0/U0/EXT_LPF/active_low_ext/ACT_LO_EXT/generate_level_p_s_cdc/single_bit/CROSS_PLEVEL_IN2SCNDRY_s_level_out_d4/F3/OUT_DELAY is of a type not supported for VCD or has zero size.
WARNING: HDL object /BASIC_wrapper/BASIC_i/proc_sys_reset_0/U0/EXT_LPF/active_low_ext/ACT_LO_EXT/generate_level_p_s_cdc/single_bit/CROSS_PLEVEL_IN2SCNDRY_s_level_out_d4/F3/INCLK_DELAY is of a type not supported for VCD or has zero size.
WARNING: HDL object /BASIC_wrapper/BASIC_i/proc_sys_reset_0/U0/EXT_LPF/active_low_ext/ACT_LO_EXT/generate_level_p_s_cdc/single_bit/CROSS_PLEVEL_IN2SCNDRY_s_level_out_d4/F3/OUTCLK_DELAY is of a type not supported for VCD or has zero size.
WARNING: HDL object /BASIC_wrapper/BASIC_i/proc_sys_reset_0/U0/EXT_LPF/active_low_ext/ACT_LO_EXT/generate_level_p_s_cdc/single_bit/CROSS_PLEVEL_IN2SCNDRY_s_level_out_d4/INIT is of a type not supported for VCD or has zero size.
WARNING: HDL object /BASIC_wrapper/BASIC_i/proc_sys_reset_0/U0/EXT_LPF/active_low_ext/ACT_LO_EXT/generate_level_p_s_cdc/single_bit/CROSS_PLEVEL_IN2SCNDRY_s_level_out_d5/F3/INIT is of a type not supported for VCD or has zero size.
WARNING: HDL object /BASIC_wrapper/BASIC_i/proc_sys_reset_0/U0/EXT_LPF/active_low_ext/ACT_LO_EXT/generate_level_p_s_cdc/single_bit/CROSS_PLEVEL_IN2SCNDRY_s_level_out_d5/F3/IS_C_INVERTED is of a type not supported for VCD or has zero size.
WARNING: HDL object /BASIC_wrapper/BASIC_i/proc_sys_reset_0/U0/EXT_LPF/active_low_ext/ACT_LO_EXT/generate_level_p_s_cdc/single_bit/CROSS_PLEVEL_IN2SCNDRY_s_level_out_d5/F3/IS_D_INVERTED is of a type not supported for VCD or has zero size.
WARNING: HDL object /BASIC_wrapper/BASIC_i/proc_sys_reset_0/U0/EXT_LPF/active_low_ext/ACT_LO_EXT/generate_level_p_s_cdc/single_bit/CROSS_PLEVEL_IN2SCNDRY_s_level_out_d5/F3/IS_R_INVERTED is of a type not supported for VCD or has zero size.
WARNING: HDL object /BASIC_wrapper/BASIC_i/proc_sys_reset_0/U0/EXT_LPF/active_low_ext/ACT_LO_EXT/generate_level_p_s_cdc/single_bit/CROSS_PLEVEL_IN2SCNDRY_s_level_out_d5/F3/MODULE_NAME is of a type not supported for VCD or has zero size.
WARNING: HDL object /BASIC_wrapper/BASIC_i/proc_sys_reset_0/U0/EXT_LPF/active_low_ext/ACT_LO_EXT/generate_level_p_s_cdc/single_bit/CROSS_PLEVEL_IN2SCNDRY_s_level_out_d5/F3/IN_DELAY is of a type not supported for VCD or has zero size.
WARNING: HDL object /BASIC_wrapper/BASIC_i/proc_sys_reset_0/U0/EXT_LPF/active_low_ext/ACT_LO_EXT/generate_level_p_s_cdc/single_bit/CROSS_PLEVEL_IN2SCNDRY_s_level_out_d5/F3/OUT_DELAY is of a type not supported for VCD or has zero size.
WARNING: HDL object /BASIC_wrapper/BASIC_i/proc_sys_reset_0/U0/EXT_LPF/active_low_ext/ACT_LO_EXT/generate_level_p_s_cdc/single_bit/CROSS_PLEVEL_IN2SCNDRY_s_level_out_d5/F3/INCLK_DELAY is of a type not supported for VCD or has zero size.
WARNING: HDL object /BASIC_wrapper/BASIC_i/proc_sys_reset_0/U0/EXT_LPF/active_low_ext/ACT_LO_EXT/generate_level_p_s_cdc/single_bit/CROSS_PLEVEL_IN2SCNDRY_s_level_out_d5/F3/OUTCLK_DELAY is of a type not supported for VCD or has zero size.
WARNING: HDL object /BASIC_wrapper/BASIC_i/proc_sys_reset_0/U0/EXT_LPF/active_low_ext/ACT_LO_EXT/generate_level_p_s_cdc/single_bit/CROSS_PLEVEL_IN2SCNDRY_s_level_out_d5/INIT is of a type not supported for VCD or has zero size.
WARNING: HDL object /BASIC_wrapper/BASIC_i/proc_sys_reset_0/U0/EXT_LPF/active_low_ext/ACT_LO_EXT/generate_level_p_s_cdc/single_bit/CROSS_PLEVEL_IN2SCNDRY_s_level_out_d6/F3/INIT is of a type not supported for VCD or has zero size.
WARNING: HDL object /BASIC_wrapper/BASIC_i/proc_sys_reset_0/U0/EXT_LPF/active_low_ext/ACT_LO_EXT/generate_level_p_s_cdc/single_bit/CROSS_PLEVEL_IN2SCNDRY_s_level_out_d6/F3/IS_C_INVERTED is of a type not supported for VCD or has zero size.
WARNING: HDL object /BASIC_wrapper/BASIC_i/proc_sys_reset_0/U0/EXT_LPF/active_low_ext/ACT_LO_EXT/generate_level_p_s_cdc/single_bit/CROSS_PLEVEL_IN2SCNDRY_s_level_out_d6/F3/IS_D_INVERTED is of a type not supported for VCD or has zero size.
WARNING: HDL object /BASIC_wrapper/BASIC_i/proc_sys_reset_0/U0/EXT_LPF/active_low_ext/ACT_LO_EXT/generate_level_p_s_cdc/single_bit/CROSS_PLEVEL_IN2SCNDRY_s_level_out_d6/F3/IS_R_INVERTED is of a type not supported for VCD or has zero size.
WARNING: HDL object /BASIC_wrapper/BASIC_i/proc_sys_reset_0/U0/EXT_LPF/active_low_ext/ACT_LO_EXT/generate_level_p_s_cdc/single_bit/CROSS_PLEVEL_IN2SCNDRY_s_level_out_d6/F3/MODULE_NAME is of a type not supported for VCD or has zero size.
WARNING: HDL object /BASIC_wrapper/BASIC_i/proc_sys_reset_0/U0/EXT_LPF/active_low_ext/ACT_LO_EXT/generate_level_p_s_cdc/single_bit/CROSS_PLEVEL_IN2SCNDRY_s_level_out_d6/F3/IN_DELAY is of a type not supported for VCD or has zero size.
WARNING: HDL object /BASIC_wrapper/BASIC_i/proc_sys_reset_0/U0/EXT_LPF/active_low_ext/ACT_LO_EXT/generate_level_p_s_cdc/single_bit/CROSS_PLEVEL_IN2SCNDRY_s_level_out_d6/F3/OUT_DELAY is of a type not supported for VCD or has zero size.
WARNING: HDL object /BASIC_wrapper/BASIC_i/proc_sys_reset_0/U0/EXT_LPF/active_low_ext/ACT_LO_EXT/generate_level_p_s_cdc/single_bit/CROSS_PLEVEL_IN2SCNDRY_s_level_out_d6/F3/INCLK_DELAY is of a type not supported for VCD or has zero size.
WARNING: HDL object /BASIC_wrapper/BASIC_i/proc_sys_reset_0/U0/EXT_LPF/active_low_ext/ACT_LO_EXT/generate_level_p_s_cdc/single_bit/CROSS_PLEVEL_IN2SCNDRY_s_level_out_d6/F3/OUTCLK_DELAY is of a type not supported for VCD or has zero size.
WARNING: HDL object /BASIC_wrapper/BASIC_i/proc_sys_reset_0/U0/EXT_LPF/active_low_ext/ACT_LO_EXT/generate_level_p_s_cdc/single_bit/CROSS_PLEVEL_IN2SCNDRY_s_level_out_d6/INIT is of a type not supported for VCD or has zero size.
WARNING: HDL object /BASIC_wrapper/BASIC_i/proc_sys_reset_0/U0/EXT_LPF/active_low_ext/ACT_LO_EXT/C_CDC_TYPE is of a type not supported for VCD or has zero size.
WARNING: HDL object /BASIC_wrapper/BASIC_i/proc_sys_reset_0/U0/EXT_LPF/active_low_ext/ACT_LO_EXT/C_RESET_STATE is of a type not supported for VCD or has zero size.
WARNING: HDL object /BASIC_wrapper/BASIC_i/proc_sys_reset_0/U0/EXT_LPF/active_low_ext/ACT_LO_EXT/C_SINGLE_BIT is of a type not supported for VCD or has zero size.
WARNING: HDL object /BASIC_wrapper/BASIC_i/proc_sys_reset_0/U0/EXT_LPF/active_low_ext/ACT_LO_EXT/C_FLOP_INPUT is of a type not supported for VCD or has zero size.
WARNING: HDL object /BASIC_wrapper/BASIC_i/proc_sys_reset_0/U0/EXT_LPF/active_low_ext/ACT_LO_EXT/C_VECTOR_WIDTH is of a type not supported for VCD or has zero size.
WARNING: HDL object /BASIC_wrapper/BASIC_i/proc_sys_reset_0/U0/EXT_LPF/active_low_ext/ACT_LO_EXT/C_MTBF_STAGES is of a type not supported for VCD or has zero size.
WARNING: HDL object /BASIC_wrapper/BASIC_i/proc_sys_reset_0/U0/EXT_LPF/active_low_aux/ACT_LO_AUX/generate_level_p_s_cdc/single_bit/CROSS_PLEVEL_IN2SCNDRY_IN_cdc_to/F3/INIT is of a type not supported for VCD or has zero size.
WARNING: HDL object /BASIC_wrapper/BASIC_i/proc_sys_reset_0/U0/EXT_LPF/active_low_aux/ACT_LO_AUX/generate_level_p_s_cdc/single_bit/CROSS_PLEVEL_IN2SCNDRY_IN_cdc_to/F3/IS_C_INVERTED is of a type not supported for VCD or has zero size.
WARNING: HDL object /BASIC_wrapper/BASIC_i/proc_sys_reset_0/U0/EXT_LPF/active_low_aux/ACT_LO_AUX/generate_level_p_s_cdc/single_bit/CROSS_PLEVEL_IN2SCNDRY_IN_cdc_to/F3/IS_D_INVERTED is of a type not supported for VCD or has zero size.
WARNING: HDL object /BASIC_wrapper/BASIC_i/proc_sys_reset_0/U0/EXT_LPF/active_low_aux/ACT_LO_AUX/generate_level_p_s_cdc/single_bit/CROSS_PLEVEL_IN2SCNDRY_IN_cdc_to/F3/IS_R_INVERTED is of a type not supported for VCD or has zero size.
WARNING: HDL object /BASIC_wrapper/BASIC_i/proc_sys_reset_0/U0/EXT_LPF/active_low_aux/ACT_LO_AUX/generate_level_p_s_cdc/single_bit/CROSS_PLEVEL_IN2SCNDRY_IN_cdc_to/F3/MODULE_NAME is of a type not supported for VCD or has zero size.
WARNING: HDL object /BASIC_wrapper/BASIC_i/proc_sys_reset_0/U0/EXT_LPF/active_low_aux/ACT_LO_AUX/generate_level_p_s_cdc/single_bit/CROSS_PLEVEL_IN2SCNDRY_IN_cdc_to/F3/IN_DELAY is of a type not supported for VCD or has zero size.
WARNING: HDL object /BASIC_wrapper/BASIC_i/proc_sys_reset_0/U0/EXT_LPF/active_low_aux/ACT_LO_AUX/generate_level_p_s_cdc/single_bit/CROSS_PLEVEL_IN2SCNDRY_IN_cdc_to/F3/OUT_DELAY is of a type not supported for VCD or has zero size.
WARNING: HDL object /BASIC_wrapper/BASIC_i/proc_sys_reset_0/U0/EXT_LPF/active_low_aux/ACT_LO_AUX/generate_level_p_s_cdc/single_bit/CROSS_PLEVEL_IN2SCNDRY_IN_cdc_to/F3/INCLK_DELAY is of a type not supported for VCD or has zero size.
WARNING: HDL object /BASIC_wrapper/BASIC_i/proc_sys_reset_0/U0/EXT_LPF/active_low_aux/ACT_LO_AUX/generate_level_p_s_cdc/single_bit/CROSS_PLEVEL_IN2SCNDRY_IN_cdc_to/F3/OUTCLK_DELAY is of a type not supported for VCD or has zero size.
WARNING: HDL object /BASIC_wrapper/BASIC_i/proc_sys_reset_0/U0/EXT_LPF/active_low_aux/ACT_LO_AUX/generate_level_p_s_cdc/single_bit/CROSS_PLEVEL_IN2SCNDRY_IN_cdc_to/INIT is of a type not supported for VCD or has zero size.
WARNING: HDL object /BASIC_wrapper/BASIC_i/proc_sys_reset_0/U0/EXT_LPF/active_low_aux/ACT_LO_AUX/generate_level_p_s_cdc/single_bit/CROSS_PLEVEL_IN2SCNDRY_s_level_out_d2/F3/INIT is of a type not supported for VCD or has zero size.
WARNING: HDL object /BASIC_wrapper/BASIC_i/proc_sys_reset_0/U0/EXT_LPF/active_low_aux/ACT_LO_AUX/generate_level_p_s_cdc/single_bit/CROSS_PLEVEL_IN2SCNDRY_s_level_out_d2/F3/IS_C_INVERTED is of a type not supported for VCD or has zero size.
WARNING: HDL object /BASIC_wrapper/BASIC_i/proc_sys_reset_0/U0/EXT_LPF/active_low_aux/ACT_LO_AUX/generate_level_p_s_cdc/single_bit/CROSS_PLEVEL_IN2SCNDRY_s_level_out_d2/F3/IS_D_INVERTED is of a type not supported for VCD or has zero size.
WARNING: HDL object /BASIC_wrapper/BASIC_i/proc_sys_reset_0/U0/EXT_LPF/active_low_aux/ACT_LO_AUX/generate_level_p_s_cdc/single_bit/CROSS_PLEVEL_IN2SCNDRY_s_level_out_d2/F3/IS_R_INVERTED is of a type not supported for VCD or has zero size.
WARNING: HDL object /BASIC_wrapper/BASIC_i/proc_sys_reset_0/U0/EXT_LPF/active_low_aux/ACT_LO_AUX/generate_level_p_s_cdc/single_bit/CROSS_PLEVEL_IN2SCNDRY_s_level_out_d2/F3/MODULE_NAME is of a type not supported for VCD or has zero size.
WARNING: HDL object /BASIC_wrapper/BASIC_i/proc_sys_reset_0/U0/EXT_LPF/active_low_aux/ACT_LO_AUX/generate_level_p_s_cdc/single_bit/CROSS_PLEVEL_IN2SCNDRY_s_level_out_d2/F3/IN_DELAY is of a type not supported for VCD or has zero size.
WARNING: HDL object /BASIC_wrapper/BASIC_i/proc_sys_reset_0/U0/EXT_LPF/active_low_aux/ACT_LO_AUX/generate_level_p_s_cdc/single_bit/CROSS_PLEVEL_IN2SCNDRY_s_level_out_d2/F3/OUT_DELAY is of a type not supported for VCD or has zero size.
WARNING: HDL object /BASIC_wrapper/BASIC_i/proc_sys_reset_0/U0/EXT_LPF/active_low_aux/ACT_LO_AUX/generate_level_p_s_cdc/single_bit/CROSS_PLEVEL_IN2SCNDRY_s_level_out_d2/F3/INCLK_DELAY is of a type not supported for VCD or has zero size.
WARNING: HDL object /BASIC_wrapper/BASIC_i/proc_sys_reset_0/U0/EXT_LPF/active_low_aux/ACT_LO_AUX/generate_level_p_s_cdc/single_bit/CROSS_PLEVEL_IN2SCNDRY_s_level_out_d2/F3/OUTCLK_DELAY is of a type not supported for VCD or has zero size.
WARNING: HDL object /BASIC_wrapper/BASIC_i/proc_sys_reset_0/U0/EXT_LPF/active_low_aux/ACT_LO_AUX/generate_level_p_s_cdc/single_bit/CROSS_PLEVEL_IN2SCNDRY_s_level_out_d2/INIT is of a type not supported for VCD or has zero size.
WARNING: HDL object /BASIC_wrapper/BASIC_i/proc_sys_reset_0/U0/EXT_LPF/active_low_aux/ACT_LO_AUX/generate_level_p_s_cdc/single_bit/CROSS_PLEVEL_IN2SCNDRY_s_level_out_d3/F3/INIT is of a type not supported for VCD or has zero size.
WARNING: HDL object /BASIC_wrapper/BASIC_i/proc_sys_reset_0/U0/EXT_LPF/active_low_aux/ACT_LO_AUX/generate_level_p_s_cdc/single_bit/CROSS_PLEVEL_IN2SCNDRY_s_level_out_d3/F3/IS_C_INVERTED is of a type not supported for VCD or has zero size.
WARNING: HDL object /BASIC_wrapper/BASIC_i/proc_sys_reset_0/U0/EXT_LPF/active_low_aux/ACT_LO_AUX/generate_level_p_s_cdc/single_bit/CROSS_PLEVEL_IN2SCNDRY_s_level_out_d3/F3/IS_D_INVERTED is of a type not supported for VCD or has zero size.
WARNING: HDL object /BASIC_wrapper/BASIC_i/proc_sys_reset_0/U0/EXT_LPF/active_low_aux/ACT_LO_AUX/generate_level_p_s_cdc/single_bit/CROSS_PLEVEL_IN2SCNDRY_s_level_out_d3/F3/IS_R_INVERTED is of a type not supported for VCD or has zero size.
WARNING: HDL object /BASIC_wrapper/BASIC_i/proc_sys_reset_0/U0/EXT_LPF/active_low_aux/ACT_LO_AUX/generate_level_p_s_cdc/single_bit/CROSS_PLEVEL_IN2SCNDRY_s_level_out_d3/F3/MODULE_NAME is of a type not supported for VCD or has zero size.
WARNING: HDL object /BASIC_wrapper/BASIC_i/proc_sys_reset_0/U0/EXT_LPF/active_low_aux/ACT_LO_AUX/generate_level_p_s_cdc/single_bit/CROSS_PLEVEL_IN2SCNDRY_s_level_out_d3/F3/IN_DELAY is of a type not supported for VCD or has zero size.
WARNING: HDL object /BASIC_wrapper/BASIC_i/proc_sys_reset_0/U0/EXT_LPF/active_low_aux/ACT_LO_AUX/generate_level_p_s_cdc/single_bit/CROSS_PLEVEL_IN2SCNDRY_s_level_out_d3/F3/OUT_DELAY is of a type not supported for VCD or has zero size.
WARNING: HDL object /BASIC_wrapper/BASIC_i/proc_sys_reset_0/U0/EXT_LPF/active_low_aux/ACT_LO_AUX/generate_level_p_s_cdc/single_bit/CROSS_PLEVEL_IN2SCNDRY_s_level_out_d3/F3/INCLK_DELAY is of a type not supported for VCD or has zero size.
WARNING: HDL object /BASIC_wrapper/BASIC_i/proc_sys_reset_0/U0/EXT_LPF/active_low_aux/ACT_LO_AUX/generate_level_p_s_cdc/single_bit/CROSS_PLEVEL_IN2SCNDRY_s_level_out_d3/F3/OUTCLK_DELAY is of a type not supported for VCD or has zero size.
WARNING: HDL object /BASIC_wrapper/BASIC_i/proc_sys_reset_0/U0/EXT_LPF/active_low_aux/ACT_LO_AUX/generate_level_p_s_cdc/single_bit/CROSS_PLEVEL_IN2SCNDRY_s_level_out_d3/INIT is of a type not supported for VCD or has zero size.
WARNING: HDL object /BASIC_wrapper/BASIC_i/proc_sys_reset_0/U0/EXT_LPF/active_low_aux/ACT_LO_AUX/generate_level_p_s_cdc/single_bit/CROSS_PLEVEL_IN2SCNDRY_s_level_out_d4/F3/INIT is of a type not supported for VCD or has zero size.
WARNING: HDL object /BASIC_wrapper/BASIC_i/proc_sys_reset_0/U0/EXT_LPF/active_low_aux/ACT_LO_AUX/generate_level_p_s_cdc/single_bit/CROSS_PLEVEL_IN2SCNDRY_s_level_out_d4/F3/IS_C_INVERTED is of a type not supported for VCD or has zero size.
WARNING: HDL object /BASIC_wrapper/BASIC_i/proc_sys_reset_0/U0/EXT_LPF/active_low_aux/ACT_LO_AUX/generate_level_p_s_cdc/single_bit/CROSS_PLEVEL_IN2SCNDRY_s_level_out_d4/F3/IS_D_INVERTED is of a type not supported for VCD or has zero size.
WARNING: HDL object /BASIC_wrapper/BASIC_i/proc_sys_reset_0/U0/EXT_LPF/active_low_aux/ACT_LO_AUX/generate_level_p_s_cdc/single_bit/CROSS_PLEVEL_IN2SCNDRY_s_level_out_d4/F3/IS_R_INVERTED is of a type not supported for VCD or has zero size.
WARNING: HDL object /BASIC_wrapper/BASIC_i/proc_sys_reset_0/U0/EXT_LPF/active_low_aux/ACT_LO_AUX/generate_level_p_s_cdc/single_bit/CROSS_PLEVEL_IN2SCNDRY_s_level_out_d4/F3/MODULE_NAME is of a type not supported for VCD or has zero size.
WARNING: HDL object /BASIC_wrapper/BASIC_i/proc_sys_reset_0/U0/EXT_LPF/active_low_aux/ACT_LO_AUX/generate_level_p_s_cdc/single_bit/CROSS_PLEVEL_IN2SCNDRY_s_level_out_d4/F3/IN_DELAY is of a type not supported for VCD or has zero size.
WARNING: HDL object /BASIC_wrapper/BASIC_i/proc_sys_reset_0/U0/EXT_LPF/active_low_aux/ACT_LO_AUX/generate_level_p_s_cdc/single_bit/CROSS_PLEVEL_IN2SCNDRY_s_level_out_d4/F3/OUT_DELAY is of a type not supported for VCD or has zero size.
WARNING: HDL object /BASIC_wrapper/BASIC_i/proc_sys_reset_0/U0/EXT_LPF/active_low_aux/ACT_LO_AUX/generate_level_p_s_cdc/single_bit/CROSS_PLEVEL_IN2SCNDRY_s_level_out_d4/F3/INCLK_DELAY is of a type not supported for VCD or has zero size.
WARNING: HDL object /BASIC_wrapper/BASIC_i/proc_sys_reset_0/U0/EXT_LPF/active_low_aux/ACT_LO_AUX/generate_level_p_s_cdc/single_bit/CROSS_PLEVEL_IN2SCNDRY_s_level_out_d4/F3/OUTCLK_DELAY is of a type not supported for VCD or has zero size.
WARNING: HDL object /BASIC_wrapper/BASIC_i/proc_sys_reset_0/U0/EXT_LPF/active_low_aux/ACT_LO_AUX/generate_level_p_s_cdc/single_bit/CROSS_PLEVEL_IN2SCNDRY_s_level_out_d4/INIT is of a type not supported for VCD or has zero size.
WARNING: HDL object /BASIC_wrapper/BASIC_i/proc_sys_reset_0/U0/EXT_LPF/active_low_aux/ACT_LO_AUX/generate_level_p_s_cdc/single_bit/CROSS_PLEVEL_IN2SCNDRY_s_level_out_d5/F3/INIT is of a type not supported for VCD or has zero size.
WARNING: HDL object /BASIC_wrapper/BASIC_i/proc_sys_reset_0/U0/EXT_LPF/active_low_aux/ACT_LO_AUX/generate_level_p_s_cdc/single_bit/CROSS_PLEVEL_IN2SCNDRY_s_level_out_d5/F3/IS_C_INVERTED is of a type not supported for VCD or has zero size.
WARNING: HDL object /BASIC_wrapper/BASIC_i/proc_sys_reset_0/U0/EXT_LPF/active_low_aux/ACT_LO_AUX/generate_level_p_s_cdc/single_bit/CROSS_PLEVEL_IN2SCNDRY_s_level_out_d5/F3/IS_D_INVERTED is of a type not supported for VCD or has zero size.
WARNING: HDL object /BASIC_wrapper/BASIC_i/proc_sys_reset_0/U0/EXT_LPF/active_low_aux/ACT_LO_AUX/generate_level_p_s_cdc/single_bit/CROSS_PLEVEL_IN2SCNDRY_s_level_out_d5/F3/IS_R_INVERTED is of a type not supported for VCD or has zero size.
WARNING: HDL object /BASIC_wrapper/BASIC_i/proc_sys_reset_0/U0/EXT_LPF/active_low_aux/ACT_LO_AUX/generate_level_p_s_cdc/single_bit/CROSS_PLEVEL_IN2SCNDRY_s_level_out_d5/F3/MODULE_NAME is of a type not supported for VCD or has zero size.
WARNING: HDL object /BASIC_wrapper/BASIC_i/proc_sys_reset_0/U0/EXT_LPF/active_low_aux/ACT_LO_AUX/generate_level_p_s_cdc/single_bit/CROSS_PLEVEL_IN2SCNDRY_s_level_out_d5/F3/IN_DELAY is of a type not supported for VCD or has zero size.
WARNING: HDL object /BASIC_wrapper/BASIC_i/proc_sys_reset_0/U0/EXT_LPF/active_low_aux/ACT_LO_AUX/generate_level_p_s_cdc/single_bit/CROSS_PLEVEL_IN2SCNDRY_s_level_out_d5/F3/OUT_DELAY is of a type not supported for VCD or has zero size.
WARNING: HDL object /BASIC_wrapper/BASIC_i/proc_sys_reset_0/U0/EXT_LPF/active_low_aux/ACT_LO_AUX/generate_level_p_s_cdc/single_bit/CROSS_PLEVEL_IN2SCNDRY_s_level_out_d5/F3/INCLK_DELAY is of a type not supported for VCD or has zero size.
WARNING: HDL object /BASIC_wrapper/BASIC_i/proc_sys_reset_0/U0/EXT_LPF/active_low_aux/ACT_LO_AUX/generate_level_p_s_cdc/single_bit/CROSS_PLEVEL_IN2SCNDRY_s_level_out_d5/F3/OUTCLK_DELAY is of a type not supported for VCD or has zero size.
WARNING: HDL object /BASIC_wrapper/BASIC_i/proc_sys_reset_0/U0/EXT_LPF/active_low_aux/ACT_LO_AUX/generate_level_p_s_cdc/single_bit/CROSS_PLEVEL_IN2SCNDRY_s_level_out_d5/INIT is of a type not supported for VCD or has zero size.
WARNING: HDL object /BASIC_wrapper/BASIC_i/proc_sys_reset_0/U0/EXT_LPF/active_low_aux/ACT_LO_AUX/generate_level_p_s_cdc/single_bit/CROSS_PLEVEL_IN2SCNDRY_s_level_out_d6/F3/INIT is of a type not supported for VCD or has zero size.
WARNING: HDL object /BASIC_wrapper/BASIC_i/proc_sys_reset_0/U0/EXT_LPF/active_low_aux/ACT_LO_AUX/generate_level_p_s_cdc/single_bit/CROSS_PLEVEL_IN2SCNDRY_s_level_out_d6/F3/IS_C_INVERTED is of a type not supported for VCD or has zero size.
WARNING: HDL object /BASIC_wrapper/BASIC_i/proc_sys_reset_0/U0/EXT_LPF/active_low_aux/ACT_LO_AUX/generate_level_p_s_cdc/single_bit/CROSS_PLEVEL_IN2SCNDRY_s_level_out_d6/F3/IS_D_INVERTED is of a type not supported for VCD or has zero size.
WARNING: HDL object /BASIC_wrapper/BASIC_i/proc_sys_reset_0/U0/EXT_LPF/active_low_aux/ACT_LO_AUX/generate_level_p_s_cdc/single_bit/CROSS_PLEVEL_IN2SCNDRY_s_level_out_d6/F3/IS_R_INVERTED is of a type not supported for VCD or has zero size.
WARNING: HDL object /BASIC_wrapper/BASIC_i/proc_sys_reset_0/U0/EXT_LPF/active_low_aux/ACT_LO_AUX/generate_level_p_s_cdc/single_bit/CROSS_PLEVEL_IN2SCNDRY_s_level_out_d6/F3/MODULE_NAME is of a type not supported for VCD or has zero size.
WARNING: HDL object /BASIC_wrapper/BASIC_i/proc_sys_reset_0/U0/EXT_LPF/active_low_aux/ACT_LO_AUX/generate_level_p_s_cdc/single_bit/CROSS_PLEVEL_IN2SCNDRY_s_level_out_d6/F3/IN_DELAY is of a type not supported for VCD or has zero size.
WARNING: HDL object /BASIC_wrapper/BASIC_i/proc_sys_reset_0/U0/EXT_LPF/active_low_aux/ACT_LO_AUX/generate_level_p_s_cdc/single_bit/CROSS_PLEVEL_IN2SCNDRY_s_level_out_d6/F3/OUT_DELAY is of a type not supported for VCD or has zero size.
WARNING: HDL object /BASIC_wrapper/BASIC_i/proc_sys_reset_0/U0/EXT_LPF/active_low_aux/ACT_LO_AUX/generate_level_p_s_cdc/single_bit/CROSS_PLEVEL_IN2SCNDRY_s_level_out_d6/F3/INCLK_DELAY is of a type not supported for VCD or has zero size.
WARNING: HDL object /BASIC_wrapper/BASIC_i/proc_sys_reset_0/U0/EXT_LPF/active_low_aux/ACT_LO_AUX/generate_level_p_s_cdc/single_bit/CROSS_PLEVEL_IN2SCNDRY_s_level_out_d6/F3/OUTCLK_DELAY is of a type not supported for VCD or has zero size.
WARNING: HDL object /BASIC_wrapper/BASIC_i/proc_sys_reset_0/U0/EXT_LPF/active_low_aux/ACT_LO_AUX/generate_level_p_s_cdc/single_bit/CROSS_PLEVEL_IN2SCNDRY_s_level_out_d6/INIT is of a type not supported for VCD or has zero size.
WARNING: HDL object /BASIC_wrapper/BASIC_i/proc_sys_reset_0/U0/EXT_LPF/active_low_aux/ACT_LO_AUX/C_CDC_TYPE is of a type not supported for VCD or has zero size.
WARNING: HDL object /BASIC_wrapper/BASIC_i/proc_sys_reset_0/U0/EXT_LPF/active_low_aux/ACT_LO_AUX/C_RESET_STATE is of a type not supported for VCD or has zero size.
WARNING: HDL object /BASIC_wrapper/BASIC_i/proc_sys_reset_0/U0/EXT_LPF/active_low_aux/ACT_LO_AUX/C_SINGLE_BIT is of a type not supported for VCD or has zero size.
WARNING: HDL object /BASIC_wrapper/BASIC_i/proc_sys_reset_0/U0/EXT_LPF/active_low_aux/ACT_LO_AUX/C_FLOP_INPUT is of a type not supported for VCD or has zero size.
WARNING: HDL object /BASIC_wrapper/BASIC_i/proc_sys_reset_0/U0/EXT_LPF/active_low_aux/ACT_LO_AUX/C_VECTOR_WIDTH is of a type not supported for VCD or has zero size.
WARNING: HDL object /BASIC_wrapper/BASIC_i/proc_sys_reset_0/U0/EXT_LPF/active_low_aux/ACT_LO_AUX/C_MTBF_STAGES is of a type not supported for VCD or has zero size.
WARNING: HDL object /BASIC_wrapper/BASIC_i/proc_sys_reset_0/U0/EXT_LPF/\EXT_LPF(1)\/i is of a type not supported for VCD or has zero size.
WARNING: HDL object /BASIC_wrapper/BASIC_i/proc_sys_reset_0/U0/EXT_LPF/\EXT_LPF(2)\/i is of a type not supported for VCD or has zero size.
WARNING: HDL object /BASIC_wrapper/BASIC_i/proc_sys_reset_0/U0/EXT_LPF/\EXT_LPF(3)\/i is of a type not supported for VCD or has zero size.
WARNING: HDL object /BASIC_wrapper/BASIC_i/proc_sys_reset_0/U0/EXT_LPF/\AUX_LPF(1)\/k is of a type not supported for VCD or has zero size.
WARNING: HDL object /BASIC_wrapper/BASIC_i/proc_sys_reset_0/U0/EXT_LPF/\AUX_LPF(2)\/k is of a type not supported for VCD or has zero size.
WARNING: HDL object /BASIC_wrapper/BASIC_i/proc_sys_reset_0/U0/EXT_LPF/\AUX_LPF(3)\/k is of a type not supported for VCD or has zero size.
WARNING: HDL object /BASIC_wrapper/BASIC_i/proc_sys_reset_0/U0/EXT_LPF/EXT_LPF_AND/loop_and is of a type not supported for VCD or has zero size.
WARNING: HDL object /BASIC_wrapper/BASIC_i/proc_sys_reset_0/U0/EXT_LPF/EXT_LPF_AND/loop_nand is of a type not supported for VCD or has zero size.
WARNING: HDL object /BASIC_wrapper/BASIC_i/proc_sys_reset_0/U0/EXT_LPF/EXT_LPF_AND/j is of a type not supported for VCD or has zero size.
WARNING: HDL object /BASIC_wrapper/BASIC_i/proc_sys_reset_0/U0/EXT_LPF/AUX_LPF_AND/aux_loop_and is of a type not supported for VCD or has zero size.
WARNING: HDL object /BASIC_wrapper/BASIC_i/proc_sys_reset_0/U0/EXT_LPF/AUX_LPF_AND/aux_loop_nand is of a type not supported for VCD or has zero size.
WARNING: HDL object /BASIC_wrapper/BASIC_i/proc_sys_reset_0/U0/EXT_LPF/AUX_LPF_AND/m is of a type not supported for VCD or has zero size.
WARNING: HDL object /BASIC_wrapper/BASIC_i/proc_sys_reset_0/U0/EXT_LPF/C_EXT_RST_WIDTH is of a type not supported for VCD or has zero size.
WARNING: HDL object /BASIC_wrapper/BASIC_i/proc_sys_reset_0/U0/EXT_LPF/C_AUX_RST_WIDTH is of a type not supported for VCD or has zero size.
WARNING: HDL object /BASIC_wrapper/BASIC_i/proc_sys_reset_0/U0/EXT_LPF/C_EXT_RESET_HIGH is of a type not supported for VCD or has zero size.
WARNING: HDL object /BASIC_wrapper/BASIC_i/proc_sys_reset_0/U0/EXT_LPF/C_AUX_RESET_HIGH is of a type not supported for VCD or has zero size.
WARNING: HDL object /BASIC_wrapper/BASIC_i/proc_sys_reset_0/U0/EXT_LPF/CLEAR is of a type not supported for VCD or has zero size.
WARNING: HDL object /BASIC_wrapper/BASIC_i/proc_sys_reset_0/U0/SEQ/SEQ_COUNTER/C_SIZE is of a type not supported for VCD or has zero size.
WARNING: HDL object /BASIC_wrapper/BASIC_i/proc_sys_reset_0/U0/SEQ/SEQ_COUNTER/CLEAR is of a type not supported for VCD or has zero size.
WARNING: HDL object /BASIC_wrapper/BASIC_i/proc_sys_reset_0/U0/SEQ/CLEAR is of a type not supported for VCD or has zero size.
WARNING: HDL object /BASIC_wrapper/BASIC_i/proc_sys_reset_0/U0/SEQ/BSR_END_LPF_CHIP is of a type not supported for VCD or has zero size.
WARNING: HDL object /BASIC_wrapper/BASIC_i/proc_sys_reset_0/U0/SEQ/BSR_END_SYS is of a type not supported for VCD or has zero size.
WARNING: HDL object /BASIC_wrapper/BASIC_i/proc_sys_reset_0/U0/SEQ/PR_END_LPF_CHIP is of a type not supported for VCD or has zero size.
WARNING: HDL object /BASIC_wrapper/BASIC_i/proc_sys_reset_0/U0/SEQ/PR_END_SYS is of a type not supported for VCD or has zero size.
WARNING: HDL object /BASIC_wrapper/BASIC_i/proc_sys_reset_0/U0/SEQ/CORE_END_LPF_CHIP is of a type not supported for VCD or has zero size.
WARNING: HDL object /BASIC_wrapper/BASIC_i/proc_sys_reset_0/U0/SEQ/CORE_END_SYS is of a type not supported for VCD or has zero size.
WARNING: HDL object /BASIC_wrapper/BASIC_i/proc_sys_reset_0/U0/SEQ/CHIP_END_LPF_CHIP is of a type not supported for VCD or has zero size.
WARNING: HDL object /BASIC_wrapper/BASIC_i/proc_sys_reset_0/U0/SEQ/CHIP_END_SYS is of a type not supported for VCD or has zero size.
WARNING: HDL object /BASIC_wrapper/BASIC_i/proc_sys_reset_0/U0/SEQ/SYS_END_LPF is of a type not supported for VCD or has zero size.
WARNING: HDL object /BASIC_wrapper/BASIC_i/proc_sys_reset_0/U0/SEQ/SYS_END_SYS is of a type not supported for VCD or has zero size.
WARNING: HDL object /BASIC_wrapper/BASIC_i/proc_sys_reset_0/U0/C_FAMILY is of a type not supported for VCD or has zero size.
WARNING: HDL object /BASIC_wrapper/BASIC_i/proc_sys_reset_0/U0/C_EXT_RST_WIDTH is of a type not supported for VCD or has zero size.
WARNING: HDL object /BASIC_wrapper/BASIC_i/proc_sys_reset_0/U0/C_AUX_RST_WIDTH is of a type not supported for VCD or has zero size.
WARNING: HDL object /BASIC_wrapper/BASIC_i/proc_sys_reset_0/U0/C_EXT_RESET_HIGH is of a type not supported for VCD or has zero size.
WARNING: HDL object /BASIC_wrapper/BASIC_i/proc_sys_reset_0/U0/C_AUX_RESET_HIGH is of a type not supported for VCD or has zero size.
WARNING: HDL object /BASIC_wrapper/BASIC_i/proc_sys_reset_0/U0/C_NUM_BUS_RST is of a type not supported for VCD or has zero size.
WARNING: HDL object /BASIC_wrapper/BASIC_i/proc_sys_reset_0/U0/C_NUM_PERP_RST is of a type not supported for VCD or has zero size.
WARNING: HDL object /BASIC_wrapper/BASIC_i/proc_sys_reset_0/U0/C_NUM_INTERCONNECT_ARESETN is of a type not supported for VCD or has zero size.
WARNING: HDL object /BASIC_wrapper/BASIC_i/proc_sys_reset_0/U0/C_NUM_PERP_ARESETN is of a type not supported for VCD or has zero size.
WARNING: HDL object /BASIC_wrapper/BASIC_i/proc_sys_reset_0/U0/T is of a type not supported for VCD or has zero size.
INFO: HDL object /BASIC_wrapper/BASIC_i/zynq_ultra_ps_e_0/inst/ocmc/ocm/ocm_memory is an unpacked array. VCD does not support unpacked array type according to IEEE LRM 1800-2009, section21.7.5.
INFO: HDL object /BASIC_wrapper/BASIC_i/zynq_ultra_ps_e_0/inst/S_AXI_ACP/wr_fifo is an unpacked array. VCD does not support unpacked array type according to IEEE LRM 1800-2009, section21.7.5.
INFO: HDL object /BASIC_wrapper/BASIC_i/zynq_ultra_ps_e_0/inst/S_AXI_ACP/awvalid_receive_time is an unpacked array. VCD does not support unpacked array type according to IEEE LRM 1800-2009, section21.7.5.
INFO: HDL object /BASIC_wrapper/BASIC_i/zynq_ultra_ps_e_0/inst/S_AXI_ACP/awvalid_flag is an unpacked array. VCD does not support unpacked array type according to IEEE LRM 1800-2009, section21.7.5.
INFO: HDL object /BASIC_wrapper/BASIC_i/zynq_ultra_ps_e_0/inst/S_AXI_ACP/awsize is an unpacked array. VCD does not support unpacked array type according to IEEE LRM 1800-2009, section21.7.5.
INFO: HDL object /BASIC_wrapper/BASIC_i/zynq_ultra_ps_e_0/inst/S_AXI_ACP/awprot is an unpacked array. VCD does not support unpacked array type according to IEEE LRM 1800-2009, section21.7.5.
INFO: HDL object /BASIC_wrapper/BASIC_i/zynq_ultra_ps_e_0/inst/S_AXI_ACP/awlock is an unpacked array. VCD does not support unpacked array type according to IEEE LRM 1800-2009, section21.7.5.
INFO: HDL object /BASIC_wrapper/BASIC_i/zynq_ultra_ps_e_0/inst/S_AXI_ACP/awcache is an unpacked array. VCD does not support unpacked array type according to IEEE LRM 1800-2009, section21.7.5.
INFO: HDL object /BASIC_wrapper/BASIC_i/zynq_ultra_ps_e_0/inst/S_AXI_ACP/awbrst is an unpacked array. VCD does not support unpacked array type according to IEEE LRM 1800-2009, section21.7.5.
INFO: HDL object /BASIC_wrapper/BASIC_i/zynq_ultra_ps_e_0/inst/S_AXI_ACP/awlen is an unpacked array. VCD does not support unpacked array type according to IEEE LRM 1800-2009, section21.7.5.
INFO: HDL object /BASIC_wrapper/BASIC_i/zynq_ultra_ps_e_0/inst/S_AXI_ACP/aw_flag is an unpacked array. VCD does not support unpacked array type according to IEEE LRM 1800-2009, section21.7.5.
INFO: HDL object /BASIC_wrapper/BASIC_i/zynq_ultra_ps_e_0/inst/S_AXI_ACP/awaddr is an unpacked array. VCD does not support unpacked array type according to IEEE LRM 1800-2009, section21.7.5.
INFO: HDL object /BASIC_wrapper/BASIC_i/zynq_ultra_ps_e_0/inst/S_AXI_ACP/awid is an unpacked array. VCD does not support unpacked array type according to IEEE LRM 1800-2009, section21.7.5.
INFO: HDL object /BASIC_wrapper/BASIC_i/zynq_ultra_ps_e_0/inst/S_AXI_ACP/awqos is an unpacked array. VCD does not support unpacked array type according to IEEE LRM 1800-2009, section21.7.5.
INFO: HDL object /BASIC_wrapper/BASIC_i/zynq_ultra_ps_e_0/inst/S_AXI_ACP/burst_data is an unpacked array. VCD does not support unpacked array type according to IEEE LRM 1800-2009, section21.7.5.
INFO: HDL object /BASIC_wrapper/BASIC_i/zynq_ultra_ps_e_0/inst/S_AXI_ACP/burst_strb is an unpacked array. VCD does not support unpacked array type according to IEEE LRM 1800-2009, section21.7.5.
INFO: HDL object /BASIC_wrapper/BASIC_i/zynq_ultra_ps_e_0/inst/S_AXI_ACP/burst_valid_bytes is an unpacked array. VCD does not support unpacked array type according to IEEE LRM 1800-2009, section21.7.5.
INFO: HDL object /BASIC_wrapper/BASIC_i/zynq_ultra_ps_e_0/inst/S_AXI_ACP/wlast_flag is an unpacked array. VCD does not support unpacked array type according to IEEE LRM 1800-2009, section21.7.5.
INFO: HDL object /BASIC_wrapper/BASIC_i/zynq_ultra_ps_e_0/inst/S_AXI_ACP/fifo_bresp is an unpacked array. VCD does not support unpacked array type according to IEEE LRM 1800-2009, section21.7.5.
INFO: HDL object /BASIC_wrapper/BASIC_i/zynq_ultra_ps_e_0/inst/S_AXI_ACP/arvalid_receive_time is an unpacked array. VCD does not support unpacked array type according to IEEE LRM 1800-2009, section21.7.5.
INFO: HDL object /BASIC_wrapper/BASIC_i/zynq_ultra_ps_e_0/inst/S_AXI_ACP/arvalid_flag is an unpacked array. VCD does not support unpacked array type according to IEEE LRM 1800-2009, section21.7.5.
INFO: HDL object /BASIC_wrapper/BASIC_i/zynq_ultra_ps_e_0/inst/S_AXI_ACP/arsize is an unpacked array. VCD does not support unpacked array type according to IEEE LRM 1800-2009, section21.7.5.
INFO: HDL object /BASIC_wrapper/BASIC_i/zynq_ultra_ps_e_0/inst/S_AXI_ACP/arprot is an unpacked array. VCD does not support unpacked array type according to IEEE LRM 1800-2009, section21.7.5.
INFO: HDL object /BASIC_wrapper/BASIC_i/zynq_ultra_ps_e_0/inst/S_AXI_ACP/arbrst is an unpacked array. VCD does not support unpacked array type according to IEEE LRM 1800-2009, section21.7.5.
INFO: HDL object /BASIC_wrapper/BASIC_i/zynq_ultra_ps_e_0/inst/S_AXI_ACP/arlen is an unpacked array. VCD does not support unpacked array type according to IEEE LRM 1800-2009, section21.7.5.
INFO: HDL object /BASIC_wrapper/BASIC_i/zynq_ultra_ps_e_0/inst/S_AXI_ACP/arcache is an unpacked array. VCD does not support unpacked array type according to IEEE LRM 1800-2009, section21.7.5.
INFO: HDL object /BASIC_wrapper/BASIC_i/zynq_ultra_ps_e_0/inst/S_AXI_ACP/arlock is an unpacked array. VCD does not support unpacked array type according to IEEE LRM 1800-2009, section21.7.5.
INFO: HDL object /BASIC_wrapper/BASIC_i/zynq_ultra_ps_e_0/inst/S_AXI_ACP/ar_flag is an unpacked array. VCD does not support unpacked array type according to IEEE LRM 1800-2009, section21.7.5.
INFO: HDL object /BASIC_wrapper/BASIC_i/zynq_ultra_ps_e_0/inst/S_AXI_ACP/araddr is an unpacked array. VCD does not support unpacked array type according to IEEE LRM 1800-2009, section21.7.5.
INFO: HDL object /BASIC_wrapper/BASIC_i/zynq_ultra_ps_e_0/inst/S_AXI_ACP/arid is an unpacked array. VCD does not support unpacked array type according to IEEE LRM 1800-2009, section21.7.5.
INFO: HDL object /BASIC_wrapper/BASIC_i/zynq_ultra_ps_e_0/inst/S_AXI_ACP/arqos is an unpacked array. VCD does not support unpacked array type according to IEEE LRM 1800-2009, section21.7.5.
INFO: HDL object /BASIC_wrapper/BASIC_i/zynq_ultra_ps_e_0/inst/S_AXI_ACP/fifo_rresp is an unpacked array. VCD does not support unpacked array type according to IEEE LRM 1800-2009, section21.7.5.
INFO: HDL object /BASIC_wrapper/BASIC_i/zynq_ultra_ps_e_0/inst/S_AXI_ACP/read_fifo is an unpacked array. VCD does not support unpacked array type according to IEEE LRM 1800-2009, section21.7.5.
INFO: HDL object /BASIC_wrapper/BASIC_i/zynq_ultra_ps_e_0/inst/S_AXI_ACE/wr_fifo is an unpacked array. VCD does not support unpacked array type according to IEEE LRM 1800-2009, section21.7.5.
INFO: HDL object /BASIC_wrapper/BASIC_i/zynq_ultra_ps_e_0/inst/S_AXI_ACE/awvalid_receive_time is an unpacked array. VCD does not support unpacked array type according to IEEE LRM 1800-2009, section21.7.5.
INFO: HDL object /BASIC_wrapper/BASIC_i/zynq_ultra_ps_e_0/inst/S_AXI_ACE/awvalid_flag is an unpacked array. VCD does not support unpacked array type according to IEEE LRM 1800-2009, section21.7.5.
INFO: HDL object /BASIC_wrapper/BASIC_i/zynq_ultra_ps_e_0/inst/S_AXI_ACE/awsize is an unpacked array. VCD does not support unpacked array type according to IEEE LRM 1800-2009, section21.7.5.
INFO: HDL object /BASIC_wrapper/BASIC_i/zynq_ultra_ps_e_0/inst/S_AXI_ACE/awprot is an unpacked array. VCD does not support unpacked array type according to IEEE LRM 1800-2009, section21.7.5.
INFO: HDL object /BASIC_wrapper/BASIC_i/zynq_ultra_ps_e_0/inst/S_AXI_ACE/awlock is an unpacked array. VCD does not support unpacked array type according to IEEE LRM 1800-2009, section21.7.5.
INFO: HDL object /BASIC_wrapper/BASIC_i/zynq_ultra_ps_e_0/inst/S_AXI_ACE/awcache is an unpacked array. VCD does not support unpacked array type according to IEEE LRM 1800-2009, section21.7.5.
INFO: HDL object /BASIC_wrapper/BASIC_i/zynq_ultra_ps_e_0/inst/S_AXI_ACE/awbrst is an unpacked array. VCD does not support unpacked array type according to IEEE LRM 1800-2009, section21.7.5.
INFO: HDL object /BASIC_wrapper/BASIC_i/zynq_ultra_ps_e_0/inst/S_AXI_ACE/awlen is an unpacked array. VCD does not support unpacked array type according to IEEE LRM 1800-2009, section21.7.5.
INFO: HDL object /BASIC_wrapper/BASIC_i/zynq_ultra_ps_e_0/inst/S_AXI_ACE/aw_flag is an unpacked array. VCD does not support unpacked array type according to IEEE LRM 1800-2009, section21.7.5.
INFO: HDL object /BASIC_wrapper/BASIC_i/zynq_ultra_ps_e_0/inst/S_AXI_ACE/awaddr is an unpacked array. VCD does not support unpacked array type according to IEEE LRM 1800-2009, section21.7.5.
INFO: HDL object /BASIC_wrapper/BASIC_i/zynq_ultra_ps_e_0/inst/S_AXI_ACE/awid is an unpacked array. VCD does not support unpacked array type according to IEEE LRM 1800-2009, section21.7.5.
INFO: HDL object /BASIC_wrapper/BASIC_i/zynq_ultra_ps_e_0/inst/S_AXI_ACE/awqos is an unpacked array. VCD does not support unpacked array type according to IEEE LRM 1800-2009, section21.7.5.
INFO: HDL object /BASIC_wrapper/BASIC_i/zynq_ultra_ps_e_0/inst/S_AXI_ACE/burst_data is an unpacked array. VCD does not support unpacked array type according to IEEE LRM 1800-2009, section21.7.5.
INFO: HDL object /BASIC_wrapper/BASIC_i/zynq_ultra_ps_e_0/inst/S_AXI_ACE/burst_strb is an unpacked array. VCD does not support unpacked array type according to IEEE LRM 1800-2009, section21.7.5.
INFO: HDL object /BASIC_wrapper/BASIC_i/zynq_ultra_ps_e_0/inst/S_AXI_ACE/burst_valid_bytes is an unpacked array. VCD does not support unpacked array type according to IEEE LRM 1800-2009, section21.7.5.
INFO: HDL object /BASIC_wrapper/BASIC_i/zynq_ultra_ps_e_0/inst/S_AXI_ACE/wlast_flag is an unpacked array. VCD does not support unpacked array type according to IEEE LRM 1800-2009, section21.7.5.
INFO: HDL object /BASIC_wrapper/BASIC_i/zynq_ultra_ps_e_0/inst/S_AXI_ACE/fifo_bresp is an unpacked array. VCD does not support unpacked array type according to IEEE LRM 1800-2009, section21.7.5.
INFO: HDL object /BASIC_wrapper/BASIC_i/zynq_ultra_ps_e_0/inst/S_AXI_ACE/arvalid_receive_time is an unpacked array. VCD does not support unpacked array type according to IEEE LRM 1800-2009, section21.7.5.
INFO: HDL object /BASIC_wrapper/BASIC_i/zynq_ultra_ps_e_0/inst/S_AXI_ACE/arvalid_flag is an unpacked array. VCD does not support unpacked array type according to IEEE LRM 1800-2009, section21.7.5.
INFO: HDL object /BASIC_wrapper/BASIC_i/zynq_ultra_ps_e_0/inst/S_AXI_ACE/arsize is an unpacked array. VCD does not support unpacked array type according to IEEE LRM 1800-2009, section21.7.5.
INFO: HDL object /BASIC_wrapper/BASIC_i/zynq_ultra_ps_e_0/inst/S_AXI_ACE/arprot is an unpacked array. VCD does not support unpacked array type according to IEEE LRM 1800-2009, section21.7.5.
INFO: HDL object /BASIC_wrapper/BASIC_i/zynq_ultra_ps_e_0/inst/S_AXI_ACE/arbrst is an unpacked array. VCD does not support unpacked array type according to IEEE LRM 1800-2009, section21.7.5.
INFO: HDL object /BASIC_wrapper/BASIC_i/zynq_ultra_ps_e_0/inst/S_AXI_ACE/arlen is an unpacked array. VCD does not support unpacked array type according to IEEE LRM 1800-2009, section21.7.5.
INFO: HDL object /BASIC_wrapper/BASIC_i/zynq_ultra_ps_e_0/inst/S_AXI_ACE/arcache is an unpacked array. VCD does not support unpacked array type according to IEEE LRM 1800-2009, section21.7.5.
INFO: HDL object /BASIC_wrapper/BASIC_i/zynq_ultra_ps_e_0/inst/S_AXI_ACE/arlock is an unpacked array. VCD does not support unpacked array type according to IEEE LRM 1800-2009, section21.7.5.
INFO: HDL object /BASIC_wrapper/BASIC_i/zynq_ultra_ps_e_0/inst/S_AXI_ACE/ar_flag is an unpacked array. VCD does not support unpacked array type according to IEEE LRM 1800-2009, section21.7.5.
INFO: HDL object /BASIC_wrapper/BASIC_i/zynq_ultra_ps_e_0/inst/S_AXI_ACE/araddr is an unpacked array. VCD does not support unpacked array type according to IEEE LRM 1800-2009, section21.7.5.
INFO: HDL object /BASIC_wrapper/BASIC_i/zynq_ultra_ps_e_0/inst/S_AXI_ACE/arid is an unpacked array. VCD does not support unpacked array type according to IEEE LRM 1800-2009, section21.7.5.
INFO: HDL object /BASIC_wrapper/BASIC_i/zynq_ultra_ps_e_0/inst/S_AXI_ACE/arqos is an unpacked array. VCD does not support unpacked array type according to IEEE LRM 1800-2009, section21.7.5.
INFO: HDL object /BASIC_wrapper/BASIC_i/zynq_ultra_ps_e_0/inst/S_AXI_ACE/fifo_rresp is an unpacked array. VCD does not support unpacked array type according to IEEE LRM 1800-2009, section21.7.5.
INFO: HDL object /BASIC_wrapper/BASIC_i/zynq_ultra_ps_e_0/inst/S_AXI_ACE/read_fifo is an unpacked array. VCD does not support unpacked array type according to IEEE LRM 1800-2009, section21.7.5.
INFO: HDL object /BASIC_wrapper/BASIC_i/zynq_ultra_ps_e_0/inst/S_AXI_HPC0_FPD/wr_fifo is an unpacked array. VCD does not support unpacked array type according to IEEE LRM 1800-2009, section21.7.5.
INFO: HDL object /BASIC_wrapper/BASIC_i/zynq_ultra_ps_e_0/inst/S_AXI_HPC0_FPD/awvalid_receive_time is an unpacked array. VCD does not support unpacked array type according to IEEE LRM 1800-2009, section21.7.5.
INFO: HDL object /BASIC_wrapper/BASIC_i/zynq_ultra_ps_e_0/inst/S_AXI_HPC0_FPD/awvalid_flag is an unpacked array. VCD does not support unpacked array type according to IEEE LRM 1800-2009, section21.7.5.
INFO: HDL object /BASIC_wrapper/BASIC_i/zynq_ultra_ps_e_0/inst/S_AXI_HPC0_FPD/awsize is an unpacked array. VCD does not support unpacked array type according to IEEE LRM 1800-2009, section21.7.5.
INFO: HDL object /BASIC_wrapper/BASIC_i/zynq_ultra_ps_e_0/inst/S_AXI_HPC0_FPD/awprot is an unpacked array. VCD does not support unpacked array type according to IEEE LRM 1800-2009, section21.7.5.
INFO: HDL object /BASIC_wrapper/BASIC_i/zynq_ultra_ps_e_0/inst/S_AXI_HPC0_FPD/awlock is an unpacked array. VCD does not support unpacked array type according to IEEE LRM 1800-2009, section21.7.5.
INFO: HDL object /BASIC_wrapper/BASIC_i/zynq_ultra_ps_e_0/inst/S_AXI_HPC0_FPD/awcache is an unpacked array. VCD does not support unpacked array type according to IEEE LRM 1800-2009, section21.7.5.
INFO: HDL object /BASIC_wrapper/BASIC_i/zynq_ultra_ps_e_0/inst/S_AXI_HPC0_FPD/awbrst is an unpacked array. VCD does not support unpacked array type according to IEEE LRM 1800-2009, section21.7.5.
INFO: HDL object /BASIC_wrapper/BASIC_i/zynq_ultra_ps_e_0/inst/S_AXI_HPC0_FPD/awlen is an unpacked array. VCD does not support unpacked array type according to IEEE LRM 1800-2009, section21.7.5.
INFO: HDL object /BASIC_wrapper/BASIC_i/zynq_ultra_ps_e_0/inst/S_AXI_HPC0_FPD/aw_flag is an unpacked array. VCD does not support unpacked array type according to IEEE LRM 1800-2009, section21.7.5.
INFO: HDL object /BASIC_wrapper/BASIC_i/zynq_ultra_ps_e_0/inst/S_AXI_HPC0_FPD/awaddr is an unpacked array. VCD does not support unpacked array type according to IEEE LRM 1800-2009, section21.7.5.
INFO: HDL object /BASIC_wrapper/BASIC_i/zynq_ultra_ps_e_0/inst/S_AXI_HPC0_FPD/awid is an unpacked array. VCD does not support unpacked array type according to IEEE LRM 1800-2009, section21.7.5.
INFO: HDL object /BASIC_wrapper/BASIC_i/zynq_ultra_ps_e_0/inst/S_AXI_HPC0_FPD/awqos is an unpacked array. VCD does not support unpacked array type according to IEEE LRM 1800-2009, section21.7.5.
INFO: HDL object /BASIC_wrapper/BASIC_i/zynq_ultra_ps_e_0/inst/S_AXI_HPC0_FPD/burst_data is an unpacked array. VCD does not support unpacked array type according to IEEE LRM 1800-2009, section21.7.5.
INFO: HDL object /BASIC_wrapper/BASIC_i/zynq_ultra_ps_e_0/inst/S_AXI_HPC0_FPD/burst_strb is an unpacked array. VCD does not support unpacked array type according to IEEE LRM 1800-2009, section21.7.5.
INFO: HDL object /BASIC_wrapper/BASIC_i/zynq_ultra_ps_e_0/inst/S_AXI_HPC0_FPD/burst_valid_bytes is an unpacked array. VCD does not support unpacked array type according to IEEE LRM 1800-2009, section21.7.5.
INFO: HDL object /BASIC_wrapper/BASIC_i/zynq_ultra_ps_e_0/inst/S_AXI_HPC0_FPD/wlast_flag is an unpacked array. VCD does not support unpacked array type according to IEEE LRM 1800-2009, section21.7.5.
INFO: HDL object /BASIC_wrapper/BASIC_i/zynq_ultra_ps_e_0/inst/S_AXI_HPC0_FPD/fifo_bresp is an unpacked array. VCD does not support unpacked array type according to IEEE LRM 1800-2009, section21.7.5.
INFO: HDL object /BASIC_wrapper/BASIC_i/zynq_ultra_ps_e_0/inst/S_AXI_HPC0_FPD/arvalid_receive_time is an unpacked array. VCD does not support unpacked array type according to IEEE LRM 1800-2009, section21.7.5.
INFO: HDL object /BASIC_wrapper/BASIC_i/zynq_ultra_ps_e_0/inst/S_AXI_HPC0_FPD/arvalid_flag is an unpacked array. VCD does not support unpacked array type according to IEEE LRM 1800-2009, section21.7.5.
INFO: HDL object /BASIC_wrapper/BASIC_i/zynq_ultra_ps_e_0/inst/S_AXI_HPC0_FPD/arsize is an unpacked array. VCD does not support unpacked array type according to IEEE LRM 1800-2009, section21.7.5.
INFO: HDL object /BASIC_wrapper/BASIC_i/zynq_ultra_ps_e_0/inst/S_AXI_HPC0_FPD/arprot is an unpacked array. VCD does not support unpacked array type according to IEEE LRM 1800-2009, section21.7.5.
INFO: HDL object /BASIC_wrapper/BASIC_i/zynq_ultra_ps_e_0/inst/S_AXI_HPC0_FPD/arbrst is an unpacked array. VCD does not support unpacked array type according to IEEE LRM 1800-2009, section21.7.5.
INFO: HDL object /BASIC_wrapper/BASIC_i/zynq_ultra_ps_e_0/inst/S_AXI_HPC0_FPD/arlen is an unpacked array. VCD does not support unpacked array type according to IEEE LRM 1800-2009, section21.7.5.
INFO: HDL object /BASIC_wrapper/BASIC_i/zynq_ultra_ps_e_0/inst/S_AXI_HPC0_FPD/arcache is an unpacked array. VCD does not support unpacked array type according to IEEE LRM 1800-2009, section21.7.5.
INFO: HDL object /BASIC_wrapper/BASIC_i/zynq_ultra_ps_e_0/inst/S_AXI_HPC0_FPD/arlock is an unpacked array. VCD does not support unpacked array type according to IEEE LRM 1800-2009, section21.7.5.
INFO: HDL object /BASIC_wrapper/BASIC_i/zynq_ultra_ps_e_0/inst/S_AXI_HPC0_FPD/ar_flag is an unpacked array. VCD does not support unpacked array type according to IEEE LRM 1800-2009, section21.7.5.
INFO: HDL object /BASIC_wrapper/BASIC_i/zynq_ultra_ps_e_0/inst/S_AXI_HPC0_FPD/araddr is an unpacked array. VCD does not support unpacked array type according to IEEE LRM 1800-2009, section21.7.5.
INFO: HDL object /BASIC_wrapper/BASIC_i/zynq_ultra_ps_e_0/inst/S_AXI_HPC0_FPD/arid is an unpacked array. VCD does not support unpacked array type according to IEEE LRM 1800-2009, section21.7.5.
INFO: HDL object /BASIC_wrapper/BASIC_i/zynq_ultra_ps_e_0/inst/S_AXI_HPC0_FPD/arqos is an unpacked array. VCD does not support unpacked array type according to IEEE LRM 1800-2009, section21.7.5.
INFO: HDL object /BASIC_wrapper/BASIC_i/zynq_ultra_ps_e_0/inst/S_AXI_HPC0_FPD/fifo_rresp is an unpacked array. VCD does not support unpacked array type according to IEEE LRM 1800-2009, section21.7.5.
INFO: HDL object /BASIC_wrapper/BASIC_i/zynq_ultra_ps_e_0/inst/S_AXI_HPC0_FPD/read_fifo is an unpacked array. VCD does not support unpacked array type according to IEEE LRM 1800-2009, section21.7.5.
INFO: HDL object /BASIC_wrapper/BASIC_i/zynq_ultra_ps_e_0/inst/S_AXI_HPC1_FPD/wr_fifo is an unpacked array. VCD does not support unpacked array type according to IEEE LRM 1800-2009, section21.7.5.
INFO: HDL object /BASIC_wrapper/BASIC_i/zynq_ultra_ps_e_0/inst/S_AXI_HPC1_FPD/awvalid_receive_time is an unpacked array. VCD does not support unpacked array type according to IEEE LRM 1800-2009, section21.7.5.
INFO: HDL object /BASIC_wrapper/BASIC_i/zynq_ultra_ps_e_0/inst/S_AXI_HPC1_FPD/awvalid_flag is an unpacked array. VCD does not support unpacked array type according to IEEE LRM 1800-2009, section21.7.5.
INFO: HDL object /BASIC_wrapper/BASIC_i/zynq_ultra_ps_e_0/inst/S_AXI_HPC1_FPD/awsize is an unpacked array. VCD does not support unpacked array type according to IEEE LRM 1800-2009, section21.7.5.
INFO: HDL object /BASIC_wrapper/BASIC_i/zynq_ultra_ps_e_0/inst/S_AXI_HPC1_FPD/awprot is an unpacked array. VCD does not support unpacked array type according to IEEE LRM 1800-2009, section21.7.5.
INFO: HDL object /BASIC_wrapper/BASIC_i/zynq_ultra_ps_e_0/inst/S_AXI_HPC1_FPD/awlock is an unpacked array. VCD does not support unpacked array type according to IEEE LRM 1800-2009, section21.7.5.
INFO: HDL object /BASIC_wrapper/BASIC_i/zynq_ultra_ps_e_0/inst/S_AXI_HPC1_FPD/awcache is an unpacked array. VCD does not support unpacked array type according to IEEE LRM 1800-2009, section21.7.5.
INFO: HDL object /BASIC_wrapper/BASIC_i/zynq_ultra_ps_e_0/inst/S_AXI_HPC1_FPD/awbrst is an unpacked array. VCD does not support unpacked array type according to IEEE LRM 1800-2009, section21.7.5.
INFO: HDL object /BASIC_wrapper/BASIC_i/zynq_ultra_ps_e_0/inst/S_AXI_HPC1_FPD/awlen is an unpacked array. VCD does not support unpacked array type according to IEEE LRM 1800-2009, section21.7.5.
INFO: HDL object /BASIC_wrapper/BASIC_i/zynq_ultra_ps_e_0/inst/S_AXI_HPC1_FPD/aw_flag is an unpacked array. VCD does not support unpacked array type according to IEEE LRM 1800-2009, section21.7.5.
INFO: HDL object /BASIC_wrapper/BASIC_i/zynq_ultra_ps_e_0/inst/S_AXI_HPC1_FPD/awaddr is an unpacked array. VCD does not support unpacked array type according to IEEE LRM 1800-2009, section21.7.5.
INFO: HDL object /BASIC_wrapper/BASIC_i/zynq_ultra_ps_e_0/inst/S_AXI_HPC1_FPD/awid is an unpacked array. VCD does not support unpacked array type according to IEEE LRM 1800-2009, section21.7.5.
INFO: HDL object /BASIC_wrapper/BASIC_i/zynq_ultra_ps_e_0/inst/S_AXI_HPC1_FPD/awqos is an unpacked array. VCD does not support unpacked array type according to IEEE LRM 1800-2009, section21.7.5.
INFO: HDL object /BASIC_wrapper/BASIC_i/zynq_ultra_ps_e_0/inst/S_AXI_HPC1_FPD/burst_data is an unpacked array. VCD does not support unpacked array type according to IEEE LRM 1800-2009, section21.7.5.
INFO: HDL object /BASIC_wrapper/BASIC_i/zynq_ultra_ps_e_0/inst/S_AXI_HPC1_FPD/burst_strb is an unpacked array. VCD does not support unpacked array type according to IEEE LRM 1800-2009, section21.7.5.
INFO: HDL object /BASIC_wrapper/BASIC_i/zynq_ultra_ps_e_0/inst/S_AXI_HPC1_FPD/burst_valid_bytes is an unpacked array. VCD does not support unpacked array type according to IEEE LRM 1800-2009, section21.7.5.
INFO: HDL object /BASIC_wrapper/BASIC_i/zynq_ultra_ps_e_0/inst/S_AXI_HPC1_FPD/wlast_flag is an unpacked array. VCD does not support unpacked array type according to IEEE LRM 1800-2009, section21.7.5.
INFO: HDL object /BASIC_wrapper/BASIC_i/zynq_ultra_ps_e_0/inst/S_AXI_HPC1_FPD/fifo_bresp is an unpacked array. VCD does not support unpacked array type according to IEEE LRM 1800-2009, section21.7.5.
INFO: HDL object /BASIC_wrapper/BASIC_i/zynq_ultra_ps_e_0/inst/S_AXI_HPC1_FPD/arvalid_receive_time is an unpacked array. VCD does not support unpacked array type according to IEEE LRM 1800-2009, section21.7.5.
INFO: HDL object /BASIC_wrapper/BASIC_i/zynq_ultra_ps_e_0/inst/S_AXI_HPC1_FPD/arvalid_flag is an unpacked array. VCD does not support unpacked array type according to IEEE LRM 1800-2009, section21.7.5.
INFO: HDL object /BASIC_wrapper/BASIC_i/zynq_ultra_ps_e_0/inst/S_AXI_HPC1_FPD/arsize is an unpacked array. VCD does not support unpacked array type according to IEEE LRM 1800-2009, section21.7.5.
INFO: HDL object /BASIC_wrapper/BASIC_i/zynq_ultra_ps_e_0/inst/S_AXI_HPC1_FPD/arprot is an unpacked array. VCD does not support unpacked array type according to IEEE LRM 1800-2009, section21.7.5.
INFO: HDL object /BASIC_wrapper/BASIC_i/zynq_ultra_ps_e_0/inst/S_AXI_HPC1_FPD/arbrst is an unpacked array. VCD does not support unpacked array type according to IEEE LRM 1800-2009, section21.7.5.
INFO: HDL object /BASIC_wrapper/BASIC_i/zynq_ultra_ps_e_0/inst/S_AXI_HPC1_FPD/arlen is an unpacked array. VCD does not support unpacked array type according to IEEE LRM 1800-2009, section21.7.5.
INFO: HDL object /BASIC_wrapper/BASIC_i/zynq_ultra_ps_e_0/inst/S_AXI_HPC1_FPD/arcache is an unpacked array. VCD does not support unpacked array type according to IEEE LRM 1800-2009, section21.7.5.
INFO: HDL object /BASIC_wrapper/BASIC_i/zynq_ultra_ps_e_0/inst/S_AXI_HPC1_FPD/arlock is an unpacked array. VCD does not support unpacked array type according to IEEE LRM 1800-2009, section21.7.5.
INFO: HDL object /BASIC_wrapper/BASIC_i/zynq_ultra_ps_e_0/inst/S_AXI_HPC1_FPD/ar_flag is an unpacked array. VCD does not support unpacked array type according to IEEE LRM 1800-2009, section21.7.5.
INFO: HDL object /BASIC_wrapper/BASIC_i/zynq_ultra_ps_e_0/inst/S_AXI_HPC1_FPD/araddr is an unpacked array. VCD does not support unpacked array type according to IEEE LRM 1800-2009, section21.7.5.
INFO: HDL object /BASIC_wrapper/BASIC_i/zynq_ultra_ps_e_0/inst/S_AXI_HPC1_FPD/arid is an unpacked array. VCD does not support unpacked array type according to IEEE LRM 1800-2009, section21.7.5.
INFO: HDL object /BASIC_wrapper/BASIC_i/zynq_ultra_ps_e_0/inst/S_AXI_HPC1_FPD/arqos is an unpacked array. VCD does not support unpacked array type according to IEEE LRM 1800-2009, section21.7.5.
INFO: HDL object /BASIC_wrapper/BASIC_i/zynq_ultra_ps_e_0/inst/S_AXI_HPC1_FPD/fifo_rresp is an unpacked array. VCD does not support unpacked array type according to IEEE LRM 1800-2009, section21.7.5.
INFO: HDL object /BASIC_wrapper/BASIC_i/zynq_ultra_ps_e_0/inst/S_AXI_HPC1_FPD/read_fifo is an unpacked array. VCD does not support unpacked array type according to IEEE LRM 1800-2009, section21.7.5.
INFO: HDL object /BASIC_wrapper/BASIC_i/zynq_ultra_ps_e_0/inst/S_AXI_HP0_FPD/wr_fifo is an unpacked array. VCD does not support unpacked array type according to IEEE LRM 1800-2009, section21.7.5.
INFO: HDL object /BASIC_wrapper/BASIC_i/zynq_ultra_ps_e_0/inst/S_AXI_HP0_FPD/awvalid_receive_time is an unpacked array. VCD does not support unpacked array type according to IEEE LRM 1800-2009, section21.7.5.
INFO: HDL object /BASIC_wrapper/BASIC_i/zynq_ultra_ps_e_0/inst/S_AXI_HP0_FPD/awvalid_flag is an unpacked array. VCD does not support unpacked array type according to IEEE LRM 1800-2009, section21.7.5.
INFO: HDL object /BASIC_wrapper/BASIC_i/zynq_ultra_ps_e_0/inst/S_AXI_HP0_FPD/awsize is an unpacked array. VCD does not support unpacked array type according to IEEE LRM 1800-2009, section21.7.5.
INFO: HDL object /BASIC_wrapper/BASIC_i/zynq_ultra_ps_e_0/inst/S_AXI_HP0_FPD/awprot is an unpacked array. VCD does not support unpacked array type according to IEEE LRM 1800-2009, section21.7.5.
INFO: HDL object /BASIC_wrapper/BASIC_i/zynq_ultra_ps_e_0/inst/S_AXI_HP0_FPD/awlock is an unpacked array. VCD does not support unpacked array type according to IEEE LRM 1800-2009, section21.7.5.
INFO: HDL object /BASIC_wrapper/BASIC_i/zynq_ultra_ps_e_0/inst/S_AXI_HP0_FPD/awcache is an unpacked array. VCD does not support unpacked array type according to IEEE LRM 1800-2009, section21.7.5.
INFO: HDL object /BASIC_wrapper/BASIC_i/zynq_ultra_ps_e_0/inst/S_AXI_HP0_FPD/awbrst is an unpacked array. VCD does not support unpacked array type according to IEEE LRM 1800-2009, section21.7.5.
INFO: HDL object /BASIC_wrapper/BASIC_i/zynq_ultra_ps_e_0/inst/S_AXI_HP0_FPD/awlen is an unpacked array. VCD does not support unpacked array type according to IEEE LRM 1800-2009, section21.7.5.
INFO: HDL object /BASIC_wrapper/BASIC_i/zynq_ultra_ps_e_0/inst/S_AXI_HP0_FPD/aw_flag is an unpacked array. VCD does not support unpacked array type according to IEEE LRM 1800-2009, section21.7.5.
INFO: HDL object /BASIC_wrapper/BASIC_i/zynq_ultra_ps_e_0/inst/S_AXI_HP0_FPD/awaddr is an unpacked array. VCD does not support unpacked array type according to IEEE LRM 1800-2009, section21.7.5.
INFO: HDL object /BASIC_wrapper/BASIC_i/zynq_ultra_ps_e_0/inst/S_AXI_HP0_FPD/awid is an unpacked array. VCD does not support unpacked array type according to IEEE LRM 1800-2009, section21.7.5.
INFO: HDL object /BASIC_wrapper/BASIC_i/zynq_ultra_ps_e_0/inst/S_AXI_HP0_FPD/awqos is an unpacked array. VCD does not support unpacked array type according to IEEE LRM 1800-2009, section21.7.5.
INFO: HDL object /BASIC_wrapper/BASIC_i/zynq_ultra_ps_e_0/inst/S_AXI_HP0_FPD/burst_data is an unpacked array. VCD does not support unpacked array type according to IEEE LRM 1800-2009, section21.7.5.
INFO: HDL object /BASIC_wrapper/BASIC_i/zynq_ultra_ps_e_0/inst/S_AXI_HP0_FPD/burst_strb is an unpacked array. VCD does not support unpacked array type according to IEEE LRM 1800-2009, section21.7.5.
INFO: HDL object /BASIC_wrapper/BASIC_i/zynq_ultra_ps_e_0/inst/S_AXI_HP0_FPD/burst_valid_bytes is an unpacked array. VCD does not support unpacked array type according to IEEE LRM 1800-2009, section21.7.5.
INFO: HDL object /BASIC_wrapper/BASIC_i/zynq_ultra_ps_e_0/inst/S_AXI_HP0_FPD/wlast_flag is an unpacked array. VCD does not support unpacked array type according to IEEE LRM 1800-2009, section21.7.5.
INFO: HDL object /BASIC_wrapper/BASIC_i/zynq_ultra_ps_e_0/inst/S_AXI_HP0_FPD/fifo_bresp is an unpacked array. VCD does not support unpacked array type according to IEEE LRM 1800-2009, section21.7.5.
INFO: HDL object /BASIC_wrapper/BASIC_i/zynq_ultra_ps_e_0/inst/S_AXI_HP0_FPD/arvalid_receive_time is an unpacked array. VCD does not support unpacked array type according to IEEE LRM 1800-2009, section21.7.5.
INFO: HDL object /BASIC_wrapper/BASIC_i/zynq_ultra_ps_e_0/inst/S_AXI_HP0_FPD/arvalid_flag is an unpacked array. VCD does not support unpacked array type according to IEEE LRM 1800-2009, section21.7.5.
INFO: HDL object /BASIC_wrapper/BASIC_i/zynq_ultra_ps_e_0/inst/S_AXI_HP0_FPD/arsize is an unpacked array. VCD does not support unpacked array type according to IEEE LRM 1800-2009, section21.7.5.
INFO: HDL object /BASIC_wrapper/BASIC_i/zynq_ultra_ps_e_0/inst/S_AXI_HP0_FPD/arprot is an unpacked array. VCD does not support unpacked array type according to IEEE LRM 1800-2009, section21.7.5.
INFO: HDL object /BASIC_wrapper/BASIC_i/zynq_ultra_ps_e_0/inst/S_AXI_HP0_FPD/arbrst is an unpacked array. VCD does not support unpacked array type according to IEEE LRM 1800-2009, section21.7.5.
INFO: HDL object /BASIC_wrapper/BASIC_i/zynq_ultra_ps_e_0/inst/S_AXI_HP0_FPD/arlen is an unpacked array. VCD does not support unpacked array type according to IEEE LRM 1800-2009, section21.7.5.
INFO: HDL object /BASIC_wrapper/BASIC_i/zynq_ultra_ps_e_0/inst/S_AXI_HP0_FPD/arcache is an unpacked array. VCD does not support unpacked array type according to IEEE LRM 1800-2009, section21.7.5.
INFO: HDL object /BASIC_wrapper/BASIC_i/zynq_ultra_ps_e_0/inst/S_AXI_HP0_FPD/arlock is an unpacked array. VCD does not support unpacked array type according to IEEE LRM 1800-2009, section21.7.5.
INFO: HDL object /BASIC_wrapper/BASIC_i/zynq_ultra_ps_e_0/inst/S_AXI_HP0_FPD/ar_flag is an unpacked array. VCD does not support unpacked array type according to IEEE LRM 1800-2009, section21.7.5.
INFO: HDL object /BASIC_wrapper/BASIC_i/zynq_ultra_ps_e_0/inst/S_AXI_HP0_FPD/araddr is an unpacked array. VCD does not support unpacked array type according to IEEE LRM 1800-2009, section21.7.5.
INFO: HDL object /BASIC_wrapper/BASIC_i/zynq_ultra_ps_e_0/inst/S_AXI_HP0_FPD/arid is an unpacked array. VCD does not support unpacked array type according to IEEE LRM 1800-2009, section21.7.5.
INFO: HDL object /BASIC_wrapper/BASIC_i/zynq_ultra_ps_e_0/inst/S_AXI_HP0_FPD/arqos is an unpacked array. VCD does not support unpacked array type according to IEEE LRM 1800-2009, section21.7.5.
INFO: HDL object /BASIC_wrapper/BASIC_i/zynq_ultra_ps_e_0/inst/S_AXI_HP0_FPD/fifo_rresp is an unpacked array. VCD does not support unpacked array type according to IEEE LRM 1800-2009, section21.7.5.
INFO: HDL object /BASIC_wrapper/BASIC_i/zynq_ultra_ps_e_0/inst/S_AXI_HP0_FPD/read_fifo is an unpacked array. VCD does not support unpacked array type according to IEEE LRM 1800-2009, section21.7.5.
INFO: HDL object /BASIC_wrapper/BASIC_i/zynq_ultra_ps_e_0/inst/S_AXI_HP1_FPD/wr_fifo is an unpacked array. VCD does not support unpacked array type according to IEEE LRM 1800-2009, section21.7.5.
INFO: HDL object /BASIC_wrapper/BASIC_i/zynq_ultra_ps_e_0/inst/S_AXI_HP1_FPD/awvalid_receive_time is an unpacked array. VCD does not support unpacked array type according to IEEE LRM 1800-2009, section21.7.5.
INFO: HDL object /BASIC_wrapper/BASIC_i/zynq_ultra_ps_e_0/inst/S_AXI_HP1_FPD/awvalid_flag is an unpacked array. VCD does not support unpacked array type according to IEEE LRM 1800-2009, section21.7.5.
INFO: HDL object /BASIC_wrapper/BASIC_i/zynq_ultra_ps_e_0/inst/S_AXI_HP1_FPD/awsize is an unpacked array. VCD does not support unpacked array type according to IEEE LRM 1800-2009, section21.7.5.
INFO: HDL object /BASIC_wrapper/BASIC_i/zynq_ultra_ps_e_0/inst/S_AXI_HP1_FPD/awprot is an unpacked array. VCD does not support unpacked array type according to IEEE LRM 1800-2009, section21.7.5.
INFO: HDL object /BASIC_wrapper/BASIC_i/zynq_ultra_ps_e_0/inst/S_AXI_HP1_FPD/awlock is an unpacked array. VCD does not support unpacked array type according to IEEE LRM 1800-2009, section21.7.5.
INFO: HDL object /BASIC_wrapper/BASIC_i/zynq_ultra_ps_e_0/inst/S_AXI_HP1_FPD/awcache is an unpacked array. VCD does not support unpacked array type according to IEEE LRM 1800-2009, section21.7.5.
INFO: HDL object /BASIC_wrapper/BASIC_i/zynq_ultra_ps_e_0/inst/S_AXI_HP1_FPD/awbrst is an unpacked array. VCD does not support unpacked array type according to IEEE LRM 1800-2009, section21.7.5.
INFO: HDL object /BASIC_wrapper/BASIC_i/zynq_ultra_ps_e_0/inst/S_AXI_HP1_FPD/awlen is an unpacked array. VCD does not support unpacked array type according to IEEE LRM 1800-2009, section21.7.5.
INFO: HDL object /BASIC_wrapper/BASIC_i/zynq_ultra_ps_e_0/inst/S_AXI_HP1_FPD/aw_flag is an unpacked array. VCD does not support unpacked array type according to IEEE LRM 1800-2009, section21.7.5.
INFO: HDL object /BASIC_wrapper/BASIC_i/zynq_ultra_ps_e_0/inst/S_AXI_HP1_FPD/awaddr is an unpacked array. VCD does not support unpacked array type according to IEEE LRM 1800-2009, section21.7.5.
INFO: HDL object /BASIC_wrapper/BASIC_i/zynq_ultra_ps_e_0/inst/S_AXI_HP1_FPD/awid is an unpacked array. VCD does not support unpacked array type according to IEEE LRM 1800-2009, section21.7.5.
INFO: HDL object /BASIC_wrapper/BASIC_i/zynq_ultra_ps_e_0/inst/S_AXI_HP1_FPD/awqos is an unpacked array. VCD does not support unpacked array type according to IEEE LRM 1800-2009, section21.7.5.
INFO: HDL object /BASIC_wrapper/BASIC_i/zynq_ultra_ps_e_0/inst/S_AXI_HP1_FPD/burst_data is an unpacked array. VCD does not support unpacked array type according to IEEE LRM 1800-2009, section21.7.5.
INFO: HDL object /BASIC_wrapper/BASIC_i/zynq_ultra_ps_e_0/inst/S_AXI_HP1_FPD/burst_strb is an unpacked array. VCD does not support unpacked array type according to IEEE LRM 1800-2009, section21.7.5.
INFO: HDL object /BASIC_wrapper/BASIC_i/zynq_ultra_ps_e_0/inst/S_AXI_HP1_FPD/burst_valid_bytes is an unpacked array. VCD does not support unpacked array type according to IEEE LRM 1800-2009, section21.7.5.
INFO: HDL object /BASIC_wrapper/BASIC_i/zynq_ultra_ps_e_0/inst/S_AXI_HP1_FPD/wlast_flag is an unpacked array. VCD does not support unpacked array type according to IEEE LRM 1800-2009, section21.7.5.
INFO: HDL object /BASIC_wrapper/BASIC_i/zynq_ultra_ps_e_0/inst/S_AXI_HP1_FPD/fifo_bresp is an unpacked array. VCD does not support unpacked array type according to IEEE LRM 1800-2009, section21.7.5.
INFO: HDL object /BASIC_wrapper/BASIC_i/zynq_ultra_ps_e_0/inst/S_AXI_HP1_FPD/arvalid_receive_time is an unpacked array. VCD does not support unpacked array type according to IEEE LRM 1800-2009, section21.7.5.
INFO: HDL object /BASIC_wrapper/BASIC_i/zynq_ultra_ps_e_0/inst/S_AXI_HP1_FPD/arvalid_flag is an unpacked array. VCD does not support unpacked array type according to IEEE LRM 1800-2009, section21.7.5.
INFO: HDL object /BASIC_wrapper/BASIC_i/zynq_ultra_ps_e_0/inst/S_AXI_HP1_FPD/arsize is an unpacked array. VCD does not support unpacked array type according to IEEE LRM 1800-2009, section21.7.5.
INFO: HDL object /BASIC_wrapper/BASIC_i/zynq_ultra_ps_e_0/inst/S_AXI_HP1_FPD/arprot is an unpacked array. VCD does not support unpacked array type according to IEEE LRM 1800-2009, section21.7.5.
INFO: HDL object /BASIC_wrapper/BASIC_i/zynq_ultra_ps_e_0/inst/S_AXI_HP1_FPD/arbrst is an unpacked array. VCD does not support unpacked array type according to IEEE LRM 1800-2009, section21.7.5.
INFO: HDL object /BASIC_wrapper/BASIC_i/zynq_ultra_ps_e_0/inst/S_AXI_HP1_FPD/arlen is an unpacked array. VCD does not support unpacked array type according to IEEE LRM 1800-2009, section21.7.5.
INFO: HDL object /BASIC_wrapper/BASIC_i/zynq_ultra_ps_e_0/inst/S_AXI_HP1_FPD/arcache is an unpacked array. VCD does not support unpacked array type according to IEEE LRM 1800-2009, section21.7.5.
INFO: HDL object /BASIC_wrapper/BASIC_i/zynq_ultra_ps_e_0/inst/S_AXI_HP1_FPD/arlock is an unpacked array. VCD does not support unpacked array type according to IEEE LRM 1800-2009, section21.7.5.
INFO: HDL object /BASIC_wrapper/BASIC_i/zynq_ultra_ps_e_0/inst/S_AXI_HP1_FPD/ar_flag is an unpacked array. VCD does not support unpacked array type according to IEEE LRM 1800-2009, section21.7.5.
INFO: HDL object /BASIC_wrapper/BASIC_i/zynq_ultra_ps_e_0/inst/S_AXI_HP1_FPD/araddr is an unpacked array. VCD does not support unpacked array type according to IEEE LRM 1800-2009, section21.7.5.
INFO: HDL object /BASIC_wrapper/BASIC_i/zynq_ultra_ps_e_0/inst/S_AXI_HP1_FPD/arid is an unpacked array. VCD does not support unpacked array type according to IEEE LRM 1800-2009, section21.7.5.
INFO: HDL object /BASIC_wrapper/BASIC_i/zynq_ultra_ps_e_0/inst/S_AXI_HP1_FPD/arqos is an unpacked array. VCD does not support unpacked array type according to IEEE LRM 1800-2009, section21.7.5.
INFO: HDL object /BASIC_wrapper/BASIC_i/zynq_ultra_ps_e_0/inst/S_AXI_HP1_FPD/fifo_rresp is an unpacked array. VCD does not support unpacked array type according to IEEE LRM 1800-2009, section21.7.5.
INFO: HDL object /BASIC_wrapper/BASIC_i/zynq_ultra_ps_e_0/inst/S_AXI_HP1_FPD/read_fifo is an unpacked array. VCD does not support unpacked array type according to IEEE LRM 1800-2009, section21.7.5.
INFO: HDL object /BASIC_wrapper/BASIC_i/zynq_ultra_ps_e_0/inst/S_AXI_HP2_FPD/wr_fifo is an unpacked array. VCD does not support unpacked array type according to IEEE LRM 1800-2009, section21.7.5.
INFO: HDL object /BASIC_wrapper/BASIC_i/zynq_ultra_ps_e_0/inst/S_AXI_HP2_FPD/awvalid_receive_time is an unpacked array. VCD does not support unpacked array type according to IEEE LRM 1800-2009, section21.7.5.
INFO: HDL object /BASIC_wrapper/BASIC_i/zynq_ultra_ps_e_0/inst/S_AXI_HP2_FPD/awvalid_flag is an unpacked array. VCD does not support unpacked array type according to IEEE LRM 1800-2009, section21.7.5.
INFO: HDL object /BASIC_wrapper/BASIC_i/zynq_ultra_ps_e_0/inst/S_AXI_HP2_FPD/awsize is an unpacked array. VCD does not support unpacked array type according to IEEE LRM 1800-2009, section21.7.5.
INFO: HDL object /BASIC_wrapper/BASIC_i/zynq_ultra_ps_e_0/inst/S_AXI_HP2_FPD/awprot is an unpacked array. VCD does not support unpacked array type according to IEEE LRM 1800-2009, section21.7.5.
INFO: HDL object /BASIC_wrapper/BASIC_i/zynq_ultra_ps_e_0/inst/S_AXI_HP2_FPD/awlock is an unpacked array. VCD does not support unpacked array type according to IEEE LRM 1800-2009, section21.7.5.
INFO: HDL object /BASIC_wrapper/BASIC_i/zynq_ultra_ps_e_0/inst/S_AXI_HP2_FPD/awcache is an unpacked array. VCD does not support unpacked array type according to IEEE LRM 1800-2009, section21.7.5.
INFO: HDL object /BASIC_wrapper/BASIC_i/zynq_ultra_ps_e_0/inst/S_AXI_HP2_FPD/awbrst is an unpacked array. VCD does not support unpacked array type according to IEEE LRM 1800-2009, section21.7.5.
INFO: HDL object /BASIC_wrapper/BASIC_i/zynq_ultra_ps_e_0/inst/S_AXI_HP2_FPD/awlen is an unpacked array. VCD does not support unpacked array type according to IEEE LRM 1800-2009, section21.7.5.
INFO: HDL object /BASIC_wrapper/BASIC_i/zynq_ultra_ps_e_0/inst/S_AXI_HP2_FPD/aw_flag is an unpacked array. VCD does not support unpacked array type according to IEEE LRM 1800-2009, section21.7.5.
INFO: HDL object /BASIC_wrapper/BASIC_i/zynq_ultra_ps_e_0/inst/S_AXI_HP2_FPD/awaddr is an unpacked array. VCD does not support unpacked array type according to IEEE LRM 1800-2009, section21.7.5.
INFO: HDL object /BASIC_wrapper/BASIC_i/zynq_ultra_ps_e_0/inst/S_AXI_HP2_FPD/awid is an unpacked array. VCD does not support unpacked array type according to IEEE LRM 1800-2009, section21.7.5.
INFO: HDL object /BASIC_wrapper/BASIC_i/zynq_ultra_ps_e_0/inst/S_AXI_HP2_FPD/awqos is an unpacked array. VCD does not support unpacked array type according to IEEE LRM 1800-2009, section21.7.5.
INFO: HDL object /BASIC_wrapper/BASIC_i/zynq_ultra_ps_e_0/inst/S_AXI_HP2_FPD/burst_data is an unpacked array. VCD does not support unpacked array type according to IEEE LRM 1800-2009, section21.7.5.
INFO: HDL object /BASIC_wrapper/BASIC_i/zynq_ultra_ps_e_0/inst/S_AXI_HP2_FPD/burst_strb is an unpacked array. VCD does not support unpacked array type according to IEEE LRM 1800-2009, section21.7.5.
INFO: HDL object /BASIC_wrapper/BASIC_i/zynq_ultra_ps_e_0/inst/S_AXI_HP2_FPD/burst_valid_bytes is an unpacked array. VCD does not support unpacked array type according to IEEE LRM 1800-2009, section21.7.5.
INFO: HDL object /BASIC_wrapper/BASIC_i/zynq_ultra_ps_e_0/inst/S_AXI_HP2_FPD/wlast_flag is an unpacked array. VCD does not support unpacked array type according to IEEE LRM 1800-2009, section21.7.5.
INFO: HDL object /BASIC_wrapper/BASIC_i/zynq_ultra_ps_e_0/inst/S_AXI_HP2_FPD/fifo_bresp is an unpacked array. VCD does not support unpacked array type according to IEEE LRM 1800-2009, section21.7.5.
INFO: HDL object /BASIC_wrapper/BASIC_i/zynq_ultra_ps_e_0/inst/S_AXI_HP2_FPD/arvalid_receive_time is an unpacked array. VCD does not support unpacked array type according to IEEE LRM 1800-2009, section21.7.5.
INFO: HDL object /BASIC_wrapper/BASIC_i/zynq_ultra_ps_e_0/inst/S_AXI_HP2_FPD/arvalid_flag is an unpacked array. VCD does not support unpacked array type according to IEEE LRM 1800-2009, section21.7.5.
INFO: HDL object /BASIC_wrapper/BASIC_i/zynq_ultra_ps_e_0/inst/S_AXI_HP2_FPD/arsize is an unpacked array. VCD does not support unpacked array type according to IEEE LRM 1800-2009, section21.7.5.
INFO: HDL object /BASIC_wrapper/BASIC_i/zynq_ultra_ps_e_0/inst/S_AXI_HP2_FPD/arprot is an unpacked array. VCD does not support unpacked array type according to IEEE LRM 1800-2009, section21.7.5.
INFO: HDL object /BASIC_wrapper/BASIC_i/zynq_ultra_ps_e_0/inst/S_AXI_HP2_FPD/arbrst is an unpacked array. VCD does not support unpacked array type according to IEEE LRM 1800-2009, section21.7.5.
INFO: HDL object /BASIC_wrapper/BASIC_i/zynq_ultra_ps_e_0/inst/S_AXI_HP2_FPD/arlen is an unpacked array. VCD does not support unpacked array type according to IEEE LRM 1800-2009, section21.7.5.
INFO: HDL object /BASIC_wrapper/BASIC_i/zynq_ultra_ps_e_0/inst/S_AXI_HP2_FPD/arcache is an unpacked array. VCD does not support unpacked array type according to IEEE LRM 1800-2009, section21.7.5.
INFO: HDL object /BASIC_wrapper/BASIC_i/zynq_ultra_ps_e_0/inst/S_AXI_HP2_FPD/arlock is an unpacked array. VCD does not support unpacked array type according to IEEE LRM 1800-2009, section21.7.5.
INFO: HDL object /BASIC_wrapper/BASIC_i/zynq_ultra_ps_e_0/inst/S_AXI_HP2_FPD/ar_flag is an unpacked array. VCD does not support unpacked array type according to IEEE LRM 1800-2009, section21.7.5.
INFO: HDL object /BASIC_wrapper/BASIC_i/zynq_ultra_ps_e_0/inst/S_AXI_HP2_FPD/araddr is an unpacked array. VCD does not support unpacked array type according to IEEE LRM 1800-2009, section21.7.5.
INFO: HDL object /BASIC_wrapper/BASIC_i/zynq_ultra_ps_e_0/inst/S_AXI_HP2_FPD/arid is an unpacked array. VCD does not support unpacked array type according to IEEE LRM 1800-2009, section21.7.5.
INFO: HDL object /BASIC_wrapper/BASIC_i/zynq_ultra_ps_e_0/inst/S_AXI_HP2_FPD/arqos is an unpacked array. VCD does not support unpacked array type according to IEEE LRM 1800-2009, section21.7.5.
INFO: HDL object /BASIC_wrapper/BASIC_i/zynq_ultra_ps_e_0/inst/S_AXI_HP2_FPD/fifo_rresp is an unpacked array. VCD does not support unpacked array type according to IEEE LRM 1800-2009, section21.7.5.
INFO: HDL object /BASIC_wrapper/BASIC_i/zynq_ultra_ps_e_0/inst/S_AXI_HP2_FPD/read_fifo is an unpacked array. VCD does not support unpacked array type according to IEEE LRM 1800-2009, section21.7.5.
INFO: HDL object /BASIC_wrapper/BASIC_i/zynq_ultra_ps_e_0/inst/S_AXI_HP3_FPD/wr_fifo is an unpacked array. VCD does not support unpacked array type according to IEEE LRM 1800-2009, section21.7.5.
INFO: HDL object /BASIC_wrapper/BASIC_i/zynq_ultra_ps_e_0/inst/S_AXI_HP3_FPD/awvalid_receive_time is an unpacked array. VCD does not support unpacked array type according to IEEE LRM 1800-2009, section21.7.5.
INFO: HDL object /BASIC_wrapper/BASIC_i/zynq_ultra_ps_e_0/inst/S_AXI_HP3_FPD/awvalid_flag is an unpacked array. VCD does not support unpacked array type according to IEEE LRM 1800-2009, section21.7.5.
INFO: HDL object /BASIC_wrapper/BASIC_i/zynq_ultra_ps_e_0/inst/S_AXI_HP3_FPD/awsize is an unpacked array. VCD does not support unpacked array type according to IEEE LRM 1800-2009, section21.7.5.
INFO: HDL object /BASIC_wrapper/BASIC_i/zynq_ultra_ps_e_0/inst/S_AXI_HP3_FPD/awprot is an unpacked array. VCD does not support unpacked array type according to IEEE LRM 1800-2009, section21.7.5.
INFO: HDL object /BASIC_wrapper/BASIC_i/zynq_ultra_ps_e_0/inst/S_AXI_HP3_FPD/awlock is an unpacked array. VCD does not support unpacked array type according to IEEE LRM 1800-2009, section21.7.5.
INFO: HDL object /BASIC_wrapper/BASIC_i/zynq_ultra_ps_e_0/inst/S_AXI_HP3_FPD/awcache is an unpacked array. VCD does not support unpacked array type according to IEEE LRM 1800-2009, section21.7.5.
INFO: HDL object /BASIC_wrapper/BASIC_i/zynq_ultra_ps_e_0/inst/S_AXI_HP3_FPD/awbrst is an unpacked array. VCD does not support unpacked array type according to IEEE LRM 1800-2009, section21.7.5.
INFO: HDL object /BASIC_wrapper/BASIC_i/zynq_ultra_ps_e_0/inst/S_AXI_HP3_FPD/awlen is an unpacked array. VCD does not support unpacked array type according to IEEE LRM 1800-2009, section21.7.5.
INFO: HDL object /BASIC_wrapper/BASIC_i/zynq_ultra_ps_e_0/inst/S_AXI_HP3_FPD/aw_flag is an unpacked array. VCD does not support unpacked array type according to IEEE LRM 1800-2009, section21.7.5.
INFO: HDL object /BASIC_wrapper/BASIC_i/zynq_ultra_ps_e_0/inst/S_AXI_HP3_FPD/awaddr is an unpacked array. VCD does not support unpacked array type according to IEEE LRM 1800-2009, section21.7.5.
INFO: HDL object /BASIC_wrapper/BASIC_i/zynq_ultra_ps_e_0/inst/S_AXI_HP3_FPD/awid is an unpacked array. VCD does not support unpacked array type according to IEEE LRM 1800-2009, section21.7.5.
INFO: HDL object /BASIC_wrapper/BASIC_i/zynq_ultra_ps_e_0/inst/S_AXI_HP3_FPD/awqos is an unpacked array. VCD does not support unpacked array type according to IEEE LRM 1800-2009, section21.7.5.
INFO: HDL object /BASIC_wrapper/BASIC_i/zynq_ultra_ps_e_0/inst/S_AXI_HP3_FPD/burst_data is an unpacked array. VCD does not support unpacked array type according to IEEE LRM 1800-2009, section21.7.5.
INFO: HDL object /BASIC_wrapper/BASIC_i/zynq_ultra_ps_e_0/inst/S_AXI_HP3_FPD/burst_strb is an unpacked array. VCD does not support unpacked array type according to IEEE LRM 1800-2009, section21.7.5.
INFO: HDL object /BASIC_wrapper/BASIC_i/zynq_ultra_ps_e_0/inst/S_AXI_HP3_FPD/burst_valid_bytes is an unpacked array. VCD does not support unpacked array type according to IEEE LRM 1800-2009, section21.7.5.
INFO: HDL object /BASIC_wrapper/BASIC_i/zynq_ultra_ps_e_0/inst/S_AXI_HP3_FPD/wlast_flag is an unpacked array. VCD does not support unpacked array type according to IEEE LRM 1800-2009, section21.7.5.
INFO: HDL object /BASIC_wrapper/BASIC_i/zynq_ultra_ps_e_0/inst/S_AXI_HP3_FPD/fifo_bresp is an unpacked array. VCD does not support unpacked array type according to IEEE LRM 1800-2009, section21.7.5.
INFO: HDL object /BASIC_wrapper/BASIC_i/zynq_ultra_ps_e_0/inst/S_AXI_HP3_FPD/arvalid_receive_time is an unpacked array. VCD does not support unpacked array type according to IEEE LRM 1800-2009, section21.7.5.
INFO: HDL object /BASIC_wrapper/BASIC_i/zynq_ultra_ps_e_0/inst/S_AXI_HP3_FPD/arvalid_flag is an unpacked array. VCD does not support unpacked array type according to IEEE LRM 1800-2009, section21.7.5.
INFO: HDL object /BASIC_wrapper/BASIC_i/zynq_ultra_ps_e_0/inst/S_AXI_HP3_FPD/arsize is an unpacked array. VCD does not support unpacked array type according to IEEE LRM 1800-2009, section21.7.5.
INFO: HDL object /BASIC_wrapper/BASIC_i/zynq_ultra_ps_e_0/inst/S_AXI_HP3_FPD/arprot is an unpacked array. VCD does not support unpacked array type according to IEEE LRM 1800-2009, section21.7.5.
INFO: HDL object /BASIC_wrapper/BASIC_i/zynq_ultra_ps_e_0/inst/S_AXI_HP3_FPD/arbrst is an unpacked array. VCD does not support unpacked array type according to IEEE LRM 1800-2009, section21.7.5.
INFO: HDL object /BASIC_wrapper/BASIC_i/zynq_ultra_ps_e_0/inst/S_AXI_HP3_FPD/arlen is an unpacked array. VCD does not support unpacked array type according to IEEE LRM 1800-2009, section21.7.5.
INFO: HDL object /BASIC_wrapper/BASIC_i/zynq_ultra_ps_e_0/inst/S_AXI_HP3_FPD/arcache is an unpacked array. VCD does not support unpacked array type according to IEEE LRM 1800-2009, section21.7.5.
INFO: HDL object /BASIC_wrapper/BASIC_i/zynq_ultra_ps_e_0/inst/S_AXI_HP3_FPD/arlock is an unpacked array. VCD does not support unpacked array type according to IEEE LRM 1800-2009, section21.7.5.
INFO: HDL object /BASIC_wrapper/BASIC_i/zynq_ultra_ps_e_0/inst/S_AXI_HP3_FPD/ar_flag is an unpacked array. VCD does not support unpacked array type according to IEEE LRM 1800-2009, section21.7.5.
INFO: HDL object /BASIC_wrapper/BASIC_i/zynq_ultra_ps_e_0/inst/S_AXI_HP3_FPD/araddr is an unpacked array. VCD does not support unpacked array type according to IEEE LRM 1800-2009, section21.7.5.
INFO: HDL object /BASIC_wrapper/BASIC_i/zynq_ultra_ps_e_0/inst/S_AXI_HP3_FPD/arid is an unpacked array. VCD does not support unpacked array type according to IEEE LRM 1800-2009, section21.7.5.
INFO: HDL object /BASIC_wrapper/BASIC_i/zynq_ultra_ps_e_0/inst/S_AXI_HP3_FPD/arqos is an unpacked array. VCD does not support unpacked array type according to IEEE LRM 1800-2009, section21.7.5.
INFO: HDL object /BASIC_wrapper/BASIC_i/zynq_ultra_ps_e_0/inst/S_AXI_HP3_FPD/fifo_rresp is an unpacked array. VCD does not support unpacked array type according to IEEE LRM 1800-2009, section21.7.5.
INFO: HDL object /BASIC_wrapper/BASIC_i/zynq_ultra_ps_e_0/inst/S_AXI_HP3_FPD/read_fifo is an unpacked array. VCD does not support unpacked array type according to IEEE LRM 1800-2009, section21.7.5.
INFO: HDL object /BASIC_wrapper/BASIC_i/zynq_ultra_ps_e_0/inst/S_AXI_HPM0_LPD/wr_fifo is an unpacked array. VCD does not support unpacked array type according to IEEE LRM 1800-2009, section21.7.5.
INFO: HDL object /BASIC_wrapper/BASIC_i/zynq_ultra_ps_e_0/inst/S_AXI_HPM0_LPD/awvalid_receive_time is an unpacked array. VCD does not support unpacked array type according to IEEE LRM 1800-2009, section21.7.5.
INFO: HDL object /BASIC_wrapper/BASIC_i/zynq_ultra_ps_e_0/inst/S_AXI_HPM0_LPD/awvalid_flag is an unpacked array. VCD does not support unpacked array type according to IEEE LRM 1800-2009, section21.7.5.
INFO: HDL object /BASIC_wrapper/BASIC_i/zynq_ultra_ps_e_0/inst/S_AXI_HPM0_LPD/awsize is an unpacked array. VCD does not support unpacked array type according to IEEE LRM 1800-2009, section21.7.5.
INFO: HDL object /BASIC_wrapper/BASIC_i/zynq_ultra_ps_e_0/inst/S_AXI_HPM0_LPD/awprot is an unpacked array. VCD does not support unpacked array type according to IEEE LRM 1800-2009, section21.7.5.
INFO: HDL object /BASIC_wrapper/BASIC_i/zynq_ultra_ps_e_0/inst/S_AXI_HPM0_LPD/awlock is an unpacked array. VCD does not support unpacked array type according to IEEE LRM 1800-2009, section21.7.5.
INFO: HDL object /BASIC_wrapper/BASIC_i/zynq_ultra_ps_e_0/inst/S_AXI_HPM0_LPD/awcache is an unpacked array. VCD does not support unpacked array type according to IEEE LRM 1800-2009, section21.7.5.
INFO: HDL object /BASIC_wrapper/BASIC_i/zynq_ultra_ps_e_0/inst/S_AXI_HPM0_LPD/awbrst is an unpacked array. VCD does not support unpacked array type according to IEEE LRM 1800-2009, section21.7.5.
INFO: HDL object /BASIC_wrapper/BASIC_i/zynq_ultra_ps_e_0/inst/S_AXI_HPM0_LPD/awlen is an unpacked array. VCD does not support unpacked array type according to IEEE LRM 1800-2009, section21.7.5.
INFO: HDL object /BASIC_wrapper/BASIC_i/zynq_ultra_ps_e_0/inst/S_AXI_HPM0_LPD/aw_flag is an unpacked array. VCD does not support unpacked array type according to IEEE LRM 1800-2009, section21.7.5.
INFO: HDL object /BASIC_wrapper/BASIC_i/zynq_ultra_ps_e_0/inst/S_AXI_HPM0_LPD/awaddr is an unpacked array. VCD does not support unpacked array type according to IEEE LRM 1800-2009, section21.7.5.
INFO: HDL object /BASIC_wrapper/BASIC_i/zynq_ultra_ps_e_0/inst/S_AXI_HPM0_LPD/awid is an unpacked array. VCD does not support unpacked array type according to IEEE LRM 1800-2009, section21.7.5.
INFO: HDL object /BASIC_wrapper/BASIC_i/zynq_ultra_ps_e_0/inst/S_AXI_HPM0_LPD/awqos is an unpacked array. VCD does not support unpacked array type according to IEEE LRM 1800-2009, section21.7.5.
INFO: HDL object /BASIC_wrapper/BASIC_i/zynq_ultra_ps_e_0/inst/S_AXI_HPM0_LPD/burst_data is an unpacked array. VCD does not support unpacked array type according to IEEE LRM 1800-2009, section21.7.5.
INFO: HDL object /BASIC_wrapper/BASIC_i/zynq_ultra_ps_e_0/inst/S_AXI_HPM0_LPD/burst_strb is an unpacked array. VCD does not support unpacked array type according to IEEE LRM 1800-2009, section21.7.5.
INFO: HDL object /BASIC_wrapper/BASIC_i/zynq_ultra_ps_e_0/inst/S_AXI_HPM0_LPD/burst_valid_bytes is an unpacked array. VCD does not support unpacked array type according to IEEE LRM 1800-2009, section21.7.5.
INFO: HDL object /BASIC_wrapper/BASIC_i/zynq_ultra_ps_e_0/inst/S_AXI_HPM0_LPD/wlast_flag is an unpacked array. VCD does not support unpacked array type according to IEEE LRM 1800-2009, section21.7.5.
INFO: HDL object /BASIC_wrapper/BASIC_i/zynq_ultra_ps_e_0/inst/S_AXI_HPM0_LPD/fifo_bresp is an unpacked array. VCD does not support unpacked array type according to IEEE LRM 1800-2009, section21.7.5.
INFO: HDL object /BASIC_wrapper/BASIC_i/zynq_ultra_ps_e_0/inst/S_AXI_HPM0_LPD/arvalid_receive_time is an unpacked array. VCD does not support unpacked array type according to IEEE LRM 1800-2009, section21.7.5.
INFO: HDL object /BASIC_wrapper/BASIC_i/zynq_ultra_ps_e_0/inst/S_AXI_HPM0_LPD/arvalid_flag is an unpacked array. VCD does not support unpacked array type according to IEEE LRM 1800-2009, section21.7.5.
INFO: HDL object /BASIC_wrapper/BASIC_i/zynq_ultra_ps_e_0/inst/S_AXI_HPM0_LPD/arsize is an unpacked array. VCD does not support unpacked array type according to IEEE LRM 1800-2009, section21.7.5.
INFO: HDL object /BASIC_wrapper/BASIC_i/zynq_ultra_ps_e_0/inst/S_AXI_HPM0_LPD/arprot is an unpacked array. VCD does not support unpacked array type according to IEEE LRM 1800-2009, section21.7.5.
INFO: HDL object /BASIC_wrapper/BASIC_i/zynq_ultra_ps_e_0/inst/S_AXI_HPM0_LPD/arbrst is an unpacked array. VCD does not support unpacked array type according to IEEE LRM 1800-2009, section21.7.5.
INFO: HDL object /BASIC_wrapper/BASIC_i/zynq_ultra_ps_e_0/inst/S_AXI_HPM0_LPD/arlen is an unpacked array. VCD does not support unpacked array type according to IEEE LRM 1800-2009, section21.7.5.
INFO: HDL object /BASIC_wrapper/BASIC_i/zynq_ultra_ps_e_0/inst/S_AXI_HPM0_LPD/arcache is an unpacked array. VCD does not support unpacked array type according to IEEE LRM 1800-2009, section21.7.5.
INFO: HDL object /BASIC_wrapper/BASIC_i/zynq_ultra_ps_e_0/inst/S_AXI_HPM0_LPD/arlock is an unpacked array. VCD does not support unpacked array type according to IEEE LRM 1800-2009, section21.7.5.
INFO: HDL object /BASIC_wrapper/BASIC_i/zynq_ultra_ps_e_0/inst/S_AXI_HPM0_LPD/ar_flag is an unpacked array. VCD does not support unpacked array type according to IEEE LRM 1800-2009, section21.7.5.
INFO: HDL object /BASIC_wrapper/BASIC_i/zynq_ultra_ps_e_0/inst/S_AXI_HPM0_LPD/araddr is an unpacked array. VCD does not support unpacked array type according to IEEE LRM 1800-2009, section21.7.5.
INFO: HDL object /BASIC_wrapper/BASIC_i/zynq_ultra_ps_e_0/inst/S_AXI_HPM0_LPD/arid is an unpacked array. VCD does not support unpacked array type according to IEEE LRM 1800-2009, section21.7.5.
INFO: HDL object /BASIC_wrapper/BASIC_i/zynq_ultra_ps_e_0/inst/S_AXI_HPM0_LPD/arqos is an unpacked array. VCD does not support unpacked array type according to IEEE LRM 1800-2009, section21.7.5.
INFO: HDL object /BASIC_wrapper/BASIC_i/zynq_ultra_ps_e_0/inst/S_AXI_HPM0_LPD/fifo_rresp is an unpacked array. VCD does not support unpacked array type according to IEEE LRM 1800-2009, section21.7.5.
INFO: HDL object /BASIC_wrapper/BASIC_i/zynq_ultra_ps_e_0/inst/S_AXI_HPM0_LPD/read_fifo is an unpacked array. VCD does not support unpacked array type according to IEEE LRM 1800-2009, section21.7.5.
INFO: HDL object /BASIC_wrapper/BASIC_i/zynq_ultra_ps_e_0/pl_clk_t is an unpacked array. VCD does not support unpacked array type according to IEEE LRM 1800-2009, section21.7.5.
WARNING: 50 ns BASIC_wrapper.BASIC_i.zynq_ultra_ps_e_0.inst.M_AXI_HPM0_FPD.master.IF : ARESET_N can't be X/Z after 1 cycle of clock. To downgrade, use <hierarchy_path to VIP>.IF.set_enable_xchecks_to_warn(), or filter using clr_enable_xchecks.
Executing Axi4 End Of Simulation checks
Executing Axi4 End Of Simulation checks
Executing Axi4 End Of Simulation checks
Executing Axi4 End Of Simulation checks
Executing Axi4 End Of Simulation checks
Executing Axi4 End Of Simulation checks
Executing Axi4 End Of Simulation checks
Executing Axi4 End Of Simulation checks
Executing Axi4 End Of Simulation checks
Executing Axi4 End Of Simulation checks
Executing Axi4 End Of Simulation checks
Executing Axi4 End Of Simulation checks
