Copyright 1986-2020 Xilinx, Inc. All Rights Reserved.
-------------------------------------------------------------------------------------------------------------------------------------------------------------------------------------------------------------------
| Tool Version      : Vivado v.2020.1 (lin64) Build 2902540 Wed May 27 19:54:35 MDT 2020
| Date              : Sat Apr 25 18:07:03 2026
| Host              : steckler-Default-string running 64-bit Ubuntu 18.04.6 LTS
| Command           : report_timing_summary -max_paths 10 -file BASIC_wrapper_timing_summary_routed.rpt -pb BASIC_wrapper_timing_summary_routed.pb -rpx BASIC_wrapper_timing_summary_routed.rpx -warn_on_violation
| Design            : BASIC_wrapper
| Device            : xczu5ev-sfvc784
| Speed File        : -2  PRODUCTION 1.27 02-28-2020
| Temperature Grade : I
-------------------------------------------------------------------------------------------------------------------------------------------------------------------------------------------------------------------

Timing Summary Report

------------------------------------------------------------------------------------------------
| Timer Settings
| --------------
------------------------------------------------------------------------------------------------

  Enable Multi Corner Analysis               :  Yes
  Enable Pessimism Removal                   :  Yes
  Pessimism Removal Resolution               :  Nearest Common Node
  Enable Input Delay Default Clock           :  No
  Enable Preset / Clear Arcs                 :  No
  Disable Flight Delays                      :  No
  Ignore I/O Paths                           :  No
  Timing Early Launch at Borrowing Latches   :  No
  Borrow Time for Max Delay Exceptions       :  Yes
  Merge Timing Exceptions                    :  Yes

  Corner  Analyze    Analyze    
  Name    Max Paths  Min Paths  
  ------  ---------  ---------  
  Slow    Yes        Yes        
  Fast    Yes        Yes        



check_timing report

Table of Contents
-----------------
1. checking no_clock (0)
2. checking constant_clock (0)
3. checking pulse_width_clock (0)
4. checking unconstrained_internal_endpoints (0)
5. checking no_input_delay (0)
6. checking no_output_delay (0)
7. checking multiple_clock (0)
8. checking generated_clocks (0)
9. checking loops (0)
10. checking partial_input_delay (0)
11. checking partial_output_delay (0)
12. checking latch_loops (0)

1. checking no_clock (0)
------------------------
 There are 0 register/latch pins with no clock.


2. checking constant_clock (0)
------------------------------
 There are 0 register/latch pins with constant_clock.


3. checking pulse_width_clock (0)
---------------------------------
 There are 0 register/latch pins which need pulse_width check


4. checking unconstrained_internal_endpoints (0)
------------------------------------------------
 There are 0 pins that are not constrained for maximum delay.

 There are 0 pins that are not constrained for maximum delay due to constant clock.


5. checking no_input_delay (0)
------------------------------
 There are 0 input ports with no input delay specified.

 There are 0 input ports with no input delay but user has a false path constraint.


6. checking no_output_delay (0)
-------------------------------
 There are 0 ports with no output delay specified.

 There are 0 ports with no output delay but user has a false path constraint

 There are 0 ports with no output delay but with a timing clock defined on it or propagating through it


7. checking multiple_clock (0)
------------------------------
 There are 0 register/latch pins with multiple clocks.


8. checking generated_clocks (0)
--------------------------------
 There are 0 generated clocks that are not connected to a clock source.


9. checking loops (0)
---------------------
 There are 0 combinational loops in the design.


10. checking partial_input_delay (0)
------------------------------------
 There are 0 input ports with partial input delay specified.


11. checking partial_output_delay (0)
-------------------------------------
 There are 0 ports with partial output delay specified.


12. checking latch_loops (0)
----------------------------
 There are 0 combinational latch loops in the design through latch input



------------------------------------------------------------------------------------------------
| Design Timing Summary
| ---------------------
------------------------------------------------------------------------------------------------

    WNS(ns)      TNS(ns)  TNS Failing Endpoints  TNS Total Endpoints      WHS(ns)      THS(ns)  THS Failing Endpoints  THS Total Endpoints     WPWS(ns)     TPWS(ns)  TPWS Failing Endpoints  TPWS Total Endpoints  
    -------      -------  ---------------------  -------------------      -------      -------  ---------------------  -------------------     --------     --------  ----------------------  --------------------  
     15.953        0.000                      0                 7023        0.010        0.000                      0                 7007       24.468        0.000                       0                  3498  


All user specified timing constraints are met.


------------------------------------------------------------------------------------------------
| Clock Summary
| -------------
------------------------------------------------------------------------------------------------

Clock                                                                                                Waveform(ns)         Period(ns)      Frequency(MHz)
-----                                                                                                ------------         ----------      --------------
clk_pl_0                                                                                             {0.000 50.000}       100.001         10.000          
clk_pl_1                                                                                             {0.000 3.333}        6.666           150.015         
dbg_hub/inst/BSCANID.u_xsdbm_id/SWITCH_N_EXT_BSCAN.bscan_inst/SERIES7_BSCAN.bscan_inst/INTERNAL_TCK  {0.000 25.000}       50.000          20.000          


------------------------------------------------------------------------------------------------
| Intra Clock Table
| -----------------
------------------------------------------------------------------------------------------------

Clock                                                                                                    WNS(ns)      TNS(ns)  TNS Failing Endpoints  TNS Total Endpoints      WHS(ns)      THS(ns)  THS Failing Endpoints  THS Total Endpoints     WPWS(ns)     TPWS(ns)  TPWS Failing Endpoints  TPWS Total Endpoints  
-----                                                                                                    -------      -------  ---------------------  -------------------      -------      -------  ---------------------  -------------------     --------     --------  ----------------------  --------------------  
clk_pl_0                                                                                                  93.318        0.000                      0                 5723        0.010        0.000                      0                 5723       48.500        0.000                       0                  3003  
dbg_hub/inst/BSCANID.u_xsdbm_id/SWITCH_N_EXT_BSCAN.bscan_inst/SERIES7_BSCAN.bscan_inst/INTERNAL_TCK       15.953        0.000                      0                 1055        0.014        0.000                      0                 1055       24.468        0.000                       0                   495  


------------------------------------------------------------------------------------------------
| Inter Clock Table
| -----------------
------------------------------------------------------------------------------------------------

From Clock                                                                                           To Clock                                                                                                 WNS(ns)      TNS(ns)  TNS Failing Endpoints  TNS Total Endpoints      WHS(ns)      THS(ns)  THS Failing Endpoints  THS Total Endpoints  
----------                                                                                           --------                                                                                                 -------      -------  ---------------------  -------------------      -------      -------  ---------------------  -------------------  
dbg_hub/inst/BSCANID.u_xsdbm_id/SWITCH_N_EXT_BSCAN.bscan_inst/SERIES7_BSCAN.bscan_inst/INTERNAL_TCK  clk_pl_0                                                                                                  49.567        0.000                      0                    8                                                                        
clk_pl_0                                                                                             dbg_hub/inst/BSCANID.u_xsdbm_id/SWITCH_N_EXT_BSCAN.bscan_inst/SERIES7_BSCAN.bscan_inst/INTERNAL_TCK       99.497        0.000                      0                    8                                                                        


------------------------------------------------------------------------------------------------
| Other Path Groups Table
| -----------------------
------------------------------------------------------------------------------------------------

Path Group                                                                                           From Clock                                                                                           To Clock                                                                                                 WNS(ns)      TNS(ns)  TNS Failing Endpoints  TNS Total Endpoints      WHS(ns)      THS(ns)  THS Failing Endpoints  THS Total Endpoints  
----------                                                                                           ----------                                                                                           --------                                                                                                 -------      -------  ---------------------  -------------------      -------      -------  ---------------------  -------------------  
**async_default**                                                                                    clk_pl_0                                                                                             clk_pl_0                                                                                                  95.544        0.000                      0                  129        0.113        0.000                      0                  129  
**async_default**                                                                                    dbg_hub/inst/BSCANID.u_xsdbm_id/SWITCH_N_EXT_BSCAN.bscan_inst/SERIES7_BSCAN.bscan_inst/INTERNAL_TCK  dbg_hub/inst/BSCANID.u_xsdbm_id/SWITCH_N_EXT_BSCAN.bscan_inst/SERIES7_BSCAN.bscan_inst/INTERNAL_TCK       47.978        0.000                      0                  100        0.117        0.000                      0                  100  


------------------------------------------------------------------------------------------------
| Timing Details
| --------------
------------------------------------------------------------------------------------------------


---------------------------------------------------------------------------------------------------
From Clock:  clk_pl_0
  To Clock:  clk_pl_0

Setup :            0  Failing Endpoints,  Worst Slack       93.318ns,  Total Violation        0.000ns
Hold  :            0  Failing Endpoints,  Worst Slack        0.010ns,  Total Violation        0.000ns
PW    :            0  Failing Endpoints,  Worst Slack       48.500ns,  Total Violation        0.000ns
---------------------------------------------------------------------------------------------------


Max Delay Paths
--------------------------------------------------------------------------------------
Slack (MET) :             93.318ns  (required time - arrival time)
  Source:                 BASIC_i/RV32I_EX/ex_mem_reg_1/inst/mem_rd_reg[3]/C
                            (rising edge-triggered cell FDRE clocked by clk_pl_0  {rise@0.000ns fall@50.000ns period=100.001ns})
  Destination:            BASIC_i/RV32I_EX/ex_mem_reg_1/inst/mem_alu_result_reg[31]/D
                            (rising edge-triggered cell FDRE clocked by clk_pl_0  {rise@0.000ns fall@50.000ns period=100.001ns})
  Path Group:             clk_pl_0
  Path Type:              Setup (Max at Slow Process Corner)
  Requirement:            100.001ns  (clk_pl_0 rise@100.001ns - clk_pl_0 rise@0.000ns)
  Data Path Delay:        6.209ns  (logic 0.852ns (13.722%)  route 5.357ns (86.278%))
  Logic Levels:           7  (LUT2=1 LUT4=1 LUT5=1 LUT6=4)
  Clock Path Skew:        -0.102ns (DCD - SCD + CPR)
    Destination Clock Delay (DCD):    2.024ns = ( 102.025 - 100.001 ) 
    Source Clock Delay      (SCD):    2.314ns
    Clock Pessimism Removal (CPR):    0.188ns
  Clock Uncertainty:      0.397ns  ((TSJ^2 + DJ^2)^1/2) / 2 + PE
    Total System Jitter     (TSJ):    0.071ns
    Discrete Jitter          (DJ):    0.791ns
    Phase Error              (PE):    0.000ns
  Clock Net Delay (Source):      2.115ns (routing 0.998ns, distribution 1.117ns)
  Clock Net Delay (Destination): 1.864ns (routing 0.905ns, distribution 0.959ns)

    Location             Delay type                Incr(ns)  Path(ns)    Netlist Resource(s)
  -------------------------------------------------------------------    -------------------
                         (clock clk_pl_0 rise edge)
                                                      0.000     0.000 r  
    PS8_X0Y0             PS8                          0.000     0.000 r  BASIC_i/zynq_ultra_ps_e_0/inst/PS8_i/PLCLK[0]
                         net (fo=1, routed)           0.171     0.171    BASIC_i/zynq_ultra_ps_e_0/inst/pl_clk_unbuffered[0]
    BUFG_PS_X0Y77        BUFG_PS (Prop_BUFG_PS_I_O)
                                                      0.028     0.199 r  BASIC_i/zynq_ultra_ps_e_0/inst/buffer_pl_clk_0.PL_CLK_0_BUFG/O
    X1Y2 (CLOCK_ROOT)    net (fo=3003, routed)        2.115     2.314    BASIC_i/RV32I_EX/ex_mem_reg_1/inst/clk
    SLICE_X50Y161        FDRE                                         r  BASIC_i/RV32I_EX/ex_mem_reg_1/inst/mem_rd_reg[3]/C
  -------------------------------------------------------------------    -------------------
    SLICE_X50Y161        FDRE (Prop_EFF_SLICEL_C_Q)
                                                      0.079     2.393 r  BASIC_i/RV32I_EX/ex_mem_reg_1/inst/mem_rd_reg[3]/Q
                         net (fo=4, routed)           0.923     3.316    BASIC_i/RV32I_EX/forwarding_0/mem_rd[3]
    SLICE_X49Y164        LUT6 (Prop_F6LUT_SLICEL_I5_O)
                                                      0.049     3.365 f  BASIC_i/RV32I_EX/forwarding_0/forward_b[1]_INST_0_i_1/O
                         net (fo=2, routed)           0.497     3.862    BASIC_i/RV32I_EX/forwarding_0/inst/forward_b16_out
    SLICE_X47Y162        LUT5 (Prop_C5LUT_SLICEL_I0_O)
                                                      0.110     3.972 r  BASIC_i/RV32I_EX/forwarding_0/forward_b[1]_INST_0/O
                         net (fo=32, routed)          1.220     5.192    BASIC_i/RV32I_EX/forward_mux_1/inst/forward_sel[1]
    SLICE_X50Y151        LUT6 (Prop_C6LUT_SLICEL_I3_O)
                                                      0.123     5.315 f  BASIC_i/RV32I_EX/forward_mux_1/inst/out_data[2]_INST_0/O
                         net (fo=2, routed)           0.201     5.516    BASIC_i/RV32I_EX/operand_b_mux_0/inst/rs2_data[2]
    SLICE_X49Y153        LUT4 (Prop_F6LUT_SLICEL_I1_O)
                                                      0.089     5.605 f  BASIC_i/RV32I_EX/operand_b_mux_0/inst/operand_b[2]_INST_0/O
                         net (fo=85, routed)          1.512     7.117    BASIC_i/RV32I_EX/alu_0/b[2]
    SLICE_X48Y163        LUT2 (Prop_H5LUT_SLICEL_I0_O)
                                                      0.133     7.250 f  BASIC_i/RV32I_EX/alu_0/y[30]_INST_0_i_4/O
                         net (fo=5, routed)           0.514     7.764    BASIC_i/RV32I_EX/alu_0/y[30]_INST_0_i_4_n_0
    SLICE_X50Y163        LUT6 (Prop_F6LUT_SLICEL_I0_O)
                                                      0.123     7.887 r  BASIC_i/RV32I_EX/alu_0/y[31]_INST_0_i_3/O
                         net (fo=1, routed)           0.441     8.328    BASIC_i/RV32I_EX/alu_0/inst/mem_alu_result_reg[31]
    SLICE_X48Y163        LUT6 (Prop_D6LUT_SLICEL_I4_O)
                                                      0.146     8.474 r  BASIC_i/RV32I_EX/alu_0/inst/y[31]_INST_0/O
                         net (fo=1, routed)           0.049     8.523    BASIC_i/RV32I_EX/ex_mem_reg_1/inst/ex_alu_result[31]
    SLICE_X48Y163        FDRE                                         r  BASIC_i/RV32I_EX/ex_mem_reg_1/inst/mem_alu_result_reg[31]/D
  -------------------------------------------------------------------    -------------------

                         (clock clk_pl_0 rise edge)
                                                    100.001   100.001 r  
    PS8_X0Y0             PS8                          0.000   100.001 r  BASIC_i/zynq_ultra_ps_e_0/inst/PS8_i/PLCLK[0]
                         net (fo=1, routed)           0.135   100.136    BASIC_i/zynq_ultra_ps_e_0/inst/pl_clk_unbuffered[0]
    BUFG_PS_X0Y77        BUFG_PS (Prop_BUFG_PS_I_O)
                                                      0.025   100.161 r  BASIC_i/zynq_ultra_ps_e_0/inst/buffer_pl_clk_0.PL_CLK_0_BUFG/O
    X1Y2 (CLOCK_ROOT)    net (fo=3003, routed)        1.864   102.025    BASIC_i/RV32I_EX/ex_mem_reg_1/inst/clk
    SLICE_X48Y163        FDRE                                         r  BASIC_i/RV32I_EX/ex_mem_reg_1/inst/mem_alu_result_reg[31]/C
                         clock pessimism              0.188   102.213    
                         clock uncertainty           -0.397   101.816    
    SLICE_X48Y163        FDRE (Setup_DFF_SLICEL_C_D)
                                                      0.025   101.841    BASIC_i/RV32I_EX/ex_mem_reg_1/inst/mem_alu_result_reg[31]
  -------------------------------------------------------------------
                         required time                        101.841    
                         arrival time                          -8.523    
  -------------------------------------------------------------------
                         slack                                 93.318    

Slack (MET) :             93.383ns  (required time - arrival time)
  Source:                 BASIC_i/RV32I_EX/ex_mem_reg_1/inst/mem_rd_reg[3]/C
                            (rising edge-triggered cell FDRE clocked by clk_pl_0  {rise@0.000ns fall@50.000ns period=100.001ns})
  Destination:            BASIC_i/RV32I_EX/ex_mem_reg_1/inst/mem_alu_result_reg[0]/D
                            (rising edge-triggered cell FDRE clocked by clk_pl_0  {rise@0.000ns fall@50.000ns period=100.001ns})
  Path Group:             clk_pl_0
  Path Type:              Setup (Max at Slow Process Corner)
  Requirement:            100.001ns  (clk_pl_0 rise@100.001ns - clk_pl_0 rise@0.000ns)
  Data Path Delay:        6.210ns  (logic 0.922ns (14.847%)  route 5.288ns (85.153%))
  Logic Levels:           9  (CARRY8=2 LUT4=2 LUT5=1 LUT6=4)
  Clock Path Skew:        -0.036ns (DCD - SCD + CPR)
    Destination Clock Delay (DCD):    2.036ns = ( 102.037 - 100.001 ) 
    Source Clock Delay      (SCD):    2.314ns
    Clock Pessimism Removal (CPR):    0.242ns
  Clock Uncertainty:      0.397ns  ((TSJ^2 + DJ^2)^1/2) / 2 + PE
    Total System Jitter     (TSJ):    0.071ns
    Discrete Jitter          (DJ):    0.791ns
    Phase Error              (PE):    0.000ns
  Clock Net Delay (Source):      2.115ns (routing 0.998ns, distribution 1.117ns)
  Clock Net Delay (Destination): 1.876ns (routing 0.905ns, distribution 0.971ns)

    Location             Delay type                Incr(ns)  Path(ns)    Netlist Resource(s)
  -------------------------------------------------------------------    -------------------
                         (clock clk_pl_0 rise edge)
                                                      0.000     0.000 r  
    PS8_X0Y0             PS8                          0.000     0.000 r  BASIC_i/zynq_ultra_ps_e_0/inst/PS8_i/PLCLK[0]
                         net (fo=1, routed)           0.171     0.171    BASIC_i/zynq_ultra_ps_e_0/inst/pl_clk_unbuffered[0]
    BUFG_PS_X0Y77        BUFG_PS (Prop_BUFG_PS_I_O)
                                                      0.028     0.199 r  BASIC_i/zynq_ultra_ps_e_0/inst/buffer_pl_clk_0.PL_CLK_0_BUFG/O
    X1Y2 (CLOCK_ROOT)    net (fo=3003, routed)        2.115     2.314    BASIC_i/RV32I_EX/ex_mem_reg_1/inst/clk
    SLICE_X50Y161        FDRE                                         r  BASIC_i/RV32I_EX/ex_mem_reg_1/inst/mem_rd_reg[3]/C
  -------------------------------------------------------------------    -------------------
    SLICE_X50Y161        FDRE (Prop_EFF_SLICEL_C_Q)
                                                      0.079     2.393 r  BASIC_i/RV32I_EX/ex_mem_reg_1/inst/mem_rd_reg[3]/Q
                         net (fo=4, routed)           0.923     3.316    BASIC_i/RV32I_EX/forwarding_0/mem_rd[3]
    SLICE_X49Y164        LUT6 (Prop_F6LUT_SLICEL_I5_O)
                                                      0.049     3.365 f  BASIC_i/RV32I_EX/forwarding_0/forward_b[1]_INST_0_i_1/O
                         net (fo=2, routed)           0.497     3.862    BASIC_i/RV32I_EX/forwarding_0/inst/forward_b16_out
    SLICE_X47Y162        LUT5 (Prop_C5LUT_SLICEL_I0_O)
                                                      0.110     3.972 r  BASIC_i/RV32I_EX/forwarding_0/forward_b[1]_INST_0/O
                         net (fo=32, routed)          1.220     5.192    BASIC_i/RV32I_EX/forward_mux_1/inst/forward_sel[1]
    SLICE_X50Y151        LUT6 (Prop_C6LUT_SLICEL_I3_O)
                                                      0.123     5.315 r  BASIC_i/RV32I_EX/forward_mux_1/inst/out_data[2]_INST_0/O
                         net (fo=2, routed)           0.201     5.516    BASIC_i/RV32I_EX/operand_b_mux_0/inst/rs2_data[2]
    SLICE_X49Y153        LUT4 (Prop_F6LUT_SLICEL_I1_O)
                                                      0.089     5.605 r  BASIC_i/RV32I_EX/operand_b_mux_0/inst/operand_b[2]_INST_0/O
                         net (fo=85, routed)          1.662     7.267    BASIC_i/RV32I_EX/alu_0/inst/b[2]
    SLICE_X48Y157        LUT4 (Prop_B6LUT_SLICEL_I0_O)
                                                      0.124     7.391 r  BASIC_i/RV32I_EX/alu_0/inst/y2__15_carry_i_15/O
                         net (fo=1, routed)           0.009     7.400    BASIC_i/RV32I_EX/alu_0/inst/y2__15_carry_i_15_n_0
    SLICE_X48Y157        CARRY8 (Prop_CARRY8_SLICEL_S[1]_CO[7])
                                                      0.186     7.586 r  BASIC_i/RV32I_EX/alu_0/inst/y2__15_carry/CO[7]
                         net (fo=1, routed)           0.026     7.612    BASIC_i/RV32I_EX/alu_0/inst/y2__15_carry_n_0
    SLICE_X48Y158        CARRY8 (Prop_CARRY8_SLICEL_CI_CO[7])
                                                      0.022     7.634 r  BASIC_i/RV32I_EX/alu_0/inst/y2__15_carry__0/CO[7]
                         net (fo=1, routed)           0.187     7.821    BASIC_i/RV32I_EX/alu_0/inst/data9
    SLICE_X48Y159        LUT6 (Prop_H6LUT_SLICEL_I3_O)
                                                      0.090     7.911 r  BASIC_i/RV32I_EX/alu_0/inst/y[0]_INST_0_i_1/O
                         net (fo=1, routed)           0.514     8.425    BASIC_i/RV32I_EX/alu_0/inst/y[0]_INST_0_i_1_n_0
    SLICE_X51Y157        LUT6 (Prop_D6LUT_SLICEL_I1_O)
                                                      0.050     8.475 r  BASIC_i/RV32I_EX/alu_0/inst/y[0]_INST_0/O
                         net (fo=1, routed)           0.049     8.524    BASIC_i/RV32I_EX/ex_mem_reg_1/inst/ex_alu_result[0]
    SLICE_X51Y157        FDRE                                         r  BASIC_i/RV32I_EX/ex_mem_reg_1/inst/mem_alu_result_reg[0]/D
  -------------------------------------------------------------------    -------------------

                         (clock clk_pl_0 rise edge)
                                                    100.001   100.001 r  
    PS8_X0Y0             PS8                          0.000   100.001 r  BASIC_i/zynq_ultra_ps_e_0/inst/PS8_i/PLCLK[0]
                         net (fo=1, routed)           0.135   100.136    BASIC_i/zynq_ultra_ps_e_0/inst/pl_clk_unbuffered[0]
    BUFG_PS_X0Y77        BUFG_PS (Prop_BUFG_PS_I_O)
                                                      0.025   100.161 r  BASIC_i/zynq_ultra_ps_e_0/inst/buffer_pl_clk_0.PL_CLK_0_BUFG/O
    X1Y2 (CLOCK_ROOT)    net (fo=3003, routed)        1.876   102.037    BASIC_i/RV32I_EX/ex_mem_reg_1/inst/clk
    SLICE_X51Y157        FDRE                                         r  BASIC_i/RV32I_EX/ex_mem_reg_1/inst/mem_alu_result_reg[0]/C
                         clock pessimism              0.242   102.279    
                         clock uncertainty           -0.397   101.882    
    SLICE_X51Y157        FDRE (Setup_DFF_SLICEL_C_D)
                                                      0.025   101.907    BASIC_i/RV32I_EX/ex_mem_reg_1/inst/mem_alu_result_reg[0]
  -------------------------------------------------------------------
                         required time                        101.907    
                         arrival time                          -8.524    
  -------------------------------------------------------------------
                         slack                                 93.383    

Slack (MET) :             93.861ns  (required time - arrival time)
  Source:                 BASIC_i/RV32I_EX/ex_mem_reg_1/inst/mem_rd_reg[3]/C
                            (rising edge-triggered cell FDRE clocked by clk_pl_0  {rise@0.000ns fall@50.000ns period=100.001ns})
  Destination:            BASIC_i/RV32I_EX/ex_mem_reg_1/inst/mem_alu_result_reg[5]/D
                            (rising edge-triggered cell FDRE clocked by clk_pl_0  {rise@0.000ns fall@50.000ns period=100.001ns})
  Path Group:             clk_pl_0
  Path Type:              Setup (Max at Slow Process Corner)
  Requirement:            100.001ns  (clk_pl_0 rise@100.001ns - clk_pl_0 rise@0.000ns)
  Data Path Delay:        5.740ns  (logic 0.682ns (11.882%)  route 5.058ns (88.118%))
  Logic Levels:           6  (LUT2=1 LUT4=1 LUT5=1 LUT6=3)
  Clock Path Skew:        -0.028ns (DCD - SCD + CPR)
    Destination Clock Delay (DCD):    2.044ns = ( 102.045 - 100.001 ) 
    Source Clock Delay      (SCD):    2.314ns
    Clock Pessimism Removal (CPR):    0.242ns
  Clock Uncertainty:      0.397ns  ((TSJ^2 + DJ^2)^1/2) / 2 + PE
    Total System Jitter     (TSJ):    0.071ns
    Discrete Jitter          (DJ):    0.791ns
    Phase Error              (PE):    0.000ns
  Clock Net Delay (Source):      2.115ns (routing 0.998ns, distribution 1.117ns)
  Clock Net Delay (Destination): 1.884ns (routing 0.905ns, distribution 0.979ns)

    Location             Delay type                Incr(ns)  Path(ns)    Netlist Resource(s)
  -------------------------------------------------------------------    -------------------
                         (clock clk_pl_0 rise edge)
                                                      0.000     0.000 r  
    PS8_X0Y0             PS8                          0.000     0.000 r  BASIC_i/zynq_ultra_ps_e_0/inst/PS8_i/PLCLK[0]
                         net (fo=1, routed)           0.171     0.171    BASIC_i/zynq_ultra_ps_e_0/inst/pl_clk_unbuffered[0]
    BUFG_PS_X0Y77        BUFG_PS (Prop_BUFG_PS_I_O)
                                                      0.028     0.199 r  BASIC_i/zynq_ultra_ps_e_0/inst/buffer_pl_clk_0.PL_CLK_0_BUFG/O
    X1Y2 (CLOCK_ROOT)    net (fo=3003, routed)        2.115     2.314    BASIC_i/RV32I_EX/ex_mem_reg_1/inst/clk
    SLICE_X50Y161        FDRE                                         r  BASIC_i/RV32I_EX/ex_mem_reg_1/inst/mem_rd_reg[3]/C
  -------------------------------------------------------------------    -------------------
    SLICE_X50Y161        FDRE (Prop_EFF_SLICEL_C_Q)
                                                      0.079     2.393 r  BASIC_i/RV32I_EX/ex_mem_reg_1/inst/mem_rd_reg[3]/Q
                         net (fo=4, routed)           0.923     3.316    BASIC_i/RV32I_EX/forwarding_0/mem_rd[3]
    SLICE_X49Y164        LUT6 (Prop_F6LUT_SLICEL_I5_O)
                                                      0.049     3.365 f  BASIC_i/RV32I_EX/forwarding_0/forward_b[1]_INST_0_i_1/O
                         net (fo=2, routed)           0.497     3.862    BASIC_i/RV32I_EX/forwarding_0/inst/forward_b16_out
    SLICE_X47Y162        LUT5 (Prop_C5LUT_SLICEL_I0_O)
                                                      0.110     3.972 r  BASIC_i/RV32I_EX/forwarding_0/forward_b[1]_INST_0/O
                         net (fo=32, routed)          1.220     5.192    BASIC_i/RV32I_EX/forward_mux_1/inst/forward_sel[1]
    SLICE_X50Y151        LUT6 (Prop_C6LUT_SLICEL_I3_O)
                                                      0.123     5.315 r  BASIC_i/RV32I_EX/forward_mux_1/inst/out_data[2]_INST_0/O
                         net (fo=2, routed)           0.201     5.516    BASIC_i/RV32I_EX/operand_b_mux_0/inst/rs2_data[2]
    SLICE_X49Y153        LUT4 (Prop_F6LUT_SLICEL_I1_O)
                                                      0.089     5.605 r  BASIC_i/RV32I_EX/operand_b_mux_0/inst/operand_b[2]_INST_0/O
                         net (fo=85, routed)          1.512     7.117    BASIC_i/RV32I_EX/alu_0/b[2]
    SLICE_X48Y163        LUT2 (Prop_H5LUT_SLICEL_I0_O)
                                                      0.133     7.250 r  BASIC_i/RV32I_EX/alu_0/y[30]_INST_0_i_4/O
                         net (fo=5, routed)           0.656     7.906    BASIC_i/RV32I_EX/alu_0/inst/mem_alu_result_reg[5]_1
    SLICE_X51Y159        LUT6 (Prop_D6LUT_SLICEL_I3_O)
                                                      0.099     8.005 r  BASIC_i/RV32I_EX/alu_0/inst/y[5]_INST_0/O
                         net (fo=1, routed)           0.049     8.054    BASIC_i/RV32I_EX/ex_mem_reg_1/inst/ex_alu_result[5]
    SLICE_X51Y159        FDRE                                         r  BASIC_i/RV32I_EX/ex_mem_reg_1/inst/mem_alu_result_reg[5]/D
  -------------------------------------------------------------------    -------------------

                         (clock clk_pl_0 rise edge)
                                                    100.001   100.001 r  
    PS8_X0Y0             PS8                          0.000   100.001 r  BASIC_i/zynq_ultra_ps_e_0/inst/PS8_i/PLCLK[0]
                         net (fo=1, routed)           0.135   100.136    BASIC_i/zynq_ultra_ps_e_0/inst/pl_clk_unbuffered[0]
    BUFG_PS_X0Y77        BUFG_PS (Prop_BUFG_PS_I_O)
                                                      0.025   100.161 r  BASIC_i/zynq_ultra_ps_e_0/inst/buffer_pl_clk_0.PL_CLK_0_BUFG/O
    X1Y2 (CLOCK_ROOT)    net (fo=3003, routed)        1.884   102.045    BASIC_i/RV32I_EX/ex_mem_reg_1/inst/clk
    SLICE_X51Y159        FDRE                                         r  BASIC_i/RV32I_EX/ex_mem_reg_1/inst/mem_alu_result_reg[5]/C
                         clock pessimism              0.242   102.287    
                         clock uncertainty           -0.397   101.890    
    SLICE_X51Y159        FDRE (Setup_DFF_SLICEL_C_D)
                                                      0.025   101.915    BASIC_i/RV32I_EX/ex_mem_reg_1/inst/mem_alu_result_reg[5]
  -------------------------------------------------------------------
                         required time                        101.915    
                         arrival time                          -8.054    
  -------------------------------------------------------------------
                         slack                                 93.861    

Slack (MET) :             93.902ns  (required time - arrival time)
  Source:                 BASIC_i/RV32I_EX/ex_mem_reg_1/inst/mem_rd_reg[3]/C
                            (rising edge-triggered cell FDRE clocked by clk_pl_0  {rise@0.000ns fall@50.000ns period=100.001ns})
  Destination:            BASIC_i/RV32I_EX/ex_mem_reg_1/inst/mem_alu_result_reg[8]/D
                            (rising edge-triggered cell FDRE clocked by clk_pl_0  {rise@0.000ns fall@50.000ns period=100.001ns})
  Path Group:             clk_pl_0
  Path Type:              Setup (Max at Slow Process Corner)
  Requirement:            100.001ns  (clk_pl_0 rise@100.001ns - clk_pl_0 rise@0.000ns)
  Data Path Delay:        5.616ns  (logic 0.719ns (12.803%)  route 4.897ns (87.197%))
  Logic Levels:           7  (LUT4=2 LUT5=2 LUT6=3)
  Clock Path Skew:        -0.111ns (DCD - SCD + CPR)
    Destination Clock Delay (DCD):    2.015ns = ( 102.016 - 100.001 ) 
    Source Clock Delay      (SCD):    2.314ns
    Clock Pessimism Removal (CPR):    0.188ns
  Clock Uncertainty:      0.397ns  ((TSJ^2 + DJ^2)^1/2) / 2 + PE
    Total System Jitter     (TSJ):    0.071ns
    Discrete Jitter          (DJ):    0.791ns
    Phase Error              (PE):    0.000ns
  Clock Net Delay (Source):      2.115ns (routing 0.998ns, distribution 1.117ns)
  Clock Net Delay (Destination): 1.855ns (routing 0.905ns, distribution 0.950ns)

    Location             Delay type                Incr(ns)  Path(ns)    Netlist Resource(s)
  -------------------------------------------------------------------    -------------------
                         (clock clk_pl_0 rise edge)
                                                      0.000     0.000 r  
    PS8_X0Y0             PS8                          0.000     0.000 r  BASIC_i/zynq_ultra_ps_e_0/inst/PS8_i/PLCLK[0]
                         net (fo=1, routed)           0.171     0.171    BASIC_i/zynq_ultra_ps_e_0/inst/pl_clk_unbuffered[0]
    BUFG_PS_X0Y77        BUFG_PS (Prop_BUFG_PS_I_O)
                                                      0.028     0.199 r  BASIC_i/zynq_ultra_ps_e_0/inst/buffer_pl_clk_0.PL_CLK_0_BUFG/O
    X1Y2 (CLOCK_ROOT)    net (fo=3003, routed)        2.115     2.314    BASIC_i/RV32I_EX/ex_mem_reg_1/inst/clk
    SLICE_X50Y161        FDRE                                         r  BASIC_i/RV32I_EX/ex_mem_reg_1/inst/mem_rd_reg[3]/C
  -------------------------------------------------------------------    -------------------
    SLICE_X50Y161        FDRE (Prop_EFF_SLICEL_C_Q)
                                                      0.079     2.393 r  BASIC_i/RV32I_EX/ex_mem_reg_1/inst/mem_rd_reg[3]/Q
                         net (fo=4, routed)           0.923     3.316    BASIC_i/RV32I_EX/forwarding_0/mem_rd[3]
    SLICE_X49Y164        LUT6 (Prop_F6LUT_SLICEL_I5_O)
                                                      0.049     3.365 f  BASIC_i/RV32I_EX/forwarding_0/forward_b[1]_INST_0_i_1/O
                         net (fo=2, routed)           0.497     3.862    BASIC_i/RV32I_EX/forwarding_0/inst/forward_b16_out
    SLICE_X47Y162        LUT5 (Prop_C5LUT_SLICEL_I0_O)
                                                      0.110     3.972 r  BASIC_i/RV32I_EX/forwarding_0/forward_b[1]_INST_0/O
                         net (fo=32, routed)          1.470     5.442    BASIC_i/RV32I_EX/forward_mux_1/inst/forward_sel[1]
    SLICE_X49Y153        LUT6 (Prop_D6LUT_SLICEL_I3_O)
                                                      0.099     5.541 r  BASIC_i/RV32I_EX/forward_mux_1/inst/out_data[8]_INST_0/O
                         net (fo=2, routed)           0.089     5.630    BASIC_i/RV32I_EX/operand_b_mux_0/inst/rs2_data[8]
    SLICE_X49Y154        LUT4 (Prop_F6LUT_SLICEL_I2_O)
                                                      0.035     5.665 r  BASIC_i/RV32I_EX/operand_b_mux_0/inst/operand_b[8]_INST_0/O
                         net (fo=9, routed)           0.539     6.204    BASIC_i/RV32I_EX/alu_0/b[8]
    SLICE_X48Y159        LUT4 (Prop_C5LUT_SLICEL_I3_O)
                                                      0.110     6.314 r  BASIC_i/RV32I_EX/alu_0/y[8]_INST_0_i_8/O
                         net (fo=1, routed)           0.736     7.050    BASIC_i/RV32I_EX/alu_0/y[8]_INST_0_i_8_n_0
    SLICE_X52Y157        LUT6 (Prop_F6LUT_SLICEL_I3_O)
                                                      0.148     7.198 f  BASIC_i/RV32I_EX/alu_0/y[8]_INST_0_i_4/O
                         net (fo=1, routed)           0.594     7.792    BASIC_i/RV32I_EX/alu_0/inst/mem_alu_result_reg[8]_1
    SLICE_X48Y159        LUT5 (Prop_D6LUT_SLICEL_I3_O)
                                                      0.089     7.881 r  BASIC_i/RV32I_EX/alu_0/inst/y[8]_INST_0/O
                         net (fo=1, routed)           0.049     7.930    BASIC_i/RV32I_EX/ex_mem_reg_1/inst/ex_alu_result[8]
    SLICE_X48Y159        FDRE                                         r  BASIC_i/RV32I_EX/ex_mem_reg_1/inst/mem_alu_result_reg[8]/D
  -------------------------------------------------------------------    -------------------

                         (clock clk_pl_0 rise edge)
                                                    100.001   100.001 r  
    PS8_X0Y0             PS8                          0.000   100.001 r  BASIC_i/zynq_ultra_ps_e_0/inst/PS8_i/PLCLK[0]
                         net (fo=1, routed)           0.135   100.136    BASIC_i/zynq_ultra_ps_e_0/inst/pl_clk_unbuffered[0]
    BUFG_PS_X0Y77        BUFG_PS (Prop_BUFG_PS_I_O)
                                                      0.025   100.161 r  BASIC_i/zynq_ultra_ps_e_0/inst/buffer_pl_clk_0.PL_CLK_0_BUFG/O
    X1Y2 (CLOCK_ROOT)    net (fo=3003, routed)        1.855   102.016    BASIC_i/RV32I_EX/ex_mem_reg_1/inst/clk
    SLICE_X48Y159        FDRE                                         r  BASIC_i/RV32I_EX/ex_mem_reg_1/inst/mem_alu_result_reg[8]/C
                         clock pessimism              0.188   102.204    
                         clock uncertainty           -0.397   101.807    
    SLICE_X48Y159        FDRE (Setup_DFF_SLICEL_C_D)
                                                      0.025   101.832    BASIC_i/RV32I_EX/ex_mem_reg_1/inst/mem_alu_result_reg[8]
  -------------------------------------------------------------------
                         required time                        101.832    
                         arrival time                          -7.930    
  -------------------------------------------------------------------
                         slack                                 93.902    

Slack (MET) :             93.935ns  (required time - arrival time)
  Source:                 BASIC_i/RV32I_EX/ex_mem_reg_1/inst/mem_rd_reg[3]/C
                            (rising edge-triggered cell FDRE clocked by clk_pl_0  {rise@0.000ns fall@50.000ns period=100.001ns})
  Destination:            BASIC_i/RV32I_EX/ex_mem_reg_1/inst/mem_alu_result_reg[7]/D
                            (rising edge-triggered cell FDRE clocked by clk_pl_0  {rise@0.000ns fall@50.000ns period=100.001ns})
  Path Group:             clk_pl_0
  Path Type:              Setup (Max at Slow Process Corner)
  Requirement:            100.001ns  (clk_pl_0 rise@100.001ns - clk_pl_0 rise@0.000ns)
  Data Path Delay:        5.660ns  (logic 0.682ns (12.049%)  route 4.978ns (87.951%))
  Logic Levels:           6  (LUT2=1 LUT4=1 LUT5=1 LUT6=3)
  Clock Path Skew:        -0.034ns (DCD - SCD + CPR)
    Destination Clock Delay (DCD):    2.038ns = ( 102.039 - 100.001 ) 
    Source Clock Delay      (SCD):    2.314ns
    Clock Pessimism Removal (CPR):    0.242ns
  Clock Uncertainty:      0.397ns  ((TSJ^2 + DJ^2)^1/2) / 2 + PE
    Total System Jitter     (TSJ):    0.071ns
    Discrete Jitter          (DJ):    0.791ns
    Phase Error              (PE):    0.000ns
  Clock Net Delay (Source):      2.115ns (routing 0.998ns, distribution 1.117ns)
  Clock Net Delay (Destination): 1.878ns (routing 0.905ns, distribution 0.973ns)

    Location             Delay type                Incr(ns)  Path(ns)    Netlist Resource(s)
  -------------------------------------------------------------------    -------------------
                         (clock clk_pl_0 rise edge)
                                                      0.000     0.000 r  
    PS8_X0Y0             PS8                          0.000     0.000 r  BASIC_i/zynq_ultra_ps_e_0/inst/PS8_i/PLCLK[0]
                         net (fo=1, routed)           0.171     0.171    BASIC_i/zynq_ultra_ps_e_0/inst/pl_clk_unbuffered[0]
    BUFG_PS_X0Y77        BUFG_PS (Prop_BUFG_PS_I_O)
                                                      0.028     0.199 r  BASIC_i/zynq_ultra_ps_e_0/inst/buffer_pl_clk_0.PL_CLK_0_BUFG/O
    X1Y2 (CLOCK_ROOT)    net (fo=3003, routed)        2.115     2.314    BASIC_i/RV32I_EX/ex_mem_reg_1/inst/clk
    SLICE_X50Y161        FDRE                                         r  BASIC_i/RV32I_EX/ex_mem_reg_1/inst/mem_rd_reg[3]/C
  -------------------------------------------------------------------    -------------------
    SLICE_X50Y161        FDRE (Prop_EFF_SLICEL_C_Q)
                                                      0.079     2.393 r  BASIC_i/RV32I_EX/ex_mem_reg_1/inst/mem_rd_reg[3]/Q
                         net (fo=4, routed)           0.923     3.316    BASIC_i/RV32I_EX/forwarding_0/mem_rd[3]
    SLICE_X49Y164        LUT6 (Prop_F6LUT_SLICEL_I5_O)
                                                      0.049     3.365 f  BASIC_i/RV32I_EX/forwarding_0/forward_b[1]_INST_0_i_1/O
                         net (fo=2, routed)           0.497     3.862    BASIC_i/RV32I_EX/forwarding_0/inst/forward_b16_out
    SLICE_X47Y162        LUT5 (Prop_C5LUT_SLICEL_I0_O)
                                                      0.110     3.972 r  BASIC_i/RV32I_EX/forwarding_0/forward_b[1]_INST_0/O
                         net (fo=32, routed)          1.220     5.192    BASIC_i/RV32I_EX/forward_mux_1/inst/forward_sel[1]
    SLICE_X50Y151        LUT6 (Prop_C6LUT_SLICEL_I3_O)
                                                      0.123     5.315 r  BASIC_i/RV32I_EX/forward_mux_1/inst/out_data[2]_INST_0/O
                         net (fo=2, routed)           0.201     5.516    BASIC_i/RV32I_EX/operand_b_mux_0/inst/rs2_data[2]
    SLICE_X49Y153        LUT4 (Prop_F6LUT_SLICEL_I1_O)
                                                      0.089     5.605 r  BASIC_i/RV32I_EX/operand_b_mux_0/inst/operand_b[2]_INST_0/O
                         net (fo=85, routed)          1.512     7.117    BASIC_i/RV32I_EX/alu_0/b[2]
    SLICE_X48Y163        LUT2 (Prop_H5LUT_SLICEL_I0_O)
                                                      0.133     7.250 r  BASIC_i/RV32I_EX/alu_0/y[30]_INST_0_i_4/O
                         net (fo=5, routed)           0.576     7.826    BASIC_i/RV32I_EX/alu_0/inst/mem_alu_result_reg[5]_1
    SLICE_X51Y158        LUT6 (Prop_D6LUT_SLICEL_I3_O)
                                                      0.099     7.925 r  BASIC_i/RV32I_EX/alu_0/inst/y[7]_INST_0/O
                         net (fo=1, routed)           0.049     7.974    BASIC_i/RV32I_EX/ex_mem_reg_1/inst/ex_alu_result[7]
    SLICE_X51Y158        FDRE                                         r  BASIC_i/RV32I_EX/ex_mem_reg_1/inst/mem_alu_result_reg[7]/D
  -------------------------------------------------------------------    -------------------

                         (clock clk_pl_0 rise edge)
                                                    100.001   100.001 r  
    PS8_X0Y0             PS8                          0.000   100.001 r  BASIC_i/zynq_ultra_ps_e_0/inst/PS8_i/PLCLK[0]
                         net (fo=1, routed)           0.135   100.136    BASIC_i/zynq_ultra_ps_e_0/inst/pl_clk_unbuffered[0]
    BUFG_PS_X0Y77        BUFG_PS (Prop_BUFG_PS_I_O)
                                                      0.025   100.161 r  BASIC_i/zynq_ultra_ps_e_0/inst/buffer_pl_clk_0.PL_CLK_0_BUFG/O
    X1Y2 (CLOCK_ROOT)    net (fo=3003, routed)        1.878   102.039    BASIC_i/RV32I_EX/ex_mem_reg_1/inst/clk
    SLICE_X51Y158        FDRE                                         r  BASIC_i/RV32I_EX/ex_mem_reg_1/inst/mem_alu_result_reg[7]/C
                         clock pessimism              0.242   102.281    
                         clock uncertainty           -0.397   101.884    
    SLICE_X51Y158        FDRE (Setup_DFF_SLICEL_C_D)
                                                      0.025   101.909    BASIC_i/RV32I_EX/ex_mem_reg_1/inst/mem_alu_result_reg[7]
  -------------------------------------------------------------------
                         required time                        101.909    
                         arrival time                          -7.974    
  -------------------------------------------------------------------
                         slack                                 93.935    

Slack (MET) :             93.983ns  (required time - arrival time)
  Source:                 BASIC_i/RV32I_EX/ex_mem_reg_1/inst/mem_rd_reg[3]/C
                            (rising edge-triggered cell FDRE clocked by clk_pl_0  {rise@0.000ns fall@50.000ns period=100.001ns})
  Destination:            BASIC_i/RV32I_EX/ex_mem_reg_1/inst/mem_alu_result_reg[6]/D
                            (rising edge-triggered cell FDRE clocked by clk_pl_0  {rise@0.000ns fall@50.000ns period=100.001ns})
  Path Group:             clk_pl_0
  Path Type:              Setup (Max at Slow Process Corner)
  Requirement:            100.001ns  (clk_pl_0 rise@100.001ns - clk_pl_0 rise@0.000ns)
  Data Path Delay:        5.532ns  (logic 0.955ns (17.263%)  route 4.577ns (82.737%))
  Logic Levels:           8  (LUT4=2 LUT5=2 LUT6=4)
  Clock Path Skew:        -0.114ns (DCD - SCD + CPR)
    Destination Clock Delay (DCD):    2.012ns = ( 102.013 - 100.001 ) 
    Source Clock Delay      (SCD):    2.314ns
    Clock Pessimism Removal (CPR):    0.188ns
  Clock Uncertainty:      0.397ns  ((TSJ^2 + DJ^2)^1/2) / 2 + PE
    Total System Jitter     (TSJ):    0.071ns
    Discrete Jitter          (DJ):    0.791ns
    Phase Error              (PE):    0.000ns
  Clock Net Delay (Source):      2.115ns (routing 0.998ns, distribution 1.117ns)
  Clock Net Delay (Destination): 1.852ns (routing 0.905ns, distribution 0.947ns)

    Location             Delay type                Incr(ns)  Path(ns)    Netlist Resource(s)
  -------------------------------------------------------------------    -------------------
                         (clock clk_pl_0 rise edge)
                                                      0.000     0.000 r  
    PS8_X0Y0             PS8                          0.000     0.000 r  BASIC_i/zynq_ultra_ps_e_0/inst/PS8_i/PLCLK[0]
                         net (fo=1, routed)           0.171     0.171    BASIC_i/zynq_ultra_ps_e_0/inst/pl_clk_unbuffered[0]
    BUFG_PS_X0Y77        BUFG_PS (Prop_BUFG_PS_I_O)
                                                      0.028     0.199 r  BASIC_i/zynq_ultra_ps_e_0/inst/buffer_pl_clk_0.PL_CLK_0_BUFG/O
    X1Y2 (CLOCK_ROOT)    net (fo=3003, routed)        2.115     2.314    BASIC_i/RV32I_EX/ex_mem_reg_1/inst/clk
    SLICE_X50Y161        FDRE                                         r  BASIC_i/RV32I_EX/ex_mem_reg_1/inst/mem_rd_reg[3]/C
  -------------------------------------------------------------------    -------------------
    SLICE_X50Y161        FDRE (Prop_EFF_SLICEL_C_Q)
                                                      0.079     2.393 r  BASIC_i/RV32I_EX/ex_mem_reg_1/inst/mem_rd_reg[3]/Q
                         net (fo=4, routed)           0.923     3.316    BASIC_i/RV32I_EX/forwarding_0/mem_rd[3]
    SLICE_X49Y164        LUT6 (Prop_F6LUT_SLICEL_I5_O)
                                                      0.049     3.365 f  BASIC_i/RV32I_EX/forwarding_0/forward_b[1]_INST_0_i_1/O
                         net (fo=2, routed)           0.497     3.862    BASIC_i/RV32I_EX/forwarding_0/inst/forward_b16_out
    SLICE_X47Y162        LUT5 (Prop_C5LUT_SLICEL_I0_O)
                                                      0.110     3.972 r  BASIC_i/RV32I_EX/forwarding_0/forward_b[1]_INST_0/O
                         net (fo=32, routed)          1.182     5.154    BASIC_i/RV32I_EX/forward_mux_1/inst/forward_sel[1]
    SLICE_X49Y155        LUT6 (Prop_B6LUT_SLICEL_I3_O)
                                                      0.098     5.252 r  BASIC_i/RV32I_EX/forward_mux_1/inst/out_data[1]_INST_0/O
                         net (fo=2, routed)           0.088     5.340    BASIC_i/RV32I_EX/operand_b_mux_0/inst/rs2_data[1]
    SLICE_X49Y154        LUT4 (Prop_G6LUT_SLICEL_I2_O)
                                                      0.097     5.437 r  BASIC_i/RV32I_EX/operand_b_mux_0/inst/operand_b[1]_INST_0/O
                         net (fo=92, routed)          0.741     6.178    BASIC_i/RV32I_EX/alu_0/b[1]
    SLICE_X51Y165        LUT6 (Prop_F6LUT_SLICEL_I4_O)
                                                      0.097     6.275 r  BASIC_i/RV32I_EX/alu_0/y[26]_INST_0_i_8/O
                         net (fo=5, routed)           0.242     6.517    BASIC_i/RV32I_EX/alu_0/y[26]_INST_0_i_8_n_0
    SLICE_X53Y164        LUT5 (Prop_D6LUT_SLICEM_I0_O)
                                                      0.122     6.639 r  BASIC_i/RV32I_EX/alu_0/y[10]_INST_0_i_7/O
                         net (fo=3, routed)           0.161     6.800    BASIC_i/RV32I_EX/alu_0/y[10]_INST_0_i_7_n_0
    SLICE_X52Y162        LUT4 (Prop_D5LUT_SLICEL_I3_O)
                                                      0.157     6.957 r  BASIC_i/RV32I_EX/alu_0/y[10]_INST_0_i_3/O
                         net (fo=2, routed)           0.694     7.651    BASIC_i/RV32I_EX/alu_0/inst/mem_alu_result_reg[10]_0
    SLICE_X47Y159        LUT6 (Prop_D6LUT_SLICEL_I2_O)
                                                      0.146     7.797 r  BASIC_i/RV32I_EX/alu_0/inst/y[6]_INST_0/O
                         net (fo=1, routed)           0.049     7.846    BASIC_i/RV32I_EX/ex_mem_reg_1/inst/ex_alu_result[6]
    SLICE_X47Y159        FDRE                                         r  BASIC_i/RV32I_EX/ex_mem_reg_1/inst/mem_alu_result_reg[6]/D
  -------------------------------------------------------------------    -------------------

                         (clock clk_pl_0 rise edge)
                                                    100.001   100.001 r  
    PS8_X0Y0             PS8                          0.000   100.001 r  BASIC_i/zynq_ultra_ps_e_0/inst/PS8_i/PLCLK[0]
                         net (fo=1, routed)           0.135   100.136    BASIC_i/zynq_ultra_ps_e_0/inst/pl_clk_unbuffered[0]
    BUFG_PS_X0Y77        BUFG_PS (Prop_BUFG_PS_I_O)
                                                      0.025   100.161 r  BASIC_i/zynq_ultra_ps_e_0/inst/buffer_pl_clk_0.PL_CLK_0_BUFG/O
    X1Y2 (CLOCK_ROOT)    net (fo=3003, routed)        1.852   102.013    BASIC_i/RV32I_EX/ex_mem_reg_1/inst/clk
    SLICE_X47Y159        FDRE                                         r  BASIC_i/RV32I_EX/ex_mem_reg_1/inst/mem_alu_result_reg[6]/C
                         clock pessimism              0.188   102.201    
                         clock uncertainty           -0.397   101.804    
    SLICE_X47Y159        FDRE (Setup_DFF_SLICEL_C_D)
                                                      0.025   101.829    BASIC_i/RV32I_EX/ex_mem_reg_1/inst/mem_alu_result_reg[6]
  -------------------------------------------------------------------
                         required time                        101.829    
                         arrival time                          -7.846    
  -------------------------------------------------------------------
                         slack                                 93.983    

Slack (MET) :             94.004ns  (required time - arrival time)
  Source:                 BASIC_i/RV32I_EX/ex_mem_reg_1/inst/mem_rd_reg[3]/C
                            (rising edge-triggered cell FDRE clocked by clk_pl_0  {rise@0.000ns fall@50.000ns period=100.001ns})
  Destination:            BASIC_i/RV32I_EX/ex_mem_reg_1/inst/mem_alu_result_reg[30]/D
                            (rising edge-triggered cell FDRE clocked by clk_pl_0  {rise@0.000ns fall@50.000ns period=100.001ns})
  Path Group:             clk_pl_0
  Path Type:              Setup (Max at Slow Process Corner)
  Requirement:            100.001ns  (clk_pl_0 rise@100.001ns - clk_pl_0 rise@0.000ns)
  Data Path Delay:        5.596ns  (logic 0.682ns (12.187%)  route 4.914ns (87.813%))
  Logic Levels:           6  (LUT2=1 LUT4=1 LUT5=1 LUT6=3)
  Clock Path Skew:        -0.029ns (DCD - SCD + CPR)
    Destination Clock Delay (DCD):    2.043ns = ( 102.044 - 100.001 ) 
    Source Clock Delay      (SCD):    2.314ns
    Clock Pessimism Removal (CPR):    0.242ns
  Clock Uncertainty:      0.397ns  ((TSJ^2 + DJ^2)^1/2) / 2 + PE
    Total System Jitter     (TSJ):    0.071ns
    Discrete Jitter          (DJ):    0.791ns
    Phase Error              (PE):    0.000ns
  Clock Net Delay (Source):      2.115ns (routing 0.998ns, distribution 1.117ns)
  Clock Net Delay (Destination): 1.883ns (routing 0.905ns, distribution 0.978ns)

    Location             Delay type                Incr(ns)  Path(ns)    Netlist Resource(s)
  -------------------------------------------------------------------    -------------------
                         (clock clk_pl_0 rise edge)
                                                      0.000     0.000 r  
    PS8_X0Y0             PS8                          0.000     0.000 r  BASIC_i/zynq_ultra_ps_e_0/inst/PS8_i/PLCLK[0]
                         net (fo=1, routed)           0.171     0.171    BASIC_i/zynq_ultra_ps_e_0/inst/pl_clk_unbuffered[0]
    BUFG_PS_X0Y77        BUFG_PS (Prop_BUFG_PS_I_O)
                                                      0.028     0.199 r  BASIC_i/zynq_ultra_ps_e_0/inst/buffer_pl_clk_0.PL_CLK_0_BUFG/O
    X1Y2 (CLOCK_ROOT)    net (fo=3003, routed)        2.115     2.314    BASIC_i/RV32I_EX/ex_mem_reg_1/inst/clk
    SLICE_X50Y161        FDRE                                         r  BASIC_i/RV32I_EX/ex_mem_reg_1/inst/mem_rd_reg[3]/C
  -------------------------------------------------------------------    -------------------
    SLICE_X50Y161        FDRE (Prop_EFF_SLICEL_C_Q)
                                                      0.079     2.393 r  BASIC_i/RV32I_EX/ex_mem_reg_1/inst/mem_rd_reg[3]/Q
                         net (fo=4, routed)           0.923     3.316    BASIC_i/RV32I_EX/forwarding_0/mem_rd[3]
    SLICE_X49Y164        LUT6 (Prop_F6LUT_SLICEL_I5_O)
                                                      0.049     3.365 f  BASIC_i/RV32I_EX/forwarding_0/forward_b[1]_INST_0_i_1/O
                         net (fo=2, routed)           0.497     3.862    BASIC_i/RV32I_EX/forwarding_0/inst/forward_b16_out
    SLICE_X47Y162        LUT5 (Prop_C5LUT_SLICEL_I0_O)
                                                      0.110     3.972 r  BASIC_i/RV32I_EX/forwarding_0/forward_b[1]_INST_0/O
                         net (fo=32, routed)          1.220     5.192    BASIC_i/RV32I_EX/forward_mux_1/inst/forward_sel[1]
    SLICE_X50Y151        LUT6 (Prop_C6LUT_SLICEL_I3_O)
                                                      0.123     5.315 r  BASIC_i/RV32I_EX/forward_mux_1/inst/out_data[2]_INST_0/O
                         net (fo=2, routed)           0.201     5.516    BASIC_i/RV32I_EX/operand_b_mux_0/inst/rs2_data[2]
    SLICE_X49Y153        LUT4 (Prop_F6LUT_SLICEL_I1_O)
                                                      0.089     5.605 r  BASIC_i/RV32I_EX/operand_b_mux_0/inst/operand_b[2]_INST_0/O
                         net (fo=85, routed)          1.512     7.117    BASIC_i/RV32I_EX/alu_0/b[2]
    SLICE_X48Y163        LUT2 (Prop_H5LUT_SLICEL_I0_O)
                                                      0.133     7.250 r  BASIC_i/RV32I_EX/alu_0/y[30]_INST_0_i_4/O
                         net (fo=5, routed)           0.512     7.762    BASIC_i/RV32I_EX/alu_0/inst/mem_alu_result_reg[5]_1
    SLICE_X50Y163        LUT6 (Prop_D6LUT_SLICEL_I3_O)
                                                      0.099     7.861 r  BASIC_i/RV32I_EX/alu_0/inst/y[30]_INST_0/O
                         net (fo=1, routed)           0.049     7.910    BASIC_i/RV32I_EX/ex_mem_reg_1/inst/ex_alu_result[30]
    SLICE_X50Y163        FDRE                                         r  BASIC_i/RV32I_EX/ex_mem_reg_1/inst/mem_alu_result_reg[30]/D
  -------------------------------------------------------------------    -------------------

                         (clock clk_pl_0 rise edge)
                                                    100.001   100.001 r  
    PS8_X0Y0             PS8                          0.000   100.001 r  BASIC_i/zynq_ultra_ps_e_0/inst/PS8_i/PLCLK[0]
                         net (fo=1, routed)           0.135   100.136    BASIC_i/zynq_ultra_ps_e_0/inst/pl_clk_unbuffered[0]
    BUFG_PS_X0Y77        BUFG_PS (Prop_BUFG_PS_I_O)
                                                      0.025   100.161 r  BASIC_i/zynq_ultra_ps_e_0/inst/buffer_pl_clk_0.PL_CLK_0_BUFG/O
    X1Y2 (CLOCK_ROOT)    net (fo=3003, routed)        1.883   102.044    BASIC_i/RV32I_EX/ex_mem_reg_1/inst/clk
    SLICE_X50Y163        FDRE                                         r  BASIC_i/RV32I_EX/ex_mem_reg_1/inst/mem_alu_result_reg[30]/C
                         clock pessimism              0.242   102.286    
                         clock uncertainty           -0.397   101.889    
    SLICE_X50Y163        FDRE (Setup_DFF_SLICEL_C_D)
                                                      0.025   101.914    BASIC_i/RV32I_EX/ex_mem_reg_1/inst/mem_alu_result_reg[30]
  -------------------------------------------------------------------
                         required time                        101.914    
                         arrival time                          -7.910    
  -------------------------------------------------------------------
                         slack                                 94.004    

Slack (MET) :             94.008ns  (required time - arrival time)
  Source:                 BASIC_i/RV32I_EX/ex_mem_reg_1/inst/mem_rd_reg[3]/C
                            (rising edge-triggered cell FDRE clocked by clk_pl_0  {rise@0.000ns fall@50.000ns period=100.001ns})
  Destination:            BASIC_i/RV32I_EX/ex_mem_reg_1/inst/mem_alu_result_reg[18]/D
                            (rising edge-triggered cell FDRE clocked by clk_pl_0  {rise@0.000ns fall@50.000ns period=100.001ns})
  Path Group:             clk_pl_0
  Path Type:              Setup (Max at Slow Process Corner)
  Requirement:            100.001ns  (clk_pl_0 rise@100.001ns - clk_pl_0 rise@0.000ns)
  Data Path Delay:        5.515ns  (logic 0.819ns (14.850%)  route 4.696ns (85.150%))
  Logic Levels:           7  (LUT4=1 LUT5=2 LUT6=4)
  Clock Path Skew:        -0.106ns (DCD - SCD + CPR)
    Destination Clock Delay (DCD):    2.020ns = ( 102.021 - 100.001 ) 
    Source Clock Delay      (SCD):    2.314ns
    Clock Pessimism Removal (CPR):    0.188ns
  Clock Uncertainty:      0.397ns  ((TSJ^2 + DJ^2)^1/2) / 2 + PE
    Total System Jitter     (TSJ):    0.071ns
    Discrete Jitter          (DJ):    0.791ns
    Phase Error              (PE):    0.000ns
  Clock Net Delay (Source):      2.115ns (routing 0.998ns, distribution 1.117ns)
  Clock Net Delay (Destination): 1.860ns (routing 0.905ns, distribution 0.955ns)

    Location             Delay type                Incr(ns)  Path(ns)    Netlist Resource(s)
  -------------------------------------------------------------------    -------------------
                         (clock clk_pl_0 rise edge)
                                                      0.000     0.000 r  
    PS8_X0Y0             PS8                          0.000     0.000 r  BASIC_i/zynq_ultra_ps_e_0/inst/PS8_i/PLCLK[0]
                         net (fo=1, routed)           0.171     0.171    BASIC_i/zynq_ultra_ps_e_0/inst/pl_clk_unbuffered[0]
    BUFG_PS_X0Y77        BUFG_PS (Prop_BUFG_PS_I_O)
                                                      0.028     0.199 r  BASIC_i/zynq_ultra_ps_e_0/inst/buffer_pl_clk_0.PL_CLK_0_BUFG/O
    X1Y2 (CLOCK_ROOT)    net (fo=3003, routed)        2.115     2.314    BASIC_i/RV32I_EX/ex_mem_reg_1/inst/clk
    SLICE_X50Y161        FDRE                                         r  BASIC_i/RV32I_EX/ex_mem_reg_1/inst/mem_rd_reg[3]/C
  -------------------------------------------------------------------    -------------------
    SLICE_X50Y161        FDRE (Prop_EFF_SLICEL_C_Q)
                                                      0.079     2.393 r  BASIC_i/RV32I_EX/ex_mem_reg_1/inst/mem_rd_reg[3]/Q
                         net (fo=4, routed)           0.923     3.316    BASIC_i/RV32I_EX/forwarding_0/mem_rd[3]
    SLICE_X49Y164        LUT6 (Prop_F6LUT_SLICEL_I5_O)
                                                      0.049     3.365 f  BASIC_i/RV32I_EX/forwarding_0/forward_b[1]_INST_0_i_1/O
                         net (fo=2, routed)           0.497     3.862    BASIC_i/RV32I_EX/forwarding_0/inst/forward_b16_out
    SLICE_X47Y162        LUT5 (Prop_C5LUT_SLICEL_I0_O)
                                                      0.110     3.972 r  BASIC_i/RV32I_EX/forwarding_0/forward_b[1]_INST_0/O
                         net (fo=32, routed)          1.220     5.192    BASIC_i/RV32I_EX/forward_mux_1/inst/forward_sel[1]
    SLICE_X50Y151        LUT6 (Prop_C6LUT_SLICEL_I3_O)
                                                      0.123     5.315 f  BASIC_i/RV32I_EX/forward_mux_1/inst/out_data[2]_INST_0/O
                         net (fo=2, routed)           0.201     5.516    BASIC_i/RV32I_EX/operand_b_mux_0/inst/rs2_data[2]
    SLICE_X49Y153        LUT4 (Prop_F6LUT_SLICEL_I1_O)
                                                      0.089     5.605 f  BASIC_i/RV32I_EX/operand_b_mux_0/inst/operand_b[2]_INST_0/O
                         net (fo=85, routed)          1.056     6.661    BASIC_i/RV32I_EX/alu_0/b[2]
    SLICE_X51Y165        LUT5 (Prop_D5LUT_SLICEL_I0_O)
                                                      0.133     6.794 r  BASIC_i/RV32I_EX/alu_0/y[18]_INST_0_i_8/O
                         net (fo=2, routed)           0.222     7.016    BASIC_i/RV32I_EX/alu_0/y[18]_INST_0_i_8_n_0
    SLICE_X51Y165        LUT6 (Prop_H6LUT_SLICEL_I3_O)
                                                      0.090     7.106 r  BASIC_i/RV32I_EX/alu_0/y[18]_INST_0_i_3/O
                         net (fo=1, routed)           0.528     7.634    BASIC_i/RV32I_EX/alu_0/inst/mem_alu_result_reg[18]_0
    SLICE_X47Y162        LUT6 (Prop_D6LUT_SLICEL_I3_O)
                                                      0.146     7.780 r  BASIC_i/RV32I_EX/alu_0/inst/y[18]_INST_0/O
                         net (fo=1, routed)           0.049     7.829    BASIC_i/RV32I_EX/ex_mem_reg_1/inst/ex_alu_result[18]
    SLICE_X47Y162        FDRE                                         r  BASIC_i/RV32I_EX/ex_mem_reg_1/inst/mem_alu_result_reg[18]/D
  -------------------------------------------------------------------    -------------------

                         (clock clk_pl_0 rise edge)
                                                    100.001   100.001 r  
    PS8_X0Y0             PS8                          0.000   100.001 r  BASIC_i/zynq_ultra_ps_e_0/inst/PS8_i/PLCLK[0]
                         net (fo=1, routed)           0.135   100.136    BASIC_i/zynq_ultra_ps_e_0/inst/pl_clk_unbuffered[0]
    BUFG_PS_X0Y77        BUFG_PS (Prop_BUFG_PS_I_O)
                                                      0.025   100.161 r  BASIC_i/zynq_ultra_ps_e_0/inst/buffer_pl_clk_0.PL_CLK_0_BUFG/O
    X1Y2 (CLOCK_ROOT)    net (fo=3003, routed)        1.860   102.021    BASIC_i/RV32I_EX/ex_mem_reg_1/inst/clk
    SLICE_X47Y162        FDRE                                         r  BASIC_i/RV32I_EX/ex_mem_reg_1/inst/mem_alu_result_reg[18]/C
                         clock pessimism              0.188   102.209    
                         clock uncertainty           -0.397   101.812    
    SLICE_X47Y162        FDRE (Setup_DFF_SLICEL_C_D)
                                                      0.025   101.837    BASIC_i/RV32I_EX/ex_mem_reg_1/inst/mem_alu_result_reg[18]
  -------------------------------------------------------------------
                         required time                        101.837    
                         arrival time                          -7.829    
  -------------------------------------------------------------------
                         slack                                 94.008    

Slack (MET) :             94.039ns  (required time - arrival time)
  Source:                 BASIC_i/RV32I_EX/ex_mem_reg_1/inst/mem_rd_reg[3]/C
                            (rising edge-triggered cell FDRE clocked by clk_pl_0  {rise@0.000ns fall@50.000ns period=100.001ns})
  Destination:            BASIC_i/RV32I_EX/ex_mem_reg_1/inst/mem_alu_result_reg[25]/D
                            (rising edge-triggered cell FDRE clocked by clk_pl_0  {rise@0.000ns fall@50.000ns period=100.001ns})
  Path Group:             clk_pl_0
  Path Type:              Setup (Max at Slow Process Corner)
  Requirement:            100.001ns  (clk_pl_0 rise@100.001ns - clk_pl_0 rise@0.000ns)
  Data Path Delay:        5.479ns  (logic 0.784ns (14.309%)  route 4.695ns (85.691%))
  Logic Levels:           7  (LUT4=1 LUT5=2 LUT6=4)
  Clock Path Skew:        -0.111ns (DCD - SCD + CPR)
    Destination Clock Delay (DCD):    2.015ns = ( 102.016 - 100.001 ) 
    Source Clock Delay      (SCD):    2.314ns
    Clock Pessimism Removal (CPR):    0.188ns
  Clock Uncertainty:      0.397ns  ((TSJ^2 + DJ^2)^1/2) / 2 + PE
    Total System Jitter     (TSJ):    0.071ns
    Discrete Jitter          (DJ):    0.791ns
    Phase Error              (PE):    0.000ns
  Clock Net Delay (Source):      2.115ns (routing 0.998ns, distribution 1.117ns)
  Clock Net Delay (Destination): 1.855ns (routing 0.905ns, distribution 0.950ns)

    Location             Delay type                Incr(ns)  Path(ns)    Netlist Resource(s)
  -------------------------------------------------------------------    -------------------
                         (clock clk_pl_0 rise edge)
                                                      0.000     0.000 r  
    PS8_X0Y0             PS8                          0.000     0.000 r  BASIC_i/zynq_ultra_ps_e_0/inst/PS8_i/PLCLK[0]
                         net (fo=1, routed)           0.171     0.171    BASIC_i/zynq_ultra_ps_e_0/inst/pl_clk_unbuffered[0]
    BUFG_PS_X0Y77        BUFG_PS (Prop_BUFG_PS_I_O)
                                                      0.028     0.199 r  BASIC_i/zynq_ultra_ps_e_0/inst/buffer_pl_clk_0.PL_CLK_0_BUFG/O
    X1Y2 (CLOCK_ROOT)    net (fo=3003, routed)        2.115     2.314    BASIC_i/RV32I_EX/ex_mem_reg_1/inst/clk
    SLICE_X50Y161        FDRE                                         r  BASIC_i/RV32I_EX/ex_mem_reg_1/inst/mem_rd_reg[3]/C
  -------------------------------------------------------------------    -------------------
    SLICE_X50Y161        FDRE (Prop_EFF_SLICEL_C_Q)
                                                      0.079     2.393 r  BASIC_i/RV32I_EX/ex_mem_reg_1/inst/mem_rd_reg[3]/Q
                         net (fo=4, routed)           0.923     3.316    BASIC_i/RV32I_EX/forwarding_0/mem_rd[3]
    SLICE_X49Y164        LUT6 (Prop_F6LUT_SLICEL_I5_O)
                                                      0.049     3.365 f  BASIC_i/RV32I_EX/forwarding_0/forward_b[1]_INST_0_i_1/O
                         net (fo=2, routed)           0.497     3.862    BASIC_i/RV32I_EX/forwarding_0/inst/forward_b16_out
    SLICE_X47Y162        LUT5 (Prop_C5LUT_SLICEL_I0_O)
                                                      0.110     3.972 r  BASIC_i/RV32I_EX/forwarding_0/forward_b[1]_INST_0/O
                         net (fo=32, routed)          1.220     5.192    BASIC_i/RV32I_EX/forward_mux_1/inst/forward_sel[1]
    SLICE_X50Y151        LUT6 (Prop_C6LUT_SLICEL_I3_O)
                                                      0.123     5.315 r  BASIC_i/RV32I_EX/forward_mux_1/inst/out_data[2]_INST_0/O
                         net (fo=2, routed)           0.201     5.516    BASIC_i/RV32I_EX/operand_b_mux_0/inst/rs2_data[2]
    SLICE_X49Y153        LUT4 (Prop_F6LUT_SLICEL_I1_O)
                                                      0.089     5.605 r  BASIC_i/RV32I_EX/operand_b_mux_0/inst/operand_b[2]_INST_0/O
                         net (fo=85, routed)          1.113     6.718    BASIC_i/RV32I_EX/alu_0/b[2]
    SLICE_X51Y163        LUT5 (Prop_A6LUT_SLICEL_I0_O)
                                                      0.098     6.816 r  BASIC_i/RV32I_EX/alu_0/y[25]_INST_0_i_8/O
                         net (fo=1, routed)           0.041     6.857    BASIC_i/RV32I_EX/alu_0/y[25]_INST_0_i_8_n_0
    SLICE_X51Y163        LUT6 (Prop_B6LUT_SLICEL_I2_O)
                                                      0.090     6.947 f  BASIC_i/RV32I_EX/alu_0/y[25]_INST_0_i_4/O
                         net (fo=1, routed)           0.651     7.598    BASIC_i/RV32I_EX/alu_0/inst/mem_alu_result_reg[25]_1
    SLICE_X46Y163        LUT6 (Prop_D6LUT_SLICEL_I4_O)
                                                      0.146     7.744 r  BASIC_i/RV32I_EX/alu_0/inst/y[25]_INST_0/O
                         net (fo=1, routed)           0.049     7.793    BASIC_i/RV32I_EX/ex_mem_reg_1/inst/ex_alu_result[25]
    SLICE_X46Y163        FDRE                                         r  BASIC_i/RV32I_EX/ex_mem_reg_1/inst/mem_alu_result_reg[25]/D
  -------------------------------------------------------------------    -------------------

                         (clock clk_pl_0 rise edge)
                                                    100.001   100.001 r  
    PS8_X0Y0             PS8                          0.000   100.001 r  BASIC_i/zynq_ultra_ps_e_0/inst/PS8_i/PLCLK[0]
                         net (fo=1, routed)           0.135   100.136    BASIC_i/zynq_ultra_ps_e_0/inst/pl_clk_unbuffered[0]
    BUFG_PS_X0Y77        BUFG_PS (Prop_BUFG_PS_I_O)
                                                      0.025   100.161 r  BASIC_i/zynq_ultra_ps_e_0/inst/buffer_pl_clk_0.PL_CLK_0_BUFG/O
    X1Y2 (CLOCK_ROOT)    net (fo=3003, routed)        1.855   102.016    BASIC_i/RV32I_EX/ex_mem_reg_1/inst/clk
    SLICE_X46Y163        FDRE                                         r  BASIC_i/RV32I_EX/ex_mem_reg_1/inst/mem_alu_result_reg[25]/C
                         clock pessimism              0.188   102.204    
                         clock uncertainty           -0.397   101.807    
    SLICE_X46Y163        FDRE (Setup_DFF_SLICEL_C_D)
                                                      0.025   101.832    BASIC_i/RV32I_EX/ex_mem_reg_1/inst/mem_alu_result_reg[25]
  -------------------------------------------------------------------
                         required time                        101.832    
                         arrival time                          -7.793    
  -------------------------------------------------------------------
                         slack                                 94.039    

Slack (MET) :             94.046ns  (required time - arrival time)
  Source:                 BASIC_i/RV32I_MEM/mem_wb_reg_0/inst/wb_sel_reg[1]/C
                            (rising edge-triggered cell FDRE clocked by clk_pl_0  {rise@0.000ns fall@50.000ns period=100.001ns})
  Destination:            BASIC_i/RV32I_EX/ex_mem_reg_1/inst/mem_alu_result_reg[20]/D
                            (rising edge-triggered cell FDRE clocked by clk_pl_0  {rise@0.000ns fall@50.000ns period=100.001ns})
  Path Group:             clk_pl_0
  Path Type:              Setup (Max at Slow Process Corner)
  Requirement:            100.001ns  (clk_pl_0 rise@100.001ns - clk_pl_0 rise@0.000ns)
  Data Path Delay:        5.476ns  (logic 1.031ns (18.828%)  route 4.445ns (81.172%))
  Logic Levels:           7  (LUT4=2 LUT6=5)
  Clock Path Skew:        -0.107ns (DCD - SCD + CPR)
    Destination Clock Delay (DCD):    2.022ns = ( 102.023 - 100.001 ) 
    Source Clock Delay      (SCD):    2.317ns
    Clock Pessimism Removal (CPR):    0.188ns
  Clock Uncertainty:      0.397ns  ((TSJ^2 + DJ^2)^1/2) / 2 + PE
    Total System Jitter     (TSJ):    0.071ns
    Discrete Jitter          (DJ):    0.791ns
    Phase Error              (PE):    0.000ns
  Clock Net Delay (Source):      2.118ns (routing 0.998ns, distribution 1.120ns)
  Clock Net Delay (Destination): 1.862ns (routing 0.905ns, distribution 0.957ns)

    Location             Delay type                Incr(ns)  Path(ns)    Netlist Resource(s)
  -------------------------------------------------------------------    -------------------
                         (clock clk_pl_0 rise edge)
                                                      0.000     0.000 r  
    PS8_X0Y0             PS8                          0.000     0.000 r  BASIC_i/zynq_ultra_ps_e_0/inst/PS8_i/PLCLK[0]
                         net (fo=1, routed)           0.171     0.171    BASIC_i/zynq_ultra_ps_e_0/inst/pl_clk_unbuffered[0]
    BUFG_PS_X0Y77        BUFG_PS (Prop_BUFG_PS_I_O)
                                                      0.028     0.199 r  BASIC_i/zynq_ultra_ps_e_0/inst/buffer_pl_clk_0.PL_CLK_0_BUFG/O
    X1Y2 (CLOCK_ROOT)    net (fo=3003, routed)        2.118     2.317    BASIC_i/RV32I_MEM/mem_wb_reg_0/inst/clk
    SLICE_X52Y152        FDRE                                         r  BASIC_i/RV32I_MEM/mem_wb_reg_0/inst/wb_sel_reg[1]/C
  -------------------------------------------------------------------    -------------------
    SLICE_X52Y152        FDRE (Prop_GFF_SLICEL_C_Q)
                                                      0.079     2.396 r  BASIC_i/RV32I_MEM/mem_wb_reg_0/inst/wb_sel_reg[1]/Q
                         net (fo=32, routed)          1.564     3.960    BASIC_i/RV32I_WB/wb_mux_0/inst/wb_sel[1]
    SLICE_X46Y163        LUT6 (Prop_F6LUT_SLICEL_I3_O)
                                                      0.148     4.108 r  BASIC_i/RV32I_WB/wb_mux_0/inst/rd_wdata[31]_INST_0/O
                         net (fo=8, routed)           0.349     4.457    BASIC_i/RV32I_EX/forward_mux_0/inst/mem_wb_data[31]
    SLICE_X46Y159        LUT6 (Prop_H6LUT_SLICEL_I2_O)
                                                      0.150     4.607 r  BASIC_i/RV32I_EX/forward_mux_0/inst/out_data[31]_INST_0/O
                         net (fo=1, routed)           0.285     4.892    BASIC_i/RV32I_EX/operand_a_mux_0/inst/rs1_data[31]
    SLICE_X46Y159        LUT4 (Prop_F6LUT_SLICEL_I2_O)
                                                      0.123     5.015 r  BASIC_i/RV32I_EX/operand_a_mux_0/inst/operand_a[31]_INST_0/O
                         net (fo=50, routed)          0.988     6.003    BASIC_i/RV32I_EX/alu_0/a[31]
    SLICE_X52Y159        LUT6 (Prop_H6LUT_SLICEL_I0_O)
                                                      0.124     6.127 r  BASIC_i/RV32I_EX/alu_0/y[28]_INST_0_i_10/O
                         net (fo=4, routed)           0.291     6.418    BASIC_i/RV32I_EX/alu_0/y[28]_INST_0_i_10_n_0
    SLICE_X54Y161        LUT4 (Prop_D5LUT_SLICEM_I3_O)
                                                      0.158     6.576 f  BASIC_i/RV32I_EX/alu_0/y[20]_INST_0_i_9/O
                         net (fo=2, routed)           0.429     7.005    BASIC_i/RV32I_EX/alu_0/y[20]_INST_0_i_9_n_0
    SLICE_X51Y162        LUT6 (Prop_H6LUT_SLICEL_I5_O)
                                                      0.150     7.155 f  BASIC_i/RV32I_EX/alu_0/y[20]_INST_0_i_4/O
                         net (fo=1, routed)           0.490     7.645    BASIC_i/RV32I_EX/alu_0/inst/mem_alu_result_reg[20]_1
    SLICE_X48Y161        LUT6 (Prop_D6LUT_SLICEL_I4_O)
                                                      0.099     7.744 r  BASIC_i/RV32I_EX/alu_0/inst/y[20]_INST_0/O
                         net (fo=1, routed)           0.049     7.793    BASIC_i/RV32I_EX/ex_mem_reg_1/inst/ex_alu_result[20]
    SLICE_X48Y161        FDRE                                         r  BASIC_i/RV32I_EX/ex_mem_reg_1/inst/mem_alu_result_reg[20]/D
  -------------------------------------------------------------------    -------------------

                         (clock clk_pl_0 rise edge)
                                                    100.001   100.001 r  
    PS8_X0Y0             PS8                          0.000   100.001 r  BASIC_i/zynq_ultra_ps_e_0/inst/PS8_i/PLCLK[0]
                         net (fo=1, routed)           0.135   100.136    BASIC_i/zynq_ultra_ps_e_0/inst/pl_clk_unbuffered[0]
    BUFG_PS_X0Y77        BUFG_PS (Prop_BUFG_PS_I_O)
                                                      0.025   100.161 r  BASIC_i/zynq_ultra_ps_e_0/inst/buffer_pl_clk_0.PL_CLK_0_BUFG/O
    X1Y2 (CLOCK_ROOT)    net (fo=3003, routed)        1.862   102.023    BASIC_i/RV32I_EX/ex_mem_reg_1/inst/clk
    SLICE_X48Y161        FDRE                                         r  BASIC_i/RV32I_EX/ex_mem_reg_1/inst/mem_alu_result_reg[20]/C
                         clock pessimism              0.188   102.211    
                         clock uncertainty           -0.397   101.814    
    SLICE_X48Y161        FDRE (Setup_DFF_SLICEL_C_D)
                                                      0.025   101.839    BASIC_i/RV32I_EX/ex_mem_reg_1/inst/mem_alu_result_reg[20]
  -------------------------------------------------------------------
                         required time                        101.839    
                         arrival time                          -7.793    
  -------------------------------------------------------------------
                         slack                                 94.046    





Min Delay Paths
--------------------------------------------------------------------------------------
Slack (MET) :             0.010ns  (arrival time - required time)
  Source:                 BASIC_i/ila_0/inst/ila_core_inst/u_ila_cap_ctrl/u_cap_addrgen/u_cap_sample_counter/iscnt_reg[7]/C
                            (rising edge-triggered cell FDRE clocked by clk_pl_0  {rise@0.000ns fall@50.000ns period=100.001ns})
  Destination:            BASIC_i/ila_0/inst/ila_core_inst/u_ila_cap_ctrl/u_cap_addrgen/u_cap_sample_counter/u_scnt_cmp/allx_typeA_match_detection.ltlib_v1_0_0_allx_typeA_inst/probeDelay1_reg[7]/D
                            (rising edge-triggered cell FDRE clocked by clk_pl_0  {rise@0.000ns fall@50.000ns period=100.001ns})
  Path Group:             clk_pl_0
  Path Type:              Hold (Min at Slow Process Corner)
  Requirement:            0.000ns  (clk_pl_0 rise@0.000ns - clk_pl_0 rise@0.000ns)
  Data Path Delay:        0.170ns  (logic 0.061ns (35.882%)  route 0.109ns (64.118%))
  Logic Levels:           0  
  Clock Path Skew:        0.098ns (DCD - SCD - CPR)
    Destination Clock Delay (DCD):    2.377ns
    Source Clock Delay      (SCD):    2.087ns
    Clock Pessimism Removal (CPR):    0.192ns
  Clock Net Delay (Source):      1.927ns (routing 0.905ns, distribution 1.022ns)
  Clock Net Delay (Destination): 2.178ns (routing 0.998ns, distribution 1.180ns)

    Location             Delay type                Incr(ns)  Path(ns)    Netlist Resource(s)
  -------------------------------------------------------------------    -------------------
                         (clock clk_pl_0 rise edge)
                                                      0.000     0.000 r  
    PS8_X0Y0             PS8                          0.000     0.000 r  BASIC_i/zynq_ultra_ps_e_0/inst/PS8_i/PLCLK[0]
                         net (fo=1, routed)           0.135     0.135    BASIC_i/zynq_ultra_ps_e_0/inst/pl_clk_unbuffered[0]
    BUFG_PS_X0Y77        BUFG_PS (Prop_BUFG_PS_I_O)
                                                      0.025     0.160 r  BASIC_i/zynq_ultra_ps_e_0/inst/buffer_pl_clk_0.PL_CLK_0_BUFG/O
    X1Y2 (CLOCK_ROOT)    net (fo=3003, routed)        1.927     2.087    BASIC_i/ila_0/inst/ila_core_inst/u_ila_cap_ctrl/u_cap_addrgen/u_cap_sample_counter/DESIGN_CLK_I
    SLICE_X52Y207        FDRE                                         r  BASIC_i/ila_0/inst/ila_core_inst/u_ila_cap_ctrl/u_cap_addrgen/u_cap_sample_counter/iscnt_reg[7]/C
  -------------------------------------------------------------------    -------------------
    SLICE_X52Y207        FDRE (Prop_DFF2_SLICEL_C_Q)
                                                      0.061     2.148 r  BASIC_i/ila_0/inst/ila_core_inst/u_ila_cap_ctrl/u_cap_addrgen/u_cap_sample_counter/iscnt_reg[7]/Q
                         net (fo=7, routed)           0.109     2.257    BASIC_i/ila_0/inst/ila_core_inst/u_ila_cap_ctrl/u_cap_addrgen/u_cap_sample_counter/u_scnt_cmp/allx_typeA_match_detection.ltlib_v1_0_0_allx_typeA_inst/Q[7]
    SLICE_X53Y206        FDRE                                         r  BASIC_i/ila_0/inst/ila_core_inst/u_ila_cap_ctrl/u_cap_addrgen/u_cap_sample_counter/u_scnt_cmp/allx_typeA_match_detection.ltlib_v1_0_0_allx_typeA_inst/probeDelay1_reg[7]/D
  -------------------------------------------------------------------    -------------------

                         (clock clk_pl_0 rise edge)
                                                      0.000     0.000 r  
    PS8_X0Y0             PS8                          0.000     0.000 r  BASIC_i/zynq_ultra_ps_e_0/inst/PS8_i/PLCLK[0]
                         net (fo=1, routed)           0.171     0.171    BASIC_i/zynq_ultra_ps_e_0/inst/pl_clk_unbuffered[0]
    BUFG_PS_X0Y77        BUFG_PS (Prop_BUFG_PS_I_O)
                                                      0.028     0.199 r  BASIC_i/zynq_ultra_ps_e_0/inst/buffer_pl_clk_0.PL_CLK_0_BUFG/O
    X1Y2 (CLOCK_ROOT)    net (fo=3003, routed)        2.178     2.377    BASIC_i/ila_0/inst/ila_core_inst/u_ila_cap_ctrl/u_cap_addrgen/u_cap_sample_counter/u_scnt_cmp/allx_typeA_match_detection.ltlib_v1_0_0_allx_typeA_inst/DESIGN_CLK_I
    SLICE_X53Y206        FDRE                                         r  BASIC_i/ila_0/inst/ila_core_inst/u_ila_cap_ctrl/u_cap_addrgen/u_cap_sample_counter/u_scnt_cmp/allx_typeA_match_detection.ltlib_v1_0_0_allx_typeA_inst/probeDelay1_reg[7]/C
                         clock pessimism             -0.192     2.185    
    SLICE_X53Y206        FDRE (Hold_HFF2_SLICEM_C_D)
                                                      0.062     2.247    BASIC_i/ila_0/inst/ila_core_inst/u_ila_cap_ctrl/u_cap_addrgen/u_cap_sample_counter/u_scnt_cmp/allx_typeA_match_detection.ltlib_v1_0_0_allx_typeA_inst/probeDelay1_reg[7]
  -------------------------------------------------------------------
                         required time                         -2.247    
                         arrival time                           2.257    
  -------------------------------------------------------------------
                         slack                                  0.010    

Slack (MET) :             0.014ns  (arrival time - required time)
  Source:                 BASIC_i/ila_0/inst/ila_core_inst/u_ila_cap_ctrl/u_cap_addrgen/u_cap_window_counter/iwcnt_reg[4]/C
                            (rising edge-triggered cell FDRE clocked by clk_pl_0  {rise@0.000ns fall@50.000ns period=100.001ns})
  Destination:            BASIC_i/ila_0/inst/ila_core_inst/u_ila_cap_ctrl/u_cap_addrgen/captured_samples_reg[4]/D
                            (rising edge-triggered cell FDRE clocked by clk_pl_0  {rise@0.000ns fall@50.000ns period=100.001ns})
  Path Group:             clk_pl_0
  Path Type:              Hold (Min at Slow Process Corner)
  Requirement:            0.000ns  (clk_pl_0 rise@0.000ns - clk_pl_0 rise@0.000ns)
  Data Path Delay:        0.189ns  (logic 0.061ns (32.275%)  route 0.128ns (67.725%))
  Logic Levels:           0  
  Clock Path Skew:        0.113ns (DCD - SCD - CPR)
    Destination Clock Delay (DCD):    2.380ns
    Source Clock Delay      (SCD):    2.075ns
    Clock Pessimism Removal (CPR):    0.192ns
  Clock Net Delay (Source):      1.915ns (routing 0.905ns, distribution 1.010ns)
  Clock Net Delay (Destination): 2.181ns (routing 0.998ns, distribution 1.183ns)

    Location             Delay type                Incr(ns)  Path(ns)    Netlist Resource(s)
  -------------------------------------------------------------------    -------------------
                         (clock clk_pl_0 rise edge)
                                                      0.000     0.000 r  
    PS8_X0Y0             PS8                          0.000     0.000 r  BASIC_i/zynq_ultra_ps_e_0/inst/PS8_i/PLCLK[0]
                         net (fo=1, routed)           0.135     0.135    BASIC_i/zynq_ultra_ps_e_0/inst/pl_clk_unbuffered[0]
    BUFG_PS_X0Y77        BUFG_PS (Prop_BUFG_PS_I_O)
                                                      0.025     0.160 r  BASIC_i/zynq_ultra_ps_e_0/inst/buffer_pl_clk_0.PL_CLK_0_BUFG/O
    X1Y2 (CLOCK_ROOT)    net (fo=3003, routed)        1.915     2.075    BASIC_i/ila_0/inst/ila_core_inst/u_ila_cap_ctrl/u_cap_addrgen/u_cap_window_counter/DESIGN_CLK_I
    SLICE_X51Y209        FDRE                                         r  BASIC_i/ila_0/inst/ila_core_inst/u_ila_cap_ctrl/u_cap_addrgen/u_cap_window_counter/iwcnt_reg[4]/C
  -------------------------------------------------------------------    -------------------
    SLICE_X51Y209        FDRE (Prop_DFF2_SLICEL_C_Q)
                                                      0.061     2.136 r  BASIC_i/ila_0/inst/ila_core_inst/u_ila_cap_ctrl/u_cap_addrgen/u_cap_window_counter/iwcnt_reg[4]/Q
                         net (fo=10, routed)          0.128     2.264    BASIC_i/ila_0/inst/ila_core_inst/u_ila_cap_ctrl/u_cap_addrgen/wcnt[4]
    SLICE_X50Y210        FDRE                                         r  BASIC_i/ila_0/inst/ila_core_inst/u_ila_cap_ctrl/u_cap_addrgen/captured_samples_reg[4]/D
  -------------------------------------------------------------------    -------------------

                         (clock clk_pl_0 rise edge)
                                                      0.000     0.000 r  
    PS8_X0Y0             PS8                          0.000     0.000 r  BASIC_i/zynq_ultra_ps_e_0/inst/PS8_i/PLCLK[0]
                         net (fo=1, routed)           0.171     0.171    BASIC_i/zynq_ultra_ps_e_0/inst/pl_clk_unbuffered[0]
    BUFG_PS_X0Y77        BUFG_PS (Prop_BUFG_PS_I_O)
                                                      0.028     0.199 r  BASIC_i/zynq_ultra_ps_e_0/inst/buffer_pl_clk_0.PL_CLK_0_BUFG/O
    X1Y2 (CLOCK_ROOT)    net (fo=3003, routed)        2.181     2.380    BASIC_i/ila_0/inst/ila_core_inst/u_ila_cap_ctrl/u_cap_addrgen/DESIGN_CLK_I
    SLICE_X50Y210        FDRE                                         r  BASIC_i/ila_0/inst/ila_core_inst/u_ila_cap_ctrl/u_cap_addrgen/captured_samples_reg[4]/C
                         clock pessimism             -0.192     2.188    
    SLICE_X50Y210        FDRE (Hold_GFF2_SLICEL_C_D)
                                                      0.062     2.250    BASIC_i/ila_0/inst/ila_core_inst/u_ila_cap_ctrl/u_cap_addrgen/captured_samples_reg[4]
  -------------------------------------------------------------------
                         required time                         -2.250    
                         arrival time                           2.264    
  -------------------------------------------------------------------
                         slack                                  0.014    

Slack (MET) :             0.022ns  (arrival time - required time)
  Source:                 BASIC_i/ila_0/inst/ila_core_inst/u_ila_reset_ctrl/asyncrounous_transfer.halt_in_transfer_inst/dout_reg1_reg/C
                            (rising edge-triggered cell FDRE clocked by clk_pl_0  {rise@0.000ns fall@50.000ns period=100.001ns})
  Destination:            BASIC_i/ila_0/inst/ila_core_inst/u_ila_reset_ctrl/halt_detection_inst/last_din_reg/D
                            (rising edge-triggered cell FDRE clocked by clk_pl_0  {rise@0.000ns fall@50.000ns period=100.001ns})
  Path Group:             clk_pl_0
  Path Type:              Hold (Min at Slow Process Corner)
  Requirement:            0.000ns  (clk_pl_0 rise@0.000ns - clk_pl_0 rise@0.000ns)
  Data Path Delay:        0.139ns  (logic 0.060ns (43.165%)  route 0.079ns (56.835%))
  Logic Levels:           0  
  Clock Path Skew:        0.057ns (DCD - SCD - CPR)
    Destination Clock Delay (DCD):    2.385ns
    Source Clock Delay      (SCD):    2.082ns
    Clock Pessimism Removal (CPR):    0.246ns
  Clock Net Delay (Source):      1.922ns (routing 0.905ns, distribution 1.017ns)
  Clock Net Delay (Destination): 2.186ns (routing 0.998ns, distribution 1.188ns)

    Location             Delay type                Incr(ns)  Path(ns)    Netlist Resource(s)
  -------------------------------------------------------------------    -------------------
                         (clock clk_pl_0 rise edge)
                                                      0.000     0.000 r  
    PS8_X0Y0             PS8                          0.000     0.000 r  BASIC_i/zynq_ultra_ps_e_0/inst/PS8_i/PLCLK[0]
                         net (fo=1, routed)           0.135     0.135    BASIC_i/zynq_ultra_ps_e_0/inst/pl_clk_unbuffered[0]
    BUFG_PS_X0Y77        BUFG_PS (Prop_BUFG_PS_I_O)
                                                      0.025     0.160 r  BASIC_i/zynq_ultra_ps_e_0/inst/buffer_pl_clk_0.PL_CLK_0_BUFG/O
    X1Y2 (CLOCK_ROOT)    net (fo=3003, routed)        1.922     2.082    BASIC_i/ila_0/inst/ila_core_inst/u_ila_reset_ctrl/asyncrounous_transfer.halt_in_transfer_inst/DESIGN_CLK_I
    SLICE_X51Y214        FDRE                                         r  BASIC_i/ila_0/inst/ila_core_inst/u_ila_reset_ctrl/asyncrounous_transfer.halt_in_transfer_inst/dout_reg1_reg/C
  -------------------------------------------------------------------    -------------------
    SLICE_X51Y214        FDRE (Prop_AFF2_SLICEL_C_Q)
                                                      0.060     2.142 r  BASIC_i/ila_0/inst/ila_core_inst/u_ila_reset_ctrl/asyncrounous_transfer.halt_in_transfer_inst/dout_reg1_reg/Q
                         net (fo=4, routed)           0.079     2.221    BASIC_i/ila_0/inst/ila_core_inst/u_ila_reset_ctrl/halt_detection_inst/out
    SLICE_X51Y213        FDRE                                         r  BASIC_i/ila_0/inst/ila_core_inst/u_ila_reset_ctrl/halt_detection_inst/last_din_reg/D
  -------------------------------------------------------------------    -------------------

                         (clock clk_pl_0 rise edge)
                                                      0.000     0.000 r  
    PS8_X0Y0             PS8                          0.000     0.000 r  BASIC_i/zynq_ultra_ps_e_0/inst/PS8_i/PLCLK[0]
                         net (fo=1, routed)           0.171     0.171    BASIC_i/zynq_ultra_ps_e_0/inst/pl_clk_unbuffered[0]
    BUFG_PS_X0Y77        BUFG_PS (Prop_BUFG_PS_I_O)
                                                      0.028     0.199 r  BASIC_i/zynq_ultra_ps_e_0/inst/buffer_pl_clk_0.PL_CLK_0_BUFG/O
    X1Y2 (CLOCK_ROOT)    net (fo=3003, routed)        2.186     2.385    BASIC_i/ila_0/inst/ila_core_inst/u_ila_reset_ctrl/halt_detection_inst/DESIGN_CLK_I
    SLICE_X51Y213        FDRE                                         r  BASIC_i/ila_0/inst/ila_core_inst/u_ila_reset_ctrl/halt_detection_inst/last_din_reg/C
                         clock pessimism             -0.246     2.139    
    SLICE_X51Y213        FDRE (Hold_GFF_SLICEL_C_D)
                                                      0.060     2.199    BASIC_i/ila_0/inst/ila_core_inst/u_ila_reset_ctrl/halt_detection_inst/last_din_reg
  -------------------------------------------------------------------
                         required time                         -2.199    
                         arrival time                           2.221    
  -------------------------------------------------------------------
                         slack                                  0.022    

Slack (MET) :             0.022ns  (arrival time - required time)
  Source:                 BASIC_i/RV32I_IF/if_id_reg_0/inst/reg_instr_reg[11]/C
                            (rising edge-triggered cell FDRE clocked by clk_pl_0  {rise@0.000ns fall@50.000ns period=100.001ns})
  Destination:            BASIC_i/RV32I_ID/id_ex_reg_0/inst/ex_rd_reg[4]/D
                            (rising edge-triggered cell FDRE clocked by clk_pl_0  {rise@0.000ns fall@50.000ns period=100.001ns})
  Path Group:             clk_pl_0
  Path Type:              Hold (Min at Slow Process Corner)
  Requirement:            0.000ns  (clk_pl_0 rise@0.000ns - clk_pl_0 rise@0.000ns)
  Data Path Delay:        0.136ns  (logic 0.059ns (43.382%)  route 0.077ns (56.618%))
  Logic Levels:           0  
  Clock Path Skew:        0.052ns (DCD - SCD - CPR)
    Destination Clock Delay (DCD):    2.339ns
    Source Clock Delay      (SCD):    2.043ns
    Clock Pessimism Removal (CPR):    0.244ns
  Clock Net Delay (Source):      1.883ns (routing 0.905ns, distribution 0.978ns)
  Clock Net Delay (Destination): 2.140ns (routing 0.998ns, distribution 1.142ns)

    Location             Delay type                Incr(ns)  Path(ns)    Netlist Resource(s)
  -------------------------------------------------------------------    -------------------
                         (clock clk_pl_0 rise edge)
                                                      0.000     0.000 r  
    PS8_X0Y0             PS8                          0.000     0.000 r  BASIC_i/zynq_ultra_ps_e_0/inst/PS8_i/PLCLK[0]
                         net (fo=1, routed)           0.135     0.135    BASIC_i/zynq_ultra_ps_e_0/inst/pl_clk_unbuffered[0]
    BUFG_PS_X0Y77        BUFG_PS (Prop_BUFG_PS_I_O)
                                                      0.025     0.160 r  BASIC_i/zynq_ultra_ps_e_0/inst/buffer_pl_clk_0.PL_CLK_0_BUFG/O
    X1Y2 (CLOCK_ROOT)    net (fo=3003, routed)        1.883     2.043    BASIC_i/RV32I_IF/if_id_reg_0/inst/clk
    SLICE_X50Y146        FDRE                                         r  BASIC_i/RV32I_IF/if_id_reg_0/inst/reg_instr_reg[11]/C
  -------------------------------------------------------------------    -------------------
    SLICE_X50Y146        FDRE (Prop_EFF_SLICEL_C_Q)
                                                      0.059     2.102 r  BASIC_i/RV32I_IF/if_id_reg_0/inst/reg_instr_reg[11]/Q
                         net (fo=2, routed)           0.077     2.179    BASIC_i/RV32I_ID/id_ex_reg_0/inst/id_rd[4]
    SLICE_X50Y148        FDRE                                         r  BASIC_i/RV32I_ID/id_ex_reg_0/inst/ex_rd_reg[4]/D
  -------------------------------------------------------------------    -------------------

                         (clock clk_pl_0 rise edge)
                                                      0.000     0.000 r  
    PS8_X0Y0             PS8                          0.000     0.000 r  BASIC_i/zynq_ultra_ps_e_0/inst/PS8_i/PLCLK[0]
                         net (fo=1, routed)           0.171     0.171    BASIC_i/zynq_ultra_ps_e_0/inst/pl_clk_unbuffered[0]
    BUFG_PS_X0Y77        BUFG_PS (Prop_BUFG_PS_I_O)
                                                      0.028     0.199 r  BASIC_i/zynq_ultra_ps_e_0/inst/buffer_pl_clk_0.PL_CLK_0_BUFG/O
    X1Y2 (CLOCK_ROOT)    net (fo=3003, routed)        2.140     2.339    BASIC_i/RV32I_ID/id_ex_reg_0/inst/clk
    SLICE_X50Y148        FDRE                                         r  BASIC_i/RV32I_ID/id_ex_reg_0/inst/ex_rd_reg[4]/C
                         clock pessimism             -0.244     2.095    
    SLICE_X50Y148        FDRE (Hold_FFF2_SLICEL_C_D)
                                                      0.062     2.157    BASIC_i/RV32I_ID/id_ex_reg_0/inst/ex_rd_reg[4]
  -------------------------------------------------------------------
                         required time                         -2.157    
                         arrival time                           2.179    
  -------------------------------------------------------------------
                         slack                                  0.022    

Slack (MET) :             0.023ns  (arrival time - required time)
  Source:                 BASIC_i/ila_0/inst/ila_core_inst/u_ila_cap_ctrl/u_cap_addrgen/i_o_to_64k.cfg_data_vec_reg[8]/C
                            (rising edge-triggered cell FDRE clocked by clk_pl_0  {rise@0.000ns fall@50.000ns period=100.001ns})
  Destination:            BASIC_i/ila_0/inst/ila_core_inst/u_ila_cap_ctrl/u_cap_addrgen/i_o_to_64k.cfg_data_vec_reg[9]/D
                            (rising edge-triggered cell FDRE clocked by clk_pl_0  {rise@0.000ns fall@50.000ns period=100.001ns})
  Path Group:             clk_pl_0
  Path Type:              Hold (Min at Fast Process Corner)
  Requirement:            0.000ns  (clk_pl_0 rise@0.000ns - clk_pl_0 rise@0.000ns)
  Data Path Delay:        0.076ns  (logic 0.039ns (51.316%)  route 0.037ns (48.684%))
  Logic Levels:           0  
  Clock Path Skew:        0.006ns (DCD - SCD - CPR)
    Destination Clock Delay (DCD):    1.477ns
    Source Clock Delay      (SCD):    1.299ns
    Clock Pessimism Removal (CPR):    0.172ns
  Clock Net Delay (Source):      1.188ns (routing 0.539ns, distribution 0.649ns)
  Clock Net Delay (Destination): 1.339ns (routing 0.601ns, distribution 0.738ns)

    Location             Delay type                Incr(ns)  Path(ns)    Netlist Resource(s)
  -------------------------------------------------------------------    -------------------
                         (clock clk_pl_0 rise edge)
                                                      0.000     0.000 r  
    PS8_X0Y0             PS8                          0.000     0.000 r  BASIC_i/zynq_ultra_ps_e_0/inst/PS8_i/PLCLK[0]
                         net (fo=1, routed)           0.094     0.094    BASIC_i/zynq_ultra_ps_e_0/inst/pl_clk_unbuffered[0]
    BUFG_PS_X0Y77        BUFG_PS (Prop_BUFG_PS_I_O)
                                                      0.017     0.111 r  BASIC_i/zynq_ultra_ps_e_0/inst/buffer_pl_clk_0.PL_CLK_0_BUFG/O
    X1Y2 (CLOCK_ROOT)    net (fo=3003, routed)        1.188     1.299    BASIC_i/ila_0/inst/ila_core_inst/u_ila_cap_ctrl/u_cap_addrgen/s_dclk_o
    SLICE_X51Y207        FDRE                                         r  BASIC_i/ila_0/inst/ila_core_inst/u_ila_cap_ctrl/u_cap_addrgen/i_o_to_64k.cfg_data_vec_reg[8]/C
  -------------------------------------------------------------------    -------------------
    SLICE_X51Y207        FDRE (Prop_HFF_SLICEL_C_Q)
                                                      0.039     1.338 r  BASIC_i/ila_0/inst/ila_core_inst/u_ila_cap_ctrl/u_cap_addrgen/i_o_to_64k.cfg_data_vec_reg[8]/Q
                         net (fo=2, routed)           0.037     1.375    BASIC_i/ila_0/inst/ila_core_inst/u_ila_cap_ctrl/u_cap_addrgen/cfg_data_vec[8]
    SLICE_X51Y207        FDRE                                         r  BASIC_i/ila_0/inst/ila_core_inst/u_ila_cap_ctrl/u_cap_addrgen/i_o_to_64k.cfg_data_vec_reg[9]/D
  -------------------------------------------------------------------    -------------------

                         (clock clk_pl_0 rise edge)
                                                      0.000     0.000 r  
    PS8_X0Y0             PS8                          0.000     0.000 r  BASIC_i/zynq_ultra_ps_e_0/inst/PS8_i/PLCLK[0]
                         net (fo=1, routed)           0.120     0.120    BASIC_i/zynq_ultra_ps_e_0/inst/pl_clk_unbuffered[0]
    BUFG_PS_X0Y77        BUFG_PS (Prop_BUFG_PS_I_O)
                                                      0.018     0.138 r  BASIC_i/zynq_ultra_ps_e_0/inst/buffer_pl_clk_0.PL_CLK_0_BUFG/O
    X1Y2 (CLOCK_ROOT)    net (fo=3003, routed)        1.339     1.477    BASIC_i/ila_0/inst/ila_core_inst/u_ila_cap_ctrl/u_cap_addrgen/s_dclk_o
    SLICE_X51Y207        FDRE                                         r  BASIC_i/ila_0/inst/ila_core_inst/u_ila_cap_ctrl/u_cap_addrgen/i_o_to_64k.cfg_data_vec_reg[9]/C
                         clock pessimism             -0.172     1.305    
    SLICE_X51Y207        FDRE (Hold_HFF2_SLICEL_C_D)
                                                      0.047     1.352    BASIC_i/ila_0/inst/ila_core_inst/u_ila_cap_ctrl/u_cap_addrgen/i_o_to_64k.cfg_data_vec_reg[9]
  -------------------------------------------------------------------
                         required time                         -1.352    
                         arrival time                           1.375    
  -------------------------------------------------------------------
                         slack                                  0.023    

Slack (MET) :             0.025ns  (arrival time - required time)
  Source:                 BASIC_i/RV32I_ID/id_ex_reg_0/inst/ex_imm_u_reg[30]/C
                            (rising edge-triggered cell FDRE clocked by clk_pl_0  {rise@0.000ns fall@50.000ns period=100.001ns})
  Destination:            BASIC_i/RV32I_EX/ex_mem_reg_1/inst/mem_imm_u_reg[30]/D
                            (rising edge-triggered cell FDRE clocked by clk_pl_0  {rise@0.000ns fall@50.000ns period=100.001ns})
  Path Group:             clk_pl_0
  Path Type:              Hold (Min at Slow Process Corner)
  Requirement:            0.000ns  (clk_pl_0 rise@0.000ns - clk_pl_0 rise@0.000ns)
  Data Path Delay:        0.209ns  (logic 0.060ns (28.708%)  route 0.149ns (71.292%))
  Logic Levels:           0  
  Clock Path Skew:        0.122ns (DCD - SCD - CPR)
    Destination Clock Delay (DCD):    2.305ns
    Source Clock Delay      (SCD):    1.995ns
    Clock Pessimism Removal (CPR):    0.188ns
  Clock Net Delay (Source):      1.835ns (routing 0.905ns, distribution 0.930ns)
  Clock Net Delay (Destination): 2.106ns (routing 0.998ns, distribution 1.108ns)

    Location             Delay type                Incr(ns)  Path(ns)    Netlist Resource(s)
  -------------------------------------------------------------------    -------------------
                         (clock clk_pl_0 rise edge)
                                                      0.000     0.000 r  
    PS8_X0Y0             PS8                          0.000     0.000 r  BASIC_i/zynq_ultra_ps_e_0/inst/PS8_i/PLCLK[0]
                         net (fo=1, routed)           0.135     0.135    BASIC_i/zynq_ultra_ps_e_0/inst/pl_clk_unbuffered[0]
    BUFG_PS_X0Y77        BUFG_PS (Prop_BUFG_PS_I_O)
                                                      0.025     0.160 r  BASIC_i/zynq_ultra_ps_e_0/inst/buffer_pl_clk_0.PL_CLK_0_BUFG/O
    X1Y2 (CLOCK_ROOT)    net (fo=3003, routed)        1.835     1.995    BASIC_i/RV32I_ID/id_ex_reg_0/inst/clk
    SLICE_X44Y147        FDRE                                         r  BASIC_i/RV32I_ID/id_ex_reg_0/inst/ex_imm_u_reg[30]/C
  -------------------------------------------------------------------    -------------------
    SLICE_X44Y147        FDRE (Prop_EFF2_SLICEL_C_Q)
                                                      0.060     2.055 r  BASIC_i/RV32I_ID/id_ex_reg_0/inst/ex_imm_u_reg[30]/Q
                         net (fo=1, routed)           0.149     2.204    BASIC_i/RV32I_EX/ex_mem_reg_1/inst/ex_imm_u[30]
    SLICE_X45Y147        FDRE                                         r  BASIC_i/RV32I_EX/ex_mem_reg_1/inst/mem_imm_u_reg[30]/D
  -------------------------------------------------------------------    -------------------

                         (clock clk_pl_0 rise edge)
                                                      0.000     0.000 r  
    PS8_X0Y0             PS8                          0.000     0.000 r  BASIC_i/zynq_ultra_ps_e_0/inst/PS8_i/PLCLK[0]
                         net (fo=1, routed)           0.171     0.171    BASIC_i/zynq_ultra_ps_e_0/inst/pl_clk_unbuffered[0]
    BUFG_PS_X0Y77        BUFG_PS (Prop_BUFG_PS_I_O)
                                                      0.028     0.199 r  BASIC_i/zynq_ultra_ps_e_0/inst/buffer_pl_clk_0.PL_CLK_0_BUFG/O
    X1Y2 (CLOCK_ROOT)    net (fo=3003, routed)        2.106     2.305    BASIC_i/RV32I_EX/ex_mem_reg_1/inst/clk
    SLICE_X45Y147        FDRE                                         r  BASIC_i/RV32I_EX/ex_mem_reg_1/inst/mem_imm_u_reg[30]/C
                         clock pessimism             -0.188     2.117    
    SLICE_X45Y147        FDRE (Hold_HFF2_SLICEM_C_D)
                                                      0.062     2.179    BASIC_i/RV32I_EX/ex_mem_reg_1/inst/mem_imm_u_reg[30]
  -------------------------------------------------------------------
                         required time                         -2.179    
                         arrival time                           2.204    
  -------------------------------------------------------------------
                         slack                                  0.025    

Slack (MET) :             0.027ns  (arrival time - required time)
  Source:                 BASIC_i/RV32I_IF/if_id_reg_0/inst/pc4_align_reg[9]/C
                            (rising edge-triggered cell FDRE clocked by clk_pl_0  {rise@0.000ns fall@50.000ns period=100.001ns})
  Destination:            BASIC_i/RV32I_IF/if_id_reg_0/inst/reg_pc4_reg[9]/D
                            (rising edge-triggered cell FDRE clocked by clk_pl_0  {rise@0.000ns fall@50.000ns period=100.001ns})
  Path Group:             clk_pl_0
  Path Type:              Hold (Min at Slow Process Corner)
  Requirement:            0.000ns  (clk_pl_0 rise@0.000ns - clk_pl_0 rise@0.000ns)
  Data Path Delay:        0.203ns  (logic 0.058ns (28.571%)  route 0.145ns (71.429%))
  Logic Levels:           0  
  Clock Path Skew:        0.116ns (DCD - SCD - CPR)
    Destination Clock Delay (DCD):    2.318ns
    Source Clock Delay      (SCD):    2.014ns
    Clock Pessimism Removal (CPR):    0.188ns
  Clock Net Delay (Source):      1.854ns (routing 0.905ns, distribution 0.949ns)
  Clock Net Delay (Destination): 2.119ns (routing 0.998ns, distribution 1.121ns)

    Location             Delay type                Incr(ns)  Path(ns)    Netlist Resource(s)
  -------------------------------------------------------------------    -------------------
                         (clock clk_pl_0 rise edge)
                                                      0.000     0.000 r  
    PS8_X0Y0             PS8                          0.000     0.000 r  BASIC_i/zynq_ultra_ps_e_0/inst/PS8_i/PLCLK[0]
                         net (fo=1, routed)           0.135     0.135    BASIC_i/zynq_ultra_ps_e_0/inst/pl_clk_unbuffered[0]
    BUFG_PS_X0Y77        BUFG_PS (Prop_BUFG_PS_I_O)
                                                      0.025     0.160 r  BASIC_i/zynq_ultra_ps_e_0/inst/buffer_pl_clk_0.PL_CLK_0_BUFG/O
    X1Y2 (CLOCK_ROOT)    net (fo=3003, routed)        1.854     2.014    BASIC_i/RV32I_IF/if_id_reg_0/inst/clk
    SLICE_X46Y145        FDRE                                         r  BASIC_i/RV32I_IF/if_id_reg_0/inst/pc4_align_reg[9]/C
  -------------------------------------------------------------------    -------------------
    SLICE_X46Y145        FDRE (Prop_AFF_SLICEL_C_Q)
                                                      0.058     2.072 r  BASIC_i/RV32I_IF/if_id_reg_0/inst/pc4_align_reg[9]/Q
                         net (fo=1, routed)           0.145     2.217    BASIC_i/RV32I_IF/if_id_reg_0/inst/pc4_align[9]
    SLICE_X47Y143        FDRE                                         r  BASIC_i/RV32I_IF/if_id_reg_0/inst/reg_pc4_reg[9]/D
  -------------------------------------------------------------------    -------------------

                         (clock clk_pl_0 rise edge)
                                                      0.000     0.000 r  
    PS8_X0Y0             PS8                          0.000     0.000 r  BASIC_i/zynq_ultra_ps_e_0/inst/PS8_i/PLCLK[0]
                         net (fo=1, routed)           0.171     0.171    BASIC_i/zynq_ultra_ps_e_0/inst/pl_clk_unbuffered[0]
    BUFG_PS_X0Y77        BUFG_PS (Prop_BUFG_PS_I_O)
                                                      0.028     0.199 r  BASIC_i/zynq_ultra_ps_e_0/inst/buffer_pl_clk_0.PL_CLK_0_BUFG/O
    X1Y2 (CLOCK_ROOT)    net (fo=3003, routed)        2.119     2.318    BASIC_i/RV32I_IF/if_id_reg_0/inst/clk
    SLICE_X47Y143        FDRE                                         r  BASIC_i/RV32I_IF/if_id_reg_0/inst/reg_pc4_reg[9]/C
                         clock pessimism             -0.188     2.130    
    SLICE_X47Y143        FDRE (Hold_GFF_SLICEL_C_D)
                                                      0.060     2.190    BASIC_i/RV32I_IF/if_id_reg_0/inst/reg_pc4_reg[9]
  -------------------------------------------------------------------
                         required time                         -2.190    
                         arrival time                           2.217    
  -------------------------------------------------------------------
                         slack                                  0.027    

Slack (MET) :             0.027ns  (arrival time - required time)
  Source:                 BASIC_i/ila_0/inst/ila_core_inst/u_trig/U_TM/N_DDR_MODE.G_NMU[3].U_M/allx_typeA_match_detection.ltlib_v1_0_0_allx_typeA_inst/probeDelay1_reg[23]/C
                            (rising edge-triggered cell FDRE clocked by clk_pl_0  {rise@0.000ns fall@50.000ns period=100.001ns})
  Destination:            BASIC_i/ila_0/inst/ila_core_inst/u_trig/U_TM/N_DDR_MODE.G_NMU[3].U_M/allx_typeA_match_detection.ltlib_v1_0_0_allx_typeA_inst/i_use_input_reg_eq1.probeDelay2_reg[23]/D
                            (rising edge-triggered cell FDRE clocked by clk_pl_0  {rise@0.000ns fall@50.000ns period=100.001ns})
  Path Group:             clk_pl_0
  Path Type:              Hold (Min at Slow Process Corner)
  Requirement:            0.000ns  (clk_pl_0 rise@0.000ns - clk_pl_0 rise@0.000ns)
  Data Path Delay:        0.204ns  (logic 0.060ns (29.412%)  route 0.144ns (70.588%))
  Logic Levels:           0  
  Clock Path Skew:        0.115ns (DCD - SCD - CPR)
    Destination Clock Delay (DCD):    2.357ns
    Source Clock Delay      (SCD):    2.050ns
    Clock Pessimism Removal (CPR):    0.192ns
  Clock Net Delay (Source):      1.890ns (routing 0.905ns, distribution 0.985ns)
  Clock Net Delay (Destination): 2.158ns (routing 0.998ns, distribution 1.160ns)

    Location             Delay type                Incr(ns)  Path(ns)    Netlist Resource(s)
  -------------------------------------------------------------------    -------------------
                         (clock clk_pl_0 rise edge)
                                                      0.000     0.000 r  
    PS8_X0Y0             PS8                          0.000     0.000 r  BASIC_i/zynq_ultra_ps_e_0/inst/PS8_i/PLCLK[0]
                         net (fo=1, routed)           0.135     0.135    BASIC_i/zynq_ultra_ps_e_0/inst/pl_clk_unbuffered[0]
    BUFG_PS_X0Y77        BUFG_PS (Prop_BUFG_PS_I_O)
                                                      0.025     0.160 r  BASIC_i/zynq_ultra_ps_e_0/inst/buffer_pl_clk_0.PL_CLK_0_BUFG/O
    X1Y2 (CLOCK_ROOT)    net (fo=3003, routed)        1.890     2.050    BASIC_i/ila_0/inst/ila_core_inst/u_trig/U_TM/N_DDR_MODE.G_NMU[3].U_M/allx_typeA_match_detection.ltlib_v1_0_0_allx_typeA_inst/DESIGN_CLK_I
    SLICE_X44Y203        FDRE                                         r  BASIC_i/ila_0/inst/ila_core_inst/u_trig/U_TM/N_DDR_MODE.G_NMU[3].U_M/allx_typeA_match_detection.ltlib_v1_0_0_allx_typeA_inst/probeDelay1_reg[23]/C
  -------------------------------------------------------------------    -------------------
    SLICE_X44Y203        FDRE (Prop_GFF2_SLICEL_C_Q)
                                                      0.060     2.110 r  BASIC_i/ila_0/inst/ila_core_inst/u_trig/U_TM/N_DDR_MODE.G_NMU[3].U_M/allx_typeA_match_detection.ltlib_v1_0_0_allx_typeA_inst/probeDelay1_reg[23]/Q
                         net (fo=3, routed)           0.144     2.254    BASIC_i/ila_0/inst/ila_core_inst/u_trig/U_TM/N_DDR_MODE.G_NMU[3].U_M/allx_typeA_match_detection.ltlib_v1_0_0_allx_typeA_inst/all_in[46]
    SLICE_X45Y205        FDRE                                         r  BASIC_i/ila_0/inst/ila_core_inst/u_trig/U_TM/N_DDR_MODE.G_NMU[3].U_M/allx_typeA_match_detection.ltlib_v1_0_0_allx_typeA_inst/i_use_input_reg_eq1.probeDelay2_reg[23]/D
  -------------------------------------------------------------------    -------------------

                         (clock clk_pl_0 rise edge)
                                                      0.000     0.000 r  
    PS8_X0Y0             PS8                          0.000     0.000 r  BASIC_i/zynq_ultra_ps_e_0/inst/PS8_i/PLCLK[0]
                         net (fo=1, routed)           0.171     0.171    BASIC_i/zynq_ultra_ps_e_0/inst/pl_clk_unbuffered[0]
    BUFG_PS_X0Y77        BUFG_PS (Prop_BUFG_PS_I_O)
                                                      0.028     0.199 r  BASIC_i/zynq_ultra_ps_e_0/inst/buffer_pl_clk_0.PL_CLK_0_BUFG/O
    X1Y2 (CLOCK_ROOT)    net (fo=3003, routed)        2.158     2.357    BASIC_i/ila_0/inst/ila_core_inst/u_trig/U_TM/N_DDR_MODE.G_NMU[3].U_M/allx_typeA_match_detection.ltlib_v1_0_0_allx_typeA_inst/DESIGN_CLK_I
    SLICE_X45Y205        FDRE                                         r  BASIC_i/ila_0/inst/ila_core_inst/u_trig/U_TM/N_DDR_MODE.G_NMU[3].U_M/allx_typeA_match_detection.ltlib_v1_0_0_allx_typeA_inst/i_use_input_reg_eq1.probeDelay2_reg[23]/C
                         clock pessimism             -0.192     2.165    
    SLICE_X45Y205        FDRE (Hold_BFF2_SLICEM_C_D)
                                                      0.062     2.227    BASIC_i/ila_0/inst/ila_core_inst/u_trig/U_TM/N_DDR_MODE.G_NMU[3].U_M/allx_typeA_match_detection.ltlib_v1_0_0_allx_typeA_inst/i_use_input_reg_eq1.probeDelay2_reg[23]
  -------------------------------------------------------------------
                         required time                         -2.227    
                         arrival time                           2.254    
  -------------------------------------------------------------------
                         slack                                  0.027    

Slack (MET) :             0.028ns  (arrival time - required time)
  Source:                 BASIC_i/ila_0/inst/ila_core_inst/u_ila_regs/reg_srl_fff/parallel_dout_reg[13]/C
                            (rising edge-triggered cell FDRE clocked by clk_pl_0  {rise@0.000ns fall@50.000ns period=100.001ns})
  Destination:            BASIC_i/ila_0/inst/ila_core_inst/u_ila_regs/reg_srl_fff/parallel_dout_reg[12]/D
                            (rising edge-triggered cell FDRE clocked by clk_pl_0  {rise@0.000ns fall@50.000ns period=100.001ns})
  Path Group:             clk_pl_0
  Path Type:              Hold (Min at Fast Process Corner)
  Requirement:            0.000ns  (clk_pl_0 rise@0.000ns - clk_pl_0 rise@0.000ns)
  Data Path Delay:        0.080ns  (logic 0.039ns (48.750%)  route 0.041ns (51.250%))
  Logic Levels:           0  
  Clock Path Skew:        0.006ns (DCD - SCD - CPR)
    Destination Clock Delay (DCD):    1.445ns
    Source Clock Delay      (SCD):    1.272ns
    Clock Pessimism Removal (CPR):    0.167ns
  Clock Net Delay (Source):      1.161ns (routing 0.539ns, distribution 0.622ns)
  Clock Net Delay (Destination): 1.307ns (routing 0.601ns, distribution 0.706ns)

    Location             Delay type                Incr(ns)  Path(ns)    Netlist Resource(s)
  -------------------------------------------------------------------    -------------------
                         (clock clk_pl_0 rise edge)
                                                      0.000     0.000 r  
    PS8_X0Y0             PS8                          0.000     0.000 r  BASIC_i/zynq_ultra_ps_e_0/inst/PS8_i/PLCLK[0]
                         net (fo=1, routed)           0.094     0.094    BASIC_i/zynq_ultra_ps_e_0/inst/pl_clk_unbuffered[0]
    BUFG_PS_X0Y77        BUFG_PS (Prop_BUFG_PS_I_O)
                                                      0.017     0.111 r  BASIC_i/zynq_ultra_ps_e_0/inst/buffer_pl_clk_0.PL_CLK_0_BUFG/O
    X1Y2 (CLOCK_ROOT)    net (fo=3003, routed)        1.161     1.272    BASIC_i/ila_0/inst/ila_core_inst/u_ila_regs/reg_srl_fff/s_dclk_o
    SLICE_X47Y211        FDRE                                         r  BASIC_i/ila_0/inst/ila_core_inst/u_ila_regs/reg_srl_fff/parallel_dout_reg[13]/C
  -------------------------------------------------------------------    -------------------
    SLICE_X47Y211        FDRE (Prop_CFF_SLICEL_C_Q)
                                                      0.039     1.311 r  BASIC_i/ila_0/inst/ila_core_inst/u_ila_regs/reg_srl_fff/parallel_dout_reg[13]/Q
                         net (fo=2, routed)           0.041     1.352    BASIC_i/ila_0/inst/ila_core_inst/u_ila_regs/reg_srl_fff/Q[5]
    SLICE_X47Y211        FDRE                                         r  BASIC_i/ila_0/inst/ila_core_inst/u_ila_regs/reg_srl_fff/parallel_dout_reg[12]/D
  -------------------------------------------------------------------    -------------------

                         (clock clk_pl_0 rise edge)
                                                      0.000     0.000 r  
    PS8_X0Y0             PS8                          0.000     0.000 r  BASIC_i/zynq_ultra_ps_e_0/inst/PS8_i/PLCLK[0]
                         net (fo=1, routed)           0.120     0.120    BASIC_i/zynq_ultra_ps_e_0/inst/pl_clk_unbuffered[0]
    BUFG_PS_X0Y77        BUFG_PS (Prop_BUFG_PS_I_O)
                                                      0.018     0.138 r  BASIC_i/zynq_ultra_ps_e_0/inst/buffer_pl_clk_0.PL_CLK_0_BUFG/O
    X1Y2 (CLOCK_ROOT)    net (fo=3003, routed)        1.307     1.445    BASIC_i/ila_0/inst/ila_core_inst/u_ila_regs/reg_srl_fff/s_dclk_o
    SLICE_X47Y211        FDRE                                         r  BASIC_i/ila_0/inst/ila_core_inst/u_ila_regs/reg_srl_fff/parallel_dout_reg[12]/C
                         clock pessimism             -0.167     1.278    
    SLICE_X47Y211        FDRE (Hold_DFF_SLICEL_C_D)
                                                      0.046     1.324    BASIC_i/ila_0/inst/ila_core_inst/u_ila_regs/reg_srl_fff/parallel_dout_reg[12]
  -------------------------------------------------------------------
                         required time                         -1.324    
                         arrival time                           1.352    
  -------------------------------------------------------------------
                         slack                                  0.028    

Slack (MET) :             0.029ns  (arrival time - required time)
  Source:                 BASIC_i/RV32I_MEM/mem_stage_0/inst/mem_q_imm_u_reg[15]/C
                            (rising edge-triggered cell FDRE clocked by clk_pl_0  {rise@0.000ns fall@50.000ns period=100.001ns})
  Destination:            BASIC_i/RV32I_MEM/mem_wb_reg_0/inst/wb_imm_u_reg[15]/D
                            (rising edge-triggered cell FDRE clocked by clk_pl_0  {rise@0.000ns fall@50.000ns period=100.001ns})
  Path Group:             clk_pl_0
  Path Type:              Hold (Min at Fast Process Corner)
  Requirement:            0.000ns  (clk_pl_0 rise@0.000ns - clk_pl_0 rise@0.000ns)
  Data Path Delay:        0.123ns  (logic 0.040ns (32.520%)  route 0.083ns (67.480%))
  Logic Levels:           0  
  Clock Path Skew:        0.047ns (DCD - SCD - CPR)
    Destination Clock Delay (DCD):    1.434ns
    Source Clock Delay      (SCD):    1.265ns
    Clock Pessimism Removal (CPR):    0.122ns
  Clock Net Delay (Source):      1.154ns (routing 0.539ns, distribution 0.615ns)
  Clock Net Delay (Destination): 1.296ns (routing 0.601ns, distribution 0.695ns)

    Location             Delay type                Incr(ns)  Path(ns)    Netlist Resource(s)
  -------------------------------------------------------------------    -------------------
                         (clock clk_pl_0 rise edge)
                                                      0.000     0.000 r  
    PS8_X0Y0             PS8                          0.000     0.000 r  BASIC_i/zynq_ultra_ps_e_0/inst/PS8_i/PLCLK[0]
                         net (fo=1, routed)           0.094     0.094    BASIC_i/zynq_ultra_ps_e_0/inst/pl_clk_unbuffered[0]
    BUFG_PS_X0Y77        BUFG_PS (Prop_BUFG_PS_I_O)
                                                      0.017     0.111 r  BASIC_i/zynq_ultra_ps_e_0/inst/buffer_pl_clk_0.PL_CLK_0_BUFG/O
    X1Y2 (CLOCK_ROOT)    net (fo=3003, routed)        1.154     1.265    BASIC_i/RV32I_MEM/mem_stage_0/inst/clk
    SLICE_X50Y152        FDRE                                         r  BASIC_i/RV32I_MEM/mem_stage_0/inst/mem_q_imm_u_reg[15]/C
  -------------------------------------------------------------------    -------------------
    SLICE_X50Y152        FDRE (Prop_AFF2_SLICEL_C_Q)
                                                      0.040     1.305 r  BASIC_i/RV32I_MEM/mem_stage_0/inst/mem_q_imm_u_reg[15]/Q
                         net (fo=2, routed)           0.083     1.388    BASIC_i/RV32I_MEM/mem_wb_reg_0/inst/mem_imm_u[15]
    SLICE_X49Y154        FDRE                                         r  BASIC_i/RV32I_MEM/mem_wb_reg_0/inst/wb_imm_u_reg[15]/D
  -------------------------------------------------------------------    -------------------

                         (clock clk_pl_0 rise edge)
                                                      0.000     0.000 r  
    PS8_X0Y0             PS8                          0.000     0.000 r  BASIC_i/zynq_ultra_ps_e_0/inst/PS8_i/PLCLK[0]
                         net (fo=1, routed)           0.120     0.120    BASIC_i/zynq_ultra_ps_e_0/inst/pl_clk_unbuffered[0]
    BUFG_PS_X0Y77        BUFG_PS (Prop_BUFG_PS_I_O)
                                                      0.018     0.138 r  BASIC_i/zynq_ultra_ps_e_0/inst/buffer_pl_clk_0.PL_CLK_0_BUFG/O
    X1Y2 (CLOCK_ROOT)    net (fo=3003, routed)        1.296     1.434    BASIC_i/RV32I_MEM/mem_wb_reg_0/inst/clk
    SLICE_X49Y154        FDRE                                         r  BASIC_i/RV32I_MEM/mem_wb_reg_0/inst/wb_imm_u_reg[15]/C
                         clock pessimism             -0.122     1.312    
    SLICE_X49Y154        FDRE (Hold_GFF2_SLICEL_C_D)
                                                      0.047     1.359    BASIC_i/RV32I_MEM/mem_wb_reg_0/inst/wb_imm_u_reg[15]
  -------------------------------------------------------------------
                         required time                         -1.359    
                         arrival time                           1.388    
  -------------------------------------------------------------------
                         slack                                  0.029    





Pulse Width Checks
--------------------------------------------------------------------------------------
Clock Name:         clk_pl_0
Waveform(ns):       { 0.000 50.000 }
Period(ns):         100.001
Sources:            { BASIC_i/zynq_ultra_ps_e_0/inst/PS8_i/PLCLK[0] }

Check Type        Corner  Lib Pin             Reference Pin  Required(ns)  Actual(ns)  Slack(ns)  Location      Pin
Min Period        n/a     PS8/MAXIGP0ACLK     n/a            3.000         100.001     97.001     PS8_X0Y0      BASIC_i/zynq_ultra_ps_e_0/inst/PS8_i/MAXIGP0ACLK
Min Period        n/a     RAMB18E2/CLKARDCLK  n/a            1.569         100.001     98.432     RAMB18_X1Y62  BASIC_i/RV32I_RAM_MEMORY/ram_data_1/inst/mem0_reg_bram_0/CLKARDCLK
Min Period        n/a     RAMB18E2/CLKARDCLK  n/a            1.569         100.001     98.432     RAMB18_X1Y80  BASIC_i/ila_0/inst/ila_core_inst/ila_trace_memory_inst/SUBCORE_RAM_BLK_MEM_1.trace_block_memory/inst_blk_mem_gen/gnbram.gnativebmg.native_blk_mem_gen/valid.cstr/ramloop[0].ram.r/prim_noinit.ram/DEVICE_8SERIES.NO_BMM_INFO.SDP.SIMPLE_PRIM18.ram/CLKARDCLK
Min Period        n/a     RAMB18E2/CLKBWRCLK  n/a            1.569         100.001     98.432     RAMB18_X1Y80  BASIC_i/ila_0/inst/ila_core_inst/ila_trace_memory_inst/SUBCORE_RAM_BLK_MEM_1.trace_block_memory/inst_blk_mem_gen/gnbram.gnativebmg.native_blk_mem_gen/valid.cstr/ramloop[0].ram.r/prim_noinit.ram/DEVICE_8SERIES.NO_BMM_INFO.SDP.SIMPLE_PRIM18.ram/CLKBWRCLK
Min Period        n/a     RAMB18E2/CLKARDCLK  n/a            1.569         100.001     98.432     RAMB18_X1Y60  BASIC_i/RV32I_RAM_MEMORY/ram_data_1/inst/mem1_reg_bram_0/CLKARDCLK
Min Period        n/a     RAMB18E2/CLKARDCLK  n/a            1.569         100.001     98.432     RAMB18_X1Y63  BASIC_i/RV32I_RAM_MEMORY/ram_data_1/inst/mem2_reg_bram_0/CLKARDCLK
Min Period        n/a     RAMB36E2/CLKARDCLK  n/a            1.569         100.001     98.432     RAMB36_X1Y41  BASIC_i/ila_0/inst/ila_core_inst/ila_trace_memory_inst/SUBCORE_RAM_BLK_MEM_1.trace_block_memory/inst_blk_mem_gen/gnbram.gnativebmg.native_blk_mem_gen/valid.cstr/ramloop[1].ram.r/prim_noinit.ram/DEVICE_8SERIES.NO_BMM_INFO.SDP.SIMPLE_PRIM36.ram/CLKARDCLK
Min Period        n/a     RAMB36E2/CLKBWRCLK  n/a            1.569         100.001     98.432     RAMB36_X1Y41  BASIC_i/ila_0/inst/ila_core_inst/ila_trace_memory_inst/SUBCORE_RAM_BLK_MEM_1.trace_block_memory/inst_blk_mem_gen/gnbram.gnativebmg.native_blk_mem_gen/valid.cstr/ramloop[1].ram.r/prim_noinit.ram/DEVICE_8SERIES.NO_BMM_INFO.SDP.SIMPLE_PRIM36.ram/CLKBWRCLK
Min Period        n/a     RAMB18E2/CLKARDCLK  n/a            1.569         100.001     98.432     RAMB18_X1Y61  BASIC_i/RV32I_RAM_MEMORY/ram_data_1/inst/mem3_reg_bram_0/CLKARDCLK
Min Period        n/a     RAMB36E2/CLKARDCLK  n/a            1.355         100.001     98.646     RAMB36_X1Y28  BASIC_i/RV32I_ROM_MEMORY/blk_mem_gen_0/U0/inst_blk_mem_gen/gnbram.gnativebmg.native_blk_mem_gen/valid.cstr/ramloop[1].ram.r/prim_init.ram/DEVICE_8SERIES.NO_BMM_INFO.SP.SIMPLE_PRIM36.ram/CLKARDCLK
Low Pulse Width   Fast    PS8/MAXIGP0ACLK     n/a            1.500         50.000      48.500     PS8_X0Y0      BASIC_i/zynq_ultra_ps_e_0/inst/PS8_i/MAXIGP0ACLK
Low Pulse Width   Slow    PS8/MAXIGP0ACLK     n/a            1.500         50.000      48.500     PS8_X0Y0      BASIC_i/zynq_ultra_ps_e_0/inst/PS8_i/MAXIGP0ACLK
Low Pulse Width   Fast    RAMB36E2/CLKARDCLK  n/a            0.542         50.000      49.458     RAMB36_X1Y28  BASIC_i/RV32I_ROM_MEMORY/blk_mem_gen_0/U0/inst_blk_mem_gen/gnbram.gnativebmg.native_blk_mem_gen/valid.cstr/ramloop[1].ram.r/prim_init.ram/DEVICE_8SERIES.NO_BMM_INFO.SP.SIMPLE_PRIM36.ram/CLKARDCLK
Low Pulse Width   Fast    RAMB36E2/CLKBWRCLK  n/a            0.542         50.000      49.458     RAMB36_X1Y28  BASIC_i/RV32I_ROM_MEMORY/blk_mem_gen_0/U0/inst_blk_mem_gen/gnbram.gnativebmg.native_blk_mem_gen/valid.cstr/ramloop[1].ram.r/prim_init.ram/DEVICE_8SERIES.NO_BMM_INFO.SP.SIMPLE_PRIM36.ram/CLKBWRCLK
Low Pulse Width   Fast    RAMB18E2/CLKARDCLK  n/a            0.542         50.000      49.458     RAMB18_X1Y80  BASIC_i/ila_0/inst/ila_core_inst/ila_trace_memory_inst/SUBCORE_RAM_BLK_MEM_1.trace_block_memory/inst_blk_mem_gen/gnbram.gnativebmg.native_blk_mem_gen/valid.cstr/ramloop[0].ram.r/prim_noinit.ram/DEVICE_8SERIES.NO_BMM_INFO.SDP.SIMPLE_PRIM18.ram/CLKARDCLK
Low Pulse Width   Fast    RAMB18E2/CLKBWRCLK  n/a            0.542         50.000      49.458     RAMB18_X1Y80  BASIC_i/ila_0/inst/ila_core_inst/ila_trace_memory_inst/SUBCORE_RAM_BLK_MEM_1.trace_block_memory/inst_blk_mem_gen/gnbram.gnativebmg.native_blk_mem_gen/valid.cstr/ramloop[0].ram.r/prim_noinit.ram/DEVICE_8SERIES.NO_BMM_INFO.SDP.SIMPLE_PRIM18.ram/CLKBWRCLK
Low Pulse Width   Fast    RAMB18E2/CLKARDCLK  n/a            0.542         50.000      49.458     RAMB18_X1Y63  BASIC_i/RV32I_RAM_MEMORY/ram_data_1/inst/mem2_reg_bram_0/CLKARDCLK
Low Pulse Width   Fast    RAMB36E2/CLKBWRCLK  n/a            0.542         50.000      49.458     RAMB36_X1Y29  BASIC_i/RV32I_ROM_MEMORY/blk_mem_gen_0/U0/inst_blk_mem_gen/gnbram.gnativebmg.native_blk_mem_gen/valid.cstr/ramloop[0].ram.r/prim_init.ram/DEVICE_8SERIES.NO_BMM_INFO.SP.SIMPLE_PRIM36.ram/CLKBWRCLK
Low Pulse Width   Slow    RAMB36E2/CLKBWRCLK  n/a            0.542         50.000      49.458     RAMB36_X1Y28  BASIC_i/RV32I_ROM_MEMORY/blk_mem_gen_0/U0/inst_blk_mem_gen/gnbram.gnativebmg.native_blk_mem_gen/valid.cstr/ramloop[1].ram.r/prim_init.ram/DEVICE_8SERIES.NO_BMM_INFO.SP.SIMPLE_PRIM36.ram/CLKBWRCLK
Low Pulse Width   Fast    RAMB18E2/CLKARDCLK  n/a            0.542         50.000      49.458     RAMB18_X1Y62  BASIC_i/RV32I_RAM_MEMORY/ram_data_1/inst/mem0_reg_bram_0/CLKARDCLK
High Pulse Width  Slow    PS8/MAXIGP0ACLK     n/a            1.500         50.000      48.500     PS8_X0Y0      BASIC_i/zynq_ultra_ps_e_0/inst/PS8_i/MAXIGP0ACLK
High Pulse Width  Fast    PS8/MAXIGP0ACLK     n/a            1.500         50.000      48.500     PS8_X0Y0      BASIC_i/zynq_ultra_ps_e_0/inst/PS8_i/MAXIGP0ACLK
High Pulse Width  Slow    RAMB36E2/CLKARDCLK  n/a            0.542         50.000      49.458     RAMB36_X1Y28  BASIC_i/RV32I_ROM_MEMORY/blk_mem_gen_0/U0/inst_blk_mem_gen/gnbram.gnativebmg.native_blk_mem_gen/valid.cstr/ramloop[1].ram.r/prim_init.ram/DEVICE_8SERIES.NO_BMM_INFO.SP.SIMPLE_PRIM36.ram/CLKARDCLK
High Pulse Width  Slow    RAMB18E2/CLKARDCLK  n/a            0.542         50.000      49.458     RAMB18_X1Y80  BASIC_i/ila_0/inst/ila_core_inst/ila_trace_memory_inst/SUBCORE_RAM_BLK_MEM_1.trace_block_memory/inst_blk_mem_gen/gnbram.gnativebmg.native_blk_mem_gen/valid.cstr/ramloop[0].ram.r/prim_noinit.ram/DEVICE_8SERIES.NO_BMM_INFO.SDP.SIMPLE_PRIM18.ram/CLKARDCLK
High Pulse Width  Slow    RAMB18E2/CLKBWRCLK  n/a            0.542         50.000      49.458     RAMB18_X1Y80  BASIC_i/ila_0/inst/ila_core_inst/ila_trace_memory_inst/SUBCORE_RAM_BLK_MEM_1.trace_block_memory/inst_blk_mem_gen/gnbram.gnativebmg.native_blk_mem_gen/valid.cstr/ramloop[0].ram.r/prim_noinit.ram/DEVICE_8SERIES.NO_BMM_INFO.SDP.SIMPLE_PRIM18.ram/CLKBWRCLK
High Pulse Width  Slow    RAMB18E2/CLKARDCLK  n/a            0.542         50.000      49.458     RAMB18_X1Y63  BASIC_i/RV32I_RAM_MEMORY/ram_data_1/inst/mem2_reg_bram_0/CLKARDCLK
High Pulse Width  Fast    RAMB36E2/CLKARDCLK  n/a            0.542         50.000      49.458     RAMB36_X1Y28  BASIC_i/RV32I_ROM_MEMORY/blk_mem_gen_0/U0/inst_blk_mem_gen/gnbram.gnativebmg.native_blk_mem_gen/valid.cstr/ramloop[1].ram.r/prim_init.ram/DEVICE_8SERIES.NO_BMM_INFO.SP.SIMPLE_PRIM36.ram/CLKARDCLK
High Pulse Width  Slow    RAMB36E2/CLKBWRCLK  n/a            0.542         50.000      49.458     RAMB36_X1Y28  BASIC_i/RV32I_ROM_MEMORY/blk_mem_gen_0/U0/inst_blk_mem_gen/gnbram.gnativebmg.native_blk_mem_gen/valid.cstr/ramloop[1].ram.r/prim_init.ram/DEVICE_8SERIES.NO_BMM_INFO.SP.SIMPLE_PRIM36.ram/CLKBWRCLK
High Pulse Width  Slow    RAMB18E2/CLKARDCLK  n/a            0.542         50.000      49.458     RAMB18_X1Y62  BASIC_i/RV32I_RAM_MEMORY/ram_data_1/inst/mem0_reg_bram_0/CLKARDCLK
High Pulse Width  Fast    RAMB18E2/CLKARDCLK  n/a            0.542         50.000      49.458     RAMB18_X1Y62  BASIC_i/RV32I_RAM_MEMORY/ram_data_1/inst/mem0_reg_bram_0/CLKARDCLK



---------------------------------------------------------------------------------------------------
From Clock:  dbg_hub/inst/BSCANID.u_xsdbm_id/SWITCH_N_EXT_BSCAN.bscan_inst/SERIES7_BSCAN.bscan_inst/INTERNAL_TCK
  To Clock:  dbg_hub/inst/BSCANID.u_xsdbm_id/SWITCH_N_EXT_BSCAN.bscan_inst/SERIES7_BSCAN.bscan_inst/INTERNAL_TCK

Setup :            0  Failing Endpoints,  Worst Slack       15.953ns,  Total Violation        0.000ns
Hold  :            0  Failing Endpoints,  Worst Slack        0.014ns,  Total Violation        0.000ns
PW    :            0  Failing Endpoints,  Worst Slack       24.468ns,  Total Violation        0.000ns
---------------------------------------------------------------------------------------------------


Max Delay Paths
--------------------------------------------------------------------------------------
Slack (MET) :             15.953ns  (required time - arrival time)
  Source:                 dbg_hub/inst/BSCANID.u_xsdbm_id/CORE_XSDB.U_ICON/iTDO_reg/C
                            (rising edge-triggered cell FDRE clocked by dbg_hub/inst/BSCANID.u_xsdbm_id/SWITCH_N_EXT_BSCAN.bscan_inst/SERIES7_BSCAN.bscan_inst/INTERNAL_TCK  {rise@0.000ns fall@25.000ns period=50.000ns})
  Destination:            dbg_hub/inst/BSCANID.u_xsdbm_id/SWITCH_N_EXT_BSCAN.bscan_inst/SERIES7_BSCAN.bscan_inst/TDO
                            (falling edge-triggered cell BSCANE2 clocked by dbg_hub/inst/BSCANID.u_xsdbm_id/SWITCH_N_EXT_BSCAN.bscan_inst/SERIES7_BSCAN.bscan_inst/INTERNAL_TCK  {rise@0.000ns fall@25.000ns period=50.000ns})
  Path Group:             dbg_hub/inst/BSCANID.u_xsdbm_id/SWITCH_N_EXT_BSCAN.bscan_inst/SERIES7_BSCAN.bscan_inst/INTERNAL_TCK
  Path Type:              Setup (Max at Slow Process Corner)
  Requirement:            25.000ns  (dbg_hub/inst/BSCANID.u_xsdbm_id/SWITCH_N_EXT_BSCAN.bscan_inst/SERIES7_BSCAN.bscan_inst/INTERNAL_TCK fall@25.000ns - dbg_hub/inst/BSCANID.u_xsdbm_id/SWITCH_N_EXT_BSCAN.bscan_inst/SERIES7_BSCAN.bscan_inst/INTERNAL_TCK rise@0.000ns)
  Data Path Delay:        2.159ns  (logic 0.222ns (10.283%)  route 1.937ns (89.717%))
  Logic Levels:           2  (LUT3=1 LUT6=1)
  Clock Path Skew:        -6.653ns (DCD - SCD + CPR)
    Destination Clock Delay (DCD):    0.000ns = ( 25.000 - 25.000 ) 
    Source Clock Delay      (SCD):    6.653ns
    Clock Pessimism Removal (CPR):    0.000ns
  Clock Uncertainty:      0.235ns  ((TSJ^2 + TIJ^2)^1/2 + DJ) / 2 + PE + DCD
    Total System Jitter     (TSJ):    0.071ns
    Total Input Jitter      (TIJ):    0.000ns
    Discrete Jitter          (DJ):    0.000ns
    Phase Error              (PE):    0.000ns
    Duty Cycle Distortion   (DCD):    0.200ns
  Clock Net Delay (Source):      1.185ns (routing 0.171ns, distribution 1.014ns)

    Location             Delay type                Incr(ns)  Path(ns)    Netlist Resource(s)
  -------------------------------------------------------------------    -------------------
                         (clock dbg_hub/inst/BSCANID.u_xsdbm_id/SWITCH_N_EXT_BSCAN.bscan_inst/SERIES7_BSCAN.bscan_inst/INTERNAL_TCK rise edge)
                                                      0.000     0.000 r  
    CONFIG_SITE_X0Y0     BSCANE2                      0.000     0.000 r  dbg_hub/inst/BSCANID.u_xsdbm_id/SWITCH_N_EXT_BSCAN.bscan_inst/SERIES7_BSCAN.bscan_inst/INTERNAL_TCK
    CONFIG_SITE_X0Y0     BSCANE2 (Prop_BSCAN1_CONFIG_SITE_INTERNAL_TCK_TCK)
                                                      4.300     4.300 r  dbg_hub/inst/BSCANID.u_xsdbm_id/SWITCH_N_EXT_BSCAN.bscan_inst/SERIES7_BSCAN.bscan_inst/TCK
                         net (fo=1, routed)           1.140     5.440    dbg_hub/inst/BSCANID.u_xsdbm_id/tck_bs
    BUFGCE_X0Y50         BUFGCE (Prop_BUFCE_BUFGCE_I_O)
                                                      0.028     5.468 r  dbg_hub/inst/BSCANID.u_xsdbm_id/SWITCH_N_EXT_BSCAN.u_bufg_icon_tck/O
    X1Y2 (CLOCK_ROOT)    net (fo=494, routed)         1.185     6.653    dbg_hub/inst/BSCANID.u_xsdbm_id/CORE_XSDB.U_ICON/m_bscan_tck[0]
    SLICE_X48Y226        FDRE                                         r  dbg_hub/inst/BSCANID.u_xsdbm_id/CORE_XSDB.U_ICON/iTDO_reg/C
  -------------------------------------------------------------------    -------------------
    SLICE_X48Y226        FDRE (Prop_DFF2_SLICEL_C_Q)
                                                      0.081     6.734 r  dbg_hub/inst/BSCANID.u_xsdbm_id/CORE_XSDB.U_ICON/iTDO_reg/Q
                         net (fo=1, routed)           0.995     7.729    dbg_hub/inst/BSCANID.u_xsdbm_id/TDO
    SLICE_X51Y142        LUT3 (Prop_E6LUT_SLICEL_I2_O)
                                                      0.051     7.780 r  dbg_hub/inst/BSCANID.u_xsdbm_id/SWITCH_N_EXT_BSCAN.bscan_switch_i_1/O
                         net (fo=2, routed)           0.145     7.925    dbg_hub/inst/BSCANID.u_xsdbm_id/SWITCH_N_EXT_BSCAN.bscan_switch/m_bscan_tdo[0]
    SLICE_X52Y142        LUT6 (Prop_A6LUT_SLICEL_I5_O)
                                                      0.090     8.015 r  dbg_hub/inst/BSCANID.u_xsdbm_id/SWITCH_N_EXT_BSCAN.bscan_switch/s_bscan_tdo_INST_0/O
                         net (fo=1, routed)           0.797     8.812    dbg_hub/inst/BSCANID.u_xsdbm_id/SWITCH_N_EXT_BSCAN.bscan_inst/s_bscan_tdo
    CONFIG_SITE_X0Y0     BSCANE2                                      r  dbg_hub/inst/BSCANID.u_xsdbm_id/SWITCH_N_EXT_BSCAN.bscan_inst/SERIES7_BSCAN.bscan_inst/TDO
  -------------------------------------------------------------------    -------------------

                         (clock dbg_hub/inst/BSCANID.u_xsdbm_id/SWITCH_N_EXT_BSCAN.bscan_inst/SERIES7_BSCAN.bscan_inst/INTERNAL_TCK fall edge)
                                                     25.000    25.000 f  
    CONFIG_SITE_X0Y0     BSCANE2                      0.000    25.000 f  dbg_hub/inst/BSCANID.u_xsdbm_id/SWITCH_N_EXT_BSCAN.bscan_inst/SERIES7_BSCAN.bscan_inst/INTERNAL_TCK
                         clock pessimism              0.000    25.000    
                         clock uncertainty           -0.235    24.765    
    CONFIG_SITE_X0Y0     BSCANE2 (Setup_BSCAN1_CONFIG_SITE_INTERNAL_TCK_TDO)
                                                      0.000    24.765    dbg_hub/inst/BSCANID.u_xsdbm_id/SWITCH_N_EXT_BSCAN.bscan_inst/SERIES7_BSCAN.bscan_inst
  -------------------------------------------------------------------
                         required time                         24.765    
                         arrival time                          -8.812    
  -------------------------------------------------------------------
                         slack                                 15.953    

Slack (MET) :             19.627ns  (required time - arrival time)
  Source:                 dbg_hub/inst/BSCANID.u_xsdbm_id/SWITCH_N_EXT_BSCAN.bscan_inst/SERIES7_BSCAN.bscan_inst/INTERNAL_TCK
                            (falling edge-triggered cell BSCANE2 clocked by dbg_hub/inst/BSCANID.u_xsdbm_id/SWITCH_N_EXT_BSCAN.bscan_inst/SERIES7_BSCAN.bscan_inst/INTERNAL_TCK  {rise@0.000ns fall@25.000ns period=50.000ns})
  Destination:            dbg_hub/inst/BSCANID.u_xsdbm_id/CORE_XSDB.U_ICON/U_STAT/iSTAT_CNT_reg[0]/R
                            (rising edge-triggered cell FDRE clocked by dbg_hub/inst/BSCANID.u_xsdbm_id/SWITCH_N_EXT_BSCAN.bscan_inst/SERIES7_BSCAN.bscan_inst/INTERNAL_TCK  {rise@0.000ns fall@25.000ns period=50.000ns})
  Path Group:             dbg_hub/inst/BSCANID.u_xsdbm_id/SWITCH_N_EXT_BSCAN.bscan_inst/SERIES7_BSCAN.bscan_inst/INTERNAL_TCK
  Path Type:              Setup (Max at Slow Process Corner)
  Requirement:            25.000ns  (dbg_hub/inst/BSCANID.u_xsdbm_id/SWITCH_N_EXT_BSCAN.bscan_inst/SERIES7_BSCAN.bscan_inst/INTERNAL_TCK rise@50.000ns - dbg_hub/inst/BSCANID.u_xsdbm_id/SWITCH_N_EXT_BSCAN.bscan_inst/SERIES7_BSCAN.bscan_inst/INTERNAL_TCK fall@25.000ns)
  Data Path Delay:        7.403ns  (logic 5.289ns (71.444%)  route 2.114ns (28.556%))
  Logic Levels:           3  (LUT4=1 LUT5=2)
  Clock Path Skew:        2.339ns (DCD - SCD + CPR)
    Destination Clock Delay (DCD):    2.339ns = ( 52.339 - 50.000 ) 
    Source Clock Delay      (SCD):    0.000ns = ( 25.000 - 25.000 ) 
    Clock Pessimism Removal (CPR):    0.000ns
  Clock Uncertainty:      0.235ns  ((TSJ^2 + TIJ^2)^1/2 + DJ) / 2 + PE + DCD
    Total System Jitter     (TSJ):    0.071ns
    Total Input Jitter      (TIJ):    0.000ns
    Discrete Jitter          (DJ):    0.000ns
    Phase Error              (PE):    0.000ns
    Duty Cycle Distortion   (DCD):    0.200ns
  Clock Net Delay (Destination): 1.042ns (routing 0.155ns, distribution 0.887ns)

    Location             Delay type                Incr(ns)  Path(ns)    Netlist Resource(s)
  -------------------------------------------------------------------    -------------------
                         (clock dbg_hub/inst/BSCANID.u_xsdbm_id/SWITCH_N_EXT_BSCAN.bscan_inst/SERIES7_BSCAN.bscan_inst/INTERNAL_TCK fall edge)
                                                     25.000    25.000 f  
    CONFIG_SITE_X0Y0     BSCANE2                      0.000    25.000 f  dbg_hub/inst/BSCANID.u_xsdbm_id/SWITCH_N_EXT_BSCAN.bscan_inst/SERIES7_BSCAN.bscan_inst/INTERNAL_TCK
  -------------------------------------------------------------------    -------------------
    CONFIG_SITE_X0Y0     BSCANE2 (Prop_BSCAN1_CONFIG_SITE_INTERNAL_TCK_SHIFT)
                                                      5.100    30.100 f  dbg_hub/inst/BSCANID.u_xsdbm_id/SWITCH_N_EXT_BSCAN.bscan_inst/SERIES7_BSCAN.bscan_inst/SHIFT
                         net (fo=36, routed)          0.751    30.851    dbg_hub/inst/BSCANID.u_xsdbm_id/SWITCH_N_EXT_BSCAN.bscan_switch/s_bscan_shift
    SLICE_X50Y145        LUT5 (Prop_G6LUT_SLICEL_I4_O)
                                                      0.050    30.901 f  dbg_hub/inst/BSCANID.u_xsdbm_id/SWITCH_N_EXT_BSCAN.bscan_switch/m_bscan_shift[0]_INST_0/O
                         net (fo=4, routed)           0.824    31.725    dbg_hub/inst/BSCANID.u_xsdbm_id/CORE_XSDB.U_ICON/U_CMD/icn_cmd_en_reg[7]
    SLICE_X49Y224        LUT4 (Prop_D6LUT_SLICEL_I1_O)
                                                      0.050    31.775 f  dbg_hub/inst/BSCANID.u_xsdbm_id/CORE_XSDB.U_ICON/U_CMD/iSTAT_CNT[5]_i_4/O
                         net (fo=1, routed)           0.085    31.860    dbg_hub/inst/BSCANID.u_xsdbm_id/CORE_XSDB.U_ICON/U_CMD/iSTAT_CNT[5]_i_4_n_0
    SLICE_X49Y225        LUT5 (Prop_D6LUT_SLICEL_I4_O)
                                                      0.089    31.949 r  dbg_hub/inst/BSCANID.u_xsdbm_id/CORE_XSDB.U_ICON/U_CMD/iSTAT_CNT[5]_i_1/O
                         net (fo=6, routed)           0.454    32.403    dbg_hub/inst/BSCANID.u_xsdbm_id/CORE_XSDB.U_ICON/U_STAT/SR[0]
    SLICE_X48Y225        FDRE                                         r  dbg_hub/inst/BSCANID.u_xsdbm_id/CORE_XSDB.U_ICON/U_STAT/iSTAT_CNT_reg[0]/R
  -------------------------------------------------------------------    -------------------

                         (clock dbg_hub/inst/BSCANID.u_xsdbm_id/SWITCH_N_EXT_BSCAN.bscan_inst/SERIES7_BSCAN.bscan_inst/INTERNAL_TCK rise edge)
                                                     50.000    50.000 r  
    CONFIG_SITE_X0Y0     BSCANE2                      0.000    50.000 r  dbg_hub/inst/BSCANID.u_xsdbm_id/SWITCH_N_EXT_BSCAN.bscan_inst/SERIES7_BSCAN.bscan_inst/INTERNAL_TCK
    CONFIG_SITE_X0Y0     BSCANE2 (Prop_BSCAN1_CONFIG_SITE_INTERNAL_TCK_TCK)
                                                      0.465    50.465 r  dbg_hub/inst/BSCANID.u_xsdbm_id/SWITCH_N_EXT_BSCAN.bscan_inst/SERIES7_BSCAN.bscan_inst/TCK
                         net (fo=1, routed)           0.808    51.273    dbg_hub/inst/BSCANID.u_xsdbm_id/tck_bs
    BUFGCE_X0Y50         BUFGCE (Prop_BUFCE_BUFGCE_I_O)
                                                      0.024    51.297 r  dbg_hub/inst/BSCANID.u_xsdbm_id/SWITCH_N_EXT_BSCAN.u_bufg_icon_tck/O
    X1Y2 (CLOCK_ROOT)    net (fo=494, routed)         1.042    52.339    dbg_hub/inst/BSCANID.u_xsdbm_id/CORE_XSDB.U_ICON/U_STAT/m_bscan_tck[0]
    SLICE_X48Y225        FDRE                                         r  dbg_hub/inst/BSCANID.u_xsdbm_id/CORE_XSDB.U_ICON/U_STAT/iSTAT_CNT_reg[0]/C
                         clock pessimism              0.000    52.339    
                         clock uncertainty           -0.235    52.104    
    SLICE_X48Y225        FDRE (Setup_BFF2_SLICEL_C_R)
                                                     -0.074    52.030    dbg_hub/inst/BSCANID.u_xsdbm_id/CORE_XSDB.U_ICON/U_STAT/iSTAT_CNT_reg[0]
  -------------------------------------------------------------------
                         required time                         52.030    
                         arrival time                         -32.403    
  -------------------------------------------------------------------
                         slack                                 19.627    

Slack (MET) :             19.627ns  (required time - arrival time)
  Source:                 dbg_hub/inst/BSCANID.u_xsdbm_id/SWITCH_N_EXT_BSCAN.bscan_inst/SERIES7_BSCAN.bscan_inst/INTERNAL_TCK
                            (falling edge-triggered cell BSCANE2 clocked by dbg_hub/inst/BSCANID.u_xsdbm_id/SWITCH_N_EXT_BSCAN.bscan_inst/SERIES7_BSCAN.bscan_inst/INTERNAL_TCK  {rise@0.000ns fall@25.000ns period=50.000ns})
  Destination:            dbg_hub/inst/BSCANID.u_xsdbm_id/CORE_XSDB.U_ICON/U_STAT/iSTAT_CNT_reg[1]/R
                            (rising edge-triggered cell FDRE clocked by dbg_hub/inst/BSCANID.u_xsdbm_id/SWITCH_N_EXT_BSCAN.bscan_inst/SERIES7_BSCAN.bscan_inst/INTERNAL_TCK  {rise@0.000ns fall@25.000ns period=50.000ns})
  Path Group:             dbg_hub/inst/BSCANID.u_xsdbm_id/SWITCH_N_EXT_BSCAN.bscan_inst/SERIES7_BSCAN.bscan_inst/INTERNAL_TCK
  Path Type:              Setup (Max at Slow Process Corner)
  Requirement:            25.000ns  (dbg_hub/inst/BSCANID.u_xsdbm_id/SWITCH_N_EXT_BSCAN.bscan_inst/SERIES7_BSCAN.bscan_inst/INTERNAL_TCK rise@50.000ns - dbg_hub/inst/BSCANID.u_xsdbm_id/SWITCH_N_EXT_BSCAN.bscan_inst/SERIES7_BSCAN.bscan_inst/INTERNAL_TCK fall@25.000ns)
  Data Path Delay:        7.403ns  (logic 5.289ns (71.444%)  route 2.114ns (28.556%))
  Logic Levels:           3  (LUT4=1 LUT5=2)
  Clock Path Skew:        2.339ns (DCD - SCD + CPR)
    Destination Clock Delay (DCD):    2.339ns = ( 52.339 - 50.000 ) 
    Source Clock Delay      (SCD):    0.000ns = ( 25.000 - 25.000 ) 
    Clock Pessimism Removal (CPR):    0.000ns
  Clock Uncertainty:      0.235ns  ((TSJ^2 + TIJ^2)^1/2 + DJ) / 2 + PE + DCD
    Total System Jitter     (TSJ):    0.071ns
    Total Input Jitter      (TIJ):    0.000ns
    Discrete Jitter          (DJ):    0.000ns
    Phase Error              (PE):    0.000ns
    Duty Cycle Distortion   (DCD):    0.200ns
  Clock Net Delay (Destination): 1.042ns (routing 0.155ns, distribution 0.887ns)

    Location             Delay type                Incr(ns)  Path(ns)    Netlist Resource(s)
  -------------------------------------------------------------------    -------------------
                         (clock dbg_hub/inst/BSCANID.u_xsdbm_id/SWITCH_N_EXT_BSCAN.bscan_inst/SERIES7_BSCAN.bscan_inst/INTERNAL_TCK fall edge)
                                                     25.000    25.000 f  
    CONFIG_SITE_X0Y0     BSCANE2                      0.000    25.000 f  dbg_hub/inst/BSCANID.u_xsdbm_id/SWITCH_N_EXT_BSCAN.bscan_inst/SERIES7_BSCAN.bscan_inst/INTERNAL_TCK
  -------------------------------------------------------------------    -------------------
    CONFIG_SITE_X0Y0     BSCANE2 (Prop_BSCAN1_CONFIG_SITE_INTERNAL_TCK_SHIFT)
                                                      5.100    30.100 f  dbg_hub/inst/BSCANID.u_xsdbm_id/SWITCH_N_EXT_BSCAN.bscan_inst/SERIES7_BSCAN.bscan_inst/SHIFT
                         net (fo=36, routed)          0.751    30.851    dbg_hub/inst/BSCANID.u_xsdbm_id/SWITCH_N_EXT_BSCAN.bscan_switch/s_bscan_shift
    SLICE_X50Y145        LUT5 (Prop_G6LUT_SLICEL_I4_O)
                                                      0.050    30.901 f  dbg_hub/inst/BSCANID.u_xsdbm_id/SWITCH_N_EXT_BSCAN.bscan_switch/m_bscan_shift[0]_INST_0/O
                         net (fo=4, routed)           0.824    31.725    dbg_hub/inst/BSCANID.u_xsdbm_id/CORE_XSDB.U_ICON/U_CMD/icn_cmd_en_reg[7]
    SLICE_X49Y224        LUT4 (Prop_D6LUT_SLICEL_I1_O)
                                                      0.050    31.775 f  dbg_hub/inst/BSCANID.u_xsdbm_id/CORE_XSDB.U_ICON/U_CMD/iSTAT_CNT[5]_i_4/O
                         net (fo=1, routed)           0.085    31.860    dbg_hub/inst/BSCANID.u_xsdbm_id/CORE_XSDB.U_ICON/U_CMD/iSTAT_CNT[5]_i_4_n_0
    SLICE_X49Y225        LUT5 (Prop_D6LUT_SLICEL_I4_O)
                                                      0.089    31.949 r  dbg_hub/inst/BSCANID.u_xsdbm_id/CORE_XSDB.U_ICON/U_CMD/iSTAT_CNT[5]_i_1/O
                         net (fo=6, routed)           0.454    32.403    dbg_hub/inst/BSCANID.u_xsdbm_id/CORE_XSDB.U_ICON/U_STAT/SR[0]
    SLICE_X48Y225        FDRE                                         r  dbg_hub/inst/BSCANID.u_xsdbm_id/CORE_XSDB.U_ICON/U_STAT/iSTAT_CNT_reg[1]/R
  -------------------------------------------------------------------    -------------------

                         (clock dbg_hub/inst/BSCANID.u_xsdbm_id/SWITCH_N_EXT_BSCAN.bscan_inst/SERIES7_BSCAN.bscan_inst/INTERNAL_TCK rise edge)
                                                     50.000    50.000 r  
    CONFIG_SITE_X0Y0     BSCANE2                      0.000    50.000 r  dbg_hub/inst/BSCANID.u_xsdbm_id/SWITCH_N_EXT_BSCAN.bscan_inst/SERIES7_BSCAN.bscan_inst/INTERNAL_TCK
    CONFIG_SITE_X0Y0     BSCANE2 (Prop_BSCAN1_CONFIG_SITE_INTERNAL_TCK_TCK)
                                                      0.465    50.465 r  dbg_hub/inst/BSCANID.u_xsdbm_id/SWITCH_N_EXT_BSCAN.bscan_inst/SERIES7_BSCAN.bscan_inst/TCK
                         net (fo=1, routed)           0.808    51.273    dbg_hub/inst/BSCANID.u_xsdbm_id/tck_bs
    BUFGCE_X0Y50         BUFGCE (Prop_BUFCE_BUFGCE_I_O)
                                                      0.024    51.297 r  dbg_hub/inst/BSCANID.u_xsdbm_id/SWITCH_N_EXT_BSCAN.u_bufg_icon_tck/O
    X1Y2 (CLOCK_ROOT)    net (fo=494, routed)         1.042    52.339    dbg_hub/inst/BSCANID.u_xsdbm_id/CORE_XSDB.U_ICON/U_STAT/m_bscan_tck[0]
    SLICE_X48Y225        FDRE                                         r  dbg_hub/inst/BSCANID.u_xsdbm_id/CORE_XSDB.U_ICON/U_STAT/iSTAT_CNT_reg[1]/C
                         clock pessimism              0.000    52.339    
                         clock uncertainty           -0.235    52.104    
    SLICE_X48Y225        FDRE (Setup_DFF_SLICEL_C_R)
                                                     -0.074    52.030    dbg_hub/inst/BSCANID.u_xsdbm_id/CORE_XSDB.U_ICON/U_STAT/iSTAT_CNT_reg[1]
  -------------------------------------------------------------------
                         required time                         52.030    
                         arrival time                         -32.403    
  -------------------------------------------------------------------
                         slack                                 19.627    

Slack (MET) :             19.627ns  (required time - arrival time)
  Source:                 dbg_hub/inst/BSCANID.u_xsdbm_id/SWITCH_N_EXT_BSCAN.bscan_inst/SERIES7_BSCAN.bscan_inst/INTERNAL_TCK
                            (falling edge-triggered cell BSCANE2 clocked by dbg_hub/inst/BSCANID.u_xsdbm_id/SWITCH_N_EXT_BSCAN.bscan_inst/SERIES7_BSCAN.bscan_inst/INTERNAL_TCK  {rise@0.000ns fall@25.000ns period=50.000ns})
  Destination:            dbg_hub/inst/BSCANID.u_xsdbm_id/CORE_XSDB.U_ICON/U_STAT/iSTAT_CNT_reg[2]/R
                            (rising edge-triggered cell FDRE clocked by dbg_hub/inst/BSCANID.u_xsdbm_id/SWITCH_N_EXT_BSCAN.bscan_inst/SERIES7_BSCAN.bscan_inst/INTERNAL_TCK  {rise@0.000ns fall@25.000ns period=50.000ns})
  Path Group:             dbg_hub/inst/BSCANID.u_xsdbm_id/SWITCH_N_EXT_BSCAN.bscan_inst/SERIES7_BSCAN.bscan_inst/INTERNAL_TCK
  Path Type:              Setup (Max at Slow Process Corner)
  Requirement:            25.000ns  (dbg_hub/inst/BSCANID.u_xsdbm_id/SWITCH_N_EXT_BSCAN.bscan_inst/SERIES7_BSCAN.bscan_inst/INTERNAL_TCK rise@50.000ns - dbg_hub/inst/BSCANID.u_xsdbm_id/SWITCH_N_EXT_BSCAN.bscan_inst/SERIES7_BSCAN.bscan_inst/INTERNAL_TCK fall@25.000ns)
  Data Path Delay:        7.403ns  (logic 5.289ns (71.444%)  route 2.114ns (28.556%))
  Logic Levels:           3  (LUT4=1 LUT5=2)
  Clock Path Skew:        2.339ns (DCD - SCD + CPR)
    Destination Clock Delay (DCD):    2.339ns = ( 52.339 - 50.000 ) 
    Source Clock Delay      (SCD):    0.000ns = ( 25.000 - 25.000 ) 
    Clock Pessimism Removal (CPR):    0.000ns
  Clock Uncertainty:      0.235ns  ((TSJ^2 + TIJ^2)^1/2 + DJ) / 2 + PE + DCD
    Total System Jitter     (TSJ):    0.071ns
    Total Input Jitter      (TIJ):    0.000ns
    Discrete Jitter          (DJ):    0.000ns
    Phase Error              (PE):    0.000ns
    Duty Cycle Distortion   (DCD):    0.200ns
  Clock Net Delay (Destination): 1.042ns (routing 0.155ns, distribution 0.887ns)

    Location             Delay type                Incr(ns)  Path(ns)    Netlist Resource(s)
  -------------------------------------------------------------------    -------------------
                         (clock dbg_hub/inst/BSCANID.u_xsdbm_id/SWITCH_N_EXT_BSCAN.bscan_inst/SERIES7_BSCAN.bscan_inst/INTERNAL_TCK fall edge)
                                                     25.000    25.000 f  
    CONFIG_SITE_X0Y0     BSCANE2                      0.000    25.000 f  dbg_hub/inst/BSCANID.u_xsdbm_id/SWITCH_N_EXT_BSCAN.bscan_inst/SERIES7_BSCAN.bscan_inst/INTERNAL_TCK
  -------------------------------------------------------------------    -------------------
    CONFIG_SITE_X0Y0     BSCANE2 (Prop_BSCAN1_CONFIG_SITE_INTERNAL_TCK_SHIFT)
                                                      5.100    30.100 f  dbg_hub/inst/BSCANID.u_xsdbm_id/SWITCH_N_EXT_BSCAN.bscan_inst/SERIES7_BSCAN.bscan_inst/SHIFT
                         net (fo=36, routed)          0.751    30.851    dbg_hub/inst/BSCANID.u_xsdbm_id/SWITCH_N_EXT_BSCAN.bscan_switch/s_bscan_shift
    SLICE_X50Y145        LUT5 (Prop_G6LUT_SLICEL_I4_O)
                                                      0.050    30.901 f  dbg_hub/inst/BSCANID.u_xsdbm_id/SWITCH_N_EXT_BSCAN.bscan_switch/m_bscan_shift[0]_INST_0/O
                         net (fo=4, routed)           0.824    31.725    dbg_hub/inst/BSCANID.u_xsdbm_id/CORE_XSDB.U_ICON/U_CMD/icn_cmd_en_reg[7]
    SLICE_X49Y224        LUT4 (Prop_D6LUT_SLICEL_I1_O)
                                                      0.050    31.775 f  dbg_hub/inst/BSCANID.u_xsdbm_id/CORE_XSDB.U_ICON/U_CMD/iSTAT_CNT[5]_i_4/O
                         net (fo=1, routed)           0.085    31.860    dbg_hub/inst/BSCANID.u_xsdbm_id/CORE_XSDB.U_ICON/U_CMD/iSTAT_CNT[5]_i_4_n_0
    SLICE_X49Y225        LUT5 (Prop_D6LUT_SLICEL_I4_O)
                                                      0.089    31.949 r  dbg_hub/inst/BSCANID.u_xsdbm_id/CORE_XSDB.U_ICON/U_CMD/iSTAT_CNT[5]_i_1/O
                         net (fo=6, routed)           0.454    32.403    dbg_hub/inst/BSCANID.u_xsdbm_id/CORE_XSDB.U_ICON/U_STAT/SR[0]
    SLICE_X48Y225        FDRE                                         r  dbg_hub/inst/BSCANID.u_xsdbm_id/CORE_XSDB.U_ICON/U_STAT/iSTAT_CNT_reg[2]/R
  -------------------------------------------------------------------    -------------------

                         (clock dbg_hub/inst/BSCANID.u_xsdbm_id/SWITCH_N_EXT_BSCAN.bscan_inst/SERIES7_BSCAN.bscan_inst/INTERNAL_TCK rise edge)
                                                     50.000    50.000 r  
    CONFIG_SITE_X0Y0     BSCANE2                      0.000    50.000 r  dbg_hub/inst/BSCANID.u_xsdbm_id/SWITCH_N_EXT_BSCAN.bscan_inst/SERIES7_BSCAN.bscan_inst/INTERNAL_TCK
    CONFIG_SITE_X0Y0     BSCANE2 (Prop_BSCAN1_CONFIG_SITE_INTERNAL_TCK_TCK)
                                                      0.465    50.465 r  dbg_hub/inst/BSCANID.u_xsdbm_id/SWITCH_N_EXT_BSCAN.bscan_inst/SERIES7_BSCAN.bscan_inst/TCK
                         net (fo=1, routed)           0.808    51.273    dbg_hub/inst/BSCANID.u_xsdbm_id/tck_bs
    BUFGCE_X0Y50         BUFGCE (Prop_BUFCE_BUFGCE_I_O)
                                                      0.024    51.297 r  dbg_hub/inst/BSCANID.u_xsdbm_id/SWITCH_N_EXT_BSCAN.u_bufg_icon_tck/O
    X1Y2 (CLOCK_ROOT)    net (fo=494, routed)         1.042    52.339    dbg_hub/inst/BSCANID.u_xsdbm_id/CORE_XSDB.U_ICON/U_STAT/m_bscan_tck[0]
    SLICE_X48Y225        FDRE                                         r  dbg_hub/inst/BSCANID.u_xsdbm_id/CORE_XSDB.U_ICON/U_STAT/iSTAT_CNT_reg[2]/C
                         clock pessimism              0.000    52.339    
                         clock uncertainty           -0.235    52.104    
    SLICE_X48Y225        FDRE (Setup_DFF2_SLICEL_C_R)
                                                     -0.074    52.030    dbg_hub/inst/BSCANID.u_xsdbm_id/CORE_XSDB.U_ICON/U_STAT/iSTAT_CNT_reg[2]
  -------------------------------------------------------------------
                         required time                         52.030    
                         arrival time                         -32.403    
  -------------------------------------------------------------------
                         slack                                 19.627    

Slack (MET) :             19.627ns  (required time - arrival time)
  Source:                 dbg_hub/inst/BSCANID.u_xsdbm_id/SWITCH_N_EXT_BSCAN.bscan_inst/SERIES7_BSCAN.bscan_inst/INTERNAL_TCK
                            (falling edge-triggered cell BSCANE2 clocked by dbg_hub/inst/BSCANID.u_xsdbm_id/SWITCH_N_EXT_BSCAN.bscan_inst/SERIES7_BSCAN.bscan_inst/INTERNAL_TCK  {rise@0.000ns fall@25.000ns period=50.000ns})
  Destination:            dbg_hub/inst/BSCANID.u_xsdbm_id/CORE_XSDB.U_ICON/U_STAT/iSTAT_CNT_reg[3]/R
                            (rising edge-triggered cell FDRE clocked by dbg_hub/inst/BSCANID.u_xsdbm_id/SWITCH_N_EXT_BSCAN.bscan_inst/SERIES7_BSCAN.bscan_inst/INTERNAL_TCK  {rise@0.000ns fall@25.000ns period=50.000ns})
  Path Group:             dbg_hub/inst/BSCANID.u_xsdbm_id/SWITCH_N_EXT_BSCAN.bscan_inst/SERIES7_BSCAN.bscan_inst/INTERNAL_TCK
  Path Type:              Setup (Max at Slow Process Corner)
  Requirement:            25.000ns  (dbg_hub/inst/BSCANID.u_xsdbm_id/SWITCH_N_EXT_BSCAN.bscan_inst/SERIES7_BSCAN.bscan_inst/INTERNAL_TCK rise@50.000ns - dbg_hub/inst/BSCANID.u_xsdbm_id/SWITCH_N_EXT_BSCAN.bscan_inst/SERIES7_BSCAN.bscan_inst/INTERNAL_TCK fall@25.000ns)
  Data Path Delay:        7.403ns  (logic 5.289ns (71.444%)  route 2.114ns (28.556%))
  Logic Levels:           3  (LUT4=1 LUT5=2)
  Clock Path Skew:        2.339ns (DCD - SCD + CPR)
    Destination Clock Delay (DCD):    2.339ns = ( 52.339 - 50.000 ) 
    Source Clock Delay      (SCD):    0.000ns = ( 25.000 - 25.000 ) 
    Clock Pessimism Removal (CPR):    0.000ns
  Clock Uncertainty:      0.235ns  ((TSJ^2 + TIJ^2)^1/2 + DJ) / 2 + PE + DCD
    Total System Jitter     (TSJ):    0.071ns
    Total Input Jitter      (TIJ):    0.000ns
    Discrete Jitter          (DJ):    0.000ns
    Phase Error              (PE):    0.000ns
    Duty Cycle Distortion   (DCD):    0.200ns
  Clock Net Delay (Destination): 1.042ns (routing 0.155ns, distribution 0.887ns)

    Location             Delay type                Incr(ns)  Path(ns)    Netlist Resource(s)
  -------------------------------------------------------------------    -------------------
                         (clock dbg_hub/inst/BSCANID.u_xsdbm_id/SWITCH_N_EXT_BSCAN.bscan_inst/SERIES7_BSCAN.bscan_inst/INTERNAL_TCK fall edge)
                                                     25.000    25.000 f  
    CONFIG_SITE_X0Y0     BSCANE2                      0.000    25.000 f  dbg_hub/inst/BSCANID.u_xsdbm_id/SWITCH_N_EXT_BSCAN.bscan_inst/SERIES7_BSCAN.bscan_inst/INTERNAL_TCK
  -------------------------------------------------------------------    -------------------
    CONFIG_SITE_X0Y0     BSCANE2 (Prop_BSCAN1_CONFIG_SITE_INTERNAL_TCK_SHIFT)
                                                      5.100    30.100 f  dbg_hub/inst/BSCANID.u_xsdbm_id/SWITCH_N_EXT_BSCAN.bscan_inst/SERIES7_BSCAN.bscan_inst/SHIFT
                         net (fo=36, routed)          0.751    30.851    dbg_hub/inst/BSCANID.u_xsdbm_id/SWITCH_N_EXT_BSCAN.bscan_switch/s_bscan_shift
    SLICE_X50Y145        LUT5 (Prop_G6LUT_SLICEL_I4_O)
                                                      0.050    30.901 f  dbg_hub/inst/BSCANID.u_xsdbm_id/SWITCH_N_EXT_BSCAN.bscan_switch/m_bscan_shift[0]_INST_0/O
                         net (fo=4, routed)           0.824    31.725    dbg_hub/inst/BSCANID.u_xsdbm_id/CORE_XSDB.U_ICON/U_CMD/icn_cmd_en_reg[7]
    SLICE_X49Y224        LUT4 (Prop_D6LUT_SLICEL_I1_O)
                                                      0.050    31.775 f  dbg_hub/inst/BSCANID.u_xsdbm_id/CORE_XSDB.U_ICON/U_CMD/iSTAT_CNT[5]_i_4/O
                         net (fo=1, routed)           0.085    31.860    dbg_hub/inst/BSCANID.u_xsdbm_id/CORE_XSDB.U_ICON/U_CMD/iSTAT_CNT[5]_i_4_n_0
    SLICE_X49Y225        LUT5 (Prop_D6LUT_SLICEL_I4_O)
                                                      0.089    31.949 r  dbg_hub/inst/BSCANID.u_xsdbm_id/CORE_XSDB.U_ICON/U_CMD/iSTAT_CNT[5]_i_1/O
                         net (fo=6, routed)           0.454    32.403    dbg_hub/inst/BSCANID.u_xsdbm_id/CORE_XSDB.U_ICON/U_STAT/SR[0]
    SLICE_X48Y225        FDRE                                         r  dbg_hub/inst/BSCANID.u_xsdbm_id/CORE_XSDB.U_ICON/U_STAT/iSTAT_CNT_reg[3]/R
  -------------------------------------------------------------------    -------------------

                         (clock dbg_hub/inst/BSCANID.u_xsdbm_id/SWITCH_N_EXT_BSCAN.bscan_inst/SERIES7_BSCAN.bscan_inst/INTERNAL_TCK rise edge)
                                                     50.000    50.000 r  
    CONFIG_SITE_X0Y0     BSCANE2                      0.000    50.000 r  dbg_hub/inst/BSCANID.u_xsdbm_id/SWITCH_N_EXT_BSCAN.bscan_inst/SERIES7_BSCAN.bscan_inst/INTERNAL_TCK
    CONFIG_SITE_X0Y0     BSCANE2 (Prop_BSCAN1_CONFIG_SITE_INTERNAL_TCK_TCK)
                                                      0.465    50.465 r  dbg_hub/inst/BSCANID.u_xsdbm_id/SWITCH_N_EXT_BSCAN.bscan_inst/SERIES7_BSCAN.bscan_inst/TCK
                         net (fo=1, routed)           0.808    51.273    dbg_hub/inst/BSCANID.u_xsdbm_id/tck_bs
    BUFGCE_X0Y50         BUFGCE (Prop_BUFCE_BUFGCE_I_O)
                                                      0.024    51.297 r  dbg_hub/inst/BSCANID.u_xsdbm_id/SWITCH_N_EXT_BSCAN.u_bufg_icon_tck/O
    X1Y2 (CLOCK_ROOT)    net (fo=494, routed)         1.042    52.339    dbg_hub/inst/BSCANID.u_xsdbm_id/CORE_XSDB.U_ICON/U_STAT/m_bscan_tck[0]
    SLICE_X48Y225        FDRE                                         r  dbg_hub/inst/BSCANID.u_xsdbm_id/CORE_XSDB.U_ICON/U_STAT/iSTAT_CNT_reg[3]/C
                         clock pessimism              0.000    52.339    
                         clock uncertainty           -0.235    52.104    
    SLICE_X48Y225        FDRE (Setup_CFF_SLICEL_C_R)
                                                     -0.074    52.030    dbg_hub/inst/BSCANID.u_xsdbm_id/CORE_XSDB.U_ICON/U_STAT/iSTAT_CNT_reg[3]
  -------------------------------------------------------------------
                         required time                         52.030    
                         arrival time                         -32.403    
  -------------------------------------------------------------------
                         slack                                 19.627    

Slack (MET) :             19.627ns  (required time - arrival time)
  Source:                 dbg_hub/inst/BSCANID.u_xsdbm_id/SWITCH_N_EXT_BSCAN.bscan_inst/SERIES7_BSCAN.bscan_inst/INTERNAL_TCK
                            (falling edge-triggered cell BSCANE2 clocked by dbg_hub/inst/BSCANID.u_xsdbm_id/SWITCH_N_EXT_BSCAN.bscan_inst/SERIES7_BSCAN.bscan_inst/INTERNAL_TCK  {rise@0.000ns fall@25.000ns period=50.000ns})
  Destination:            dbg_hub/inst/BSCANID.u_xsdbm_id/CORE_XSDB.U_ICON/U_STAT/iSTAT_CNT_reg[4]/R
                            (rising edge-triggered cell FDRE clocked by dbg_hub/inst/BSCANID.u_xsdbm_id/SWITCH_N_EXT_BSCAN.bscan_inst/SERIES7_BSCAN.bscan_inst/INTERNAL_TCK  {rise@0.000ns fall@25.000ns period=50.000ns})
  Path Group:             dbg_hub/inst/BSCANID.u_xsdbm_id/SWITCH_N_EXT_BSCAN.bscan_inst/SERIES7_BSCAN.bscan_inst/INTERNAL_TCK
  Path Type:              Setup (Max at Slow Process Corner)
  Requirement:            25.000ns  (dbg_hub/inst/BSCANID.u_xsdbm_id/SWITCH_N_EXT_BSCAN.bscan_inst/SERIES7_BSCAN.bscan_inst/INTERNAL_TCK rise@50.000ns - dbg_hub/inst/BSCANID.u_xsdbm_id/SWITCH_N_EXT_BSCAN.bscan_inst/SERIES7_BSCAN.bscan_inst/INTERNAL_TCK fall@25.000ns)
  Data Path Delay:        7.403ns  (logic 5.289ns (71.444%)  route 2.114ns (28.556%))
  Logic Levels:           3  (LUT4=1 LUT5=2)
  Clock Path Skew:        2.339ns (DCD - SCD + CPR)
    Destination Clock Delay (DCD):    2.339ns = ( 52.339 - 50.000 ) 
    Source Clock Delay      (SCD):    0.000ns = ( 25.000 - 25.000 ) 
    Clock Pessimism Removal (CPR):    0.000ns
  Clock Uncertainty:      0.235ns  ((TSJ^2 + TIJ^2)^1/2 + DJ) / 2 + PE + DCD
    Total System Jitter     (TSJ):    0.071ns
    Total Input Jitter      (TIJ):    0.000ns
    Discrete Jitter          (DJ):    0.000ns
    Phase Error              (PE):    0.000ns
    Duty Cycle Distortion   (DCD):    0.200ns
  Clock Net Delay (Destination): 1.042ns (routing 0.155ns, distribution 0.887ns)

    Location             Delay type                Incr(ns)  Path(ns)    Netlist Resource(s)
  -------------------------------------------------------------------    -------------------
                         (clock dbg_hub/inst/BSCANID.u_xsdbm_id/SWITCH_N_EXT_BSCAN.bscan_inst/SERIES7_BSCAN.bscan_inst/INTERNAL_TCK fall edge)
                                                     25.000    25.000 f  
    CONFIG_SITE_X0Y0     BSCANE2                      0.000    25.000 f  dbg_hub/inst/BSCANID.u_xsdbm_id/SWITCH_N_EXT_BSCAN.bscan_inst/SERIES7_BSCAN.bscan_inst/INTERNAL_TCK
  -------------------------------------------------------------------    -------------------
    CONFIG_SITE_X0Y0     BSCANE2 (Prop_BSCAN1_CONFIG_SITE_INTERNAL_TCK_SHIFT)
                                                      5.100    30.100 f  dbg_hub/inst/BSCANID.u_xsdbm_id/SWITCH_N_EXT_BSCAN.bscan_inst/SERIES7_BSCAN.bscan_inst/SHIFT
                         net (fo=36, routed)          0.751    30.851    dbg_hub/inst/BSCANID.u_xsdbm_id/SWITCH_N_EXT_BSCAN.bscan_switch/s_bscan_shift
    SLICE_X50Y145        LUT5 (Prop_G6LUT_SLICEL_I4_O)
                                                      0.050    30.901 f  dbg_hub/inst/BSCANID.u_xsdbm_id/SWITCH_N_EXT_BSCAN.bscan_switch/m_bscan_shift[0]_INST_0/O
                         net (fo=4, routed)           0.824    31.725    dbg_hub/inst/BSCANID.u_xsdbm_id/CORE_XSDB.U_ICON/U_CMD/icn_cmd_en_reg[7]
    SLICE_X49Y224        LUT4 (Prop_D6LUT_SLICEL_I1_O)
                                                      0.050    31.775 f  dbg_hub/inst/BSCANID.u_xsdbm_id/CORE_XSDB.U_ICON/U_CMD/iSTAT_CNT[5]_i_4/O
                         net (fo=1, routed)           0.085    31.860    dbg_hub/inst/BSCANID.u_xsdbm_id/CORE_XSDB.U_ICON/U_CMD/iSTAT_CNT[5]_i_4_n_0
    SLICE_X49Y225        LUT5 (Prop_D6LUT_SLICEL_I4_O)
                                                      0.089    31.949 r  dbg_hub/inst/BSCANID.u_xsdbm_id/CORE_XSDB.U_ICON/U_CMD/iSTAT_CNT[5]_i_1/O
                         net (fo=6, routed)           0.454    32.403    dbg_hub/inst/BSCANID.u_xsdbm_id/CORE_XSDB.U_ICON/U_STAT/SR[0]
    SLICE_X48Y225        FDRE                                         r  dbg_hub/inst/BSCANID.u_xsdbm_id/CORE_XSDB.U_ICON/U_STAT/iSTAT_CNT_reg[4]/R
  -------------------------------------------------------------------    -------------------

                         (clock dbg_hub/inst/BSCANID.u_xsdbm_id/SWITCH_N_EXT_BSCAN.bscan_inst/SERIES7_BSCAN.bscan_inst/INTERNAL_TCK rise edge)
                                                     50.000    50.000 r  
    CONFIG_SITE_X0Y0     BSCANE2                      0.000    50.000 r  dbg_hub/inst/BSCANID.u_xsdbm_id/SWITCH_N_EXT_BSCAN.bscan_inst/SERIES7_BSCAN.bscan_inst/INTERNAL_TCK
    CONFIG_SITE_X0Y0     BSCANE2 (Prop_BSCAN1_CONFIG_SITE_INTERNAL_TCK_TCK)
                                                      0.465    50.465 r  dbg_hub/inst/BSCANID.u_xsdbm_id/SWITCH_N_EXT_BSCAN.bscan_inst/SERIES7_BSCAN.bscan_inst/TCK
                         net (fo=1, routed)           0.808    51.273    dbg_hub/inst/BSCANID.u_xsdbm_id/tck_bs
    BUFGCE_X0Y50         BUFGCE (Prop_BUFCE_BUFGCE_I_O)
                                                      0.024    51.297 r  dbg_hub/inst/BSCANID.u_xsdbm_id/SWITCH_N_EXT_BSCAN.u_bufg_icon_tck/O
    X1Y2 (CLOCK_ROOT)    net (fo=494, routed)         1.042    52.339    dbg_hub/inst/BSCANID.u_xsdbm_id/CORE_XSDB.U_ICON/U_STAT/m_bscan_tck[0]
    SLICE_X48Y225        FDRE                                         r  dbg_hub/inst/BSCANID.u_xsdbm_id/CORE_XSDB.U_ICON/U_STAT/iSTAT_CNT_reg[4]/C
                         clock pessimism              0.000    52.339    
                         clock uncertainty           -0.235    52.104    
    SLICE_X48Y225        FDRE (Setup_CFF2_SLICEL_C_R)
                                                     -0.074    52.030    dbg_hub/inst/BSCANID.u_xsdbm_id/CORE_XSDB.U_ICON/U_STAT/iSTAT_CNT_reg[4]
  -------------------------------------------------------------------
                         required time                         52.030    
                         arrival time                         -32.403    
  -------------------------------------------------------------------
                         slack                                 19.627    

Slack (MET) :             19.627ns  (required time - arrival time)
  Source:                 dbg_hub/inst/BSCANID.u_xsdbm_id/SWITCH_N_EXT_BSCAN.bscan_inst/SERIES7_BSCAN.bscan_inst/INTERNAL_TCK
                            (falling edge-triggered cell BSCANE2 clocked by dbg_hub/inst/BSCANID.u_xsdbm_id/SWITCH_N_EXT_BSCAN.bscan_inst/SERIES7_BSCAN.bscan_inst/INTERNAL_TCK  {rise@0.000ns fall@25.000ns period=50.000ns})
  Destination:            dbg_hub/inst/BSCANID.u_xsdbm_id/CORE_XSDB.U_ICON/U_STAT/iSTAT_CNT_reg[5]/R
                            (rising edge-triggered cell FDRE clocked by dbg_hub/inst/BSCANID.u_xsdbm_id/SWITCH_N_EXT_BSCAN.bscan_inst/SERIES7_BSCAN.bscan_inst/INTERNAL_TCK  {rise@0.000ns fall@25.000ns period=50.000ns})
  Path Group:             dbg_hub/inst/BSCANID.u_xsdbm_id/SWITCH_N_EXT_BSCAN.bscan_inst/SERIES7_BSCAN.bscan_inst/INTERNAL_TCK
  Path Type:              Setup (Max at Slow Process Corner)
  Requirement:            25.000ns  (dbg_hub/inst/BSCANID.u_xsdbm_id/SWITCH_N_EXT_BSCAN.bscan_inst/SERIES7_BSCAN.bscan_inst/INTERNAL_TCK rise@50.000ns - dbg_hub/inst/BSCANID.u_xsdbm_id/SWITCH_N_EXT_BSCAN.bscan_inst/SERIES7_BSCAN.bscan_inst/INTERNAL_TCK fall@25.000ns)
  Data Path Delay:        7.403ns  (logic 5.289ns (71.444%)  route 2.114ns (28.556%))
  Logic Levels:           3  (LUT4=1 LUT5=2)
  Clock Path Skew:        2.339ns (DCD - SCD + CPR)
    Destination Clock Delay (DCD):    2.339ns = ( 52.339 - 50.000 ) 
    Source Clock Delay      (SCD):    0.000ns = ( 25.000 - 25.000 ) 
    Clock Pessimism Removal (CPR):    0.000ns
  Clock Uncertainty:      0.235ns  ((TSJ^2 + TIJ^2)^1/2 + DJ) / 2 + PE + DCD
    Total System Jitter     (TSJ):    0.071ns
    Total Input Jitter      (TIJ):    0.000ns
    Discrete Jitter          (DJ):    0.000ns
    Phase Error              (PE):    0.000ns
    Duty Cycle Distortion   (DCD):    0.200ns
  Clock Net Delay (Destination): 1.042ns (routing 0.155ns, distribution 0.887ns)

    Location             Delay type                Incr(ns)  Path(ns)    Netlist Resource(s)
  -------------------------------------------------------------------    -------------------
                         (clock dbg_hub/inst/BSCANID.u_xsdbm_id/SWITCH_N_EXT_BSCAN.bscan_inst/SERIES7_BSCAN.bscan_inst/INTERNAL_TCK fall edge)
                                                     25.000    25.000 f  
    CONFIG_SITE_X0Y0     BSCANE2                      0.000    25.000 f  dbg_hub/inst/BSCANID.u_xsdbm_id/SWITCH_N_EXT_BSCAN.bscan_inst/SERIES7_BSCAN.bscan_inst/INTERNAL_TCK
  -------------------------------------------------------------------    -------------------
    CONFIG_SITE_X0Y0     BSCANE2 (Prop_BSCAN1_CONFIG_SITE_INTERNAL_TCK_SHIFT)
                                                      5.100    30.100 f  dbg_hub/inst/BSCANID.u_xsdbm_id/SWITCH_N_EXT_BSCAN.bscan_inst/SERIES7_BSCAN.bscan_inst/SHIFT
                         net (fo=36, routed)          0.751    30.851    dbg_hub/inst/BSCANID.u_xsdbm_id/SWITCH_N_EXT_BSCAN.bscan_switch/s_bscan_shift
    SLICE_X50Y145        LUT5 (Prop_G6LUT_SLICEL_I4_O)
                                                      0.050    30.901 f  dbg_hub/inst/BSCANID.u_xsdbm_id/SWITCH_N_EXT_BSCAN.bscan_switch/m_bscan_shift[0]_INST_0/O
                         net (fo=4, routed)           0.824    31.725    dbg_hub/inst/BSCANID.u_xsdbm_id/CORE_XSDB.U_ICON/U_CMD/icn_cmd_en_reg[7]
    SLICE_X49Y224        LUT4 (Prop_D6LUT_SLICEL_I1_O)
                                                      0.050    31.775 f  dbg_hub/inst/BSCANID.u_xsdbm_id/CORE_XSDB.U_ICON/U_CMD/iSTAT_CNT[5]_i_4/O
                         net (fo=1, routed)           0.085    31.860    dbg_hub/inst/BSCANID.u_xsdbm_id/CORE_XSDB.U_ICON/U_CMD/iSTAT_CNT[5]_i_4_n_0
    SLICE_X49Y225        LUT5 (Prop_D6LUT_SLICEL_I4_O)
                                                      0.089    31.949 r  dbg_hub/inst/BSCANID.u_xsdbm_id/CORE_XSDB.U_ICON/U_CMD/iSTAT_CNT[5]_i_1/O
                         net (fo=6, routed)           0.454    32.403    dbg_hub/inst/BSCANID.u_xsdbm_id/CORE_XSDB.U_ICON/U_STAT/SR[0]
    SLICE_X48Y225        FDRE                                         r  dbg_hub/inst/BSCANID.u_xsdbm_id/CORE_XSDB.U_ICON/U_STAT/iSTAT_CNT_reg[5]/R
  -------------------------------------------------------------------    -------------------

                         (clock dbg_hub/inst/BSCANID.u_xsdbm_id/SWITCH_N_EXT_BSCAN.bscan_inst/SERIES7_BSCAN.bscan_inst/INTERNAL_TCK rise edge)
                                                     50.000    50.000 r  
    CONFIG_SITE_X0Y0     BSCANE2                      0.000    50.000 r  dbg_hub/inst/BSCANID.u_xsdbm_id/SWITCH_N_EXT_BSCAN.bscan_inst/SERIES7_BSCAN.bscan_inst/INTERNAL_TCK
    CONFIG_SITE_X0Y0     BSCANE2 (Prop_BSCAN1_CONFIG_SITE_INTERNAL_TCK_TCK)
                                                      0.465    50.465 r  dbg_hub/inst/BSCANID.u_xsdbm_id/SWITCH_N_EXT_BSCAN.bscan_inst/SERIES7_BSCAN.bscan_inst/TCK
                         net (fo=1, routed)           0.808    51.273    dbg_hub/inst/BSCANID.u_xsdbm_id/tck_bs
    BUFGCE_X0Y50         BUFGCE (Prop_BUFCE_BUFGCE_I_O)
                                                      0.024    51.297 r  dbg_hub/inst/BSCANID.u_xsdbm_id/SWITCH_N_EXT_BSCAN.u_bufg_icon_tck/O
    X1Y2 (CLOCK_ROOT)    net (fo=494, routed)         1.042    52.339    dbg_hub/inst/BSCANID.u_xsdbm_id/CORE_XSDB.U_ICON/U_STAT/m_bscan_tck[0]
    SLICE_X48Y225        FDRE                                         r  dbg_hub/inst/BSCANID.u_xsdbm_id/CORE_XSDB.U_ICON/U_STAT/iSTAT_CNT_reg[5]/C
                         clock pessimism              0.000    52.339    
                         clock uncertainty           -0.235    52.104    
    SLICE_X48Y225        FDRE (Setup_AFF_SLICEL_C_R)
                                                     -0.074    52.030    dbg_hub/inst/BSCANID.u_xsdbm_id/CORE_XSDB.U_ICON/U_STAT/iSTAT_CNT_reg[5]
  -------------------------------------------------------------------
                         required time                         52.030    
                         arrival time                         -32.403    
  -------------------------------------------------------------------
                         slack                                 19.627    

Slack (MET) :             19.630ns  (required time - arrival time)
  Source:                 dbg_hub/inst/BSCANID.u_xsdbm_id/SWITCH_N_EXT_BSCAN.bscan_inst/SERIES7_BSCAN.bscan_inst/INTERNAL_TCK
                            (falling edge-triggered cell BSCANE2 clocked by dbg_hub/inst/BSCANID.u_xsdbm_id/SWITCH_N_EXT_BSCAN.bscan_inst/SERIES7_BSCAN.bscan_inst/INTERNAL_TCK  {rise@0.000ns fall@25.000ns period=50.000ns})
  Destination:            dbg_hub/inst/BSCANID.u_xsdbm_id/CORE_XSDB.UUT_MASTER/U_ICON_INTERFACE/icn_cmd_en_reg[5]/R
                            (rising edge-triggered cell FDRE clocked by dbg_hub/inst/BSCANID.u_xsdbm_id/SWITCH_N_EXT_BSCAN.bscan_inst/SERIES7_BSCAN.bscan_inst/INTERNAL_TCK  {rise@0.000ns fall@25.000ns period=50.000ns})
  Path Group:             dbg_hub/inst/BSCANID.u_xsdbm_id/SWITCH_N_EXT_BSCAN.bscan_inst/SERIES7_BSCAN.bscan_inst/INTERNAL_TCK
  Path Type:              Setup (Max at Slow Process Corner)
  Requirement:            25.000ns  (dbg_hub/inst/BSCANID.u_xsdbm_id/SWITCH_N_EXT_BSCAN.bscan_inst/SERIES7_BSCAN.bscan_inst/INTERNAL_TCK rise@50.000ns - dbg_hub/inst/BSCANID.u_xsdbm_id/SWITCH_N_EXT_BSCAN.bscan_inst/SERIES7_BSCAN.bscan_inst/INTERNAL_TCK fall@25.000ns)
  Data Path Delay:        7.401ns  (logic 5.216ns (70.477%)  route 2.185ns (29.523%))
  Logic Levels:           2  (LUT4=1 LUT5=1)
  Clock Path Skew:        2.340ns (DCD - SCD + CPR)
    Destination Clock Delay (DCD):    2.340ns = ( 52.340 - 50.000 ) 
    Source Clock Delay      (SCD):    0.000ns = ( 25.000 - 25.000 ) 
    Clock Pessimism Removal (CPR):    0.000ns
  Clock Uncertainty:      0.235ns  ((TSJ^2 + TIJ^2)^1/2 + DJ) / 2 + PE + DCD
    Total System Jitter     (TSJ):    0.071ns
    Total Input Jitter      (TIJ):    0.000ns
    Discrete Jitter          (DJ):    0.000ns
    Phase Error              (PE):    0.000ns
    Duty Cycle Distortion   (DCD):    0.200ns
  Clock Net Delay (Destination): 1.043ns (routing 0.155ns, distribution 0.888ns)

    Location             Delay type                Incr(ns)  Path(ns)    Netlist Resource(s)
  -------------------------------------------------------------------    -------------------
                         (clock dbg_hub/inst/BSCANID.u_xsdbm_id/SWITCH_N_EXT_BSCAN.bscan_inst/SERIES7_BSCAN.bscan_inst/INTERNAL_TCK fall edge)
                                                     25.000    25.000 f  
    CONFIG_SITE_X0Y0     BSCANE2                      0.000    25.000 f  dbg_hub/inst/BSCANID.u_xsdbm_id/SWITCH_N_EXT_BSCAN.bscan_inst/SERIES7_BSCAN.bscan_inst/INTERNAL_TCK
  -------------------------------------------------------------------    -------------------
    CONFIG_SITE_X0Y0     BSCANE2 (Prop_BSCAN1_CONFIG_SITE_INTERNAL_TCK_SHIFT)
                                                      5.100    30.100 f  dbg_hub/inst/BSCANID.u_xsdbm_id/SWITCH_N_EXT_BSCAN.bscan_inst/SERIES7_BSCAN.bscan_inst/SHIFT
                         net (fo=36, routed)          0.751    30.851    dbg_hub/inst/BSCANID.u_xsdbm_id/SWITCH_N_EXT_BSCAN.bscan_switch/s_bscan_shift
    SLICE_X50Y145        LUT5 (Prop_G6LUT_SLICEL_I4_O)
                                                      0.050    30.901 f  dbg_hub/inst/BSCANID.u_xsdbm_id/SWITCH_N_EXT_BSCAN.bscan_switch/m_bscan_shift[0]_INST_0/O
                         net (fo=4, routed)           0.824    31.725    dbg_hub/inst/BSCANID.u_xsdbm_id/CORE_XSDB.U_ICON/U_CMD/icn_cmd_en_reg[7]
    SLICE_X49Y224        LUT4 (Prop_D5LUT_SLICEL_I0_O)
                                                      0.066    31.791 r  dbg_hub/inst/BSCANID.u_xsdbm_id/CORE_XSDB.U_ICON/U_CMD/icn_cmd_en[7]_i_1/O
                         net (fo=4, routed)           0.610    32.401    dbg_hub/inst/BSCANID.u_xsdbm_id/CORE_XSDB.UUT_MASTER/U_ICON_INTERFACE/icn_cmd_en_reg[7]_0
    SLICE_X48Y227        FDRE                                         r  dbg_hub/inst/BSCANID.u_xsdbm_id/CORE_XSDB.UUT_MASTER/U_ICON_INTERFACE/icn_cmd_en_reg[5]/R
  -------------------------------------------------------------------    -------------------

                         (clock dbg_hub/inst/BSCANID.u_xsdbm_id/SWITCH_N_EXT_BSCAN.bscan_inst/SERIES7_BSCAN.bscan_inst/INTERNAL_TCK rise edge)
                                                     50.000    50.000 r  
    CONFIG_SITE_X0Y0     BSCANE2                      0.000    50.000 r  dbg_hub/inst/BSCANID.u_xsdbm_id/SWITCH_N_EXT_BSCAN.bscan_inst/SERIES7_BSCAN.bscan_inst/INTERNAL_TCK
    CONFIG_SITE_X0Y0     BSCANE2 (Prop_BSCAN1_CONFIG_SITE_INTERNAL_TCK_TCK)
                                                      0.465    50.465 r  dbg_hub/inst/BSCANID.u_xsdbm_id/SWITCH_N_EXT_BSCAN.bscan_inst/SERIES7_BSCAN.bscan_inst/TCK
                         net (fo=1, routed)           0.808    51.273    dbg_hub/inst/BSCANID.u_xsdbm_id/tck_bs
    BUFGCE_X0Y50         BUFGCE (Prop_BUFCE_BUFGCE_I_O)
                                                      0.024    51.297 r  dbg_hub/inst/BSCANID.u_xsdbm_id/SWITCH_N_EXT_BSCAN.u_bufg_icon_tck/O
    X1Y2 (CLOCK_ROOT)    net (fo=494, routed)         1.043    52.340    dbg_hub/inst/BSCANID.u_xsdbm_id/CORE_XSDB.UUT_MASTER/U_ICON_INTERFACE/m_bscan_tck[0]
    SLICE_X48Y227        FDRE                                         r  dbg_hub/inst/BSCANID.u_xsdbm_id/CORE_XSDB.UUT_MASTER/U_ICON_INTERFACE/icn_cmd_en_reg[5]/C
                         clock pessimism              0.000    52.340    
                         clock uncertainty           -0.235    52.105    
    SLICE_X48Y227        FDRE (Setup_AFF_SLICEL_C_R)
                                                     -0.074    52.031    dbg_hub/inst/BSCANID.u_xsdbm_id/CORE_XSDB.UUT_MASTER/U_ICON_INTERFACE/icn_cmd_en_reg[5]
  -------------------------------------------------------------------
                         required time                         52.031    
                         arrival time                         -32.401    
  -------------------------------------------------------------------
                         slack                                 19.630    

Slack (MET) :             19.630ns  (required time - arrival time)
  Source:                 dbg_hub/inst/BSCANID.u_xsdbm_id/SWITCH_N_EXT_BSCAN.bscan_inst/SERIES7_BSCAN.bscan_inst/INTERNAL_TCK
                            (falling edge-triggered cell BSCANE2 clocked by dbg_hub/inst/BSCANID.u_xsdbm_id/SWITCH_N_EXT_BSCAN.bscan_inst/SERIES7_BSCAN.bscan_inst/INTERNAL_TCK  {rise@0.000ns fall@25.000ns period=50.000ns})
  Destination:            dbg_hub/inst/BSCANID.u_xsdbm_id/CORE_XSDB.UUT_MASTER/U_ICON_INTERFACE/icn_cmd_en_reg[6]/R
                            (rising edge-triggered cell FDRE clocked by dbg_hub/inst/BSCANID.u_xsdbm_id/SWITCH_N_EXT_BSCAN.bscan_inst/SERIES7_BSCAN.bscan_inst/INTERNAL_TCK  {rise@0.000ns fall@25.000ns period=50.000ns})
  Path Group:             dbg_hub/inst/BSCANID.u_xsdbm_id/SWITCH_N_EXT_BSCAN.bscan_inst/SERIES7_BSCAN.bscan_inst/INTERNAL_TCK
  Path Type:              Setup (Max at Slow Process Corner)
  Requirement:            25.000ns  (dbg_hub/inst/BSCANID.u_xsdbm_id/SWITCH_N_EXT_BSCAN.bscan_inst/SERIES7_BSCAN.bscan_inst/INTERNAL_TCK rise@50.000ns - dbg_hub/inst/BSCANID.u_xsdbm_id/SWITCH_N_EXT_BSCAN.bscan_inst/SERIES7_BSCAN.bscan_inst/INTERNAL_TCK fall@25.000ns)
  Data Path Delay:        7.401ns  (logic 5.216ns (70.477%)  route 2.185ns (29.523%))
  Logic Levels:           2  (LUT4=1 LUT5=1)
  Clock Path Skew:        2.340ns (DCD - SCD + CPR)
    Destination Clock Delay (DCD):    2.340ns = ( 52.340 - 50.000 ) 
    Source Clock Delay      (SCD):    0.000ns = ( 25.000 - 25.000 ) 
    Clock Pessimism Removal (CPR):    0.000ns
  Clock Uncertainty:      0.235ns  ((TSJ^2 + TIJ^2)^1/2 + DJ) / 2 + PE + DCD
    Total System Jitter     (TSJ):    0.071ns
    Total Input Jitter      (TIJ):    0.000ns
    Discrete Jitter          (DJ):    0.000ns
    Phase Error              (PE):    0.000ns
    Duty Cycle Distortion   (DCD):    0.200ns
  Clock Net Delay (Destination): 1.043ns (routing 0.155ns, distribution 0.888ns)

    Location             Delay type                Incr(ns)  Path(ns)    Netlist Resource(s)
  -------------------------------------------------------------------    -------------------
                         (clock dbg_hub/inst/BSCANID.u_xsdbm_id/SWITCH_N_EXT_BSCAN.bscan_inst/SERIES7_BSCAN.bscan_inst/INTERNAL_TCK fall edge)
                                                     25.000    25.000 f  
    CONFIG_SITE_X0Y0     BSCANE2                      0.000    25.000 f  dbg_hub/inst/BSCANID.u_xsdbm_id/SWITCH_N_EXT_BSCAN.bscan_inst/SERIES7_BSCAN.bscan_inst/INTERNAL_TCK
  -------------------------------------------------------------------    -------------------
    CONFIG_SITE_X0Y0     BSCANE2 (Prop_BSCAN1_CONFIG_SITE_INTERNAL_TCK_SHIFT)
                                                      5.100    30.100 f  dbg_hub/inst/BSCANID.u_xsdbm_id/SWITCH_N_EXT_BSCAN.bscan_inst/SERIES7_BSCAN.bscan_inst/SHIFT
                         net (fo=36, routed)          0.751    30.851    dbg_hub/inst/BSCANID.u_xsdbm_id/SWITCH_N_EXT_BSCAN.bscan_switch/s_bscan_shift
    SLICE_X50Y145        LUT5 (Prop_G6LUT_SLICEL_I4_O)
                                                      0.050    30.901 f  dbg_hub/inst/BSCANID.u_xsdbm_id/SWITCH_N_EXT_BSCAN.bscan_switch/m_bscan_shift[0]_INST_0/O
                         net (fo=4, routed)           0.824    31.725    dbg_hub/inst/BSCANID.u_xsdbm_id/CORE_XSDB.U_ICON/U_CMD/icn_cmd_en_reg[7]
    SLICE_X49Y224        LUT4 (Prop_D5LUT_SLICEL_I0_O)
                                                      0.066    31.791 r  dbg_hub/inst/BSCANID.u_xsdbm_id/CORE_XSDB.U_ICON/U_CMD/icn_cmd_en[7]_i_1/O
                         net (fo=4, routed)           0.610    32.401    dbg_hub/inst/BSCANID.u_xsdbm_id/CORE_XSDB.UUT_MASTER/U_ICON_INTERFACE/icn_cmd_en_reg[7]_0
    SLICE_X48Y227        FDRE                                         r  dbg_hub/inst/BSCANID.u_xsdbm_id/CORE_XSDB.UUT_MASTER/U_ICON_INTERFACE/icn_cmd_en_reg[6]/R
  -------------------------------------------------------------------    -------------------

                         (clock dbg_hub/inst/BSCANID.u_xsdbm_id/SWITCH_N_EXT_BSCAN.bscan_inst/SERIES7_BSCAN.bscan_inst/INTERNAL_TCK rise edge)
                                                     50.000    50.000 r  
    CONFIG_SITE_X0Y0     BSCANE2                      0.000    50.000 r  dbg_hub/inst/BSCANID.u_xsdbm_id/SWITCH_N_EXT_BSCAN.bscan_inst/SERIES7_BSCAN.bscan_inst/INTERNAL_TCK
    CONFIG_SITE_X0Y0     BSCANE2 (Prop_BSCAN1_CONFIG_SITE_INTERNAL_TCK_TCK)
                                                      0.465    50.465 r  dbg_hub/inst/BSCANID.u_xsdbm_id/SWITCH_N_EXT_BSCAN.bscan_inst/SERIES7_BSCAN.bscan_inst/TCK
                         net (fo=1, routed)           0.808    51.273    dbg_hub/inst/BSCANID.u_xsdbm_id/tck_bs
    BUFGCE_X0Y50         BUFGCE (Prop_BUFCE_BUFGCE_I_O)
                                                      0.024    51.297 r  dbg_hub/inst/BSCANID.u_xsdbm_id/SWITCH_N_EXT_BSCAN.u_bufg_icon_tck/O
    X1Y2 (CLOCK_ROOT)    net (fo=494, routed)         1.043    52.340    dbg_hub/inst/BSCANID.u_xsdbm_id/CORE_XSDB.UUT_MASTER/U_ICON_INTERFACE/m_bscan_tck[0]
    SLICE_X48Y227        FDRE                                         r  dbg_hub/inst/BSCANID.u_xsdbm_id/CORE_XSDB.UUT_MASTER/U_ICON_INTERFACE/icn_cmd_en_reg[6]/C
                         clock pessimism              0.000    52.340    
                         clock uncertainty           -0.235    52.105    
    SLICE_X48Y227        FDRE (Setup_AFF2_SLICEL_C_R)
                                                     -0.074    52.031    dbg_hub/inst/BSCANID.u_xsdbm_id/CORE_XSDB.UUT_MASTER/U_ICON_INTERFACE/icn_cmd_en_reg[6]
  -------------------------------------------------------------------
                         required time                         52.031    
                         arrival time                         -32.401    
  -------------------------------------------------------------------
                         slack                                 19.630    

Slack (MET) :             19.640ns  (required time - arrival time)
  Source:                 dbg_hub/inst/BSCANID.u_xsdbm_id/SWITCH_N_EXT_BSCAN.bscan_inst/SERIES7_BSCAN.bscan_inst/INTERNAL_TCK
                            (falling edge-triggered cell BSCANE2 clocked by dbg_hub/inst/BSCANID.u_xsdbm_id/SWITCH_N_EXT_BSCAN.bscan_inst/SERIES7_BSCAN.bscan_inst/INTERNAL_TCK  {rise@0.000ns fall@25.000ns period=50.000ns})
  Destination:            dbg_hub/inst/BSCANID.u_xsdbm_id/CORE_XSDB.UUT_MASTER/U_ICON_INTERFACE/icn_cmd_en_reg[1]/R
                            (rising edge-triggered cell FDRE clocked by dbg_hub/inst/BSCANID.u_xsdbm_id/SWITCH_N_EXT_BSCAN.bscan_inst/SERIES7_BSCAN.bscan_inst/INTERNAL_TCK  {rise@0.000ns fall@25.000ns period=50.000ns})
  Path Group:             dbg_hub/inst/BSCANID.u_xsdbm_id/SWITCH_N_EXT_BSCAN.bscan_inst/SERIES7_BSCAN.bscan_inst/INTERNAL_TCK
  Path Type:              Setup (Max at Slow Process Corner)
  Requirement:            25.000ns  (dbg_hub/inst/BSCANID.u_xsdbm_id/SWITCH_N_EXT_BSCAN.bscan_inst/SERIES7_BSCAN.bscan_inst/INTERNAL_TCK rise@50.000ns - dbg_hub/inst/BSCANID.u_xsdbm_id/SWITCH_N_EXT_BSCAN.bscan_inst/SERIES7_BSCAN.bscan_inst/INTERNAL_TCK fall@25.000ns)
  Data Path Delay:        7.393ns  (logic 5.249ns (71.000%)  route 2.144ns (29.000%))
  Logic Levels:           2  (LUT4=1 LUT5=1)
  Clock Path Skew:        2.342ns (DCD - SCD + CPR)
    Destination Clock Delay (DCD):    2.342ns = ( 52.342 - 50.000 ) 
    Source Clock Delay      (SCD):    0.000ns = ( 25.000 - 25.000 ) 
    Clock Pessimism Removal (CPR):    0.000ns
  Clock Uncertainty:      0.235ns  ((TSJ^2 + TIJ^2)^1/2 + DJ) / 2 + PE + DCD
    Total System Jitter     (TSJ):    0.071ns
    Total Input Jitter      (TIJ):    0.000ns
    Discrete Jitter          (DJ):    0.000ns
    Phase Error              (PE):    0.000ns
    Duty Cycle Distortion   (DCD):    0.200ns
  Clock Net Delay (Destination): 1.045ns (routing 0.155ns, distribution 0.890ns)

    Location             Delay type                Incr(ns)  Path(ns)    Netlist Resource(s)
  -------------------------------------------------------------------    -------------------
                         (clock dbg_hub/inst/BSCANID.u_xsdbm_id/SWITCH_N_EXT_BSCAN.bscan_inst/SERIES7_BSCAN.bscan_inst/INTERNAL_TCK fall edge)
                                                     25.000    25.000 f  
    CONFIG_SITE_X0Y0     BSCANE2                      0.000    25.000 f  dbg_hub/inst/BSCANID.u_xsdbm_id/SWITCH_N_EXT_BSCAN.bscan_inst/SERIES7_BSCAN.bscan_inst/INTERNAL_TCK
  -------------------------------------------------------------------    -------------------
    CONFIG_SITE_X0Y0     BSCANE2 (Prop_BSCAN1_CONFIG_SITE_INTERNAL_TCK_SHIFT)
                                                      5.100    30.100 f  dbg_hub/inst/BSCANID.u_xsdbm_id/SWITCH_N_EXT_BSCAN.bscan_inst/SERIES7_BSCAN.bscan_inst/SHIFT
                         net (fo=36, routed)          0.751    30.851    dbg_hub/inst/BSCANID.u_xsdbm_id/SWITCH_N_EXT_BSCAN.bscan_switch/s_bscan_shift
    SLICE_X50Y145        LUT5 (Prop_G6LUT_SLICEL_I4_O)
                                                      0.050    30.901 f  dbg_hub/inst/BSCANID.u_xsdbm_id/SWITCH_N_EXT_BSCAN.bscan_switch/m_bscan_shift[0]_INST_0/O
                         net (fo=4, routed)           0.828    31.729    dbg_hub/inst/BSCANID.u_xsdbm_id/CORE_XSDB.UUT_MASTER/U_ICON_INTERFACE/icn_cmd_en_reg[0]_0
    SLICE_X49Y224        LUT4 (Prop_H6LUT_SLICEL_I2_O)
                                                      0.099    31.828 r  dbg_hub/inst/BSCANID.u_xsdbm_id/CORE_XSDB.UUT_MASTER/U_ICON_INTERFACE/icn_cmd_en[3]_i_1/O
                         net (fo=4, routed)           0.565    32.393    dbg_hub/inst/BSCANID.u_xsdbm_id/CORE_XSDB.UUT_MASTER/U_ICON_INTERFACE/icn_cmd_en[3]_i_1_n_0
    SLICE_X48Y227        FDRE                                         r  dbg_hub/inst/BSCANID.u_xsdbm_id/CORE_XSDB.UUT_MASTER/U_ICON_INTERFACE/icn_cmd_en_reg[1]/R
  -------------------------------------------------------------------    -------------------

                         (clock dbg_hub/inst/BSCANID.u_xsdbm_id/SWITCH_N_EXT_BSCAN.bscan_inst/SERIES7_BSCAN.bscan_inst/INTERNAL_TCK rise edge)
                                                     50.000    50.000 r  
    CONFIG_SITE_X0Y0     BSCANE2                      0.000    50.000 r  dbg_hub/inst/BSCANID.u_xsdbm_id/SWITCH_N_EXT_BSCAN.bscan_inst/SERIES7_BSCAN.bscan_inst/INTERNAL_TCK
    CONFIG_SITE_X0Y0     BSCANE2 (Prop_BSCAN1_CONFIG_SITE_INTERNAL_TCK_TCK)
                                                      0.465    50.465 r  dbg_hub/inst/BSCANID.u_xsdbm_id/SWITCH_N_EXT_BSCAN.bscan_inst/SERIES7_BSCAN.bscan_inst/TCK
                         net (fo=1, routed)           0.808    51.273    dbg_hub/inst/BSCANID.u_xsdbm_id/tck_bs
    BUFGCE_X0Y50         BUFGCE (Prop_BUFCE_BUFGCE_I_O)
                                                      0.024    51.297 r  dbg_hub/inst/BSCANID.u_xsdbm_id/SWITCH_N_EXT_BSCAN.u_bufg_icon_tck/O
    X1Y2 (CLOCK_ROOT)    net (fo=494, routed)         1.045    52.342    dbg_hub/inst/BSCANID.u_xsdbm_id/CORE_XSDB.UUT_MASTER/U_ICON_INTERFACE/m_bscan_tck[0]
    SLICE_X48Y227        FDRE                                         r  dbg_hub/inst/BSCANID.u_xsdbm_id/CORE_XSDB.UUT_MASTER/U_ICON_INTERFACE/icn_cmd_en_reg[1]/C
                         clock pessimism              0.000    52.342    
                         clock uncertainty           -0.235    52.107    
    SLICE_X48Y227        FDRE (Setup_EFF_SLICEL_C_R)
                                                     -0.074    52.033    dbg_hub/inst/BSCANID.u_xsdbm_id/CORE_XSDB.UUT_MASTER/U_ICON_INTERFACE/icn_cmd_en_reg[1]
  -------------------------------------------------------------------
                         required time                         52.033    
                         arrival time                         -32.393    
  -------------------------------------------------------------------
                         slack                                 19.640    





Min Delay Paths
--------------------------------------------------------------------------------------
Slack (MET) :             0.014ns  (arrival time - required time)
  Source:                 dbg_hub/inst/BSCANID.u_xsdbm_id/CORE_XSDB.UUT_MASTER/U_ICON_INTERFACE/U_CMD6_WR/shift_reg_in_reg[3]/C
                            (rising edge-triggered cell FDCE clocked by dbg_hub/inst/BSCANID.u_xsdbm_id/SWITCH_N_EXT_BSCAN.bscan_inst/SERIES7_BSCAN.bscan_inst/INTERNAL_TCK  {rise@0.000ns fall@25.000ns period=50.000ns})
  Destination:            dbg_hub/inst/BSCANID.u_xsdbm_id/CORE_XSDB.UUT_MASTER/U_ICON_INTERFACE/U_CMD6_WR/U_WR_FIFO/SUBCORE_FIFO.xsdbm_v3_0_0_wrfifo_inst/inst_fifo_gen/gconvfifo.rf/grf.rf/gntv_or_sync_fifo.mem/gdm.dm_gen.dm/RAM_reg_0_15_0_13/RAMB/I
                            (rising edge-triggered cell RAMD32 clocked by dbg_hub/inst/BSCANID.u_xsdbm_id/SWITCH_N_EXT_BSCAN.bscan_inst/SERIES7_BSCAN.bscan_inst/INTERNAL_TCK  {rise@0.000ns fall@25.000ns period=50.000ns})
  Path Group:             dbg_hub/inst/BSCANID.u_xsdbm_id/SWITCH_N_EXT_BSCAN.bscan_inst/SERIES7_BSCAN.bscan_inst/INTERNAL_TCK
  Path Type:              Hold (Min at Slow Process Corner)
  Requirement:            0.000ns  (dbg_hub/inst/BSCANID.u_xsdbm_id/SWITCH_N_EXT_BSCAN.bscan_inst/SERIES7_BSCAN.bscan_inst/INTERNAL_TCK rise@0.000ns - dbg_hub/inst/BSCANID.u_xsdbm_id/SWITCH_N_EXT_BSCAN.bscan_inst/SERIES7_BSCAN.bscan_inst/INTERNAL_TCK rise@0.000ns)
  Data Path Delay:        0.155ns  (logic 0.060ns (38.710%)  route 0.095ns (61.290%))
  Logic Levels:           0  
  Clock Path Skew:        0.063ns (DCD - SCD - CPR)
    Destination Clock Delay (DCD):    6.663ns
    Source Clock Delay      (SCD):    2.311ns
    Clock Pessimism Removal (CPR):    4.289ns
  Clock Net Delay (Source):      1.014ns (routing 0.155ns, distribution 0.859ns)
  Clock Net Delay (Destination): 1.195ns (routing 0.171ns, distribution 1.024ns)

    Location             Delay type                Incr(ns)  Path(ns)    Netlist Resource(s)
  -------------------------------------------------------------------    -------------------
                         (clock dbg_hub/inst/BSCANID.u_xsdbm_id/SWITCH_N_EXT_BSCAN.bscan_inst/SERIES7_BSCAN.bscan_inst/INTERNAL_TCK rise edge)
                                                      0.000     0.000 r  
    CONFIG_SITE_X0Y0     BSCANE2                      0.000     0.000 r  dbg_hub/inst/BSCANID.u_xsdbm_id/SWITCH_N_EXT_BSCAN.bscan_inst/SERIES7_BSCAN.bscan_inst/INTERNAL_TCK
    CONFIG_SITE_X0Y0     BSCANE2 (Prop_BSCAN1_CONFIG_SITE_INTERNAL_TCK_TCK)
                                                      0.465     0.465 r  dbg_hub/inst/BSCANID.u_xsdbm_id/SWITCH_N_EXT_BSCAN.bscan_inst/SERIES7_BSCAN.bscan_inst/TCK
                         net (fo=1, routed)           0.808     1.273    dbg_hub/inst/BSCANID.u_xsdbm_id/tck_bs
    BUFGCE_X0Y50         BUFGCE (Prop_BUFCE_BUFGCE_I_O)
                                                      0.024     1.297 r  dbg_hub/inst/BSCANID.u_xsdbm_id/SWITCH_N_EXT_BSCAN.u_bufg_icon_tck/O
    X1Y2 (CLOCK_ROOT)    net (fo=494, routed)         1.014     2.311    dbg_hub/inst/BSCANID.u_xsdbm_id/CORE_XSDB.UUT_MASTER/U_ICON_INTERFACE/U_CMD6_WR/m_bscan_tck[0]
    SLICE_X42Y235        FDCE                                         r  dbg_hub/inst/BSCANID.u_xsdbm_id/CORE_XSDB.UUT_MASTER/U_ICON_INTERFACE/U_CMD6_WR/shift_reg_in_reg[3]/C
  -------------------------------------------------------------------    -------------------
    SLICE_X42Y235        FDCE (Prop_AFF2_SLICEL_C_Q)
                                                      0.060     2.371 r  dbg_hub/inst/BSCANID.u_xsdbm_id/CORE_XSDB.UUT_MASTER/U_ICON_INTERFACE/U_CMD6_WR/shift_reg_in_reg[3]/Q
                         net (fo=2, routed)           0.095     2.466    dbg_hub/inst/BSCANID.u_xsdbm_id/CORE_XSDB.UUT_MASTER/U_ICON_INTERFACE/U_CMD6_WR/U_WR_FIFO/SUBCORE_FIFO.xsdbm_v3_0_0_wrfifo_inst/inst_fifo_gen/gconvfifo.rf/grf.rf/gntv_or_sync_fifo.mem/gdm.dm_gen.dm/RAM_reg_0_15_0_13/DIB0
    SLICE_X41Y235        RAMD32                                       r  dbg_hub/inst/BSCANID.u_xsdbm_id/CORE_XSDB.UUT_MASTER/U_ICON_INTERFACE/U_CMD6_WR/U_WR_FIFO/SUBCORE_FIFO.xsdbm_v3_0_0_wrfifo_inst/inst_fifo_gen/gconvfifo.rf/grf.rf/gntv_or_sync_fifo.mem/gdm.dm_gen.dm/RAM_reg_0_15_0_13/RAMB/I
  -------------------------------------------------------------------    -------------------

                         (clock dbg_hub/inst/BSCANID.u_xsdbm_id/SWITCH_N_EXT_BSCAN.bscan_inst/SERIES7_BSCAN.bscan_inst/INTERNAL_TCK rise edge)
                                                      0.000     0.000 r  
    CONFIG_SITE_X0Y0     BSCANE2                      0.000     0.000 r  dbg_hub/inst/BSCANID.u_xsdbm_id/SWITCH_N_EXT_BSCAN.bscan_inst/SERIES7_BSCAN.bscan_inst/INTERNAL_TCK
    CONFIG_SITE_X0Y0     BSCANE2 (Prop_BSCAN1_CONFIG_SITE_INTERNAL_TCK_TCK)
                                                      4.300     4.300 r  dbg_hub/inst/BSCANID.u_xsdbm_id/SWITCH_N_EXT_BSCAN.bscan_inst/SERIES7_BSCAN.bscan_inst/TCK
                         net (fo=1, routed)           1.140     5.440    dbg_hub/inst/BSCANID.u_xsdbm_id/tck_bs
    BUFGCE_X0Y50         BUFGCE (Prop_BUFCE_BUFGCE_I_O)
                                                      0.028     5.468 r  dbg_hub/inst/BSCANID.u_xsdbm_id/SWITCH_N_EXT_BSCAN.u_bufg_icon_tck/O
    X1Y2 (CLOCK_ROOT)    net (fo=494, routed)         1.195     6.663    dbg_hub/inst/BSCANID.u_xsdbm_id/CORE_XSDB.UUT_MASTER/U_ICON_INTERFACE/U_CMD6_WR/U_WR_FIFO/SUBCORE_FIFO.xsdbm_v3_0_0_wrfifo_inst/inst_fifo_gen/gconvfifo.rf/grf.rf/gntv_or_sync_fifo.mem/gdm.dm_gen.dm/RAM_reg_0_15_0_13/WCLK
    SLICE_X41Y235        RAMD32                                       r  dbg_hub/inst/BSCANID.u_xsdbm_id/CORE_XSDB.UUT_MASTER/U_ICON_INTERFACE/U_CMD6_WR/U_WR_FIFO/SUBCORE_FIFO.xsdbm_v3_0_0_wrfifo_inst/inst_fifo_gen/gconvfifo.rf/grf.rf/gntv_or_sync_fifo.mem/gdm.dm_gen.dm/RAM_reg_0_15_0_13/RAMB/CLK
                         clock pessimism             -4.289     2.374    
    SLICE_X41Y235        RAMD32 (Hold_B5LUT_SLICEM_CLK_I)
                                                      0.078     2.452    dbg_hub/inst/BSCANID.u_xsdbm_id/CORE_XSDB.UUT_MASTER/U_ICON_INTERFACE/U_CMD6_WR/U_WR_FIFO/SUBCORE_FIFO.xsdbm_v3_0_0_wrfifo_inst/inst_fifo_gen/gconvfifo.rf/grf.rf/gntv_or_sync_fifo.mem/gdm.dm_gen.dm/RAM_reg_0_15_0_13/RAMB
  -------------------------------------------------------------------
                         required time                         -2.452    
                         arrival time                           2.466    
  -------------------------------------------------------------------
                         slack                                  0.014    

Slack (MET) :             0.027ns  (arrival time - required time)
  Source:                 dbg_hub/inst/BSCANID.u_xsdbm_id/CORE_XSDB.UUT_MASTER/U_ICON_INTERFACE/U_CMD6_WR/U_WR_FIFO/SUBCORE_FIFO.xsdbm_v3_0_0_wrfifo_inst/inst_fifo_gen/gconvfifo.rf/grf.rf/gntv_or_sync_fifo.gl0.wr/wpntr/gic0.gc0.count_reg[2]/C
                            (rising edge-triggered cell FDCE clocked by dbg_hub/inst/BSCANID.u_xsdbm_id/SWITCH_N_EXT_BSCAN.bscan_inst/SERIES7_BSCAN.bscan_inst/INTERNAL_TCK  {rise@0.000ns fall@25.000ns period=50.000ns})
  Destination:            dbg_hub/inst/BSCANID.u_xsdbm_id/CORE_XSDB.UUT_MASTER/U_ICON_INTERFACE/U_CMD6_WR/U_WR_FIFO/SUBCORE_FIFO.xsdbm_v3_0_0_wrfifo_inst/inst_fifo_gen/gconvfifo.rf/grf.rf/gntv_or_sync_fifo.gl0.wr/wpntr/gic0.gc0.count_d1_reg[2]/D
                            (rising edge-triggered cell FDCE clocked by dbg_hub/inst/BSCANID.u_xsdbm_id/SWITCH_N_EXT_BSCAN.bscan_inst/SERIES7_BSCAN.bscan_inst/INTERNAL_TCK  {rise@0.000ns fall@25.000ns period=50.000ns})
  Path Group:             dbg_hub/inst/BSCANID.u_xsdbm_id/SWITCH_N_EXT_BSCAN.bscan_inst/SERIES7_BSCAN.bscan_inst/INTERNAL_TCK
  Path Type:              Hold (Min at Slow Process Corner)
  Requirement:            0.000ns  (dbg_hub/inst/BSCANID.u_xsdbm_id/SWITCH_N_EXT_BSCAN.bscan_inst/SERIES7_BSCAN.bscan_inst/INTERNAL_TCK rise@0.000ns - dbg_hub/inst/BSCANID.u_xsdbm_id/SWITCH_N_EXT_BSCAN.bscan_inst/SERIES7_BSCAN.bscan_inst/INTERNAL_TCK rise@0.000ns)
  Data Path Delay:        0.134ns  (logic 0.059ns (44.030%)  route 0.075ns (55.970%))
  Logic Levels:           0  
  Clock Path Skew:        0.045ns (DCD - SCD - CPR)
    Destination Clock Delay (DCD):    6.574ns
    Source Clock Delay      (SCD):    2.247ns
    Clock Pessimism Removal (CPR):    4.282ns
  Clock Net Delay (Source):      0.950ns (routing 0.155ns, distribution 0.795ns)
  Clock Net Delay (Destination): 1.106ns (routing 0.171ns, distribution 0.935ns)

    Location             Delay type                Incr(ns)  Path(ns)    Netlist Resource(s)
  -------------------------------------------------------------------    -------------------
                         (clock dbg_hub/inst/BSCANID.u_xsdbm_id/SWITCH_N_EXT_BSCAN.bscan_inst/SERIES7_BSCAN.bscan_inst/INTERNAL_TCK rise edge)
                                                      0.000     0.000 r  
    CONFIG_SITE_X0Y0     BSCANE2                      0.000     0.000 r  dbg_hub/inst/BSCANID.u_xsdbm_id/SWITCH_N_EXT_BSCAN.bscan_inst/SERIES7_BSCAN.bscan_inst/INTERNAL_TCK
    CONFIG_SITE_X0Y0     BSCANE2 (Prop_BSCAN1_CONFIG_SITE_INTERNAL_TCK_TCK)
                                                      0.465     0.465 r  dbg_hub/inst/BSCANID.u_xsdbm_id/SWITCH_N_EXT_BSCAN.bscan_inst/SERIES7_BSCAN.bscan_inst/TCK
                         net (fo=1, routed)           0.808     1.273    dbg_hub/inst/BSCANID.u_xsdbm_id/tck_bs
    BUFGCE_X0Y50         BUFGCE (Prop_BUFCE_BUFGCE_I_O)
                                                      0.024     1.297 r  dbg_hub/inst/BSCANID.u_xsdbm_id/SWITCH_N_EXT_BSCAN.u_bufg_icon_tck/O
    X1Y2 (CLOCK_ROOT)    net (fo=494, routed)         0.950     2.247    dbg_hub/inst/BSCANID.u_xsdbm_id/CORE_XSDB.UUT_MASTER/U_ICON_INTERFACE/U_CMD6_WR/U_WR_FIFO/SUBCORE_FIFO.xsdbm_v3_0_0_wrfifo_inst/inst_fifo_gen/gconvfifo.rf/grf.rf/gntv_or_sync_fifo.gl0.wr/wpntr/wr_clk
    SLICE_X39Y235        FDCE                                         r  dbg_hub/inst/BSCANID.u_xsdbm_id/CORE_XSDB.UUT_MASTER/U_ICON_INTERFACE/U_CMD6_WR/U_WR_FIFO/SUBCORE_FIFO.xsdbm_v3_0_0_wrfifo_inst/inst_fifo_gen/gconvfifo.rf/grf.rf/gntv_or_sync_fifo.gl0.wr/wpntr/gic0.gc0.count_reg[2]/C
  -------------------------------------------------------------------    -------------------
    SLICE_X39Y235        FDCE (Prop_DFF_SLICEL_C_Q)
                                                      0.059     2.306 r  dbg_hub/inst/BSCANID.u_xsdbm_id/CORE_XSDB.UUT_MASTER/U_ICON_INTERFACE/U_CMD6_WR/U_WR_FIFO/SUBCORE_FIFO.xsdbm_v3_0_0_wrfifo_inst/inst_fifo_gen/gconvfifo.rf/grf.rf/gntv_or_sync_fifo.gl0.wr/wpntr/gic0.gc0.count_reg[2]/Q
                         net (fo=4, routed)           0.075     2.381    dbg_hub/inst/BSCANID.u_xsdbm_id/CORE_XSDB.UUT_MASTER/U_ICON_INTERFACE/U_CMD6_WR/U_WR_FIFO/SUBCORE_FIFO.xsdbm_v3_0_0_wrfifo_inst/inst_fifo_gen/gconvfifo.rf/grf.rf/gntv_or_sync_fifo.gl0.wr/wpntr/Q[2]
    SLICE_X39Y237        FDCE                                         r  dbg_hub/inst/BSCANID.u_xsdbm_id/CORE_XSDB.UUT_MASTER/U_ICON_INTERFACE/U_CMD6_WR/U_WR_FIFO/SUBCORE_FIFO.xsdbm_v3_0_0_wrfifo_inst/inst_fifo_gen/gconvfifo.rf/grf.rf/gntv_or_sync_fifo.gl0.wr/wpntr/gic0.gc0.count_d1_reg[2]/D
  -------------------------------------------------------------------    -------------------

                         (clock dbg_hub/inst/BSCANID.u_xsdbm_id/SWITCH_N_EXT_BSCAN.bscan_inst/SERIES7_BSCAN.bscan_inst/INTERNAL_TCK rise edge)
                                                      0.000     0.000 r  
    CONFIG_SITE_X0Y0     BSCANE2                      0.000     0.000 r  dbg_hub/inst/BSCANID.u_xsdbm_id/SWITCH_N_EXT_BSCAN.bscan_inst/SERIES7_BSCAN.bscan_inst/INTERNAL_TCK
    CONFIG_SITE_X0Y0     BSCANE2 (Prop_BSCAN1_CONFIG_SITE_INTERNAL_TCK_TCK)
                                                      4.300     4.300 r  dbg_hub/inst/BSCANID.u_xsdbm_id/SWITCH_N_EXT_BSCAN.bscan_inst/SERIES7_BSCAN.bscan_inst/TCK
                         net (fo=1, routed)           1.140     5.440    dbg_hub/inst/BSCANID.u_xsdbm_id/tck_bs
    BUFGCE_X0Y50         BUFGCE (Prop_BUFCE_BUFGCE_I_O)
                                                      0.028     5.468 r  dbg_hub/inst/BSCANID.u_xsdbm_id/SWITCH_N_EXT_BSCAN.u_bufg_icon_tck/O
    X1Y2 (CLOCK_ROOT)    net (fo=494, routed)         1.106     6.574    dbg_hub/inst/BSCANID.u_xsdbm_id/CORE_XSDB.UUT_MASTER/U_ICON_INTERFACE/U_CMD6_WR/U_WR_FIFO/SUBCORE_FIFO.xsdbm_v3_0_0_wrfifo_inst/inst_fifo_gen/gconvfifo.rf/grf.rf/gntv_or_sync_fifo.gl0.wr/wpntr/wr_clk
    SLICE_X39Y237        FDCE                                         r  dbg_hub/inst/BSCANID.u_xsdbm_id/CORE_XSDB.UUT_MASTER/U_ICON_INTERFACE/U_CMD6_WR/U_WR_FIFO/SUBCORE_FIFO.xsdbm_v3_0_0_wrfifo_inst/inst_fifo_gen/gconvfifo.rf/grf.rf/gntv_or_sync_fifo.gl0.wr/wpntr/gic0.gc0.count_d1_reg[2]/C
                         clock pessimism             -4.282     2.292    
    SLICE_X39Y237        FDCE (Hold_AFF2_SLICEL_C_D)
                                                      0.062     2.354    dbg_hub/inst/BSCANID.u_xsdbm_id/CORE_XSDB.UUT_MASTER/U_ICON_INTERFACE/U_CMD6_WR/U_WR_FIFO/SUBCORE_FIFO.xsdbm_v3_0_0_wrfifo_inst/inst_fifo_gen/gconvfifo.rf/grf.rf/gntv_or_sync_fifo.gl0.wr/wpntr/gic0.gc0.count_d1_reg[2]
  -------------------------------------------------------------------
                         required time                         -2.354    
                         arrival time                           2.381    
  -------------------------------------------------------------------
                         slack                                  0.027    

Slack (MET) :             0.028ns  (arrival time - required time)
  Source:                 dbg_hub/inst/BSCANID.u_xsdbm_id/CORE_XSDB.U_ICON/U_CMD/iTARGET_reg[10]/C
                            (rising edge-triggered cell FDCE clocked by dbg_hub/inst/BSCANID.u_xsdbm_id/SWITCH_N_EXT_BSCAN.bscan_inst/SERIES7_BSCAN.bscan_inst/INTERNAL_TCK  {rise@0.000ns fall@25.000ns period=50.000ns})
  Destination:            dbg_hub/inst/BSCANID.u_xsdbm_id/CORE_XSDB.U_ICON/U_CMD/iTARGET_reg[9]/D
                            (rising edge-triggered cell FDCE clocked by dbg_hub/inst/BSCANID.u_xsdbm_id/SWITCH_N_EXT_BSCAN.bscan_inst/SERIES7_BSCAN.bscan_inst/INTERNAL_TCK  {rise@0.000ns fall@25.000ns period=50.000ns})
  Path Group:             dbg_hub/inst/BSCANID.u_xsdbm_id/SWITCH_N_EXT_BSCAN.bscan_inst/SERIES7_BSCAN.bscan_inst/INTERNAL_TCK
  Path Type:              Hold (Min at Slow Process Corner)
  Requirement:            0.000ns  (dbg_hub/inst/BSCANID.u_xsdbm_id/SWITCH_N_EXT_BSCAN.bscan_inst/SERIES7_BSCAN.bscan_inst/INTERNAL_TCK rise@0.000ns - dbg_hub/inst/BSCANID.u_xsdbm_id/SWITCH_N_EXT_BSCAN.bscan_inst/SERIES7_BSCAN.bscan_inst/INTERNAL_TCK rise@0.000ns)
  Data Path Delay:        0.131ns  (logic 0.059ns (45.038%)  route 0.072ns (54.962%))
  Logic Levels:           0  
  Clock Path Skew:        0.041ns (DCD - SCD - CPR)
    Destination Clock Delay (DCD):    6.692ns
    Source Clock Delay      (SCD):    2.358ns
    Clock Pessimism Removal (CPR):    4.293ns
  Clock Net Delay (Source):      1.061ns (routing 0.155ns, distribution 0.906ns)
  Clock Net Delay (Destination): 1.224ns (routing 0.171ns, distribution 1.053ns)

    Location             Delay type                Incr(ns)  Path(ns)    Netlist Resource(s)
  -------------------------------------------------------------------    -------------------
                         (clock dbg_hub/inst/BSCANID.u_xsdbm_id/SWITCH_N_EXT_BSCAN.bscan_inst/SERIES7_BSCAN.bscan_inst/INTERNAL_TCK rise edge)
                                                      0.000     0.000 r  
    CONFIG_SITE_X0Y0     BSCANE2                      0.000     0.000 r  dbg_hub/inst/BSCANID.u_xsdbm_id/SWITCH_N_EXT_BSCAN.bscan_inst/SERIES7_BSCAN.bscan_inst/INTERNAL_TCK
    CONFIG_SITE_X0Y0     BSCANE2 (Prop_BSCAN1_CONFIG_SITE_INTERNAL_TCK_TCK)
                                                      0.465     0.465 r  dbg_hub/inst/BSCANID.u_xsdbm_id/SWITCH_N_EXT_BSCAN.bscan_inst/SERIES7_BSCAN.bscan_inst/TCK
                         net (fo=1, routed)           0.808     1.273    dbg_hub/inst/BSCANID.u_xsdbm_id/tck_bs
    BUFGCE_X0Y50         BUFGCE (Prop_BUFCE_BUFGCE_I_O)
                                                      0.024     1.297 r  dbg_hub/inst/BSCANID.u_xsdbm_id/SWITCH_N_EXT_BSCAN.u_bufg_icon_tck/O
    X1Y2 (CLOCK_ROOT)    net (fo=494, routed)         1.061     2.358    dbg_hub/inst/BSCANID.u_xsdbm_id/CORE_XSDB.U_ICON/U_CMD/m_bscan_tck[0]
    SLICE_X49Y224        FDCE                                         r  dbg_hub/inst/BSCANID.u_xsdbm_id/CORE_XSDB.U_ICON/U_CMD/iTARGET_reg[10]/C
  -------------------------------------------------------------------    -------------------
    SLICE_X49Y224        FDCE (Prop_EFF_SLICEL_C_Q)
                                                      0.059     2.417 r  dbg_hub/inst/BSCANID.u_xsdbm_id/CORE_XSDB.U_ICON/U_CMD/iTARGET_reg[10]/Q
                         net (fo=4, routed)           0.072     2.489    dbg_hub/inst/BSCANID.u_xsdbm_id/CORE_XSDB.U_ICON/U_CMD/Q[0]
    SLICE_X49Y225        FDCE                                         r  dbg_hub/inst/BSCANID.u_xsdbm_id/CORE_XSDB.U_ICON/U_CMD/iTARGET_reg[9]/D
  -------------------------------------------------------------------    -------------------

                         (clock dbg_hub/inst/BSCANID.u_xsdbm_id/SWITCH_N_EXT_BSCAN.bscan_inst/SERIES7_BSCAN.bscan_inst/INTERNAL_TCK rise edge)
                                                      0.000     0.000 r  
    CONFIG_SITE_X0Y0     BSCANE2                      0.000     0.000 r  dbg_hub/inst/BSCANID.u_xsdbm_id/SWITCH_N_EXT_BSCAN.bscan_inst/SERIES7_BSCAN.bscan_inst/INTERNAL_TCK
    CONFIG_SITE_X0Y0     BSCANE2 (Prop_BSCAN1_CONFIG_SITE_INTERNAL_TCK_TCK)
                                                      4.300     4.300 r  dbg_hub/inst/BSCANID.u_xsdbm_id/SWITCH_N_EXT_BSCAN.bscan_inst/SERIES7_BSCAN.bscan_inst/TCK
                         net (fo=1, routed)           1.140     5.440    dbg_hub/inst/BSCANID.u_xsdbm_id/tck_bs
    BUFGCE_X0Y50         BUFGCE (Prop_BUFCE_BUFGCE_I_O)
                                                      0.028     5.468 r  dbg_hub/inst/BSCANID.u_xsdbm_id/SWITCH_N_EXT_BSCAN.u_bufg_icon_tck/O
    X1Y2 (CLOCK_ROOT)    net (fo=494, routed)         1.224     6.692    dbg_hub/inst/BSCANID.u_xsdbm_id/CORE_XSDB.U_ICON/U_CMD/m_bscan_tck[0]
    SLICE_X49Y225        FDCE                                         r  dbg_hub/inst/BSCANID.u_xsdbm_id/CORE_XSDB.U_ICON/U_CMD/iTARGET_reg[9]/C
                         clock pessimism             -4.293     2.399    
    SLICE_X49Y225        FDCE (Hold_FFF2_SLICEL_C_D)
                                                      0.062     2.461    dbg_hub/inst/BSCANID.u_xsdbm_id/CORE_XSDB.U_ICON/U_CMD/iTARGET_reg[9]
  -------------------------------------------------------------------
                         required time                         -2.461    
                         arrival time                           2.489    
  -------------------------------------------------------------------
                         slack                                  0.028    

Slack (MET) :             0.032ns  (arrival time - required time)
  Source:                 dbg_hub/inst/BSCANID.u_xsdbm_id/CORE_XSDB.UUT_MASTER/U_ICON_INTERFACE/U_CMD2/stat_reg_2_reg[2]/C
                            (rising edge-triggered cell FDRE clocked by dbg_hub/inst/BSCANID.u_xsdbm_id/SWITCH_N_EXT_BSCAN.bscan_inst/SERIES7_BSCAN.bscan_inst/INTERNAL_TCK  {rise@0.000ns fall@25.000ns period=50.000ns})
  Destination:            dbg_hub/inst/BSCANID.u_xsdbm_id/CORE_XSDB.UUT_MASTER/U_ICON_INTERFACE/U_CMD2/shift_reg_in_reg[1]/D
                            (rising edge-triggered cell FDRE clocked by dbg_hub/inst/BSCANID.u_xsdbm_id/SWITCH_N_EXT_BSCAN.bscan_inst/SERIES7_BSCAN.bscan_inst/INTERNAL_TCK  {rise@0.000ns fall@25.000ns period=50.000ns})
  Path Group:             dbg_hub/inst/BSCANID.u_xsdbm_id/SWITCH_N_EXT_BSCAN.bscan_inst/SERIES7_BSCAN.bscan_inst/INTERNAL_TCK
  Path Type:              Hold (Min at Fast Process Corner)
  Requirement:            0.000ns  (dbg_hub/inst/BSCANID.u_xsdbm_id/SWITCH_N_EXT_BSCAN.bscan_inst/SERIES7_BSCAN.bscan_inst/INTERNAL_TCK rise@0.000ns - dbg_hub/inst/BSCANID.u_xsdbm_id/SWITCH_N_EXT_BSCAN.bscan_inst/SERIES7_BSCAN.bscan_inst/INTERNAL_TCK rise@0.000ns)
  Data Path Delay:        0.125ns  (logic 0.062ns (49.600%)  route 0.063ns (50.400%))
  Logic Levels:           1  (LUT3=1)
  Clock Path Skew:        0.047ns (DCD - SCD - CPR)
    Destination Clock Delay (DCD):    5.880ns
    Source Clock Delay      (SCD):    1.754ns
    Clock Pessimism Removal (CPR):    4.079ns
  Clock Net Delay (Source):      0.669ns (routing 0.096ns, distribution 0.573ns)
  Clock Net Delay (Destination): 0.761ns (routing 0.108ns, distribution 0.653ns)

    Location             Delay type                Incr(ns)  Path(ns)    Netlist Resource(s)
  -------------------------------------------------------------------    -------------------
                         (clock dbg_hub/inst/BSCANID.u_xsdbm_id/SWITCH_N_EXT_BSCAN.bscan_inst/SERIES7_BSCAN.bscan_inst/INTERNAL_TCK rise edge)
                                                      0.000     0.000 r  
    CONFIG_SITE_X0Y0     BSCANE2                      0.000     0.000 r  dbg_hub/inst/BSCANID.u_xsdbm_id/SWITCH_N_EXT_BSCAN.bscan_inst/SERIES7_BSCAN.bscan_inst/INTERNAL_TCK
    CONFIG_SITE_X0Y0     BSCANE2 (Prop_BSCAN1_CONFIG_SITE_INTERNAL_TCK_TCK)
                                                      0.465     0.465 r  dbg_hub/inst/BSCANID.u_xsdbm_id/SWITCH_N_EXT_BSCAN.bscan_inst/SERIES7_BSCAN.bscan_inst/TCK
                         net (fo=1, routed)           0.603     1.068    dbg_hub/inst/BSCANID.u_xsdbm_id/tck_bs
    BUFGCE_X0Y50         BUFGCE (Prop_BUFCE_BUFGCE_I_O)
                                                      0.017     1.085 r  dbg_hub/inst/BSCANID.u_xsdbm_id/SWITCH_N_EXT_BSCAN.u_bufg_icon_tck/O
    X1Y2 (CLOCK_ROOT)    net (fo=494, routed)         0.669     1.754    dbg_hub/inst/BSCANID.u_xsdbm_id/CORE_XSDB.UUT_MASTER/U_ICON_INTERFACE/U_CMD2/m_bscan_tck[0]
    SLICE_X48Y229        FDRE                                         r  dbg_hub/inst/BSCANID.u_xsdbm_id/CORE_XSDB.UUT_MASTER/U_ICON_INTERFACE/U_CMD2/stat_reg_2_reg[2]/C
  -------------------------------------------------------------------    -------------------
    SLICE_X48Y229        FDRE (Prop_BFF2_SLICEL_C_Q)
                                                      0.040     1.794 r  dbg_hub/inst/BSCANID.u_xsdbm_id/CORE_XSDB.UUT_MASTER/U_ICON_INTERFACE/U_CMD2/stat_reg_2_reg[2]/Q
                         net (fo=1, routed)           0.047     1.841    dbg_hub/inst/BSCANID.u_xsdbm_id/CORE_XSDB.UUT_MASTER/U_ICON_INTERFACE/U_CMD2/stat_reg_2[2]
    SLICE_X47Y229        LUT3 (Prop_D6LUT_SLICEL_I2_O)
                                                      0.022     1.863 r  dbg_hub/inst/BSCANID.u_xsdbm_id/CORE_XSDB.UUT_MASTER/U_ICON_INTERFACE/U_CMD2/shift_reg_in[1]_i_1/O
                         net (fo=1, routed)           0.016     1.879    dbg_hub/inst/BSCANID.u_xsdbm_id/CORE_XSDB.UUT_MASTER/U_ICON_INTERFACE/U_CMD2/shift_reg_in[1]_i_1_n_0
    SLICE_X47Y229        FDRE                                         r  dbg_hub/inst/BSCANID.u_xsdbm_id/CORE_XSDB.UUT_MASTER/U_ICON_INTERFACE/U_CMD2/shift_reg_in_reg[1]/D
  -------------------------------------------------------------------    -------------------

                         (clock dbg_hub/inst/BSCANID.u_xsdbm_id/SWITCH_N_EXT_BSCAN.bscan_inst/SERIES7_BSCAN.bscan_inst/INTERNAL_TCK rise edge)
                                                      0.000     0.000 r  
    CONFIG_SITE_X0Y0     BSCANE2                      0.000     0.000 r  dbg_hub/inst/BSCANID.u_xsdbm_id/SWITCH_N_EXT_BSCAN.bscan_inst/SERIES7_BSCAN.bscan_inst/INTERNAL_TCK
    CONFIG_SITE_X0Y0     BSCANE2 (Prop_BSCAN1_CONFIG_SITE_INTERNAL_TCK_TCK)
                                                      4.300     4.300 r  dbg_hub/inst/BSCANID.u_xsdbm_id/SWITCH_N_EXT_BSCAN.bscan_inst/SERIES7_BSCAN.bscan_inst/TCK
                         net (fo=1, routed)           0.800     5.100    dbg_hub/inst/BSCANID.u_xsdbm_id/tck_bs
    BUFGCE_X0Y50         BUFGCE (Prop_BUFCE_BUFGCE_I_O)
                                                      0.019     5.119 r  dbg_hub/inst/BSCANID.u_xsdbm_id/SWITCH_N_EXT_BSCAN.u_bufg_icon_tck/O
    X1Y2 (CLOCK_ROOT)    net (fo=494, routed)         0.761     5.880    dbg_hub/inst/BSCANID.u_xsdbm_id/CORE_XSDB.UUT_MASTER/U_ICON_INTERFACE/U_CMD2/m_bscan_tck[0]
    SLICE_X47Y229        FDRE                                         r  dbg_hub/inst/BSCANID.u_xsdbm_id/CORE_XSDB.UUT_MASTER/U_ICON_INTERFACE/U_CMD2/shift_reg_in_reg[1]/C
                         clock pessimism             -4.079     1.801    
    SLICE_X47Y229        FDRE (Hold_DFF_SLICEL_C_D)
                                                      0.046     1.847    dbg_hub/inst/BSCANID.u_xsdbm_id/CORE_XSDB.UUT_MASTER/U_ICON_INTERFACE/U_CMD2/shift_reg_in_reg[1]
  -------------------------------------------------------------------
                         required time                         -1.847    
                         arrival time                           1.879    
  -------------------------------------------------------------------
                         slack                                  0.032    

Slack (MET) :             0.032ns  (arrival time - required time)
  Source:                 dbg_hub/inst/BSCANID.u_xsdbm_id/CORE_XSDB.UUT_MASTER/U_ICON_INTERFACE/U_CMD4/shift_reg_in_reg[23]/C
                            (rising edge-triggered cell FDRE clocked by dbg_hub/inst/BSCANID.u_xsdbm_id/SWITCH_N_EXT_BSCAN.bscan_inst/SERIES7_BSCAN.bscan_inst/INTERNAL_TCK  {rise@0.000ns fall@25.000ns period=50.000ns})
  Destination:            dbg_hub/inst/BSCANID.u_xsdbm_id/CORE_XSDB.UUT_MASTER/U_ICON_INTERFACE/U_CMD4/shift_reg_in_reg[22]/D
                            (rising edge-triggered cell FDRE clocked by dbg_hub/inst/BSCANID.u_xsdbm_id/SWITCH_N_EXT_BSCAN.bscan_inst/SERIES7_BSCAN.bscan_inst/INTERNAL_TCK  {rise@0.000ns fall@25.000ns period=50.000ns})
  Path Group:             dbg_hub/inst/BSCANID.u_xsdbm_id/SWITCH_N_EXT_BSCAN.bscan_inst/SERIES7_BSCAN.bscan_inst/INTERNAL_TCK
  Path Type:              Hold (Min at Fast Process Corner)
  Requirement:            0.000ns  (dbg_hub/inst/BSCANID.u_xsdbm_id/SWITCH_N_EXT_BSCAN.bscan_inst/SERIES7_BSCAN.bscan_inst/INTERNAL_TCK rise@0.000ns - dbg_hub/inst/BSCANID.u_xsdbm_id/SWITCH_N_EXT_BSCAN.bscan_inst/SERIES7_BSCAN.bscan_inst/INTERNAL_TCK rise@0.000ns)
  Data Path Delay:        0.084ns  (logic 0.039ns (46.429%)  route 0.045ns (53.571%))
  Logic Levels:           0  
  Clock Path Skew:        0.006ns (DCD - SCD - CPR)
    Destination Clock Delay (DCD):    5.896ns
    Source Clock Delay      (SCD):    1.767ns
    Clock Pessimism Removal (CPR):    4.123ns
  Clock Net Delay (Source):      0.682ns (routing 0.096ns, distribution 0.586ns)
  Clock Net Delay (Destination): 0.777ns (routing 0.108ns, distribution 0.669ns)

    Location             Delay type                Incr(ns)  Path(ns)    Netlist Resource(s)
  -------------------------------------------------------------------    -------------------
                         (clock dbg_hub/inst/BSCANID.u_xsdbm_id/SWITCH_N_EXT_BSCAN.bscan_inst/SERIES7_BSCAN.bscan_inst/INTERNAL_TCK rise edge)
                                                      0.000     0.000 r  
    CONFIG_SITE_X0Y0     BSCANE2                      0.000     0.000 r  dbg_hub/inst/BSCANID.u_xsdbm_id/SWITCH_N_EXT_BSCAN.bscan_inst/SERIES7_BSCAN.bscan_inst/INTERNAL_TCK
    CONFIG_SITE_X0Y0     BSCANE2 (Prop_BSCAN1_CONFIG_SITE_INTERNAL_TCK_TCK)
                                                      0.465     0.465 r  dbg_hub/inst/BSCANID.u_xsdbm_id/SWITCH_N_EXT_BSCAN.bscan_inst/SERIES7_BSCAN.bscan_inst/TCK
                         net (fo=1, routed)           0.603     1.068    dbg_hub/inst/BSCANID.u_xsdbm_id/tck_bs
    BUFGCE_X0Y50         BUFGCE (Prop_BUFCE_BUFGCE_I_O)
                                                      0.017     1.085 r  dbg_hub/inst/BSCANID.u_xsdbm_id/SWITCH_N_EXT_BSCAN.u_bufg_icon_tck/O
    X1Y2 (CLOCK_ROOT)    net (fo=494, routed)         0.682     1.767    dbg_hub/inst/BSCANID.u_xsdbm_id/CORE_XSDB.UUT_MASTER/U_ICON_INTERFACE/U_CMD4/m_bscan_tck[0]
    SLICE_X50Y231        FDRE                                         r  dbg_hub/inst/BSCANID.u_xsdbm_id/CORE_XSDB.UUT_MASTER/U_ICON_INTERFACE/U_CMD4/shift_reg_in_reg[23]/C
  -------------------------------------------------------------------    -------------------
    SLICE_X50Y231        FDRE (Prop_DFF_SLICEL_C_Q)
                                                      0.039     1.806 r  dbg_hub/inst/BSCANID.u_xsdbm_id/CORE_XSDB.UUT_MASTER/U_ICON_INTERFACE/U_CMD4/shift_reg_in_reg[23]/Q
                         net (fo=2, routed)           0.045     1.851    dbg_hub/inst/BSCANID.u_xsdbm_id/CORE_XSDB.UUT_MASTER/U_ICON_INTERFACE/U_CMD4/shift_reg_in[23]
    SLICE_X50Y231        FDRE                                         r  dbg_hub/inst/BSCANID.u_xsdbm_id/CORE_XSDB.UUT_MASTER/U_ICON_INTERFACE/U_CMD4/shift_reg_in_reg[22]/D
  -------------------------------------------------------------------    -------------------

                         (clock dbg_hub/inst/BSCANID.u_xsdbm_id/SWITCH_N_EXT_BSCAN.bscan_inst/SERIES7_BSCAN.bscan_inst/INTERNAL_TCK rise edge)
                                                      0.000     0.000 r  
    CONFIG_SITE_X0Y0     BSCANE2                      0.000     0.000 r  dbg_hub/inst/BSCANID.u_xsdbm_id/SWITCH_N_EXT_BSCAN.bscan_inst/SERIES7_BSCAN.bscan_inst/INTERNAL_TCK
    CONFIG_SITE_X0Y0     BSCANE2 (Prop_BSCAN1_CONFIG_SITE_INTERNAL_TCK_TCK)
                                                      4.300     4.300 r  dbg_hub/inst/BSCANID.u_xsdbm_id/SWITCH_N_EXT_BSCAN.bscan_inst/SERIES7_BSCAN.bscan_inst/TCK
                         net (fo=1, routed)           0.800     5.100    dbg_hub/inst/BSCANID.u_xsdbm_id/tck_bs
    BUFGCE_X0Y50         BUFGCE (Prop_BUFCE_BUFGCE_I_O)
                                                      0.019     5.119 r  dbg_hub/inst/BSCANID.u_xsdbm_id/SWITCH_N_EXT_BSCAN.u_bufg_icon_tck/O
    X1Y2 (CLOCK_ROOT)    net (fo=494, routed)         0.777     5.896    dbg_hub/inst/BSCANID.u_xsdbm_id/CORE_XSDB.UUT_MASTER/U_ICON_INTERFACE/U_CMD4/m_bscan_tck[0]
    SLICE_X50Y231        FDRE                                         r  dbg_hub/inst/BSCANID.u_xsdbm_id/CORE_XSDB.UUT_MASTER/U_ICON_INTERFACE/U_CMD4/shift_reg_in_reg[22]/C
                         clock pessimism             -4.123     1.773    
    SLICE_X50Y231        FDRE (Hold_CFF_SLICEL_C_D)
                                                      0.046     1.819    dbg_hub/inst/BSCANID.u_xsdbm_id/CORE_XSDB.UUT_MASTER/U_ICON_INTERFACE/U_CMD4/shift_reg_in_reg[22]
  -------------------------------------------------------------------
                         required time                         -1.819    
                         arrival time                           1.851    
  -------------------------------------------------------------------
                         slack                                  0.032    

Slack (MET) :             0.033ns  (arrival time - required time)
  Source:                 dbg_hub/inst/BSCANID.u_xsdbm_id/CORE_XSDB.UUT_MASTER/U_ICON_INTERFACE/U_CMD4/shift_reg_in_reg[25]/C
                            (rising edge-triggered cell FDRE clocked by dbg_hub/inst/BSCANID.u_xsdbm_id/SWITCH_N_EXT_BSCAN.bscan_inst/SERIES7_BSCAN.bscan_inst/INTERNAL_TCK  {rise@0.000ns fall@25.000ns period=50.000ns})
  Destination:            dbg_hub/inst/BSCANID.u_xsdbm_id/CORE_XSDB.UUT_MASTER/U_ICON_INTERFACE/U_CMD4/shift_reg_in_reg[24]/D
                            (rising edge-triggered cell FDRE clocked by dbg_hub/inst/BSCANID.u_xsdbm_id/SWITCH_N_EXT_BSCAN.bscan_inst/SERIES7_BSCAN.bscan_inst/INTERNAL_TCK  {rise@0.000ns fall@25.000ns period=50.000ns})
  Path Group:             dbg_hub/inst/BSCANID.u_xsdbm_id/SWITCH_N_EXT_BSCAN.bscan_inst/SERIES7_BSCAN.bscan_inst/INTERNAL_TCK
  Path Type:              Hold (Min at Fast Process Corner)
  Requirement:            0.000ns  (dbg_hub/inst/BSCANID.u_xsdbm_id/SWITCH_N_EXT_BSCAN.bscan_inst/SERIES7_BSCAN.bscan_inst/INTERNAL_TCK rise@0.000ns - dbg_hub/inst/BSCANID.u_xsdbm_id/SWITCH_N_EXT_BSCAN.bscan_inst/SERIES7_BSCAN.bscan_inst/INTERNAL_TCK rise@0.000ns)
  Data Path Delay:        0.085ns  (logic 0.039ns (45.882%)  route 0.046ns (54.118%))
  Logic Levels:           0  
  Clock Path Skew:        0.006ns (DCD - SCD - CPR)
    Destination Clock Delay (DCD):    5.900ns
    Source Clock Delay      (SCD):    1.770ns
    Clock Pessimism Removal (CPR):    4.124ns
  Clock Net Delay (Source):      0.685ns (routing 0.096ns, distribution 0.589ns)
  Clock Net Delay (Destination): 0.781ns (routing 0.108ns, distribution 0.673ns)

    Location             Delay type                Incr(ns)  Path(ns)    Netlist Resource(s)
  -------------------------------------------------------------------    -------------------
                         (clock dbg_hub/inst/BSCANID.u_xsdbm_id/SWITCH_N_EXT_BSCAN.bscan_inst/SERIES7_BSCAN.bscan_inst/INTERNAL_TCK rise edge)
                                                      0.000     0.000 r  
    CONFIG_SITE_X0Y0     BSCANE2                      0.000     0.000 r  dbg_hub/inst/BSCANID.u_xsdbm_id/SWITCH_N_EXT_BSCAN.bscan_inst/SERIES7_BSCAN.bscan_inst/INTERNAL_TCK
    CONFIG_SITE_X0Y0     BSCANE2 (Prop_BSCAN1_CONFIG_SITE_INTERNAL_TCK_TCK)
                                                      0.465     0.465 r  dbg_hub/inst/BSCANID.u_xsdbm_id/SWITCH_N_EXT_BSCAN.bscan_inst/SERIES7_BSCAN.bscan_inst/TCK
                         net (fo=1, routed)           0.603     1.068    dbg_hub/inst/BSCANID.u_xsdbm_id/tck_bs
    BUFGCE_X0Y50         BUFGCE (Prop_BUFCE_BUFGCE_I_O)
                                                      0.017     1.085 r  dbg_hub/inst/BSCANID.u_xsdbm_id/SWITCH_N_EXT_BSCAN.u_bufg_icon_tck/O
    X1Y2 (CLOCK_ROOT)    net (fo=494, routed)         0.685     1.770    dbg_hub/inst/BSCANID.u_xsdbm_id/CORE_XSDB.UUT_MASTER/U_ICON_INTERFACE/U_CMD4/m_bscan_tck[0]
    SLICE_X50Y231        FDRE                                         r  dbg_hub/inst/BSCANID.u_xsdbm_id/CORE_XSDB.UUT_MASTER/U_ICON_INTERFACE/U_CMD4/shift_reg_in_reg[25]/C
  -------------------------------------------------------------------    -------------------
    SLICE_X50Y231        FDRE (Prop_FFF_SLICEL_C_Q)
                                                      0.039     1.809 r  dbg_hub/inst/BSCANID.u_xsdbm_id/CORE_XSDB.UUT_MASTER/U_ICON_INTERFACE/U_CMD4/shift_reg_in_reg[25]/Q
                         net (fo=2, routed)           0.046     1.855    dbg_hub/inst/BSCANID.u_xsdbm_id/CORE_XSDB.UUT_MASTER/U_ICON_INTERFACE/U_CMD4/shift_reg_in[25]
    SLICE_X50Y231        FDRE                                         r  dbg_hub/inst/BSCANID.u_xsdbm_id/CORE_XSDB.UUT_MASTER/U_ICON_INTERFACE/U_CMD4/shift_reg_in_reg[24]/D
  -------------------------------------------------------------------    -------------------

                         (clock dbg_hub/inst/BSCANID.u_xsdbm_id/SWITCH_N_EXT_BSCAN.bscan_inst/SERIES7_BSCAN.bscan_inst/INTERNAL_TCK rise edge)
                                                      0.000     0.000 r  
    CONFIG_SITE_X0Y0     BSCANE2                      0.000     0.000 r  dbg_hub/inst/BSCANID.u_xsdbm_id/SWITCH_N_EXT_BSCAN.bscan_inst/SERIES7_BSCAN.bscan_inst/INTERNAL_TCK
    CONFIG_SITE_X0Y0     BSCANE2 (Prop_BSCAN1_CONFIG_SITE_INTERNAL_TCK_TCK)
                                                      4.300     4.300 r  dbg_hub/inst/BSCANID.u_xsdbm_id/SWITCH_N_EXT_BSCAN.bscan_inst/SERIES7_BSCAN.bscan_inst/TCK
                         net (fo=1, routed)           0.800     5.100    dbg_hub/inst/BSCANID.u_xsdbm_id/tck_bs
    BUFGCE_X0Y50         BUFGCE (Prop_BUFCE_BUFGCE_I_O)
                                                      0.019     5.119 r  dbg_hub/inst/BSCANID.u_xsdbm_id/SWITCH_N_EXT_BSCAN.u_bufg_icon_tck/O
    X1Y2 (CLOCK_ROOT)    net (fo=494, routed)         0.781     5.900    dbg_hub/inst/BSCANID.u_xsdbm_id/CORE_XSDB.UUT_MASTER/U_ICON_INTERFACE/U_CMD4/m_bscan_tck[0]
    SLICE_X50Y231        FDRE                                         r  dbg_hub/inst/BSCANID.u_xsdbm_id/CORE_XSDB.UUT_MASTER/U_ICON_INTERFACE/U_CMD4/shift_reg_in_reg[24]/C
                         clock pessimism             -4.124     1.776    
    SLICE_X50Y231        FDRE (Hold_EFF_SLICEL_C_D)
                                                      0.046     1.822    dbg_hub/inst/BSCANID.u_xsdbm_id/CORE_XSDB.UUT_MASTER/U_ICON_INTERFACE/U_CMD4/shift_reg_in_reg[24]
  -------------------------------------------------------------------
                         required time                         -1.822    
                         arrival time                           1.855    
  -------------------------------------------------------------------
                         slack                                  0.033    

Slack (MET) :             0.039ns  (arrival time - required time)
  Source:                 dbg_hub/inst/BSCANID.u_xsdbm_id/CORE_XSDB.UUT_MASTER/U_ICON_INTERFACE/U_CMD6_WR/shift_reg_in_reg[5]/C
                            (rising edge-triggered cell FDCE clocked by dbg_hub/inst/BSCANID.u_xsdbm_id/SWITCH_N_EXT_BSCAN.bscan_inst/SERIES7_BSCAN.bscan_inst/INTERNAL_TCK  {rise@0.000ns fall@25.000ns period=50.000ns})
  Destination:            dbg_hub/inst/BSCANID.u_xsdbm_id/CORE_XSDB.UUT_MASTER/U_ICON_INTERFACE/U_CMD6_WR/U_WR_FIFO/SUBCORE_FIFO.xsdbm_v3_0_0_wrfifo_inst/inst_fifo_gen/gconvfifo.rf/grf.rf/gntv_or_sync_fifo.mem/gdm.dm_gen.dm/RAM_reg_0_15_0_13/RAMC/I
                            (rising edge-triggered cell RAMD32 clocked by dbg_hub/inst/BSCANID.u_xsdbm_id/SWITCH_N_EXT_BSCAN.bscan_inst/SERIES7_BSCAN.bscan_inst/INTERNAL_TCK  {rise@0.000ns fall@25.000ns period=50.000ns})
  Path Group:             dbg_hub/inst/BSCANID.u_xsdbm_id/SWITCH_N_EXT_BSCAN.bscan_inst/SERIES7_BSCAN.bscan_inst/INTERNAL_TCK
  Path Type:              Hold (Min at Slow Process Corner)
  Requirement:            0.000ns  (dbg_hub/inst/BSCANID.u_xsdbm_id/SWITCH_N_EXT_BSCAN.bscan_inst/SERIES7_BSCAN.bscan_inst/INTERNAL_TCK rise@0.000ns - dbg_hub/inst/BSCANID.u_xsdbm_id/SWITCH_N_EXT_BSCAN.bscan_inst/SERIES7_BSCAN.bscan_inst/INTERNAL_TCK rise@0.000ns)
  Data Path Delay:        0.180ns  (logic 0.060ns (33.333%)  route 0.120ns (66.667%))
  Logic Levels:           0  
  Clock Path Skew:        0.063ns (DCD - SCD - CPR)
    Destination Clock Delay (DCD):    6.663ns
    Source Clock Delay      (SCD):    2.311ns
    Clock Pessimism Removal (CPR):    4.289ns
  Clock Net Delay (Source):      1.014ns (routing 0.155ns, distribution 0.859ns)
  Clock Net Delay (Destination): 1.195ns (routing 0.171ns, distribution 1.024ns)

    Location             Delay type                Incr(ns)  Path(ns)    Netlist Resource(s)
  -------------------------------------------------------------------    -------------------
                         (clock dbg_hub/inst/BSCANID.u_xsdbm_id/SWITCH_N_EXT_BSCAN.bscan_inst/SERIES7_BSCAN.bscan_inst/INTERNAL_TCK rise edge)
                                                      0.000     0.000 r  
    CONFIG_SITE_X0Y0     BSCANE2                      0.000     0.000 r  dbg_hub/inst/BSCANID.u_xsdbm_id/SWITCH_N_EXT_BSCAN.bscan_inst/SERIES7_BSCAN.bscan_inst/INTERNAL_TCK
    CONFIG_SITE_X0Y0     BSCANE2 (Prop_BSCAN1_CONFIG_SITE_INTERNAL_TCK_TCK)
                                                      0.465     0.465 r  dbg_hub/inst/BSCANID.u_xsdbm_id/SWITCH_N_EXT_BSCAN.bscan_inst/SERIES7_BSCAN.bscan_inst/TCK
                         net (fo=1, routed)           0.808     1.273    dbg_hub/inst/BSCANID.u_xsdbm_id/tck_bs
    BUFGCE_X0Y50         BUFGCE (Prop_BUFCE_BUFGCE_I_O)
                                                      0.024     1.297 r  dbg_hub/inst/BSCANID.u_xsdbm_id/SWITCH_N_EXT_BSCAN.u_bufg_icon_tck/O
    X1Y2 (CLOCK_ROOT)    net (fo=494, routed)         1.014     2.311    dbg_hub/inst/BSCANID.u_xsdbm_id/CORE_XSDB.UUT_MASTER/U_ICON_INTERFACE/U_CMD6_WR/m_bscan_tck[0]
    SLICE_X42Y235        FDCE                                         r  dbg_hub/inst/BSCANID.u_xsdbm_id/CORE_XSDB.UUT_MASTER/U_ICON_INTERFACE/U_CMD6_WR/shift_reg_in_reg[5]/C
  -------------------------------------------------------------------    -------------------
    SLICE_X42Y235        FDCE (Prop_BFF2_SLICEL_C_Q)
                                                      0.060     2.371 r  dbg_hub/inst/BSCANID.u_xsdbm_id/CORE_XSDB.UUT_MASTER/U_ICON_INTERFACE/U_CMD6_WR/shift_reg_in_reg[5]/Q
                         net (fo=2, routed)           0.120     2.491    dbg_hub/inst/BSCANID.u_xsdbm_id/CORE_XSDB.UUT_MASTER/U_ICON_INTERFACE/U_CMD6_WR/U_WR_FIFO/SUBCORE_FIFO.xsdbm_v3_0_0_wrfifo_inst/inst_fifo_gen/gconvfifo.rf/grf.rf/gntv_or_sync_fifo.mem/gdm.dm_gen.dm/RAM_reg_0_15_0_13/DIC0
    SLICE_X41Y235        RAMD32                                       r  dbg_hub/inst/BSCANID.u_xsdbm_id/CORE_XSDB.UUT_MASTER/U_ICON_INTERFACE/U_CMD6_WR/U_WR_FIFO/SUBCORE_FIFO.xsdbm_v3_0_0_wrfifo_inst/inst_fifo_gen/gconvfifo.rf/grf.rf/gntv_or_sync_fifo.mem/gdm.dm_gen.dm/RAM_reg_0_15_0_13/RAMC/I
  -------------------------------------------------------------------    -------------------

                         (clock dbg_hub/inst/BSCANID.u_xsdbm_id/SWITCH_N_EXT_BSCAN.bscan_inst/SERIES7_BSCAN.bscan_inst/INTERNAL_TCK rise edge)
                                                      0.000     0.000 r  
    CONFIG_SITE_X0Y0     BSCANE2                      0.000     0.000 r  dbg_hub/inst/BSCANID.u_xsdbm_id/SWITCH_N_EXT_BSCAN.bscan_inst/SERIES7_BSCAN.bscan_inst/INTERNAL_TCK
    CONFIG_SITE_X0Y0     BSCANE2 (Prop_BSCAN1_CONFIG_SITE_INTERNAL_TCK_TCK)
                                                      4.300     4.300 r  dbg_hub/inst/BSCANID.u_xsdbm_id/SWITCH_N_EXT_BSCAN.bscan_inst/SERIES7_BSCAN.bscan_inst/TCK
                         net (fo=1, routed)           1.140     5.440    dbg_hub/inst/BSCANID.u_xsdbm_id/tck_bs
    BUFGCE_X0Y50         BUFGCE (Prop_BUFCE_BUFGCE_I_O)
                                                      0.028     5.468 r  dbg_hub/inst/BSCANID.u_xsdbm_id/SWITCH_N_EXT_BSCAN.u_bufg_icon_tck/O
    X1Y2 (CLOCK_ROOT)    net (fo=494, routed)         1.195     6.663    dbg_hub/inst/BSCANID.u_xsdbm_id/CORE_XSDB.UUT_MASTER/U_ICON_INTERFACE/U_CMD6_WR/U_WR_FIFO/SUBCORE_FIFO.xsdbm_v3_0_0_wrfifo_inst/inst_fifo_gen/gconvfifo.rf/grf.rf/gntv_or_sync_fifo.mem/gdm.dm_gen.dm/RAM_reg_0_15_0_13/WCLK
    SLICE_X41Y235        RAMD32                                       r  dbg_hub/inst/BSCANID.u_xsdbm_id/CORE_XSDB.UUT_MASTER/U_ICON_INTERFACE/U_CMD6_WR/U_WR_FIFO/SUBCORE_FIFO.xsdbm_v3_0_0_wrfifo_inst/inst_fifo_gen/gconvfifo.rf/grf.rf/gntv_or_sync_fifo.mem/gdm.dm_gen.dm/RAM_reg_0_15_0_13/RAMC/CLK
                         clock pessimism             -4.289     2.374    
    SLICE_X41Y235        RAMD32 (Hold_C5LUT_SLICEM_CLK_I)
                                                      0.078     2.452    dbg_hub/inst/BSCANID.u_xsdbm_id/CORE_XSDB.UUT_MASTER/U_ICON_INTERFACE/U_CMD6_WR/U_WR_FIFO/SUBCORE_FIFO.xsdbm_v3_0_0_wrfifo_inst/inst_fifo_gen/gconvfifo.rf/grf.rf/gntv_or_sync_fifo.mem/gdm.dm_gen.dm/RAM_reg_0_15_0_13/RAMC
  -------------------------------------------------------------------
                         required time                         -2.452    
                         arrival time                           2.491    
  -------------------------------------------------------------------
                         slack                                  0.039    

Slack (MET) :             0.039ns  (arrival time - required time)
  Source:                 dbg_hub/inst/BSCANID.u_xsdbm_id/CORE_XSDB.UUT_MASTER/U_ICON_INTERFACE/U_CMD5/shift_reg_in_reg[2]/C
                            (rising edge-triggered cell FDRE clocked by dbg_hub/inst/BSCANID.u_xsdbm_id/SWITCH_N_EXT_BSCAN.bscan_inst/SERIES7_BSCAN.bscan_inst/INTERNAL_TCK  {rise@0.000ns fall@25.000ns period=50.000ns})
  Destination:            dbg_hub/inst/BSCANID.u_xsdbm_id/CORE_XSDB.UUT_MASTER/U_ICON_INTERFACE/U_CMD5/shift_reg_in_reg[1]/D
                            (rising edge-triggered cell FDRE clocked by dbg_hub/inst/BSCANID.u_xsdbm_id/SWITCH_N_EXT_BSCAN.bscan_inst/SERIES7_BSCAN.bscan_inst/INTERNAL_TCK  {rise@0.000ns fall@25.000ns period=50.000ns})
  Path Group:             dbg_hub/inst/BSCANID.u_xsdbm_id/SWITCH_N_EXT_BSCAN.bscan_inst/SERIES7_BSCAN.bscan_inst/INTERNAL_TCK
  Path Type:              Hold (Min at Fast Process Corner)
  Requirement:            0.000ns  (dbg_hub/inst/BSCANID.u_xsdbm_id/SWITCH_N_EXT_BSCAN.bscan_inst/SERIES7_BSCAN.bscan_inst/INTERNAL_TCK rise@0.000ns - dbg_hub/inst/BSCANID.u_xsdbm_id/SWITCH_N_EXT_BSCAN.bscan_inst/SERIES7_BSCAN.bscan_inst/INTERNAL_TCK rise@0.000ns)
  Data Path Delay:        0.105ns  (logic 0.038ns (36.190%)  route 0.067ns (63.810%))
  Logic Levels:           0  
  Clock Path Skew:        0.019ns (DCD - SCD - CPR)
    Destination Clock Delay (DCD):    5.878ns
    Source Clock Delay      (SCD):    1.748ns
    Clock Pessimism Removal (CPR):    4.111ns
  Clock Net Delay (Source):      0.663ns (routing 0.096ns, distribution 0.567ns)
  Clock Net Delay (Destination): 0.759ns (routing 0.108ns, distribution 0.651ns)

    Location             Delay type                Incr(ns)  Path(ns)    Netlist Resource(s)
  -------------------------------------------------------------------    -------------------
                         (clock dbg_hub/inst/BSCANID.u_xsdbm_id/SWITCH_N_EXT_BSCAN.bscan_inst/SERIES7_BSCAN.bscan_inst/INTERNAL_TCK rise edge)
                                                      0.000     0.000 r  
    CONFIG_SITE_X0Y0     BSCANE2                      0.000     0.000 r  dbg_hub/inst/BSCANID.u_xsdbm_id/SWITCH_N_EXT_BSCAN.bscan_inst/SERIES7_BSCAN.bscan_inst/INTERNAL_TCK
    CONFIG_SITE_X0Y0     BSCANE2 (Prop_BSCAN1_CONFIG_SITE_INTERNAL_TCK_TCK)
                                                      0.465     0.465 r  dbg_hub/inst/BSCANID.u_xsdbm_id/SWITCH_N_EXT_BSCAN.bscan_inst/SERIES7_BSCAN.bscan_inst/TCK
                         net (fo=1, routed)           0.603     1.068    dbg_hub/inst/BSCANID.u_xsdbm_id/tck_bs
    BUFGCE_X0Y50         BUFGCE (Prop_BUFCE_BUFGCE_I_O)
                                                      0.017     1.085 r  dbg_hub/inst/BSCANID.u_xsdbm_id/SWITCH_N_EXT_BSCAN.u_bufg_icon_tck/O
    X1Y2 (CLOCK_ROOT)    net (fo=494, routed)         0.663     1.748    dbg_hub/inst/BSCANID.u_xsdbm_id/CORE_XSDB.UUT_MASTER/U_ICON_INTERFACE/U_CMD5/m_bscan_tck[0]
    SLICE_X45Y227        FDRE                                         r  dbg_hub/inst/BSCANID.u_xsdbm_id/CORE_XSDB.UUT_MASTER/U_ICON_INTERFACE/U_CMD5/shift_reg_in_reg[2]/C
  -------------------------------------------------------------------    -------------------
    SLICE_X45Y227        FDRE (Prop_AFF_SLICEM_C_Q)
                                                      0.038     1.786 r  dbg_hub/inst/BSCANID.u_xsdbm_id/CORE_XSDB.UUT_MASTER/U_ICON_INTERFACE/U_CMD5/shift_reg_in_reg[2]/Q
                         net (fo=2, routed)           0.067     1.853    dbg_hub/inst/BSCANID.u_xsdbm_id/CORE_XSDB.UUT_MASTER/U_ICON_INTERFACE/U_CMD5/shift_reg_in[2]
    SLICE_X45Y228        FDRE                                         r  dbg_hub/inst/BSCANID.u_xsdbm_id/CORE_XSDB.UUT_MASTER/U_ICON_INTERFACE/U_CMD5/shift_reg_in_reg[1]/D
  -------------------------------------------------------------------    -------------------

                         (clock dbg_hub/inst/BSCANID.u_xsdbm_id/SWITCH_N_EXT_BSCAN.bscan_inst/SERIES7_BSCAN.bscan_inst/INTERNAL_TCK rise edge)
                                                      0.000     0.000 r  
    CONFIG_SITE_X0Y0     BSCANE2                      0.000     0.000 r  dbg_hub/inst/BSCANID.u_xsdbm_id/SWITCH_N_EXT_BSCAN.bscan_inst/SERIES7_BSCAN.bscan_inst/INTERNAL_TCK
    CONFIG_SITE_X0Y0     BSCANE2 (Prop_BSCAN1_CONFIG_SITE_INTERNAL_TCK_TCK)
                                                      4.300     4.300 r  dbg_hub/inst/BSCANID.u_xsdbm_id/SWITCH_N_EXT_BSCAN.bscan_inst/SERIES7_BSCAN.bscan_inst/TCK
                         net (fo=1, routed)           0.800     5.100    dbg_hub/inst/BSCANID.u_xsdbm_id/tck_bs
    BUFGCE_X0Y50         BUFGCE (Prop_BUFCE_BUFGCE_I_O)
                                                      0.019     5.119 r  dbg_hub/inst/BSCANID.u_xsdbm_id/SWITCH_N_EXT_BSCAN.u_bufg_icon_tck/O
    X1Y2 (CLOCK_ROOT)    net (fo=494, routed)         0.759     5.878    dbg_hub/inst/BSCANID.u_xsdbm_id/CORE_XSDB.UUT_MASTER/U_ICON_INTERFACE/U_CMD5/m_bscan_tck[0]
    SLICE_X45Y228        FDRE                                         r  dbg_hub/inst/BSCANID.u_xsdbm_id/CORE_XSDB.UUT_MASTER/U_ICON_INTERFACE/U_CMD5/shift_reg_in_reg[1]/C
                         clock pessimism             -4.111     1.767    
    SLICE_X45Y228        FDRE (Hold_BFF2_SLICEM_C_D)
                                                      0.047     1.814    dbg_hub/inst/BSCANID.u_xsdbm_id/CORE_XSDB.UUT_MASTER/U_ICON_INTERFACE/U_CMD5/shift_reg_in_reg[1]
  -------------------------------------------------------------------
                         required time                         -1.814    
                         arrival time                           1.853    
  -------------------------------------------------------------------
                         slack                                  0.039    

Slack (MET) :             0.040ns  (arrival time - required time)
  Source:                 dbg_hub/inst/BSCANID.u_xsdbm_id/CORE_XSDB.UUT_MASTER/U_ICON_INTERFACE/U_CMD6_WR/shift_reg_in_reg[14]/C
                            (rising edge-triggered cell FDCE clocked by dbg_hub/inst/BSCANID.u_xsdbm_id/SWITCH_N_EXT_BSCAN.bscan_inst/SERIES7_BSCAN.bscan_inst/INTERNAL_TCK  {rise@0.000ns fall@25.000ns period=50.000ns})
  Destination:            dbg_hub/inst/BSCANID.u_xsdbm_id/CORE_XSDB.UUT_MASTER/U_ICON_INTERFACE/U_CMD6_WR/U_WR_FIFO/SUBCORE_FIFO.xsdbm_v3_0_0_wrfifo_inst/inst_fifo_gen/gconvfifo.rf/grf.rf/gntv_or_sync_fifo.mem/gdm.dm_gen.dm/RAM_reg_0_15_0_13/RAMG_D1/I
                            (rising edge-triggered cell RAMD32 clocked by dbg_hub/inst/BSCANID.u_xsdbm_id/SWITCH_N_EXT_BSCAN.bscan_inst/SERIES7_BSCAN.bscan_inst/INTERNAL_TCK  {rise@0.000ns fall@25.000ns period=50.000ns})
  Path Group:             dbg_hub/inst/BSCANID.u_xsdbm_id/SWITCH_N_EXT_BSCAN.bscan_inst/SERIES7_BSCAN.bscan_inst/INTERNAL_TCK
  Path Type:              Hold (Min at Fast Process Corner)
  Requirement:            0.000ns  (dbg_hub/inst/BSCANID.u_xsdbm_id/SWITCH_N_EXT_BSCAN.bscan_inst/SERIES7_BSCAN.bscan_inst/INTERNAL_TCK rise@0.000ns - dbg_hub/inst/BSCANID.u_xsdbm_id/SWITCH_N_EXT_BSCAN.bscan_inst/SERIES7_BSCAN.bscan_inst/INTERNAL_TCK rise@0.000ns)
  Data Path Delay:        0.127ns  (logic 0.039ns (30.709%)  route 0.088ns (69.291%))
  Logic Levels:           0  
  Clock Path Skew:        0.043ns (DCD - SCD - CPR)
    Destination Clock Delay (DCD):    5.888ns
    Source Clock Delay      (SCD):    1.735ns
    Clock Pessimism Removal (CPR):    4.110ns
  Clock Net Delay (Source):      0.650ns (routing 0.096ns, distribution 0.554ns)
  Clock Net Delay (Destination): 0.769ns (routing 0.108ns, distribution 0.661ns)

    Location             Delay type                Incr(ns)  Path(ns)    Netlist Resource(s)
  -------------------------------------------------------------------    -------------------
                         (clock dbg_hub/inst/BSCANID.u_xsdbm_id/SWITCH_N_EXT_BSCAN.bscan_inst/SERIES7_BSCAN.bscan_inst/INTERNAL_TCK rise edge)
                                                      0.000     0.000 r  
    CONFIG_SITE_X0Y0     BSCANE2                      0.000     0.000 r  dbg_hub/inst/BSCANID.u_xsdbm_id/SWITCH_N_EXT_BSCAN.bscan_inst/SERIES7_BSCAN.bscan_inst/INTERNAL_TCK
    CONFIG_SITE_X0Y0     BSCANE2 (Prop_BSCAN1_CONFIG_SITE_INTERNAL_TCK_TCK)
                                                      0.465     0.465 r  dbg_hub/inst/BSCANID.u_xsdbm_id/SWITCH_N_EXT_BSCAN.bscan_inst/SERIES7_BSCAN.bscan_inst/TCK
                         net (fo=1, routed)           0.603     1.068    dbg_hub/inst/BSCANID.u_xsdbm_id/tck_bs
    BUFGCE_X0Y50         BUFGCE (Prop_BUFCE_BUFGCE_I_O)
                                                      0.017     1.085 r  dbg_hub/inst/BSCANID.u_xsdbm_id/SWITCH_N_EXT_BSCAN.u_bufg_icon_tck/O
    X1Y2 (CLOCK_ROOT)    net (fo=494, routed)         0.650     1.735    dbg_hub/inst/BSCANID.u_xsdbm_id/CORE_XSDB.UUT_MASTER/U_ICON_INTERFACE/U_CMD6_WR/m_bscan_tck[0]
    SLICE_X42Y236        FDCE                                         r  dbg_hub/inst/BSCANID.u_xsdbm_id/CORE_XSDB.UUT_MASTER/U_ICON_INTERFACE/U_CMD6_WR/shift_reg_in_reg[14]/C
  -------------------------------------------------------------------    -------------------
    SLICE_X42Y236        FDCE (Prop_AFF_SLICEL_C_Q)
                                                      0.039     1.774 r  dbg_hub/inst/BSCANID.u_xsdbm_id/CORE_XSDB.UUT_MASTER/U_ICON_INTERFACE/U_CMD6_WR/shift_reg_in_reg[14]/Q
                         net (fo=2, routed)           0.088     1.862    dbg_hub/inst/BSCANID.u_xsdbm_id/CORE_XSDB.UUT_MASTER/U_ICON_INTERFACE/U_CMD6_WR/U_WR_FIFO/SUBCORE_FIFO.xsdbm_v3_0_0_wrfifo_inst/inst_fifo_gen/gconvfifo.rf/grf.rf/gntv_or_sync_fifo.mem/gdm.dm_gen.dm/RAM_reg_0_15_0_13/DIG1
    SLICE_X41Y235        RAMD32                                       r  dbg_hub/inst/BSCANID.u_xsdbm_id/CORE_XSDB.UUT_MASTER/U_ICON_INTERFACE/U_CMD6_WR/U_WR_FIFO/SUBCORE_FIFO.xsdbm_v3_0_0_wrfifo_inst/inst_fifo_gen/gconvfifo.rf/grf.rf/gntv_or_sync_fifo.mem/gdm.dm_gen.dm/RAM_reg_0_15_0_13/RAMG_D1/I
  -------------------------------------------------------------------    -------------------

                         (clock dbg_hub/inst/BSCANID.u_xsdbm_id/SWITCH_N_EXT_BSCAN.bscan_inst/SERIES7_BSCAN.bscan_inst/INTERNAL_TCK rise edge)
                                                      0.000     0.000 r  
    CONFIG_SITE_X0Y0     BSCANE2                      0.000     0.000 r  dbg_hub/inst/BSCANID.u_xsdbm_id/SWITCH_N_EXT_BSCAN.bscan_inst/SERIES7_BSCAN.bscan_inst/INTERNAL_TCK
    CONFIG_SITE_X0Y0     BSCANE2 (Prop_BSCAN1_CONFIG_SITE_INTERNAL_TCK_TCK)
                                                      4.300     4.300 r  dbg_hub/inst/BSCANID.u_xsdbm_id/SWITCH_N_EXT_BSCAN.bscan_inst/SERIES7_BSCAN.bscan_inst/TCK
                         net (fo=1, routed)           0.800     5.100    dbg_hub/inst/BSCANID.u_xsdbm_id/tck_bs
    BUFGCE_X0Y50         BUFGCE (Prop_BUFCE_BUFGCE_I_O)
                                                      0.019     5.119 r  dbg_hub/inst/BSCANID.u_xsdbm_id/SWITCH_N_EXT_BSCAN.u_bufg_icon_tck/O
    X1Y2 (CLOCK_ROOT)    net (fo=494, routed)         0.769     5.888    dbg_hub/inst/BSCANID.u_xsdbm_id/CORE_XSDB.UUT_MASTER/U_ICON_INTERFACE/U_CMD6_WR/U_WR_FIFO/SUBCORE_FIFO.xsdbm_v3_0_0_wrfifo_inst/inst_fifo_gen/gconvfifo.rf/grf.rf/gntv_or_sync_fifo.mem/gdm.dm_gen.dm/RAM_reg_0_15_0_13/WCLK
    SLICE_X41Y235        RAMD32                                       r  dbg_hub/inst/BSCANID.u_xsdbm_id/CORE_XSDB.UUT_MASTER/U_ICON_INTERFACE/U_CMD6_WR/U_WR_FIFO/SUBCORE_FIFO.xsdbm_v3_0_0_wrfifo_inst/inst_fifo_gen/gconvfifo.rf/grf.rf/gntv_or_sync_fifo.mem/gdm.dm_gen.dm/RAM_reg_0_15_0_13/RAMG_D1/CLK
                         clock pessimism             -4.110     1.778    
    SLICE_X41Y235        RAMD32 (Hold_G6LUT_SLICEM_CLK_I)
                                                      0.044     1.822    dbg_hub/inst/BSCANID.u_xsdbm_id/CORE_XSDB.UUT_MASTER/U_ICON_INTERFACE/U_CMD6_WR/U_WR_FIFO/SUBCORE_FIFO.xsdbm_v3_0_0_wrfifo_inst/inst_fifo_gen/gconvfifo.rf/grf.rf/gntv_or_sync_fifo.mem/gdm.dm_gen.dm/RAM_reg_0_15_0_13/RAMG_D1
  -------------------------------------------------------------------
                         required time                         -1.822    
                         arrival time                           1.862    
  -------------------------------------------------------------------
                         slack                                  0.040    

Slack (MET) :             0.040ns  (arrival time - required time)
  Source:                 dbg_hub/inst/BSCANID.u_xsdbm_id/CORE_XSDB.UUT_MASTER/U_ICON_INTERFACE/icn_cmd_en_reg[4]/C
                            (rising edge-triggered cell FDRE clocked by dbg_hub/inst/BSCANID.u_xsdbm_id/SWITCH_N_EXT_BSCAN.bscan_inst/SERIES7_BSCAN.bscan_inst/INTERNAL_TCK  {rise@0.000ns fall@25.000ns period=50.000ns})
  Destination:            dbg_hub/inst/BSCANID.u_xsdbm_id/CORE_XSDB.UUT_MASTER/U_ICON_INTERFACE/U_CMD4/icn_cmd_en_temp_reg/D
                            (rising edge-triggered cell FDRE clocked by dbg_hub/inst/BSCANID.u_xsdbm_id/SWITCH_N_EXT_BSCAN.bscan_inst/SERIES7_BSCAN.bscan_inst/INTERNAL_TCK  {rise@0.000ns fall@25.000ns period=50.000ns})
  Path Group:             dbg_hub/inst/BSCANID.u_xsdbm_id/SWITCH_N_EXT_BSCAN.bscan_inst/SERIES7_BSCAN.bscan_inst/INTERNAL_TCK
  Path Type:              Hold (Min at Slow Process Corner)
  Requirement:            0.000ns  (dbg_hub/inst/BSCANID.u_xsdbm_id/SWITCH_N_EXT_BSCAN.bscan_inst/SERIES7_BSCAN.bscan_inst/INTERNAL_TCK rise@0.000ns - dbg_hub/inst/BSCANID.u_xsdbm_id/SWITCH_N_EXT_BSCAN.bscan_inst/SERIES7_BSCAN.bscan_inst/INTERNAL_TCK rise@0.000ns)
  Data Path Delay:        0.205ns  (logic 0.059ns (28.780%)  route 0.146ns (71.220%))
  Logic Levels:           0  
  Clock Path Skew:        0.103ns (DCD - SCD - CPR)
    Destination Clock Delay (DCD):    6.708ns
    Source Clock Delay      (SCD):    2.365ns
    Clock Pessimism Removal (CPR):    4.240ns
  Clock Net Delay (Source):      1.068ns (routing 0.155ns, distribution 0.913ns)
  Clock Net Delay (Destination): 1.240ns (routing 0.171ns, distribution 1.069ns)

    Location             Delay type                Incr(ns)  Path(ns)    Netlist Resource(s)
  -------------------------------------------------------------------    -------------------
                         (clock dbg_hub/inst/BSCANID.u_xsdbm_id/SWITCH_N_EXT_BSCAN.bscan_inst/SERIES7_BSCAN.bscan_inst/INTERNAL_TCK rise edge)
                                                      0.000     0.000 r  
    CONFIG_SITE_X0Y0     BSCANE2                      0.000     0.000 r  dbg_hub/inst/BSCANID.u_xsdbm_id/SWITCH_N_EXT_BSCAN.bscan_inst/SERIES7_BSCAN.bscan_inst/INTERNAL_TCK
    CONFIG_SITE_X0Y0     BSCANE2 (Prop_BSCAN1_CONFIG_SITE_INTERNAL_TCK_TCK)
                                                      0.465     0.465 r  dbg_hub/inst/BSCANID.u_xsdbm_id/SWITCH_N_EXT_BSCAN.bscan_inst/SERIES7_BSCAN.bscan_inst/TCK
                         net (fo=1, routed)           0.808     1.273    dbg_hub/inst/BSCANID.u_xsdbm_id/tck_bs
    BUFGCE_X0Y50         BUFGCE (Prop_BUFCE_BUFGCE_I_O)
                                                      0.024     1.297 r  dbg_hub/inst/BSCANID.u_xsdbm_id/SWITCH_N_EXT_BSCAN.u_bufg_icon_tck/O
    X1Y2 (CLOCK_ROOT)    net (fo=494, routed)         1.068     2.365    dbg_hub/inst/BSCANID.u_xsdbm_id/CORE_XSDB.UUT_MASTER/U_ICON_INTERFACE/m_bscan_tck[0]
    SLICE_X49Y227        FDRE                                         r  dbg_hub/inst/BSCANID.u_xsdbm_id/CORE_XSDB.UUT_MASTER/U_ICON_INTERFACE/icn_cmd_en_reg[4]/C
  -------------------------------------------------------------------    -------------------
    SLICE_X49Y227        FDRE (Prop_EFF_SLICEL_C_Q)
                                                      0.059     2.424 r  dbg_hub/inst/BSCANID.u_xsdbm_id/CORE_XSDB.UUT_MASTER/U_ICON_INTERFACE/icn_cmd_en_reg[4]/Q
                         net (fo=4, routed)           0.146     2.570    dbg_hub/inst/BSCANID.u_xsdbm_id/CORE_XSDB.UUT_MASTER/U_ICON_INTERFACE/U_CMD4/icn_cmd_en_temp_reg_0
    SLICE_X50Y228        FDRE                                         r  dbg_hub/inst/BSCANID.u_xsdbm_id/CORE_XSDB.UUT_MASTER/U_ICON_INTERFACE/U_CMD4/icn_cmd_en_temp_reg/D
  -------------------------------------------------------------------    -------------------

                         (clock dbg_hub/inst/BSCANID.u_xsdbm_id/SWITCH_N_EXT_BSCAN.bscan_inst/SERIES7_BSCAN.bscan_inst/INTERNAL_TCK rise edge)
                                                      0.000     0.000 r  
    CONFIG_SITE_X0Y0     BSCANE2                      0.000     0.000 r  dbg_hub/inst/BSCANID.u_xsdbm_id/SWITCH_N_EXT_BSCAN.bscan_inst/SERIES7_BSCAN.bscan_inst/INTERNAL_TCK
    CONFIG_SITE_X0Y0     BSCANE2 (Prop_BSCAN1_CONFIG_SITE_INTERNAL_TCK_TCK)
                                                      4.300     4.300 r  dbg_hub/inst/BSCANID.u_xsdbm_id/SWITCH_N_EXT_BSCAN.bscan_inst/SERIES7_BSCAN.bscan_inst/TCK
                         net (fo=1, routed)           1.140     5.440    dbg_hub/inst/BSCANID.u_xsdbm_id/tck_bs
    BUFGCE_X0Y50         BUFGCE (Prop_BUFCE_BUFGCE_I_O)
                                                      0.028     5.468 r  dbg_hub/inst/BSCANID.u_xsdbm_id/SWITCH_N_EXT_BSCAN.u_bufg_icon_tck/O
    X1Y2 (CLOCK_ROOT)    net (fo=494, routed)         1.240     6.708    dbg_hub/inst/BSCANID.u_xsdbm_id/CORE_XSDB.UUT_MASTER/U_ICON_INTERFACE/U_CMD4/m_bscan_tck[0]
    SLICE_X50Y228        FDRE                                         r  dbg_hub/inst/BSCANID.u_xsdbm_id/CORE_XSDB.UUT_MASTER/U_ICON_INTERFACE/U_CMD4/icn_cmd_en_temp_reg/C
                         clock pessimism             -4.240     2.468    
    SLICE_X50Y228        FDRE (Hold_HFF2_SLICEL_C_D)
                                                      0.062     2.530    dbg_hub/inst/BSCANID.u_xsdbm_id/CORE_XSDB.UUT_MASTER/U_ICON_INTERFACE/U_CMD4/icn_cmd_en_temp_reg
  -------------------------------------------------------------------
                         required time                         -2.530    
                         arrival time                           2.570    
  -------------------------------------------------------------------
                         slack                                  0.040    





Pulse Width Checks
--------------------------------------------------------------------------------------
Clock Name:         dbg_hub/inst/BSCANID.u_xsdbm_id/SWITCH_N_EXT_BSCAN.bscan_inst/SERIES7_BSCAN.bscan_inst/INTERNAL_TCK
Waveform(ns):       { 0.000 25.000 }
Period(ns):         50.000
Sources:            { dbg_hub/inst/BSCANID.u_xsdbm_id/SWITCH_N_EXT_BSCAN.bscan_inst/SERIES7_BSCAN.bscan_inst/INTERNAL_TCK }

Check Type        Corner  Lib Pin     Reference Pin  Required(ns)  Actual(ns)  Slack(ns)  Location       Pin
Min Period        n/a     BUFGCE/I    n/a            1.290         50.000      48.710     BUFGCE_X0Y50   dbg_hub/inst/BSCANID.u_xsdbm_id/SWITCH_N_EXT_BSCAN.u_bufg_icon_tck/I
Min Period        n/a     RAMS32/CLK  n/a            1.064         50.000      48.936     SLICE_X41Y236  dbg_hub/inst/BSCANID.u_xsdbm_id/CORE_XSDB.UUT_MASTER/U_ICON_INTERFACE/U_CMD6_WR/U_WR_FIFO/SUBCORE_FIFO.xsdbm_v3_0_0_wrfifo_inst/inst_fifo_gen/gconvfifo.rf/grf.rf/gntv_or_sync_fifo.mem/gdm.dm_gen.dm/RAM_reg_0_15_14_15/RAMH/CLK
Min Period        n/a     RAMS32/CLK  n/a            1.064         50.000      48.936     SLICE_X41Y236  dbg_hub/inst/BSCANID.u_xsdbm_id/CORE_XSDB.UUT_MASTER/U_ICON_INTERFACE/U_CMD6_WR/U_WR_FIFO/SUBCORE_FIFO.xsdbm_v3_0_0_wrfifo_inst/inst_fifo_gen/gconvfifo.rf/grf.rf/gntv_or_sync_fifo.mem/gdm.dm_gen.dm/RAM_reg_0_15_14_15/RAMH_D1/CLK
Min Period        n/a     RAMD32/CLK  n/a            1.064         50.000      48.936     SLICE_X41Y235  dbg_hub/inst/BSCANID.u_xsdbm_id/CORE_XSDB.UUT_MASTER/U_ICON_INTERFACE/U_CMD6_WR/U_WR_FIFO/SUBCORE_FIFO.xsdbm_v3_0_0_wrfifo_inst/inst_fifo_gen/gconvfifo.rf/grf.rf/gntv_or_sync_fifo.mem/gdm.dm_gen.dm/RAM_reg_0_15_0_13/RAMA/CLK
Min Period        n/a     RAMD32/CLK  n/a            1.064         50.000      48.936     SLICE_X41Y235  dbg_hub/inst/BSCANID.u_xsdbm_id/CORE_XSDB.UUT_MASTER/U_ICON_INTERFACE/U_CMD6_WR/U_WR_FIFO/SUBCORE_FIFO.xsdbm_v3_0_0_wrfifo_inst/inst_fifo_gen/gconvfifo.rf/grf.rf/gntv_or_sync_fifo.mem/gdm.dm_gen.dm/RAM_reg_0_15_0_13/RAMA_D1/CLK
Min Period        n/a     RAMD32/CLK  n/a            1.064         50.000      48.936     SLICE_X41Y235  dbg_hub/inst/BSCANID.u_xsdbm_id/CORE_XSDB.UUT_MASTER/U_ICON_INTERFACE/U_CMD6_WR/U_WR_FIFO/SUBCORE_FIFO.xsdbm_v3_0_0_wrfifo_inst/inst_fifo_gen/gconvfifo.rf/grf.rf/gntv_or_sync_fifo.mem/gdm.dm_gen.dm/RAM_reg_0_15_0_13/RAMB/CLK
Min Period        n/a     RAMD32/CLK  n/a            1.064         50.000      48.936     SLICE_X41Y235  dbg_hub/inst/BSCANID.u_xsdbm_id/CORE_XSDB.UUT_MASTER/U_ICON_INTERFACE/U_CMD6_WR/U_WR_FIFO/SUBCORE_FIFO.xsdbm_v3_0_0_wrfifo_inst/inst_fifo_gen/gconvfifo.rf/grf.rf/gntv_or_sync_fifo.mem/gdm.dm_gen.dm/RAM_reg_0_15_0_13/RAMB_D1/CLK
Min Period        n/a     RAMD32/CLK  n/a            1.064         50.000      48.936     SLICE_X41Y235  dbg_hub/inst/BSCANID.u_xsdbm_id/CORE_XSDB.UUT_MASTER/U_ICON_INTERFACE/U_CMD6_WR/U_WR_FIFO/SUBCORE_FIFO.xsdbm_v3_0_0_wrfifo_inst/inst_fifo_gen/gconvfifo.rf/grf.rf/gntv_or_sync_fifo.mem/gdm.dm_gen.dm/RAM_reg_0_15_0_13/RAMC/CLK
Min Period        n/a     RAMD32/CLK  n/a            1.064         50.000      48.936     SLICE_X41Y235  dbg_hub/inst/BSCANID.u_xsdbm_id/CORE_XSDB.UUT_MASTER/U_ICON_INTERFACE/U_CMD6_WR/U_WR_FIFO/SUBCORE_FIFO.xsdbm_v3_0_0_wrfifo_inst/inst_fifo_gen/gconvfifo.rf/grf.rf/gntv_or_sync_fifo.mem/gdm.dm_gen.dm/RAM_reg_0_15_0_13/RAMC_D1/CLK
Min Period        n/a     RAMD32/CLK  n/a            1.064         50.000      48.936     SLICE_X41Y235  dbg_hub/inst/BSCANID.u_xsdbm_id/CORE_XSDB.UUT_MASTER/U_ICON_INTERFACE/U_CMD6_WR/U_WR_FIFO/SUBCORE_FIFO.xsdbm_v3_0_0_wrfifo_inst/inst_fifo_gen/gconvfifo.rf/grf.rf/gntv_or_sync_fifo.mem/gdm.dm_gen.dm/RAM_reg_0_15_0_13/RAMD/CLK
Low Pulse Width   Fast    RAMS32/CLK  n/a            0.532         25.000      24.468     SLICE_X41Y236  dbg_hub/inst/BSCANID.u_xsdbm_id/CORE_XSDB.UUT_MASTER/U_ICON_INTERFACE/U_CMD6_WR/U_WR_FIFO/SUBCORE_FIFO.xsdbm_v3_0_0_wrfifo_inst/inst_fifo_gen/gconvfifo.rf/grf.rf/gntv_or_sync_fifo.mem/gdm.dm_gen.dm/RAM_reg_0_15_14_15/RAMH/CLK
Low Pulse Width   Fast    RAMS32/CLK  n/a            0.532         25.000      24.468     SLICE_X41Y236  dbg_hub/inst/BSCANID.u_xsdbm_id/CORE_XSDB.UUT_MASTER/U_ICON_INTERFACE/U_CMD6_WR/U_WR_FIFO/SUBCORE_FIFO.xsdbm_v3_0_0_wrfifo_inst/inst_fifo_gen/gconvfifo.rf/grf.rf/gntv_or_sync_fifo.mem/gdm.dm_gen.dm/RAM_reg_0_15_14_15/RAMH_D1/CLK
Low Pulse Width   Fast    RAMD32/CLK  n/a            0.532         25.000      24.468     SLICE_X41Y235  dbg_hub/inst/BSCANID.u_xsdbm_id/CORE_XSDB.UUT_MASTER/U_ICON_INTERFACE/U_CMD6_WR/U_WR_FIFO/SUBCORE_FIFO.xsdbm_v3_0_0_wrfifo_inst/inst_fifo_gen/gconvfifo.rf/grf.rf/gntv_or_sync_fifo.mem/gdm.dm_gen.dm/RAM_reg_0_15_0_13/RAMA/CLK
Low Pulse Width   Fast    RAMD32/CLK  n/a            0.532         25.000      24.468     SLICE_X41Y235  dbg_hub/inst/BSCANID.u_xsdbm_id/CORE_XSDB.UUT_MASTER/U_ICON_INTERFACE/U_CMD6_WR/U_WR_FIFO/SUBCORE_FIFO.xsdbm_v3_0_0_wrfifo_inst/inst_fifo_gen/gconvfifo.rf/grf.rf/gntv_or_sync_fifo.mem/gdm.dm_gen.dm/RAM_reg_0_15_0_13/RAMA_D1/CLK
Low Pulse Width   Fast    RAMD32/CLK  n/a            0.532         25.000      24.468     SLICE_X41Y235  dbg_hub/inst/BSCANID.u_xsdbm_id/CORE_XSDB.UUT_MASTER/U_ICON_INTERFACE/U_CMD6_WR/U_WR_FIFO/SUBCORE_FIFO.xsdbm_v3_0_0_wrfifo_inst/inst_fifo_gen/gconvfifo.rf/grf.rf/gntv_or_sync_fifo.mem/gdm.dm_gen.dm/RAM_reg_0_15_0_13/RAMB/CLK
Low Pulse Width   Fast    RAMD32/CLK  n/a            0.532         25.000      24.468     SLICE_X41Y235  dbg_hub/inst/BSCANID.u_xsdbm_id/CORE_XSDB.UUT_MASTER/U_ICON_INTERFACE/U_CMD6_WR/U_WR_FIFO/SUBCORE_FIFO.xsdbm_v3_0_0_wrfifo_inst/inst_fifo_gen/gconvfifo.rf/grf.rf/gntv_or_sync_fifo.mem/gdm.dm_gen.dm/RAM_reg_0_15_0_13/RAMB_D1/CLK
Low Pulse Width   Fast    RAMD32/CLK  n/a            0.532         25.000      24.468     SLICE_X41Y235  dbg_hub/inst/BSCANID.u_xsdbm_id/CORE_XSDB.UUT_MASTER/U_ICON_INTERFACE/U_CMD6_WR/U_WR_FIFO/SUBCORE_FIFO.xsdbm_v3_0_0_wrfifo_inst/inst_fifo_gen/gconvfifo.rf/grf.rf/gntv_or_sync_fifo.mem/gdm.dm_gen.dm/RAM_reg_0_15_0_13/RAMC/CLK
Low Pulse Width   Fast    RAMD32/CLK  n/a            0.532         25.000      24.468     SLICE_X41Y235  dbg_hub/inst/BSCANID.u_xsdbm_id/CORE_XSDB.UUT_MASTER/U_ICON_INTERFACE/U_CMD6_WR/U_WR_FIFO/SUBCORE_FIFO.xsdbm_v3_0_0_wrfifo_inst/inst_fifo_gen/gconvfifo.rf/grf.rf/gntv_or_sync_fifo.mem/gdm.dm_gen.dm/RAM_reg_0_15_0_13/RAMC_D1/CLK
Low Pulse Width   Fast    RAMD32/CLK  n/a            0.532         25.000      24.468     SLICE_X41Y235  dbg_hub/inst/BSCANID.u_xsdbm_id/CORE_XSDB.UUT_MASTER/U_ICON_INTERFACE/U_CMD6_WR/U_WR_FIFO/SUBCORE_FIFO.xsdbm_v3_0_0_wrfifo_inst/inst_fifo_gen/gconvfifo.rf/grf.rf/gntv_or_sync_fifo.mem/gdm.dm_gen.dm/RAM_reg_0_15_0_13/RAMD/CLK
Low Pulse Width   Fast    RAMD32/CLK  n/a            0.532         25.000      24.468     SLICE_X41Y235  dbg_hub/inst/BSCANID.u_xsdbm_id/CORE_XSDB.UUT_MASTER/U_ICON_INTERFACE/U_CMD6_WR/U_WR_FIFO/SUBCORE_FIFO.xsdbm_v3_0_0_wrfifo_inst/inst_fifo_gen/gconvfifo.rf/grf.rf/gntv_or_sync_fifo.mem/gdm.dm_gen.dm/RAM_reg_0_15_0_13/RAMD_D1/CLK
High Pulse Width  Slow    RAMS32/CLK  n/a            0.532         25.000      24.468     SLICE_X41Y236  dbg_hub/inst/BSCANID.u_xsdbm_id/CORE_XSDB.UUT_MASTER/U_ICON_INTERFACE/U_CMD6_WR/U_WR_FIFO/SUBCORE_FIFO.xsdbm_v3_0_0_wrfifo_inst/inst_fifo_gen/gconvfifo.rf/grf.rf/gntv_or_sync_fifo.mem/gdm.dm_gen.dm/RAM_reg_0_15_14_15/RAMH/CLK
High Pulse Width  Slow    RAMS32/CLK  n/a            0.532         25.000      24.468     SLICE_X41Y236  dbg_hub/inst/BSCANID.u_xsdbm_id/CORE_XSDB.UUT_MASTER/U_ICON_INTERFACE/U_CMD6_WR/U_WR_FIFO/SUBCORE_FIFO.xsdbm_v3_0_0_wrfifo_inst/inst_fifo_gen/gconvfifo.rf/grf.rf/gntv_or_sync_fifo.mem/gdm.dm_gen.dm/RAM_reg_0_15_14_15/RAMH_D1/CLK
High Pulse Width  Slow    RAMD32/CLK  n/a            0.532         25.000      24.468     SLICE_X41Y236  dbg_hub/inst/BSCANID.u_xsdbm_id/CORE_XSDB.UUT_MASTER/U_ICON_INTERFACE/U_CMD6_WR/U_WR_FIFO/SUBCORE_FIFO.xsdbm_v3_0_0_wrfifo_inst/inst_fifo_gen/gconvfifo.rf/grf.rf/gntv_or_sync_fifo.mem/gdm.dm_gen.dm/RAM_reg_0_15_14_15/RAMA/CLK
High Pulse Width  Slow    RAMD32/CLK  n/a            0.532         25.000      24.468     SLICE_X41Y236  dbg_hub/inst/BSCANID.u_xsdbm_id/CORE_XSDB.UUT_MASTER/U_ICON_INTERFACE/U_CMD6_WR/U_WR_FIFO/SUBCORE_FIFO.xsdbm_v3_0_0_wrfifo_inst/inst_fifo_gen/gconvfifo.rf/grf.rf/gntv_or_sync_fifo.mem/gdm.dm_gen.dm/RAM_reg_0_15_14_15/RAMA_D1/CLK
High Pulse Width  Slow    RAMD32/CLK  n/a            0.532         25.000      24.468     SLICE_X41Y236  dbg_hub/inst/BSCANID.u_xsdbm_id/CORE_XSDB.UUT_MASTER/U_ICON_INTERFACE/U_CMD6_WR/U_WR_FIFO/SUBCORE_FIFO.xsdbm_v3_0_0_wrfifo_inst/inst_fifo_gen/gconvfifo.rf/grf.rf/gntv_or_sync_fifo.mem/gdm.dm_gen.dm/RAM_reg_0_15_14_15/RAMB/CLK
High Pulse Width  Slow    RAMD32/CLK  n/a            0.532         25.000      24.468     SLICE_X41Y236  dbg_hub/inst/BSCANID.u_xsdbm_id/CORE_XSDB.UUT_MASTER/U_ICON_INTERFACE/U_CMD6_WR/U_WR_FIFO/SUBCORE_FIFO.xsdbm_v3_0_0_wrfifo_inst/inst_fifo_gen/gconvfifo.rf/grf.rf/gntv_or_sync_fifo.mem/gdm.dm_gen.dm/RAM_reg_0_15_14_15/RAMB_D1/CLK
High Pulse Width  Slow    RAMD32/CLK  n/a            0.532         25.000      24.468     SLICE_X41Y236  dbg_hub/inst/BSCANID.u_xsdbm_id/CORE_XSDB.UUT_MASTER/U_ICON_INTERFACE/U_CMD6_WR/U_WR_FIFO/SUBCORE_FIFO.xsdbm_v3_0_0_wrfifo_inst/inst_fifo_gen/gconvfifo.rf/grf.rf/gntv_or_sync_fifo.mem/gdm.dm_gen.dm/RAM_reg_0_15_14_15/RAMC/CLK
High Pulse Width  Slow    RAMD32/CLK  n/a            0.532         25.000      24.468     SLICE_X41Y236  dbg_hub/inst/BSCANID.u_xsdbm_id/CORE_XSDB.UUT_MASTER/U_ICON_INTERFACE/U_CMD6_WR/U_WR_FIFO/SUBCORE_FIFO.xsdbm_v3_0_0_wrfifo_inst/inst_fifo_gen/gconvfifo.rf/grf.rf/gntv_or_sync_fifo.mem/gdm.dm_gen.dm/RAM_reg_0_15_14_15/RAMC_D1/CLK
High Pulse Width  Slow    RAMD32/CLK  n/a            0.532         25.000      24.468     SLICE_X41Y236  dbg_hub/inst/BSCANID.u_xsdbm_id/CORE_XSDB.UUT_MASTER/U_ICON_INTERFACE/U_CMD6_WR/U_WR_FIFO/SUBCORE_FIFO.xsdbm_v3_0_0_wrfifo_inst/inst_fifo_gen/gconvfifo.rf/grf.rf/gntv_or_sync_fifo.mem/gdm.dm_gen.dm/RAM_reg_0_15_14_15/RAMD/CLK
High Pulse Width  Slow    RAMD32/CLK  n/a            0.532         25.000      24.468     SLICE_X41Y236  dbg_hub/inst/BSCANID.u_xsdbm_id/CORE_XSDB.UUT_MASTER/U_ICON_INTERFACE/U_CMD6_WR/U_WR_FIFO/SUBCORE_FIFO.xsdbm_v3_0_0_wrfifo_inst/inst_fifo_gen/gconvfifo.rf/grf.rf/gntv_or_sync_fifo.mem/gdm.dm_gen.dm/RAM_reg_0_15_14_15/RAMD_D1/CLK



---------------------------------------------------------------------------------------------------
From Clock:  dbg_hub/inst/BSCANID.u_xsdbm_id/SWITCH_N_EXT_BSCAN.bscan_inst/SERIES7_BSCAN.bscan_inst/INTERNAL_TCK
  To Clock:  clk_pl_0

Setup :            0  Failing Endpoints,  Worst Slack       49.567ns,  Total Violation        0.000ns
Hold  :           NA  Failing Endpoints,  Worst Slack           NA  ,  Total Violation           NA
---------------------------------------------------------------------------------------------------


Max Delay Paths
--------------------------------------------------------------------------------------
Slack (MET) :             49.567ns  (required time - arrival time)
  Source:                 dbg_hub/inst/BSCANID.u_xsdbm_id/CORE_XSDB.UUT_MASTER/U_ICON_INTERFACE/U_CMD6_WR/U_WR_FIFO/SUBCORE_FIFO.xsdbm_v3_0_0_wrfifo_inst/inst_fifo_gen/gconvfifo.rf/grf.rf/gntv_or_sync_fifo.gcx.clkx/gnxpm_cdc.wr_pntr_gc_reg[3]/C
                            (rising edge-triggered cell FDCE clocked by dbg_hub/inst/BSCANID.u_xsdbm_id/SWITCH_N_EXT_BSCAN.bscan_inst/SERIES7_BSCAN.bscan_inst/INTERNAL_TCK  {rise@0.000ns fall@25.000ns period=50.000ns})
  Destination:            dbg_hub/inst/BSCANID.u_xsdbm_id/CORE_XSDB.UUT_MASTER/U_ICON_INTERFACE/U_CMD6_WR/U_WR_FIFO/SUBCORE_FIFO.xsdbm_v3_0_0_wrfifo_inst/inst_fifo_gen/gconvfifo.rf/grf.rf/gntv_or_sync_fifo.gcx.clkx/gnxpm_cdc.gsync_stage[1].rd_stg_inst/Q_reg_reg[3]/D
                            (rising edge-triggered cell FDCE clocked by clk_pl_0  {rise@0.000ns fall@50.000ns period=100.001ns})
  Path Group:             clk_pl_0
  Path Type:              Setup (Max at Slow Process Corner)
  Requirement:            50.000ns  (MaxDelay Path 50.000ns)
  Data Path Delay:        0.458ns  (logic 0.079ns (17.249%)  route 0.379ns (82.751%))
  Logic Levels:           0  
  Timing Exception:       MaxDelay Path 50.000ns -datapath_only

    Location             Delay type                Incr(ns)  Path(ns)    Netlist Resource(s)
  -------------------------------------------------------------------    -------------------
    SLICE_X39Y236                                     0.000     0.000 r  dbg_hub/inst/BSCANID.u_xsdbm_id/CORE_XSDB.UUT_MASTER/U_ICON_INTERFACE/U_CMD6_WR/U_WR_FIFO/SUBCORE_FIFO.xsdbm_v3_0_0_wrfifo_inst/inst_fifo_gen/gconvfifo.rf/grf.rf/gntv_or_sync_fifo.gcx.clkx/gnxpm_cdc.wr_pntr_gc_reg[3]/C
    SLICE_X39Y236        FDCE (Prop_EFF_SLICEL_C_Q)
                                                      0.079     0.079 r  dbg_hub/inst/BSCANID.u_xsdbm_id/CORE_XSDB.UUT_MASTER/U_ICON_INTERFACE/U_CMD6_WR/U_WR_FIFO/SUBCORE_FIFO.xsdbm_v3_0_0_wrfifo_inst/inst_fifo_gen/gconvfifo.rf/grf.rf/gntv_or_sync_fifo.gcx.clkx/gnxpm_cdc.wr_pntr_gc_reg[3]/Q
                         net (fo=1, routed)           0.379     0.458    dbg_hub/inst/BSCANID.u_xsdbm_id/CORE_XSDB.UUT_MASTER/U_ICON_INTERFACE/U_CMD6_WR/U_WR_FIFO/SUBCORE_FIFO.xsdbm_v3_0_0_wrfifo_inst/inst_fifo_gen/gconvfifo.rf/grf.rf/gntv_or_sync_fifo.gcx.clkx/gnxpm_cdc.gsync_stage[1].rd_stg_inst/Q[3]
    SLICE_X39Y236        FDCE                                         r  dbg_hub/inst/BSCANID.u_xsdbm_id/CORE_XSDB.UUT_MASTER/U_ICON_INTERFACE/U_CMD6_WR/U_WR_FIFO/SUBCORE_FIFO.xsdbm_v3_0_0_wrfifo_inst/inst_fifo_gen/gconvfifo.rf/grf.rf/gntv_or_sync_fifo.gcx.clkx/gnxpm_cdc.gsync_stage[1].rd_stg_inst/Q_reg_reg[3]/D
  -------------------------------------------------------------------    -------------------

                         max delay                   50.000    50.000    
    SLICE_X39Y236        FDCE (Setup_BFF2_SLICEL_C_D)
                                                      0.025    50.025    dbg_hub/inst/BSCANID.u_xsdbm_id/CORE_XSDB.UUT_MASTER/U_ICON_INTERFACE/U_CMD6_WR/U_WR_FIFO/SUBCORE_FIFO.xsdbm_v3_0_0_wrfifo_inst/inst_fifo_gen/gconvfifo.rf/grf.rf/gntv_or_sync_fifo.gcx.clkx/gnxpm_cdc.gsync_stage[1].rd_stg_inst/Q_reg_reg[3]
  -------------------------------------------------------------------
                         required time                         50.025    
                         arrival time                          -0.458    
  -------------------------------------------------------------------
                         slack                                 49.567    

Slack (MET) :             49.624ns  (required time - arrival time)
  Source:                 dbg_hub/inst/BSCANID.u_xsdbm_id/CORE_XSDB.UUT_MASTER/U_ICON_INTERFACE/U_CMD6_WR/U_WR_FIFO/SUBCORE_FIFO.xsdbm_v3_0_0_wrfifo_inst/inst_fifo_gen/gconvfifo.rf/grf.rf/gntv_or_sync_fifo.gcx.clkx/gnxpm_cdc.wr_pntr_gc_reg[1]/C
                            (rising edge-triggered cell FDCE clocked by dbg_hub/inst/BSCANID.u_xsdbm_id/SWITCH_N_EXT_BSCAN.bscan_inst/SERIES7_BSCAN.bscan_inst/INTERNAL_TCK  {rise@0.000ns fall@25.000ns period=50.000ns})
  Destination:            dbg_hub/inst/BSCANID.u_xsdbm_id/CORE_XSDB.UUT_MASTER/U_ICON_INTERFACE/U_CMD6_WR/U_WR_FIFO/SUBCORE_FIFO.xsdbm_v3_0_0_wrfifo_inst/inst_fifo_gen/gconvfifo.rf/grf.rf/gntv_or_sync_fifo.gcx.clkx/gnxpm_cdc.gsync_stage[1].rd_stg_inst/Q_reg_reg[1]/D
                            (rising edge-triggered cell FDCE clocked by clk_pl_0  {rise@0.000ns fall@50.000ns period=100.001ns})
  Path Group:             clk_pl_0
  Path Type:              Setup (Max at Slow Process Corner)
  Requirement:            50.000ns  (MaxDelay Path 50.000ns)
  Data Path Delay:        0.401ns  (logic 0.080ns (19.950%)  route 0.321ns (80.050%))
  Logic Levels:           0  
  Timing Exception:       MaxDelay Path 50.000ns -datapath_only

    Location             Delay type                Incr(ns)  Path(ns)    Netlist Resource(s)
  -------------------------------------------------------------------    -------------------
    SLICE_X39Y236                                     0.000     0.000 r  dbg_hub/inst/BSCANID.u_xsdbm_id/CORE_XSDB.UUT_MASTER/U_ICON_INTERFACE/U_CMD6_WR/U_WR_FIFO/SUBCORE_FIFO.xsdbm_v3_0_0_wrfifo_inst/inst_fifo_gen/gconvfifo.rf/grf.rf/gntv_or_sync_fifo.gcx.clkx/gnxpm_cdc.wr_pntr_gc_reg[1]/C
    SLICE_X39Y236        FDCE (Prop_HFF2_SLICEL_C_Q)
                                                      0.080     0.080 r  dbg_hub/inst/BSCANID.u_xsdbm_id/CORE_XSDB.UUT_MASTER/U_ICON_INTERFACE/U_CMD6_WR/U_WR_FIFO/SUBCORE_FIFO.xsdbm_v3_0_0_wrfifo_inst/inst_fifo_gen/gconvfifo.rf/grf.rf/gntv_or_sync_fifo.gcx.clkx/gnxpm_cdc.wr_pntr_gc_reg[1]/Q
                         net (fo=1, routed)           0.321     0.401    dbg_hub/inst/BSCANID.u_xsdbm_id/CORE_XSDB.UUT_MASTER/U_ICON_INTERFACE/U_CMD6_WR/U_WR_FIFO/SUBCORE_FIFO.xsdbm_v3_0_0_wrfifo_inst/inst_fifo_gen/gconvfifo.rf/grf.rf/gntv_or_sync_fifo.gcx.clkx/gnxpm_cdc.gsync_stage[1].rd_stg_inst/Q[1]
    SLICE_X38Y236        FDCE                                         r  dbg_hub/inst/BSCANID.u_xsdbm_id/CORE_XSDB.UUT_MASTER/U_ICON_INTERFACE/U_CMD6_WR/U_WR_FIFO/SUBCORE_FIFO.xsdbm_v3_0_0_wrfifo_inst/inst_fifo_gen/gconvfifo.rf/grf.rf/gntv_or_sync_fifo.gcx.clkx/gnxpm_cdc.gsync_stage[1].rd_stg_inst/Q_reg_reg[1]/D
  -------------------------------------------------------------------    -------------------

                         max delay                   50.000    50.000    
    SLICE_X38Y236        FDCE (Setup_GFF2_SLICEM_C_D)
                                                      0.025    50.025    dbg_hub/inst/BSCANID.u_xsdbm_id/CORE_XSDB.UUT_MASTER/U_ICON_INTERFACE/U_CMD6_WR/U_WR_FIFO/SUBCORE_FIFO.xsdbm_v3_0_0_wrfifo_inst/inst_fifo_gen/gconvfifo.rf/grf.rf/gntv_or_sync_fifo.gcx.clkx/gnxpm_cdc.gsync_stage[1].rd_stg_inst/Q_reg_reg[1]
  -------------------------------------------------------------------
                         required time                         50.025    
                         arrival time                          -0.401    
  -------------------------------------------------------------------
                         slack                                 49.624    

Slack (MET) :             49.676ns  (required time - arrival time)
  Source:                 dbg_hub/inst/BSCANID.u_xsdbm_id/CORE_XSDB.UUT_MASTER/U_ICON_INTERFACE/U_CMD6_RD/U_RD_FIFO/SUBCORE_FIFO.xsdbm_v3_0_0_rdfifo_inst/inst_fifo_gen/gconvfifo.rf/grf.rf/gntv_or_sync_fifo.gcx.clkx/gnxpm_cdc.rd_pntr_gc_reg[1]/C
                            (rising edge-triggered cell FDCE clocked by dbg_hub/inst/BSCANID.u_xsdbm_id/SWITCH_N_EXT_BSCAN.bscan_inst/SERIES7_BSCAN.bscan_inst/INTERNAL_TCK  {rise@0.000ns fall@25.000ns period=50.000ns})
  Destination:            dbg_hub/inst/BSCANID.u_xsdbm_id/CORE_XSDB.UUT_MASTER/U_ICON_INTERFACE/U_CMD6_RD/U_RD_FIFO/SUBCORE_FIFO.xsdbm_v3_0_0_rdfifo_inst/inst_fifo_gen/gconvfifo.rf/grf.rf/gntv_or_sync_fifo.gcx.clkx/gnxpm_cdc.gsync_stage[1].wr_stg_inst/Q_reg_reg[1]/D
                            (rising edge-triggered cell FDCE clocked by clk_pl_0  {rise@0.000ns fall@50.000ns period=100.001ns})
  Path Group:             clk_pl_0
  Path Type:              Setup (Max at Slow Process Corner)
  Requirement:            50.000ns  (MaxDelay Path 50.000ns)
  Data Path Delay:        0.349ns  (logic 0.080ns (22.923%)  route 0.269ns (77.077%))
  Logic Levels:           0  
  Timing Exception:       MaxDelay Path 50.000ns -datapath_only

    Location             Delay type                Incr(ns)  Path(ns)    Netlist Resource(s)
  -------------------------------------------------------------------    -------------------
    SLICE_X44Y236                                     0.000     0.000 r  dbg_hub/inst/BSCANID.u_xsdbm_id/CORE_XSDB.UUT_MASTER/U_ICON_INTERFACE/U_CMD6_RD/U_RD_FIFO/SUBCORE_FIFO.xsdbm_v3_0_0_rdfifo_inst/inst_fifo_gen/gconvfifo.rf/grf.rf/gntv_or_sync_fifo.gcx.clkx/gnxpm_cdc.rd_pntr_gc_reg[1]/C
    SLICE_X44Y236        FDCE (Prop_HFF2_SLICEL_C_Q)
                                                      0.080     0.080 r  dbg_hub/inst/BSCANID.u_xsdbm_id/CORE_XSDB.UUT_MASTER/U_ICON_INTERFACE/U_CMD6_RD/U_RD_FIFO/SUBCORE_FIFO.xsdbm_v3_0_0_rdfifo_inst/inst_fifo_gen/gconvfifo.rf/grf.rf/gntv_or_sync_fifo.gcx.clkx/gnxpm_cdc.rd_pntr_gc_reg[1]/Q
                         net (fo=1, routed)           0.269     0.349    dbg_hub/inst/BSCANID.u_xsdbm_id/CORE_XSDB.UUT_MASTER/U_ICON_INTERFACE/U_CMD6_RD/U_RD_FIFO/SUBCORE_FIFO.xsdbm_v3_0_0_rdfifo_inst/inst_fifo_gen/gconvfifo.rf/grf.rf/gntv_or_sync_fifo.gcx.clkx/gnxpm_cdc.gsync_stage[1].wr_stg_inst/Q[1]
    SLICE_X45Y239        FDCE                                         r  dbg_hub/inst/BSCANID.u_xsdbm_id/CORE_XSDB.UUT_MASTER/U_ICON_INTERFACE/U_CMD6_RD/U_RD_FIFO/SUBCORE_FIFO.xsdbm_v3_0_0_rdfifo_inst/inst_fifo_gen/gconvfifo.rf/grf.rf/gntv_or_sync_fifo.gcx.clkx/gnxpm_cdc.gsync_stage[1].wr_stg_inst/Q_reg_reg[1]/D
  -------------------------------------------------------------------    -------------------

                         max delay                   50.000    50.000    
    SLICE_X45Y239        FDCE (Setup_BFF2_SLICEM_C_D)
                                                      0.025    50.025    dbg_hub/inst/BSCANID.u_xsdbm_id/CORE_XSDB.UUT_MASTER/U_ICON_INTERFACE/U_CMD6_RD/U_RD_FIFO/SUBCORE_FIFO.xsdbm_v3_0_0_rdfifo_inst/inst_fifo_gen/gconvfifo.rf/grf.rf/gntv_or_sync_fifo.gcx.clkx/gnxpm_cdc.gsync_stage[1].wr_stg_inst/Q_reg_reg[1]
  -------------------------------------------------------------------
                         required time                         50.025    
                         arrival time                          -0.349    
  -------------------------------------------------------------------
                         slack                                 49.676    

Slack (MET) :             49.679ns  (required time - arrival time)
  Source:                 dbg_hub/inst/BSCANID.u_xsdbm_id/CORE_XSDB.UUT_MASTER/U_ICON_INTERFACE/U_CMD6_RD/U_RD_FIFO/SUBCORE_FIFO.xsdbm_v3_0_0_rdfifo_inst/inst_fifo_gen/gconvfifo.rf/grf.rf/gntv_or_sync_fifo.gcx.clkx/gnxpm_cdc.rd_pntr_gc_reg[0]/C
                            (rising edge-triggered cell FDCE clocked by dbg_hub/inst/BSCANID.u_xsdbm_id/SWITCH_N_EXT_BSCAN.bscan_inst/SERIES7_BSCAN.bscan_inst/INTERNAL_TCK  {rise@0.000ns fall@25.000ns period=50.000ns})
  Destination:            dbg_hub/inst/BSCANID.u_xsdbm_id/CORE_XSDB.UUT_MASTER/U_ICON_INTERFACE/U_CMD6_RD/U_RD_FIFO/SUBCORE_FIFO.xsdbm_v3_0_0_rdfifo_inst/inst_fifo_gen/gconvfifo.rf/grf.rf/gntv_or_sync_fifo.gcx.clkx/gnxpm_cdc.gsync_stage[1].wr_stg_inst/Q_reg_reg[0]/D
                            (rising edge-triggered cell FDCE clocked by clk_pl_0  {rise@0.000ns fall@50.000ns period=100.001ns})
  Path Group:             clk_pl_0
  Path Type:              Setup (Max at Slow Process Corner)
  Requirement:            50.000ns  (MaxDelay Path 50.000ns)
  Data Path Delay:        0.346ns  (logic 0.079ns (22.832%)  route 0.267ns (77.168%))
  Logic Levels:           0  
  Timing Exception:       MaxDelay Path 50.000ns -datapath_only

    Location             Delay type                Incr(ns)  Path(ns)    Netlist Resource(s)
  -------------------------------------------------------------------    -------------------
    SLICE_X44Y236                                     0.000     0.000 r  dbg_hub/inst/BSCANID.u_xsdbm_id/CORE_XSDB.UUT_MASTER/U_ICON_INTERFACE/U_CMD6_RD/U_RD_FIFO/SUBCORE_FIFO.xsdbm_v3_0_0_rdfifo_inst/inst_fifo_gen/gconvfifo.rf/grf.rf/gntv_or_sync_fifo.gcx.clkx/gnxpm_cdc.rd_pntr_gc_reg[0]/C
    SLICE_X44Y236        FDCE (Prop_EFF_SLICEL_C_Q)
                                                      0.079     0.079 r  dbg_hub/inst/BSCANID.u_xsdbm_id/CORE_XSDB.UUT_MASTER/U_ICON_INTERFACE/U_CMD6_RD/U_RD_FIFO/SUBCORE_FIFO.xsdbm_v3_0_0_rdfifo_inst/inst_fifo_gen/gconvfifo.rf/grf.rf/gntv_or_sync_fifo.gcx.clkx/gnxpm_cdc.rd_pntr_gc_reg[0]/Q
                         net (fo=1, routed)           0.267     0.346    dbg_hub/inst/BSCANID.u_xsdbm_id/CORE_XSDB.UUT_MASTER/U_ICON_INTERFACE/U_CMD6_RD/U_RD_FIFO/SUBCORE_FIFO.xsdbm_v3_0_0_rdfifo_inst/inst_fifo_gen/gconvfifo.rf/grf.rf/gntv_or_sync_fifo.gcx.clkx/gnxpm_cdc.gsync_stage[1].wr_stg_inst/Q[0]
    SLICE_X45Y239        FDCE                                         r  dbg_hub/inst/BSCANID.u_xsdbm_id/CORE_XSDB.UUT_MASTER/U_ICON_INTERFACE/U_CMD6_RD/U_RD_FIFO/SUBCORE_FIFO.xsdbm_v3_0_0_rdfifo_inst/inst_fifo_gen/gconvfifo.rf/grf.rf/gntv_or_sync_fifo.gcx.clkx/gnxpm_cdc.gsync_stage[1].wr_stg_inst/Q_reg_reg[0]/D
  -------------------------------------------------------------------    -------------------

                         max delay                   50.000    50.000    
    SLICE_X45Y239        FDCE (Setup_HFF2_SLICEM_C_D)
                                                      0.025    50.025    dbg_hub/inst/BSCANID.u_xsdbm_id/CORE_XSDB.UUT_MASTER/U_ICON_INTERFACE/U_CMD6_RD/U_RD_FIFO/SUBCORE_FIFO.xsdbm_v3_0_0_rdfifo_inst/inst_fifo_gen/gconvfifo.rf/grf.rf/gntv_or_sync_fifo.gcx.clkx/gnxpm_cdc.gsync_stage[1].wr_stg_inst/Q_reg_reg[0]
  -------------------------------------------------------------------
                         required time                         50.025    
                         arrival time                          -0.346    
  -------------------------------------------------------------------
                         slack                                 49.679    

Slack (MET) :             49.689ns  (required time - arrival time)
  Source:                 dbg_hub/inst/BSCANID.u_xsdbm_id/CORE_XSDB.UUT_MASTER/U_ICON_INTERFACE/U_CMD6_WR/U_WR_FIFO/SUBCORE_FIFO.xsdbm_v3_0_0_wrfifo_inst/inst_fifo_gen/gconvfifo.rf/grf.rf/gntv_or_sync_fifo.gcx.clkx/gnxpm_cdc.wr_pntr_gc_reg[2]/C
                            (rising edge-triggered cell FDCE clocked by dbg_hub/inst/BSCANID.u_xsdbm_id/SWITCH_N_EXT_BSCAN.bscan_inst/SERIES7_BSCAN.bscan_inst/INTERNAL_TCK  {rise@0.000ns fall@25.000ns period=50.000ns})
  Destination:            dbg_hub/inst/BSCANID.u_xsdbm_id/CORE_XSDB.UUT_MASTER/U_ICON_INTERFACE/U_CMD6_WR/U_WR_FIFO/SUBCORE_FIFO.xsdbm_v3_0_0_wrfifo_inst/inst_fifo_gen/gconvfifo.rf/grf.rf/gntv_or_sync_fifo.gcx.clkx/gnxpm_cdc.gsync_stage[1].rd_stg_inst/Q_reg_reg[2]/D
                            (rising edge-triggered cell FDCE clocked by clk_pl_0  {rise@0.000ns fall@50.000ns period=100.001ns})
  Path Group:             clk_pl_0
  Path Type:              Setup (Max at Slow Process Corner)
  Requirement:            50.000ns  (MaxDelay Path 50.000ns)
  Data Path Delay:        0.336ns  (logic 0.078ns (23.214%)  route 0.258ns (76.786%))
  Logic Levels:           0  
  Timing Exception:       MaxDelay Path 50.000ns -datapath_only

    Location             Delay type                Incr(ns)  Path(ns)    Netlist Resource(s)
  -------------------------------------------------------------------    -------------------
    SLICE_X38Y237                                     0.000     0.000 r  dbg_hub/inst/BSCANID.u_xsdbm_id/CORE_XSDB.UUT_MASTER/U_ICON_INTERFACE/U_CMD6_WR/U_WR_FIFO/SUBCORE_FIFO.xsdbm_v3_0_0_wrfifo_inst/inst_fifo_gen/gconvfifo.rf/grf.rf/gntv_or_sync_fifo.gcx.clkx/gnxpm_cdc.wr_pntr_gc_reg[2]/C
    SLICE_X38Y237        FDCE (Prop_DFF_SLICEM_C_Q)
                                                      0.078     0.078 r  dbg_hub/inst/BSCANID.u_xsdbm_id/CORE_XSDB.UUT_MASTER/U_ICON_INTERFACE/U_CMD6_WR/U_WR_FIFO/SUBCORE_FIFO.xsdbm_v3_0_0_wrfifo_inst/inst_fifo_gen/gconvfifo.rf/grf.rf/gntv_or_sync_fifo.gcx.clkx/gnxpm_cdc.wr_pntr_gc_reg[2]/Q
                         net (fo=1, routed)           0.258     0.336    dbg_hub/inst/BSCANID.u_xsdbm_id/CORE_XSDB.UUT_MASTER/U_ICON_INTERFACE/U_CMD6_WR/U_WR_FIFO/SUBCORE_FIFO.xsdbm_v3_0_0_wrfifo_inst/inst_fifo_gen/gconvfifo.rf/grf.rf/gntv_or_sync_fifo.gcx.clkx/gnxpm_cdc.gsync_stage[1].rd_stg_inst/Q[2]
    SLICE_X38Y237        FDCE                                         r  dbg_hub/inst/BSCANID.u_xsdbm_id/CORE_XSDB.UUT_MASTER/U_ICON_INTERFACE/U_CMD6_WR/U_WR_FIFO/SUBCORE_FIFO.xsdbm_v3_0_0_wrfifo_inst/inst_fifo_gen/gconvfifo.rf/grf.rf/gntv_or_sync_fifo.gcx.clkx/gnxpm_cdc.gsync_stage[1].rd_stg_inst/Q_reg_reg[2]/D
  -------------------------------------------------------------------    -------------------

                         max delay                   50.000    50.000    
    SLICE_X38Y237        FDCE (Setup_HFF2_SLICEM_C_D)
                                                      0.025    50.025    dbg_hub/inst/BSCANID.u_xsdbm_id/CORE_XSDB.UUT_MASTER/U_ICON_INTERFACE/U_CMD6_WR/U_WR_FIFO/SUBCORE_FIFO.xsdbm_v3_0_0_wrfifo_inst/inst_fifo_gen/gconvfifo.rf/grf.rf/gntv_or_sync_fifo.gcx.clkx/gnxpm_cdc.gsync_stage[1].rd_stg_inst/Q_reg_reg[2]
  -------------------------------------------------------------------
                         required time                         50.025    
                         arrival time                          -0.336    
  -------------------------------------------------------------------
                         slack                                 49.689    

Slack (MET) :             49.721ns  (required time - arrival time)
  Source:                 dbg_hub/inst/BSCANID.u_xsdbm_id/CORE_XSDB.UUT_MASTER/U_ICON_INTERFACE/U_CMD6_RD/U_RD_FIFO/SUBCORE_FIFO.xsdbm_v3_0_0_rdfifo_inst/inst_fifo_gen/gconvfifo.rf/grf.rf/gntv_or_sync_fifo.gcx.clkx/gnxpm_cdc.rd_pntr_gc_reg[2]/C
                            (rising edge-triggered cell FDCE clocked by dbg_hub/inst/BSCANID.u_xsdbm_id/SWITCH_N_EXT_BSCAN.bscan_inst/SERIES7_BSCAN.bscan_inst/INTERNAL_TCK  {rise@0.000ns fall@25.000ns period=50.000ns})
  Destination:            dbg_hub/inst/BSCANID.u_xsdbm_id/CORE_XSDB.UUT_MASTER/U_ICON_INTERFACE/U_CMD6_RD/U_RD_FIFO/SUBCORE_FIFO.xsdbm_v3_0_0_rdfifo_inst/inst_fifo_gen/gconvfifo.rf/grf.rf/gntv_or_sync_fifo.gcx.clkx/gnxpm_cdc.gsync_stage[1].wr_stg_inst/Q_reg_reg[2]/D
                            (rising edge-triggered cell FDCE clocked by clk_pl_0  {rise@0.000ns fall@50.000ns period=100.001ns})
  Path Group:             clk_pl_0
  Path Type:              Setup (Max at Slow Process Corner)
  Requirement:            50.000ns  (MaxDelay Path 50.000ns)
  Data Path Delay:        0.304ns  (logic 0.081ns (26.645%)  route 0.223ns (73.355%))
  Logic Levels:           0  
  Timing Exception:       MaxDelay Path 50.000ns -datapath_only

    Location             Delay type                Incr(ns)  Path(ns)    Netlist Resource(s)
  -------------------------------------------------------------------    -------------------
    SLICE_X44Y236                                     0.000     0.000 r  dbg_hub/inst/BSCANID.u_xsdbm_id/CORE_XSDB.UUT_MASTER/U_ICON_INTERFACE/U_CMD6_RD/U_RD_FIFO/SUBCORE_FIFO.xsdbm_v3_0_0_rdfifo_inst/inst_fifo_gen/gconvfifo.rf/grf.rf/gntv_or_sync_fifo.gcx.clkx/gnxpm_cdc.rd_pntr_gc_reg[2]/C
    SLICE_X44Y236        FDCE (Prop_EFF2_SLICEL_C_Q)
                                                      0.081     0.081 r  dbg_hub/inst/BSCANID.u_xsdbm_id/CORE_XSDB.UUT_MASTER/U_ICON_INTERFACE/U_CMD6_RD/U_RD_FIFO/SUBCORE_FIFO.xsdbm_v3_0_0_rdfifo_inst/inst_fifo_gen/gconvfifo.rf/grf.rf/gntv_or_sync_fifo.gcx.clkx/gnxpm_cdc.rd_pntr_gc_reg[2]/Q
                         net (fo=1, routed)           0.223     0.304    dbg_hub/inst/BSCANID.u_xsdbm_id/CORE_XSDB.UUT_MASTER/U_ICON_INTERFACE/U_CMD6_RD/U_RD_FIFO/SUBCORE_FIFO.xsdbm_v3_0_0_rdfifo_inst/inst_fifo_gen/gconvfifo.rf/grf.rf/gntv_or_sync_fifo.gcx.clkx/gnxpm_cdc.gsync_stage[1].wr_stg_inst/Q[2]
    SLICE_X44Y238        FDCE                                         r  dbg_hub/inst/BSCANID.u_xsdbm_id/CORE_XSDB.UUT_MASTER/U_ICON_INTERFACE/U_CMD6_RD/U_RD_FIFO/SUBCORE_FIFO.xsdbm_v3_0_0_rdfifo_inst/inst_fifo_gen/gconvfifo.rf/grf.rf/gntv_or_sync_fifo.gcx.clkx/gnxpm_cdc.gsync_stage[1].wr_stg_inst/Q_reg_reg[2]/D
  -------------------------------------------------------------------    -------------------

                         max delay                   50.000    50.000    
    SLICE_X44Y238        FDCE (Setup_DFF2_SLICEL_C_D)
                                                      0.025    50.025    dbg_hub/inst/BSCANID.u_xsdbm_id/CORE_XSDB.UUT_MASTER/U_ICON_INTERFACE/U_CMD6_RD/U_RD_FIFO/SUBCORE_FIFO.xsdbm_v3_0_0_rdfifo_inst/inst_fifo_gen/gconvfifo.rf/grf.rf/gntv_or_sync_fifo.gcx.clkx/gnxpm_cdc.gsync_stage[1].wr_stg_inst/Q_reg_reg[2]
  -------------------------------------------------------------------
                         required time                         50.025    
                         arrival time                          -0.304    
  -------------------------------------------------------------------
                         slack                                 49.721    

Slack (MET) :             49.724ns  (required time - arrival time)
  Source:                 dbg_hub/inst/BSCANID.u_xsdbm_id/CORE_XSDB.UUT_MASTER/U_ICON_INTERFACE/U_CMD6_RD/U_RD_FIFO/SUBCORE_FIFO.xsdbm_v3_0_0_rdfifo_inst/inst_fifo_gen/gconvfifo.rf/grf.rf/gntv_or_sync_fifo.gcx.clkx/gnxpm_cdc.rd_pntr_gc_reg[3]/C
                            (rising edge-triggered cell FDCE clocked by dbg_hub/inst/BSCANID.u_xsdbm_id/SWITCH_N_EXT_BSCAN.bscan_inst/SERIES7_BSCAN.bscan_inst/INTERNAL_TCK  {rise@0.000ns fall@25.000ns period=50.000ns})
  Destination:            dbg_hub/inst/BSCANID.u_xsdbm_id/CORE_XSDB.UUT_MASTER/U_ICON_INTERFACE/U_CMD6_RD/U_RD_FIFO/SUBCORE_FIFO.xsdbm_v3_0_0_rdfifo_inst/inst_fifo_gen/gconvfifo.rf/grf.rf/gntv_or_sync_fifo.gcx.clkx/gnxpm_cdc.gsync_stage[1].wr_stg_inst/Q_reg_reg[3]/D
                            (rising edge-triggered cell FDCE clocked by clk_pl_0  {rise@0.000ns fall@50.000ns period=100.001ns})
  Path Group:             clk_pl_0
  Path Type:              Setup (Max at Slow Process Corner)
  Requirement:            50.000ns  (MaxDelay Path 50.000ns)
  Data Path Delay:        0.301ns  (logic 0.076ns (25.249%)  route 0.225ns (74.751%))
  Logic Levels:           0  
  Timing Exception:       MaxDelay Path 50.000ns -datapath_only

    Location             Delay type                Incr(ns)  Path(ns)    Netlist Resource(s)
  -------------------------------------------------------------------    -------------------
    SLICE_X45Y236                                     0.000     0.000 r  dbg_hub/inst/BSCANID.u_xsdbm_id/CORE_XSDB.UUT_MASTER/U_ICON_INTERFACE/U_CMD6_RD/U_RD_FIFO/SUBCORE_FIFO.xsdbm_v3_0_0_rdfifo_inst/inst_fifo_gen/gconvfifo.rf/grf.rf/gntv_or_sync_fifo.gcx.clkx/gnxpm_cdc.rd_pntr_gc_reg[3]/C
    SLICE_X45Y236        FDCE (Prop_EFF_SLICEM_C_Q)
                                                      0.076     0.076 r  dbg_hub/inst/BSCANID.u_xsdbm_id/CORE_XSDB.UUT_MASTER/U_ICON_INTERFACE/U_CMD6_RD/U_RD_FIFO/SUBCORE_FIFO.xsdbm_v3_0_0_rdfifo_inst/inst_fifo_gen/gconvfifo.rf/grf.rf/gntv_or_sync_fifo.gcx.clkx/gnxpm_cdc.rd_pntr_gc_reg[3]/Q
                         net (fo=1, routed)           0.225     0.301    dbg_hub/inst/BSCANID.u_xsdbm_id/CORE_XSDB.UUT_MASTER/U_ICON_INTERFACE/U_CMD6_RD/U_RD_FIFO/SUBCORE_FIFO.xsdbm_v3_0_0_rdfifo_inst/inst_fifo_gen/gconvfifo.rf/grf.rf/gntv_or_sync_fifo.gcx.clkx/gnxpm_cdc.gsync_stage[1].wr_stg_inst/Q[3]
    SLICE_X45Y236        FDCE                                         r  dbg_hub/inst/BSCANID.u_xsdbm_id/CORE_XSDB.UUT_MASTER/U_ICON_INTERFACE/U_CMD6_RD/U_RD_FIFO/SUBCORE_FIFO.xsdbm_v3_0_0_rdfifo_inst/inst_fifo_gen/gconvfifo.rf/grf.rf/gntv_or_sync_fifo.gcx.clkx/gnxpm_cdc.gsync_stage[1].wr_stg_inst/Q_reg_reg[3]/D
  -------------------------------------------------------------------    -------------------

                         max delay                   50.000    50.000    
    SLICE_X45Y236        FDCE (Setup_CFF2_SLICEM_C_D)
                                                      0.025    50.025    dbg_hub/inst/BSCANID.u_xsdbm_id/CORE_XSDB.UUT_MASTER/U_ICON_INTERFACE/U_CMD6_RD/U_RD_FIFO/SUBCORE_FIFO.xsdbm_v3_0_0_rdfifo_inst/inst_fifo_gen/gconvfifo.rf/grf.rf/gntv_or_sync_fifo.gcx.clkx/gnxpm_cdc.gsync_stage[1].wr_stg_inst/Q_reg_reg[3]
  -------------------------------------------------------------------
                         required time                         50.025    
                         arrival time                          -0.301    
  -------------------------------------------------------------------
                         slack                                 49.724    

Slack (MET) :             49.747ns  (required time - arrival time)
  Source:                 dbg_hub/inst/BSCANID.u_xsdbm_id/CORE_XSDB.UUT_MASTER/U_ICON_INTERFACE/U_CMD6_WR/U_WR_FIFO/SUBCORE_FIFO.xsdbm_v3_0_0_wrfifo_inst/inst_fifo_gen/gconvfifo.rf/grf.rf/gntv_or_sync_fifo.gcx.clkx/gnxpm_cdc.wr_pntr_gc_reg[0]/C
                            (rising edge-triggered cell FDCE clocked by dbg_hub/inst/BSCANID.u_xsdbm_id/SWITCH_N_EXT_BSCAN.bscan_inst/SERIES7_BSCAN.bscan_inst/INTERNAL_TCK  {rise@0.000ns fall@25.000ns period=50.000ns})
  Destination:            dbg_hub/inst/BSCANID.u_xsdbm_id/CORE_XSDB.UUT_MASTER/U_ICON_INTERFACE/U_CMD6_WR/U_WR_FIFO/SUBCORE_FIFO.xsdbm_v3_0_0_wrfifo_inst/inst_fifo_gen/gconvfifo.rf/grf.rf/gntv_or_sync_fifo.gcx.clkx/gnxpm_cdc.gsync_stage[1].rd_stg_inst/Q_reg_reg[0]/D
                            (rising edge-triggered cell FDCE clocked by clk_pl_0  {rise@0.000ns fall@50.000ns period=100.001ns})
  Path Group:             clk_pl_0
  Path Type:              Setup (Max at Slow Process Corner)
  Requirement:            50.000ns  (MaxDelay Path 50.000ns)
  Data Path Delay:        0.278ns  (logic 0.079ns (28.417%)  route 0.199ns (71.583%))
  Logic Levels:           0  
  Timing Exception:       MaxDelay Path 50.000ns -datapath_only

    Location             Delay type                Incr(ns)  Path(ns)    Netlist Resource(s)
  -------------------------------------------------------------------    -------------------
    SLICE_X39Y236                                     0.000     0.000 r  dbg_hub/inst/BSCANID.u_xsdbm_id/CORE_XSDB.UUT_MASTER/U_ICON_INTERFACE/U_CMD6_WR/U_WR_FIFO/SUBCORE_FIFO.xsdbm_v3_0_0_wrfifo_inst/inst_fifo_gen/gconvfifo.rf/grf.rf/gntv_or_sync_fifo.gcx.clkx/gnxpm_cdc.wr_pntr_gc_reg[0]/C
    SLICE_X39Y236        FDCE (Prop_HFF_SLICEL_C_Q)
                                                      0.079     0.079 r  dbg_hub/inst/BSCANID.u_xsdbm_id/CORE_XSDB.UUT_MASTER/U_ICON_INTERFACE/U_CMD6_WR/U_WR_FIFO/SUBCORE_FIFO.xsdbm_v3_0_0_wrfifo_inst/inst_fifo_gen/gconvfifo.rf/grf.rf/gntv_or_sync_fifo.gcx.clkx/gnxpm_cdc.wr_pntr_gc_reg[0]/Q
                         net (fo=1, routed)           0.199     0.278    dbg_hub/inst/BSCANID.u_xsdbm_id/CORE_XSDB.UUT_MASTER/U_ICON_INTERFACE/U_CMD6_WR/U_WR_FIFO/SUBCORE_FIFO.xsdbm_v3_0_0_wrfifo_inst/inst_fifo_gen/gconvfifo.rf/grf.rf/gntv_or_sync_fifo.gcx.clkx/gnxpm_cdc.gsync_stage[1].rd_stg_inst/Q[0]
    SLICE_X39Y236        FDCE                                         r  dbg_hub/inst/BSCANID.u_xsdbm_id/CORE_XSDB.UUT_MASTER/U_ICON_INTERFACE/U_CMD6_WR/U_WR_FIFO/SUBCORE_FIFO.xsdbm_v3_0_0_wrfifo_inst/inst_fifo_gen/gconvfifo.rf/grf.rf/gntv_or_sync_fifo.gcx.clkx/gnxpm_cdc.gsync_stage[1].rd_stg_inst/Q_reg_reg[0]/D
  -------------------------------------------------------------------    -------------------

                         max delay                   50.000    50.000    
    SLICE_X39Y236        FDCE (Setup_CFF2_SLICEL_C_D)
                                                      0.025    50.025    dbg_hub/inst/BSCANID.u_xsdbm_id/CORE_XSDB.UUT_MASTER/U_ICON_INTERFACE/U_CMD6_WR/U_WR_FIFO/SUBCORE_FIFO.xsdbm_v3_0_0_wrfifo_inst/inst_fifo_gen/gconvfifo.rf/grf.rf/gntv_or_sync_fifo.gcx.clkx/gnxpm_cdc.gsync_stage[1].rd_stg_inst/Q_reg_reg[0]
  -------------------------------------------------------------------
                         required time                         50.025    
                         arrival time                          -0.278    
  -------------------------------------------------------------------
                         slack                                 49.747    





---------------------------------------------------------------------------------------------------
From Clock:  clk_pl_0
  To Clock:  dbg_hub/inst/BSCANID.u_xsdbm_id/SWITCH_N_EXT_BSCAN.bscan_inst/SERIES7_BSCAN.bscan_inst/INTERNAL_TCK

Setup :            0  Failing Endpoints,  Worst Slack       99.497ns,  Total Violation        0.000ns
Hold  :           NA  Failing Endpoints,  Worst Slack           NA  ,  Total Violation           NA
---------------------------------------------------------------------------------------------------


Max Delay Paths
--------------------------------------------------------------------------------------
Slack (MET) :             99.497ns  (required time - arrival time)
  Source:                 dbg_hub/inst/BSCANID.u_xsdbm_id/CORE_XSDB.UUT_MASTER/U_ICON_INTERFACE/U_CMD6_WR/U_WR_FIFO/SUBCORE_FIFO.xsdbm_v3_0_0_wrfifo_inst/inst_fifo_gen/gconvfifo.rf/grf.rf/gntv_or_sync_fifo.gcx.clkx/gnxpm_cdc.rd_pntr_gc_reg[0]/C
                            (rising edge-triggered cell FDCE clocked by clk_pl_0  {rise@0.000ns fall@50.000ns period=100.001ns})
  Destination:            dbg_hub/inst/BSCANID.u_xsdbm_id/CORE_XSDB.UUT_MASTER/U_ICON_INTERFACE/U_CMD6_WR/U_WR_FIFO/SUBCORE_FIFO.xsdbm_v3_0_0_wrfifo_inst/inst_fifo_gen/gconvfifo.rf/grf.rf/gntv_or_sync_fifo.gcx.clkx/gnxpm_cdc.gsync_stage[1].wr_stg_inst/Q_reg_reg[0]/D
                            (rising edge-triggered cell FDCE clocked by dbg_hub/inst/BSCANID.u_xsdbm_id/SWITCH_N_EXT_BSCAN.bscan_inst/SERIES7_BSCAN.bscan_inst/INTERNAL_TCK  {rise@0.000ns fall@25.000ns period=50.000ns})
  Path Group:             dbg_hub/inst/BSCANID.u_xsdbm_id/SWITCH_N_EXT_BSCAN.bscan_inst/SERIES7_BSCAN.bscan_inst/INTERNAL_TCK
  Path Type:              Setup (Max at Slow Process Corner)
  Requirement:            100.001ns  (MaxDelay Path 100.001ns)
  Data Path Delay:        0.529ns  (logic 0.079ns (14.934%)  route 0.450ns (85.066%))
  Logic Levels:           0  
  Timing Exception:       MaxDelay Path 100.001ns -datapath_only

    Location             Delay type                Incr(ns)  Path(ns)    Netlist Resource(s)
  -------------------------------------------------------------------    -------------------
    SLICE_X39Y236                                     0.000     0.000 r  dbg_hub/inst/BSCANID.u_xsdbm_id/CORE_XSDB.UUT_MASTER/U_ICON_INTERFACE/U_CMD6_WR/U_WR_FIFO/SUBCORE_FIFO.xsdbm_v3_0_0_wrfifo_inst/inst_fifo_gen/gconvfifo.rf/grf.rf/gntv_or_sync_fifo.gcx.clkx/gnxpm_cdc.rd_pntr_gc_reg[0]/C
    SLICE_X39Y236        FDCE (Prop_BFF_SLICEL_C_Q)
                                                      0.079     0.079 r  dbg_hub/inst/BSCANID.u_xsdbm_id/CORE_XSDB.UUT_MASTER/U_ICON_INTERFACE/U_CMD6_WR/U_WR_FIFO/SUBCORE_FIFO.xsdbm_v3_0_0_wrfifo_inst/inst_fifo_gen/gconvfifo.rf/grf.rf/gntv_or_sync_fifo.gcx.clkx/gnxpm_cdc.rd_pntr_gc_reg[0]/Q
                         net (fo=1, routed)           0.450     0.529    dbg_hub/inst/BSCANID.u_xsdbm_id/CORE_XSDB.UUT_MASTER/U_ICON_INTERFACE/U_CMD6_WR/U_WR_FIFO/SUBCORE_FIFO.xsdbm_v3_0_0_wrfifo_inst/inst_fifo_gen/gconvfifo.rf/grf.rf/gntv_or_sync_fifo.gcx.clkx/gnxpm_cdc.gsync_stage[1].wr_stg_inst/Q[0]
    SLICE_X39Y236        FDCE                                         r  dbg_hub/inst/BSCANID.u_xsdbm_id/CORE_XSDB.UUT_MASTER/U_ICON_INTERFACE/U_CMD6_WR/U_WR_FIFO/SUBCORE_FIFO.xsdbm_v3_0_0_wrfifo_inst/inst_fifo_gen/gconvfifo.rf/grf.rf/gntv_or_sync_fifo.gcx.clkx/gnxpm_cdc.gsync_stage[1].wr_stg_inst/Q_reg_reg[0]/D
  -------------------------------------------------------------------    -------------------

                         max delay                  100.001   100.001    
    SLICE_X39Y236        FDCE (Setup_GFF2_SLICEL_C_D)
                                                      0.025   100.026    dbg_hub/inst/BSCANID.u_xsdbm_id/CORE_XSDB.UUT_MASTER/U_ICON_INTERFACE/U_CMD6_WR/U_WR_FIFO/SUBCORE_FIFO.xsdbm_v3_0_0_wrfifo_inst/inst_fifo_gen/gconvfifo.rf/grf.rf/gntv_or_sync_fifo.gcx.clkx/gnxpm_cdc.gsync_stage[1].wr_stg_inst/Q_reg_reg[0]
  -------------------------------------------------------------------
                         required time                        100.026    
                         arrival time                          -0.529    
  -------------------------------------------------------------------
                         slack                                 99.497    

Slack (MET) :             99.623ns  (required time - arrival time)
  Source:                 dbg_hub/inst/BSCANID.u_xsdbm_id/CORE_XSDB.UUT_MASTER/U_ICON_INTERFACE/U_CMD6_RD/U_RD_FIFO/SUBCORE_FIFO.xsdbm_v3_0_0_rdfifo_inst/inst_fifo_gen/gconvfifo.rf/grf.rf/gntv_or_sync_fifo.gcx.clkx/gnxpm_cdc.wr_pntr_gc_reg[1]/C
                            (rising edge-triggered cell FDCE clocked by clk_pl_0  {rise@0.000ns fall@50.000ns period=100.001ns})
  Destination:            dbg_hub/inst/BSCANID.u_xsdbm_id/CORE_XSDB.UUT_MASTER/U_ICON_INTERFACE/U_CMD6_RD/U_RD_FIFO/SUBCORE_FIFO.xsdbm_v3_0_0_rdfifo_inst/inst_fifo_gen/gconvfifo.rf/grf.rf/gntv_or_sync_fifo.gcx.clkx/gnxpm_cdc.gsync_stage[1].rd_stg_inst/Q_reg_reg[1]/D
                            (rising edge-triggered cell FDCE clocked by dbg_hub/inst/BSCANID.u_xsdbm_id/SWITCH_N_EXT_BSCAN.bscan_inst/SERIES7_BSCAN.bscan_inst/INTERNAL_TCK  {rise@0.000ns fall@25.000ns period=50.000ns})
  Path Group:             dbg_hub/inst/BSCANID.u_xsdbm_id/SWITCH_N_EXT_BSCAN.bscan_inst/SERIES7_BSCAN.bscan_inst/INTERNAL_TCK
  Path Type:              Setup (Max at Slow Process Corner)
  Requirement:            100.001ns  (MaxDelay Path 100.001ns)
  Data Path Delay:        0.403ns  (logic 0.080ns (19.851%)  route 0.323ns (80.149%))
  Logic Levels:           0  
  Timing Exception:       MaxDelay Path 100.001ns -datapath_only

    Location             Delay type                Incr(ns)  Path(ns)    Netlist Resource(s)
  -------------------------------------------------------------------    -------------------
    SLICE_X45Y236                                     0.000     0.000 r  dbg_hub/inst/BSCANID.u_xsdbm_id/CORE_XSDB.UUT_MASTER/U_ICON_INTERFACE/U_CMD6_RD/U_RD_FIFO/SUBCORE_FIFO.xsdbm_v3_0_0_rdfifo_inst/inst_fifo_gen/gconvfifo.rf/grf.rf/gntv_or_sync_fifo.gcx.clkx/gnxpm_cdc.wr_pntr_gc_reg[1]/C
    SLICE_X45Y236        FDCE (Prop_DFF2_SLICEM_C_Q)
                                                      0.080     0.080 r  dbg_hub/inst/BSCANID.u_xsdbm_id/CORE_XSDB.UUT_MASTER/U_ICON_INTERFACE/U_CMD6_RD/U_RD_FIFO/SUBCORE_FIFO.xsdbm_v3_0_0_rdfifo_inst/inst_fifo_gen/gconvfifo.rf/grf.rf/gntv_or_sync_fifo.gcx.clkx/gnxpm_cdc.wr_pntr_gc_reg[1]/Q
                         net (fo=1, routed)           0.323     0.403    dbg_hub/inst/BSCANID.u_xsdbm_id/CORE_XSDB.UUT_MASTER/U_ICON_INTERFACE/U_CMD6_RD/U_RD_FIFO/SUBCORE_FIFO.xsdbm_v3_0_0_rdfifo_inst/inst_fifo_gen/gconvfifo.rf/grf.rf/gntv_or_sync_fifo.gcx.clkx/gnxpm_cdc.gsync_stage[1].rd_stg_inst/Q[1]
    SLICE_X45Y236        FDCE                                         r  dbg_hub/inst/BSCANID.u_xsdbm_id/CORE_XSDB.UUT_MASTER/U_ICON_INTERFACE/U_CMD6_RD/U_RD_FIFO/SUBCORE_FIFO.xsdbm_v3_0_0_rdfifo_inst/inst_fifo_gen/gconvfifo.rf/grf.rf/gntv_or_sync_fifo.gcx.clkx/gnxpm_cdc.gsync_stage[1].rd_stg_inst/Q_reg_reg[1]/D
  -------------------------------------------------------------------    -------------------

                         max delay                  100.001   100.001    
    SLICE_X45Y236        FDCE (Setup_HFF2_SLICEM_C_D)
                                                      0.025   100.026    dbg_hub/inst/BSCANID.u_xsdbm_id/CORE_XSDB.UUT_MASTER/U_ICON_INTERFACE/U_CMD6_RD/U_RD_FIFO/SUBCORE_FIFO.xsdbm_v3_0_0_rdfifo_inst/inst_fifo_gen/gconvfifo.rf/grf.rf/gntv_or_sync_fifo.gcx.clkx/gnxpm_cdc.gsync_stage[1].rd_stg_inst/Q_reg_reg[1]
  -------------------------------------------------------------------
                         required time                        100.026    
                         arrival time                          -0.403    
  -------------------------------------------------------------------
                         slack                                 99.623    

Slack (MET) :             99.681ns  (required time - arrival time)
  Source:                 dbg_hub/inst/BSCANID.u_xsdbm_id/CORE_XSDB.UUT_MASTER/U_ICON_INTERFACE/U_CMD6_WR/U_WR_FIFO/SUBCORE_FIFO.xsdbm_v3_0_0_wrfifo_inst/inst_fifo_gen/gconvfifo.rf/grf.rf/gntv_or_sync_fifo.gcx.clkx/gnxpm_cdc.rd_pntr_gc_reg[1]/C
                            (rising edge-triggered cell FDCE clocked by clk_pl_0  {rise@0.000ns fall@50.000ns period=100.001ns})
  Destination:            dbg_hub/inst/BSCANID.u_xsdbm_id/CORE_XSDB.UUT_MASTER/U_ICON_INTERFACE/U_CMD6_WR/U_WR_FIFO/SUBCORE_FIFO.xsdbm_v3_0_0_wrfifo_inst/inst_fifo_gen/gconvfifo.rf/grf.rf/gntv_or_sync_fifo.gcx.clkx/gnxpm_cdc.gsync_stage[1].wr_stg_inst/Q_reg_reg[1]/D
                            (rising edge-triggered cell FDCE clocked by dbg_hub/inst/BSCANID.u_xsdbm_id/SWITCH_N_EXT_BSCAN.bscan_inst/SERIES7_BSCAN.bscan_inst/INTERNAL_TCK  {rise@0.000ns fall@25.000ns period=50.000ns})
  Path Group:             dbg_hub/inst/BSCANID.u_xsdbm_id/SWITCH_N_EXT_BSCAN.bscan_inst/SERIES7_BSCAN.bscan_inst/INTERNAL_TCK
  Path Type:              Setup (Max at Slow Process Corner)
  Requirement:            100.001ns  (MaxDelay Path 100.001ns)
  Data Path Delay:        0.345ns  (logic 0.081ns (23.478%)  route 0.264ns (76.522%))
  Logic Levels:           0  
  Timing Exception:       MaxDelay Path 100.001ns -datapath_only

    Location             Delay type                Incr(ns)  Path(ns)    Netlist Resource(s)
  -------------------------------------------------------------------    -------------------
    SLICE_X39Y236                                     0.000     0.000 r  dbg_hub/inst/BSCANID.u_xsdbm_id/CORE_XSDB.UUT_MASTER/U_ICON_INTERFACE/U_CMD6_WR/U_WR_FIFO/SUBCORE_FIFO.xsdbm_v3_0_0_wrfifo_inst/inst_fifo_gen/gconvfifo.rf/grf.rf/gntv_or_sync_fifo.gcx.clkx/gnxpm_cdc.rd_pntr_gc_reg[1]/C
    SLICE_X39Y236        FDCE (Prop_DFF2_SLICEL_C_Q)
                                                      0.081     0.081 r  dbg_hub/inst/BSCANID.u_xsdbm_id/CORE_XSDB.UUT_MASTER/U_ICON_INTERFACE/U_CMD6_WR/U_WR_FIFO/SUBCORE_FIFO.xsdbm_v3_0_0_wrfifo_inst/inst_fifo_gen/gconvfifo.rf/grf.rf/gntv_or_sync_fifo.gcx.clkx/gnxpm_cdc.rd_pntr_gc_reg[1]/Q
                         net (fo=1, routed)           0.264     0.345    dbg_hub/inst/BSCANID.u_xsdbm_id/CORE_XSDB.UUT_MASTER/U_ICON_INTERFACE/U_CMD6_WR/U_WR_FIFO/SUBCORE_FIFO.xsdbm_v3_0_0_wrfifo_inst/inst_fifo_gen/gconvfifo.rf/grf.rf/gntv_or_sync_fifo.gcx.clkx/gnxpm_cdc.gsync_stage[1].wr_stg_inst/Q[1]
    SLICE_X38Y236        FDCE                                         r  dbg_hub/inst/BSCANID.u_xsdbm_id/CORE_XSDB.UUT_MASTER/U_ICON_INTERFACE/U_CMD6_WR/U_WR_FIFO/SUBCORE_FIFO.xsdbm_v3_0_0_wrfifo_inst/inst_fifo_gen/gconvfifo.rf/grf.rf/gntv_or_sync_fifo.gcx.clkx/gnxpm_cdc.gsync_stage[1].wr_stg_inst/Q_reg_reg[1]/D
  -------------------------------------------------------------------    -------------------

                         max delay                  100.001   100.001    
    SLICE_X38Y236        FDCE (Setup_CFF2_SLICEM_C_D)
                                                      0.025   100.026    dbg_hub/inst/BSCANID.u_xsdbm_id/CORE_XSDB.UUT_MASTER/U_ICON_INTERFACE/U_CMD6_WR/U_WR_FIFO/SUBCORE_FIFO.xsdbm_v3_0_0_wrfifo_inst/inst_fifo_gen/gconvfifo.rf/grf.rf/gntv_or_sync_fifo.gcx.clkx/gnxpm_cdc.gsync_stage[1].wr_stg_inst/Q_reg_reg[1]
  -------------------------------------------------------------------
                         required time                        100.026    
                         arrival time                          -0.345    
  -------------------------------------------------------------------
                         slack                                 99.681    

Slack (MET) :             99.712ns  (required time - arrival time)
  Source:                 dbg_hub/inst/BSCANID.u_xsdbm_id/CORE_XSDB.UUT_MASTER/U_ICON_INTERFACE/U_CMD6_WR/U_WR_FIFO/SUBCORE_FIFO.xsdbm_v3_0_0_wrfifo_inst/inst_fifo_gen/gconvfifo.rf/grf.rf/gntv_or_sync_fifo.gcx.clkx/gnxpm_cdc.rd_pntr_gc_reg[3]/C
                            (rising edge-triggered cell FDCE clocked by clk_pl_0  {rise@0.000ns fall@50.000ns period=100.001ns})
  Destination:            dbg_hub/inst/BSCANID.u_xsdbm_id/CORE_XSDB.UUT_MASTER/U_ICON_INTERFACE/U_CMD6_WR/U_WR_FIFO/SUBCORE_FIFO.xsdbm_v3_0_0_wrfifo_inst/inst_fifo_gen/gconvfifo.rf/grf.rf/gntv_or_sync_fifo.gcx.clkx/gnxpm_cdc.gsync_stage[1].wr_stg_inst/Q_reg_reg[3]/D
                            (rising edge-triggered cell FDCE clocked by dbg_hub/inst/BSCANID.u_xsdbm_id/SWITCH_N_EXT_BSCAN.bscan_inst/SERIES7_BSCAN.bscan_inst/INTERNAL_TCK  {rise@0.000ns fall@25.000ns period=50.000ns})
  Path Group:             dbg_hub/inst/BSCANID.u_xsdbm_id/SWITCH_N_EXT_BSCAN.bscan_inst/SERIES7_BSCAN.bscan_inst/INTERNAL_TCK
  Path Type:              Setup (Max at Slow Process Corner)
  Requirement:            100.001ns  (MaxDelay Path 100.001ns)
  Data Path Delay:        0.314ns  (logic 0.076ns (24.204%)  route 0.238ns (75.796%))
  Logic Levels:           0  
  Timing Exception:       MaxDelay Path 100.001ns -datapath_only

    Location             Delay type                Incr(ns)  Path(ns)    Netlist Resource(s)
  -------------------------------------------------------------------    -------------------
    SLICE_X38Y237                                     0.000     0.000 r  dbg_hub/inst/BSCANID.u_xsdbm_id/CORE_XSDB.UUT_MASTER/U_ICON_INTERFACE/U_CMD6_WR/U_WR_FIFO/SUBCORE_FIFO.xsdbm_v3_0_0_wrfifo_inst/inst_fifo_gen/gconvfifo.rf/grf.rf/gntv_or_sync_fifo.gcx.clkx/gnxpm_cdc.rd_pntr_gc_reg[3]/C
    SLICE_X38Y237        FDCE (Prop_FFF_SLICEM_C_Q)
                                                      0.076     0.076 r  dbg_hub/inst/BSCANID.u_xsdbm_id/CORE_XSDB.UUT_MASTER/U_ICON_INTERFACE/U_CMD6_WR/U_WR_FIFO/SUBCORE_FIFO.xsdbm_v3_0_0_wrfifo_inst/inst_fifo_gen/gconvfifo.rf/grf.rf/gntv_or_sync_fifo.gcx.clkx/gnxpm_cdc.rd_pntr_gc_reg[3]/Q
                         net (fo=1, routed)           0.238     0.314    dbg_hub/inst/BSCANID.u_xsdbm_id/CORE_XSDB.UUT_MASTER/U_ICON_INTERFACE/U_CMD6_WR/U_WR_FIFO/SUBCORE_FIFO.xsdbm_v3_0_0_wrfifo_inst/inst_fifo_gen/gconvfifo.rf/grf.rf/gntv_or_sync_fifo.gcx.clkx/gnxpm_cdc.gsync_stage[1].wr_stg_inst/Q[3]
    SLICE_X38Y237        FDCE                                         r  dbg_hub/inst/BSCANID.u_xsdbm_id/CORE_XSDB.UUT_MASTER/U_ICON_INTERFACE/U_CMD6_WR/U_WR_FIFO/SUBCORE_FIFO.xsdbm_v3_0_0_wrfifo_inst/inst_fifo_gen/gconvfifo.rf/grf.rf/gntv_or_sync_fifo.gcx.clkx/gnxpm_cdc.gsync_stage[1].wr_stg_inst/Q_reg_reg[3]/D
  -------------------------------------------------------------------    -------------------

                         max delay                  100.001   100.001    
    SLICE_X38Y237        FDCE (Setup_BFF2_SLICEM_C_D)
                                                      0.025   100.026    dbg_hub/inst/BSCANID.u_xsdbm_id/CORE_XSDB.UUT_MASTER/U_ICON_INTERFACE/U_CMD6_WR/U_WR_FIFO/SUBCORE_FIFO.xsdbm_v3_0_0_wrfifo_inst/inst_fifo_gen/gconvfifo.rf/grf.rf/gntv_or_sync_fifo.gcx.clkx/gnxpm_cdc.gsync_stage[1].wr_stg_inst/Q_reg_reg[3]
  -------------------------------------------------------------------
                         required time                        100.026    
                         arrival time                          -0.314    
  -------------------------------------------------------------------
                         slack                                 99.712    

Slack (MET) :             99.725ns  (required time - arrival time)
  Source:                 dbg_hub/inst/BSCANID.u_xsdbm_id/CORE_XSDB.UUT_MASTER/U_ICON_INTERFACE/U_CMD6_WR/U_WR_FIFO/SUBCORE_FIFO.xsdbm_v3_0_0_wrfifo_inst/inst_fifo_gen/gconvfifo.rf/grf.rf/gntv_or_sync_fifo.gcx.clkx/gnxpm_cdc.rd_pntr_gc_reg[2]/C
                            (rising edge-triggered cell FDCE clocked by clk_pl_0  {rise@0.000ns fall@50.000ns period=100.001ns})
  Destination:            dbg_hub/inst/BSCANID.u_xsdbm_id/CORE_XSDB.UUT_MASTER/U_ICON_INTERFACE/U_CMD6_WR/U_WR_FIFO/SUBCORE_FIFO.xsdbm_v3_0_0_wrfifo_inst/inst_fifo_gen/gconvfifo.rf/grf.rf/gntv_or_sync_fifo.gcx.clkx/gnxpm_cdc.gsync_stage[1].wr_stg_inst/Q_reg_reg[2]/D
                            (rising edge-triggered cell FDCE clocked by dbg_hub/inst/BSCANID.u_xsdbm_id/SWITCH_N_EXT_BSCAN.bscan_inst/SERIES7_BSCAN.bscan_inst/INTERNAL_TCK  {rise@0.000ns fall@25.000ns period=50.000ns})
  Path Group:             dbg_hub/inst/BSCANID.u_xsdbm_id/SWITCH_N_EXT_BSCAN.bscan_inst/SERIES7_BSCAN.bscan_inst/INTERNAL_TCK
  Path Type:              Setup (Max at Slow Process Corner)
  Requirement:            100.001ns  (MaxDelay Path 100.001ns)
  Data Path Delay:        0.301ns  (logic 0.076ns (25.249%)  route 0.225ns (74.751%))
  Logic Levels:           0  
  Timing Exception:       MaxDelay Path 100.001ns -datapath_only

    Location             Delay type                Incr(ns)  Path(ns)    Netlist Resource(s)
  -------------------------------------------------------------------    -------------------
    SLICE_X38Y237                                     0.000     0.000 r  dbg_hub/inst/BSCANID.u_xsdbm_id/CORE_XSDB.UUT_MASTER/U_ICON_INTERFACE/U_CMD6_WR/U_WR_FIFO/SUBCORE_FIFO.xsdbm_v3_0_0_wrfifo_inst/inst_fifo_gen/gconvfifo.rf/grf.rf/gntv_or_sync_fifo.gcx.clkx/gnxpm_cdc.rd_pntr_gc_reg[2]/C
    SLICE_X38Y237        FDCE (Prop_EFF_SLICEM_C_Q)
                                                      0.076     0.076 r  dbg_hub/inst/BSCANID.u_xsdbm_id/CORE_XSDB.UUT_MASTER/U_ICON_INTERFACE/U_CMD6_WR/U_WR_FIFO/SUBCORE_FIFO.xsdbm_v3_0_0_wrfifo_inst/inst_fifo_gen/gconvfifo.rf/grf.rf/gntv_or_sync_fifo.gcx.clkx/gnxpm_cdc.rd_pntr_gc_reg[2]/Q
                         net (fo=1, routed)           0.225     0.301    dbg_hub/inst/BSCANID.u_xsdbm_id/CORE_XSDB.UUT_MASTER/U_ICON_INTERFACE/U_CMD6_WR/U_WR_FIFO/SUBCORE_FIFO.xsdbm_v3_0_0_wrfifo_inst/inst_fifo_gen/gconvfifo.rf/grf.rf/gntv_or_sync_fifo.gcx.clkx/gnxpm_cdc.gsync_stage[1].wr_stg_inst/Q[2]
    SLICE_X38Y237        FDCE                                         r  dbg_hub/inst/BSCANID.u_xsdbm_id/CORE_XSDB.UUT_MASTER/U_ICON_INTERFACE/U_CMD6_WR/U_WR_FIFO/SUBCORE_FIFO.xsdbm_v3_0_0_wrfifo_inst/inst_fifo_gen/gconvfifo.rf/grf.rf/gntv_or_sync_fifo.gcx.clkx/gnxpm_cdc.gsync_stage[1].wr_stg_inst/Q_reg_reg[2]/D
  -------------------------------------------------------------------    -------------------

                         max delay                  100.001   100.001    
    SLICE_X38Y237        FDCE (Setup_CFF2_SLICEM_C_D)
                                                      0.025   100.026    dbg_hub/inst/BSCANID.u_xsdbm_id/CORE_XSDB.UUT_MASTER/U_ICON_INTERFACE/U_CMD6_WR/U_WR_FIFO/SUBCORE_FIFO.xsdbm_v3_0_0_wrfifo_inst/inst_fifo_gen/gconvfifo.rf/grf.rf/gntv_or_sync_fifo.gcx.clkx/gnxpm_cdc.gsync_stage[1].wr_stg_inst/Q_reg_reg[2]
  -------------------------------------------------------------------
                         required time                        100.026    
                         arrival time                          -0.301    
  -------------------------------------------------------------------
                         slack                                 99.725    

Slack (MET) :             99.732ns  (required time - arrival time)
  Source:                 dbg_hub/inst/BSCANID.u_xsdbm_id/CORE_XSDB.UUT_MASTER/U_ICON_INTERFACE/U_CMD6_RD/U_RD_FIFO/SUBCORE_FIFO.xsdbm_v3_0_0_rdfifo_inst/inst_fifo_gen/gconvfifo.rf/grf.rf/gntv_or_sync_fifo.gcx.clkx/gnxpm_cdc.wr_pntr_gc_reg[2]/C
                            (rising edge-triggered cell FDCE clocked by clk_pl_0  {rise@0.000ns fall@50.000ns period=100.001ns})
  Destination:            dbg_hub/inst/BSCANID.u_xsdbm_id/CORE_XSDB.UUT_MASTER/U_ICON_INTERFACE/U_CMD6_RD/U_RD_FIFO/SUBCORE_FIFO.xsdbm_v3_0_0_rdfifo_inst/inst_fifo_gen/gconvfifo.rf/grf.rf/gntv_or_sync_fifo.gcx.clkx/gnxpm_cdc.gsync_stage[1].rd_stg_inst/Q_reg_reg[2]/D
                            (rising edge-triggered cell FDCE clocked by dbg_hub/inst/BSCANID.u_xsdbm_id/SWITCH_N_EXT_BSCAN.bscan_inst/SERIES7_BSCAN.bscan_inst/INTERNAL_TCK  {rise@0.000ns fall@25.000ns period=50.000ns})
  Path Group:             dbg_hub/inst/BSCANID.u_xsdbm_id/SWITCH_N_EXT_BSCAN.bscan_inst/SERIES7_BSCAN.bscan_inst/INTERNAL_TCK
  Path Type:              Setup (Max at Slow Process Corner)
  Requirement:            100.001ns  (MaxDelay Path 100.001ns)
  Data Path Delay:        0.294ns  (logic 0.078ns (26.531%)  route 0.216ns (73.469%))
  Logic Levels:           0  
  Timing Exception:       MaxDelay Path 100.001ns -datapath_only

    Location             Delay type                Incr(ns)  Path(ns)    Netlist Resource(s)
  -------------------------------------------------------------------    -------------------
    SLICE_X45Y236                                     0.000     0.000 r  dbg_hub/inst/BSCANID.u_xsdbm_id/CORE_XSDB.UUT_MASTER/U_ICON_INTERFACE/U_CMD6_RD/U_RD_FIFO/SUBCORE_FIFO.xsdbm_v3_0_0_rdfifo_inst/inst_fifo_gen/gconvfifo.rf/grf.rf/gntv_or_sync_fifo.gcx.clkx/gnxpm_cdc.wr_pntr_gc_reg[2]/C
    SLICE_X45Y236        FDCE (Prop_CFF_SLICEM_C_Q)
                                                      0.078     0.078 r  dbg_hub/inst/BSCANID.u_xsdbm_id/CORE_XSDB.UUT_MASTER/U_ICON_INTERFACE/U_CMD6_RD/U_RD_FIFO/SUBCORE_FIFO.xsdbm_v3_0_0_rdfifo_inst/inst_fifo_gen/gconvfifo.rf/grf.rf/gntv_or_sync_fifo.gcx.clkx/gnxpm_cdc.wr_pntr_gc_reg[2]/Q
                         net (fo=1, routed)           0.216     0.294    dbg_hub/inst/BSCANID.u_xsdbm_id/CORE_XSDB.UUT_MASTER/U_ICON_INTERFACE/U_CMD6_RD/U_RD_FIFO/SUBCORE_FIFO.xsdbm_v3_0_0_rdfifo_inst/inst_fifo_gen/gconvfifo.rf/grf.rf/gntv_or_sync_fifo.gcx.clkx/gnxpm_cdc.gsync_stage[1].rd_stg_inst/Q[2]
    SLICE_X45Y236        FDCE                                         r  dbg_hub/inst/BSCANID.u_xsdbm_id/CORE_XSDB.UUT_MASTER/U_ICON_INTERFACE/U_CMD6_RD/U_RD_FIFO/SUBCORE_FIFO.xsdbm_v3_0_0_rdfifo_inst/inst_fifo_gen/gconvfifo.rf/grf.rf/gntv_or_sync_fifo.gcx.clkx/gnxpm_cdc.gsync_stage[1].rd_stg_inst/Q_reg_reg[2]/D
  -------------------------------------------------------------------    -------------------

                         max delay                  100.001   100.001    
    SLICE_X45Y236        FDCE (Setup_GFF2_SLICEM_C_D)
                                                      0.025   100.026    dbg_hub/inst/BSCANID.u_xsdbm_id/CORE_XSDB.UUT_MASTER/U_ICON_INTERFACE/U_CMD6_RD/U_RD_FIFO/SUBCORE_FIFO.xsdbm_v3_0_0_rdfifo_inst/inst_fifo_gen/gconvfifo.rf/grf.rf/gntv_or_sync_fifo.gcx.clkx/gnxpm_cdc.gsync_stage[1].rd_stg_inst/Q_reg_reg[2]
  -------------------------------------------------------------------
                         required time                        100.026    
                         arrival time                          -0.294    
  -------------------------------------------------------------------
                         slack                                 99.732    

Slack (MET) :             99.772ns  (required time - arrival time)
  Source:                 dbg_hub/inst/BSCANID.u_xsdbm_id/CORE_XSDB.UUT_MASTER/U_ICON_INTERFACE/U_CMD6_RD/U_RD_FIFO/SUBCORE_FIFO.xsdbm_v3_0_0_rdfifo_inst/inst_fifo_gen/gconvfifo.rf/grf.rf/gntv_or_sync_fifo.gcx.clkx/gnxpm_cdc.wr_pntr_gc_reg[3]/C
                            (rising edge-triggered cell FDCE clocked by clk_pl_0  {rise@0.000ns fall@50.000ns period=100.001ns})
  Destination:            dbg_hub/inst/BSCANID.u_xsdbm_id/CORE_XSDB.UUT_MASTER/U_ICON_INTERFACE/U_CMD6_RD/U_RD_FIFO/SUBCORE_FIFO.xsdbm_v3_0_0_rdfifo_inst/inst_fifo_gen/gconvfifo.rf/grf.rf/gntv_or_sync_fifo.gcx.clkx/gnxpm_cdc.gsync_stage[1].rd_stg_inst/Q_reg_reg[3]/D
                            (rising edge-triggered cell FDCE clocked by dbg_hub/inst/BSCANID.u_xsdbm_id/SWITCH_N_EXT_BSCAN.bscan_inst/SERIES7_BSCAN.bscan_inst/INTERNAL_TCK  {rise@0.000ns fall@25.000ns period=50.000ns})
  Path Group:             dbg_hub/inst/BSCANID.u_xsdbm_id/SWITCH_N_EXT_BSCAN.bscan_inst/SERIES7_BSCAN.bscan_inst/INTERNAL_TCK
  Path Type:              Setup (Max at Slow Process Corner)
  Requirement:            100.001ns  (MaxDelay Path 100.001ns)
  Data Path Delay:        0.254ns  (logic 0.077ns (30.315%)  route 0.177ns (69.685%))
  Logic Levels:           0  
  Timing Exception:       MaxDelay Path 100.001ns -datapath_only

    Location             Delay type                Incr(ns)  Path(ns)    Netlist Resource(s)
  -------------------------------------------------------------------    -------------------
    SLICE_X45Y236                                     0.000     0.000 r  dbg_hub/inst/BSCANID.u_xsdbm_id/CORE_XSDB.UUT_MASTER/U_ICON_INTERFACE/U_CMD6_RD/U_RD_FIFO/SUBCORE_FIFO.xsdbm_v3_0_0_rdfifo_inst/inst_fifo_gen/gconvfifo.rf/grf.rf/gntv_or_sync_fifo.gcx.clkx/gnxpm_cdc.wr_pntr_gc_reg[3]/C
    SLICE_X45Y236        FDCE (Prop_AFF_SLICEM_C_Q)
                                                      0.077     0.077 r  dbg_hub/inst/BSCANID.u_xsdbm_id/CORE_XSDB.UUT_MASTER/U_ICON_INTERFACE/U_CMD6_RD/U_RD_FIFO/SUBCORE_FIFO.xsdbm_v3_0_0_rdfifo_inst/inst_fifo_gen/gconvfifo.rf/grf.rf/gntv_or_sync_fifo.gcx.clkx/gnxpm_cdc.wr_pntr_gc_reg[3]/Q
                         net (fo=1, routed)           0.177     0.254    dbg_hub/inst/BSCANID.u_xsdbm_id/CORE_XSDB.UUT_MASTER/U_ICON_INTERFACE/U_CMD6_RD/U_RD_FIFO/SUBCORE_FIFO.xsdbm_v3_0_0_rdfifo_inst/inst_fifo_gen/gconvfifo.rf/grf.rf/gntv_or_sync_fifo.gcx.clkx/gnxpm_cdc.gsync_stage[1].rd_stg_inst/Q[3]
    SLICE_X45Y235        FDCE                                         r  dbg_hub/inst/BSCANID.u_xsdbm_id/CORE_XSDB.UUT_MASTER/U_ICON_INTERFACE/U_CMD6_RD/U_RD_FIFO/SUBCORE_FIFO.xsdbm_v3_0_0_rdfifo_inst/inst_fifo_gen/gconvfifo.rf/grf.rf/gntv_or_sync_fifo.gcx.clkx/gnxpm_cdc.gsync_stage[1].rd_stg_inst/Q_reg_reg[3]/D
  -------------------------------------------------------------------    -------------------

                         max delay                  100.001   100.001    
    SLICE_X45Y235        FDCE (Setup_DFF2_SLICEM_C_D)
                                                      0.025   100.026    dbg_hub/inst/BSCANID.u_xsdbm_id/CORE_XSDB.UUT_MASTER/U_ICON_INTERFACE/U_CMD6_RD/U_RD_FIFO/SUBCORE_FIFO.xsdbm_v3_0_0_rdfifo_inst/inst_fifo_gen/gconvfifo.rf/grf.rf/gntv_or_sync_fifo.gcx.clkx/gnxpm_cdc.gsync_stage[1].rd_stg_inst/Q_reg_reg[3]
  -------------------------------------------------------------------
                         required time                        100.026    
                         arrival time                          -0.254    
  -------------------------------------------------------------------
                         slack                                 99.772    

Slack (MET) :             99.790ns  (required time - arrival time)
  Source:                 dbg_hub/inst/BSCANID.u_xsdbm_id/CORE_XSDB.UUT_MASTER/U_ICON_INTERFACE/U_CMD6_RD/U_RD_FIFO/SUBCORE_FIFO.xsdbm_v3_0_0_rdfifo_inst/inst_fifo_gen/gconvfifo.rf/grf.rf/gntv_or_sync_fifo.gcx.clkx/gnxpm_cdc.wr_pntr_gc_reg[0]/C
                            (rising edge-triggered cell FDCE clocked by clk_pl_0  {rise@0.000ns fall@50.000ns period=100.001ns})
  Destination:            dbg_hub/inst/BSCANID.u_xsdbm_id/CORE_XSDB.UUT_MASTER/U_ICON_INTERFACE/U_CMD6_RD/U_RD_FIFO/SUBCORE_FIFO.xsdbm_v3_0_0_rdfifo_inst/inst_fifo_gen/gconvfifo.rf/grf.rf/gntv_or_sync_fifo.gcx.clkx/gnxpm_cdc.gsync_stage[1].rd_stg_inst/Q_reg_reg[0]/D
                            (rising edge-triggered cell FDCE clocked by dbg_hub/inst/BSCANID.u_xsdbm_id/SWITCH_N_EXT_BSCAN.bscan_inst/SERIES7_BSCAN.bscan_inst/INTERNAL_TCK  {rise@0.000ns fall@25.000ns period=50.000ns})
  Path Group:             dbg_hub/inst/BSCANID.u_xsdbm_id/SWITCH_N_EXT_BSCAN.bscan_inst/SERIES7_BSCAN.bscan_inst/INTERNAL_TCK
  Path Type:              Setup (Max at Slow Process Corner)
  Requirement:            100.001ns  (MaxDelay Path 100.001ns)
  Data Path Delay:        0.236ns  (logic 0.078ns (33.051%)  route 0.158ns (66.949%))
  Logic Levels:           0  
  Timing Exception:       MaxDelay Path 100.001ns -datapath_only

    Location             Delay type                Incr(ns)  Path(ns)    Netlist Resource(s)
  -------------------------------------------------------------------    -------------------
    SLICE_X45Y236                                     0.000     0.000 r  dbg_hub/inst/BSCANID.u_xsdbm_id/CORE_XSDB.UUT_MASTER/U_ICON_INTERFACE/U_CMD6_RD/U_RD_FIFO/SUBCORE_FIFO.xsdbm_v3_0_0_rdfifo_inst/inst_fifo_gen/gconvfifo.rf/grf.rf/gntv_or_sync_fifo.gcx.clkx/gnxpm_cdc.wr_pntr_gc_reg[0]/C
    SLICE_X45Y236        FDCE (Prop_DFF_SLICEM_C_Q)
                                                      0.078     0.078 r  dbg_hub/inst/BSCANID.u_xsdbm_id/CORE_XSDB.UUT_MASTER/U_ICON_INTERFACE/U_CMD6_RD/U_RD_FIFO/SUBCORE_FIFO.xsdbm_v3_0_0_rdfifo_inst/inst_fifo_gen/gconvfifo.rf/grf.rf/gntv_or_sync_fifo.gcx.clkx/gnxpm_cdc.wr_pntr_gc_reg[0]/Q
                         net (fo=1, routed)           0.158     0.236    dbg_hub/inst/BSCANID.u_xsdbm_id/CORE_XSDB.UUT_MASTER/U_ICON_INTERFACE/U_CMD6_RD/U_RD_FIFO/SUBCORE_FIFO.xsdbm_v3_0_0_rdfifo_inst/inst_fifo_gen/gconvfifo.rf/grf.rf/gntv_or_sync_fifo.gcx.clkx/gnxpm_cdc.gsync_stage[1].rd_stg_inst/Q[0]
    SLICE_X44Y236        FDCE                                         r  dbg_hub/inst/BSCANID.u_xsdbm_id/CORE_XSDB.UUT_MASTER/U_ICON_INTERFACE/U_CMD6_RD/U_RD_FIFO/SUBCORE_FIFO.xsdbm_v3_0_0_rdfifo_inst/inst_fifo_gen/gconvfifo.rf/grf.rf/gntv_or_sync_fifo.gcx.clkx/gnxpm_cdc.gsync_stage[1].rd_stg_inst/Q_reg_reg[0]/D
  -------------------------------------------------------------------    -------------------

                         max delay                  100.001   100.001    
    SLICE_X44Y236        FDCE (Setup_DFF2_SLICEL_C_D)
                                                      0.025   100.026    dbg_hub/inst/BSCANID.u_xsdbm_id/CORE_XSDB.UUT_MASTER/U_ICON_INTERFACE/U_CMD6_RD/U_RD_FIFO/SUBCORE_FIFO.xsdbm_v3_0_0_rdfifo_inst/inst_fifo_gen/gconvfifo.rf/grf.rf/gntv_or_sync_fifo.gcx.clkx/gnxpm_cdc.gsync_stage[1].rd_stg_inst/Q_reg_reg[0]
  -------------------------------------------------------------------
                         required time                        100.026    
                         arrival time                          -0.236    
  -------------------------------------------------------------------
                         slack                                 99.790    





---------------------------------------------------------------------------------------------------
Path Group:  **async_default**
From Clock:  clk_pl_0
  To Clock:  clk_pl_0

Setup :            0  Failing Endpoints,  Worst Slack       95.544ns,  Total Violation        0.000ns
Hold  :            0  Failing Endpoints,  Worst Slack        0.113ns,  Total Violation        0.000ns
---------------------------------------------------------------------------------------------------


Max Delay Paths
--------------------------------------------------------------------------------------
Slack (MET) :             95.544ns  (required time - arrival time)
  Source:                 BASIC_i/proc_sys_reset_0/U0/PR_OUT_DFF[0].FDRE_PER/C
                            (rising edge-triggered cell FDRE clocked by clk_pl_0  {rise@0.000ns fall@50.000ns period=100.001ns})
  Destination:            BASIC_i/RV32I_IF/pc_unit_0/inst/pc_reg[12]/CLR
                            (recovery check against rising-edge clock clk_pl_0  {rise@0.000ns fall@50.000ns period=100.001ns})
  Path Group:             **async_default**
  Path Type:              Recovery (Max at Slow Process Corner)
  Requirement:            100.001ns  (clk_pl_0 rise@100.001ns - clk_pl_0 rise@0.000ns)
  Data Path Delay:        3.887ns  (logic 0.127ns (3.267%)  route 3.760ns (96.733%))
  Logic Levels:           1  (LUT2=1)
  Clock Path Skew:        -0.107ns (DCD - SCD + CPR)
    Destination Clock Delay (DCD):    2.013ns = ( 102.014 - 100.001 ) 
    Source Clock Delay      (SCD):    2.252ns
    Clock Pessimism Removal (CPR):    0.132ns
  Clock Uncertainty:      0.397ns  ((TSJ^2 + DJ^2)^1/2) / 2 + PE
    Total System Jitter     (TSJ):    0.071ns
    Discrete Jitter          (DJ):    0.791ns
    Phase Error              (PE):    0.000ns
  Clock Net Delay (Source):      2.053ns (routing 0.998ns, distribution 1.055ns)
  Clock Net Delay (Destination): 1.853ns (routing 0.905ns, distribution 0.948ns)

    Location             Delay type                Incr(ns)  Path(ns)    Netlist Resource(s)
  -------------------------------------------------------------------    -------------------
                         (clock clk_pl_0 rise edge)
                                                      0.000     0.000 r  
    PS8_X0Y0             PS8                          0.000     0.000 r  BASIC_i/zynq_ultra_ps_e_0/inst/PS8_i/PLCLK[0]
                         net (fo=1, routed)           0.171     0.171    BASIC_i/zynq_ultra_ps_e_0/inst/pl_clk_unbuffered[0]
    BUFG_PS_X0Y77        BUFG_PS (Prop_BUFG_PS_I_O)
                                                      0.028     0.199 r  BASIC_i/zynq_ultra_ps_e_0/inst/buffer_pl_clk_0.PL_CLK_0_BUFG/O
    X1Y2 (CLOCK_ROOT)    net (fo=3003, routed)        2.053     2.252    BASIC_i/proc_sys_reset_0/U0/slowest_sync_clk
    SLICE_X38Y228        FDRE                                         r  BASIC_i/proc_sys_reset_0/U0/PR_OUT_DFF[0].FDRE_PER/C
  -------------------------------------------------------------------    -------------------
    SLICE_X38Y228        FDRE (Prop_EFF_SLICEM_C_Q)
                                                      0.076     2.328 f  BASIC_i/proc_sys_reset_0/U0/PR_OUT_DFF[0].FDRE_PER/Q
                         net (fo=1, routed)           0.224     2.552    BASIC_i/util_vector_logic_2/Op1[0]
    SLICE_X43Y228        LUT2 (Prop_F6LUT_SLICEM_I0_O)
                                                      0.051     2.603 f  BASIC_i/util_vector_logic_2/Res[0]_INST_0/O
                         net (fo=452, routed)         3.536     6.139    BASIC_i/RV32I_IF/pc_unit_0/inst/rst
    SLICE_X48Y145        FDCE                                         f  BASIC_i/RV32I_IF/pc_unit_0/inst/pc_reg[12]/CLR
  -------------------------------------------------------------------    -------------------

                         (clock clk_pl_0 rise edge)
                                                    100.001   100.001 r  
    PS8_X0Y0             PS8                          0.000   100.001 r  BASIC_i/zynq_ultra_ps_e_0/inst/PS8_i/PLCLK[0]
                         net (fo=1, routed)           0.135   100.136    BASIC_i/zynq_ultra_ps_e_0/inst/pl_clk_unbuffered[0]
    BUFG_PS_X0Y77        BUFG_PS (Prop_BUFG_PS_I_O)
                                                      0.025   100.161 r  BASIC_i/zynq_ultra_ps_e_0/inst/buffer_pl_clk_0.PL_CLK_0_BUFG/O
    X1Y2 (CLOCK_ROOT)    net (fo=3003, routed)        1.853   102.014    BASIC_i/RV32I_IF/pc_unit_0/inst/clk
    SLICE_X48Y145        FDCE                                         r  BASIC_i/RV32I_IF/pc_unit_0/inst/pc_reg[12]/C
                         clock pessimism              0.132   102.146    
                         clock uncertainty           -0.397   101.749    
    SLICE_X48Y145        FDCE (Recov_DFF_SLICEL_C_CLR)
                                                     -0.066   101.683    BASIC_i/RV32I_IF/pc_unit_0/inst/pc_reg[12]
  -------------------------------------------------------------------
                         required time                        101.683    
                         arrival time                          -6.139    
  -------------------------------------------------------------------
                         slack                                 95.544    

Slack (MET) :             95.544ns  (required time - arrival time)
  Source:                 BASIC_i/proc_sys_reset_0/U0/PR_OUT_DFF[0].FDRE_PER/C
                            (rising edge-triggered cell FDRE clocked by clk_pl_0  {rise@0.000ns fall@50.000ns period=100.001ns})
  Destination:            BASIC_i/RV32I_IF/pc_unit_0/inst/pc_reg[13]/CLR
                            (recovery check against rising-edge clock clk_pl_0  {rise@0.000ns fall@50.000ns period=100.001ns})
  Path Group:             **async_default**
  Path Type:              Recovery (Max at Slow Process Corner)
  Requirement:            100.001ns  (clk_pl_0 rise@100.001ns - clk_pl_0 rise@0.000ns)
  Data Path Delay:        3.887ns  (logic 0.127ns (3.267%)  route 3.760ns (96.733%))
  Logic Levels:           1  (LUT2=1)
  Clock Path Skew:        -0.107ns (DCD - SCD + CPR)
    Destination Clock Delay (DCD):    2.013ns = ( 102.014 - 100.001 ) 
    Source Clock Delay      (SCD):    2.252ns
    Clock Pessimism Removal (CPR):    0.132ns
  Clock Uncertainty:      0.397ns  ((TSJ^2 + DJ^2)^1/2) / 2 + PE
    Total System Jitter     (TSJ):    0.071ns
    Discrete Jitter          (DJ):    0.791ns
    Phase Error              (PE):    0.000ns
  Clock Net Delay (Source):      2.053ns (routing 0.998ns, distribution 1.055ns)
  Clock Net Delay (Destination): 1.853ns (routing 0.905ns, distribution 0.948ns)

    Location             Delay type                Incr(ns)  Path(ns)    Netlist Resource(s)
  -------------------------------------------------------------------    -------------------
                         (clock clk_pl_0 rise edge)
                                                      0.000     0.000 r  
    PS8_X0Y0             PS8                          0.000     0.000 r  BASIC_i/zynq_ultra_ps_e_0/inst/PS8_i/PLCLK[0]
                         net (fo=1, routed)           0.171     0.171    BASIC_i/zynq_ultra_ps_e_0/inst/pl_clk_unbuffered[0]
    BUFG_PS_X0Y77        BUFG_PS (Prop_BUFG_PS_I_O)
                                                      0.028     0.199 r  BASIC_i/zynq_ultra_ps_e_0/inst/buffer_pl_clk_0.PL_CLK_0_BUFG/O
    X1Y2 (CLOCK_ROOT)    net (fo=3003, routed)        2.053     2.252    BASIC_i/proc_sys_reset_0/U0/slowest_sync_clk
    SLICE_X38Y228        FDRE                                         r  BASIC_i/proc_sys_reset_0/U0/PR_OUT_DFF[0].FDRE_PER/C
  -------------------------------------------------------------------    -------------------
    SLICE_X38Y228        FDRE (Prop_EFF_SLICEM_C_Q)
                                                      0.076     2.328 f  BASIC_i/proc_sys_reset_0/U0/PR_OUT_DFF[0].FDRE_PER/Q
                         net (fo=1, routed)           0.224     2.552    BASIC_i/util_vector_logic_2/Op1[0]
    SLICE_X43Y228        LUT2 (Prop_F6LUT_SLICEM_I0_O)
                                                      0.051     2.603 f  BASIC_i/util_vector_logic_2/Res[0]_INST_0/O
                         net (fo=452, routed)         3.536     6.139    BASIC_i/RV32I_IF/pc_unit_0/inst/rst
    SLICE_X48Y145        FDCE                                         f  BASIC_i/RV32I_IF/pc_unit_0/inst/pc_reg[13]/CLR
  -------------------------------------------------------------------    -------------------

                         (clock clk_pl_0 rise edge)
                                                    100.001   100.001 r  
    PS8_X0Y0             PS8                          0.000   100.001 r  BASIC_i/zynq_ultra_ps_e_0/inst/PS8_i/PLCLK[0]
                         net (fo=1, routed)           0.135   100.136    BASIC_i/zynq_ultra_ps_e_0/inst/pl_clk_unbuffered[0]
    BUFG_PS_X0Y77        BUFG_PS (Prop_BUFG_PS_I_O)
                                                      0.025   100.161 r  BASIC_i/zynq_ultra_ps_e_0/inst/buffer_pl_clk_0.PL_CLK_0_BUFG/O
    X1Y2 (CLOCK_ROOT)    net (fo=3003, routed)        1.853   102.014    BASIC_i/RV32I_IF/pc_unit_0/inst/clk
    SLICE_X48Y145        FDCE                                         r  BASIC_i/RV32I_IF/pc_unit_0/inst/pc_reg[13]/C
                         clock pessimism              0.132   102.146    
                         clock uncertainty           -0.397   101.749    
    SLICE_X48Y145        FDCE (Recov_DFF2_SLICEL_C_CLR)
                                                     -0.066   101.683    BASIC_i/RV32I_IF/pc_unit_0/inst/pc_reg[13]
  -------------------------------------------------------------------
                         required time                        101.683    
                         arrival time                          -6.139    
  -------------------------------------------------------------------
                         slack                                 95.544    

Slack (MET) :             95.544ns  (required time - arrival time)
  Source:                 BASIC_i/proc_sys_reset_0/U0/PR_OUT_DFF[0].FDRE_PER/C
                            (rising edge-triggered cell FDRE clocked by clk_pl_0  {rise@0.000ns fall@50.000ns period=100.001ns})
  Destination:            BASIC_i/RV32I_IF/pc_unit_0/inst/pc_reg[14]/CLR
                            (recovery check against rising-edge clock clk_pl_0  {rise@0.000ns fall@50.000ns period=100.001ns})
  Path Group:             **async_default**
  Path Type:              Recovery (Max at Slow Process Corner)
  Requirement:            100.001ns  (clk_pl_0 rise@100.001ns - clk_pl_0 rise@0.000ns)
  Data Path Delay:        3.887ns  (logic 0.127ns (3.267%)  route 3.760ns (96.733%))
  Logic Levels:           1  (LUT2=1)
  Clock Path Skew:        -0.107ns (DCD - SCD + CPR)
    Destination Clock Delay (DCD):    2.013ns = ( 102.014 - 100.001 ) 
    Source Clock Delay      (SCD):    2.252ns
    Clock Pessimism Removal (CPR):    0.132ns
  Clock Uncertainty:      0.397ns  ((TSJ^2 + DJ^2)^1/2) / 2 + PE
    Total System Jitter     (TSJ):    0.071ns
    Discrete Jitter          (DJ):    0.791ns
    Phase Error              (PE):    0.000ns
  Clock Net Delay (Source):      2.053ns (routing 0.998ns, distribution 1.055ns)
  Clock Net Delay (Destination): 1.853ns (routing 0.905ns, distribution 0.948ns)

    Location             Delay type                Incr(ns)  Path(ns)    Netlist Resource(s)
  -------------------------------------------------------------------    -------------------
                         (clock clk_pl_0 rise edge)
                                                      0.000     0.000 r  
    PS8_X0Y0             PS8                          0.000     0.000 r  BASIC_i/zynq_ultra_ps_e_0/inst/PS8_i/PLCLK[0]
                         net (fo=1, routed)           0.171     0.171    BASIC_i/zynq_ultra_ps_e_0/inst/pl_clk_unbuffered[0]
    BUFG_PS_X0Y77        BUFG_PS (Prop_BUFG_PS_I_O)
                                                      0.028     0.199 r  BASIC_i/zynq_ultra_ps_e_0/inst/buffer_pl_clk_0.PL_CLK_0_BUFG/O
    X1Y2 (CLOCK_ROOT)    net (fo=3003, routed)        2.053     2.252    BASIC_i/proc_sys_reset_0/U0/slowest_sync_clk
    SLICE_X38Y228        FDRE                                         r  BASIC_i/proc_sys_reset_0/U0/PR_OUT_DFF[0].FDRE_PER/C
  -------------------------------------------------------------------    -------------------
    SLICE_X38Y228        FDRE (Prop_EFF_SLICEM_C_Q)
                                                      0.076     2.328 f  BASIC_i/proc_sys_reset_0/U0/PR_OUT_DFF[0].FDRE_PER/Q
                         net (fo=1, routed)           0.224     2.552    BASIC_i/util_vector_logic_2/Op1[0]
    SLICE_X43Y228        LUT2 (Prop_F6LUT_SLICEM_I0_O)
                                                      0.051     2.603 f  BASIC_i/util_vector_logic_2/Res[0]_INST_0/O
                         net (fo=452, routed)         3.536     6.139    BASIC_i/RV32I_IF/pc_unit_0/inst/rst
    SLICE_X48Y145        FDCE                                         f  BASIC_i/RV32I_IF/pc_unit_0/inst/pc_reg[14]/CLR
  -------------------------------------------------------------------    -------------------

                         (clock clk_pl_0 rise edge)
                                                    100.001   100.001 r  
    PS8_X0Y0             PS8                          0.000   100.001 r  BASIC_i/zynq_ultra_ps_e_0/inst/PS8_i/PLCLK[0]
                         net (fo=1, routed)           0.135   100.136    BASIC_i/zynq_ultra_ps_e_0/inst/pl_clk_unbuffered[0]
    BUFG_PS_X0Y77        BUFG_PS (Prop_BUFG_PS_I_O)
                                                      0.025   100.161 r  BASIC_i/zynq_ultra_ps_e_0/inst/buffer_pl_clk_0.PL_CLK_0_BUFG/O
    X1Y2 (CLOCK_ROOT)    net (fo=3003, routed)        1.853   102.014    BASIC_i/RV32I_IF/pc_unit_0/inst/clk
    SLICE_X48Y145        FDCE                                         r  BASIC_i/RV32I_IF/pc_unit_0/inst/pc_reg[14]/C
                         clock pessimism              0.132   102.146    
                         clock uncertainty           -0.397   101.749    
    SLICE_X48Y145        FDCE (Recov_CFF_SLICEL_C_CLR)
                                                     -0.066   101.683    BASIC_i/RV32I_IF/pc_unit_0/inst/pc_reg[14]
  -------------------------------------------------------------------
                         required time                        101.683    
                         arrival time                          -6.139    
  -------------------------------------------------------------------
                         slack                                 95.544    

Slack (MET) :             95.544ns  (required time - arrival time)
  Source:                 BASIC_i/proc_sys_reset_0/U0/PR_OUT_DFF[0].FDRE_PER/C
                            (rising edge-triggered cell FDRE clocked by clk_pl_0  {rise@0.000ns fall@50.000ns period=100.001ns})
  Destination:            BASIC_i/RV32I_IF/pc_unit_0/inst/pc_reg[15]/CLR
                            (recovery check against rising-edge clock clk_pl_0  {rise@0.000ns fall@50.000ns period=100.001ns})
  Path Group:             **async_default**
  Path Type:              Recovery (Max at Slow Process Corner)
  Requirement:            100.001ns  (clk_pl_0 rise@100.001ns - clk_pl_0 rise@0.000ns)
  Data Path Delay:        3.887ns  (logic 0.127ns (3.267%)  route 3.760ns (96.733%))
  Logic Levels:           1  (LUT2=1)
  Clock Path Skew:        -0.107ns (DCD - SCD + CPR)
    Destination Clock Delay (DCD):    2.013ns = ( 102.014 - 100.001 ) 
    Source Clock Delay      (SCD):    2.252ns
    Clock Pessimism Removal (CPR):    0.132ns
  Clock Uncertainty:      0.397ns  ((TSJ^2 + DJ^2)^1/2) / 2 + PE
    Total System Jitter     (TSJ):    0.071ns
    Discrete Jitter          (DJ):    0.791ns
    Phase Error              (PE):    0.000ns
  Clock Net Delay (Source):      2.053ns (routing 0.998ns, distribution 1.055ns)
  Clock Net Delay (Destination): 1.853ns (routing 0.905ns, distribution 0.948ns)

    Location             Delay type                Incr(ns)  Path(ns)    Netlist Resource(s)
  -------------------------------------------------------------------    -------------------
                         (clock clk_pl_0 rise edge)
                                                      0.000     0.000 r  
    PS8_X0Y0             PS8                          0.000     0.000 r  BASIC_i/zynq_ultra_ps_e_0/inst/PS8_i/PLCLK[0]
                         net (fo=1, routed)           0.171     0.171    BASIC_i/zynq_ultra_ps_e_0/inst/pl_clk_unbuffered[0]
    BUFG_PS_X0Y77        BUFG_PS (Prop_BUFG_PS_I_O)
                                                      0.028     0.199 r  BASIC_i/zynq_ultra_ps_e_0/inst/buffer_pl_clk_0.PL_CLK_0_BUFG/O
    X1Y2 (CLOCK_ROOT)    net (fo=3003, routed)        2.053     2.252    BASIC_i/proc_sys_reset_0/U0/slowest_sync_clk
    SLICE_X38Y228        FDRE                                         r  BASIC_i/proc_sys_reset_0/U0/PR_OUT_DFF[0].FDRE_PER/C
  -------------------------------------------------------------------    -------------------
    SLICE_X38Y228        FDRE (Prop_EFF_SLICEM_C_Q)
                                                      0.076     2.328 f  BASIC_i/proc_sys_reset_0/U0/PR_OUT_DFF[0].FDRE_PER/Q
                         net (fo=1, routed)           0.224     2.552    BASIC_i/util_vector_logic_2/Op1[0]
    SLICE_X43Y228        LUT2 (Prop_F6LUT_SLICEM_I0_O)
                                                      0.051     2.603 f  BASIC_i/util_vector_logic_2/Res[0]_INST_0/O
                         net (fo=452, routed)         3.536     6.139    BASIC_i/RV32I_IF/pc_unit_0/inst/rst
    SLICE_X48Y145        FDCE                                         f  BASIC_i/RV32I_IF/pc_unit_0/inst/pc_reg[15]/CLR
  -------------------------------------------------------------------    -------------------

                         (clock clk_pl_0 rise edge)
                                                    100.001   100.001 r  
    PS8_X0Y0             PS8                          0.000   100.001 r  BASIC_i/zynq_ultra_ps_e_0/inst/PS8_i/PLCLK[0]
                         net (fo=1, routed)           0.135   100.136    BASIC_i/zynq_ultra_ps_e_0/inst/pl_clk_unbuffered[0]
    BUFG_PS_X0Y77        BUFG_PS (Prop_BUFG_PS_I_O)
                                                      0.025   100.161 r  BASIC_i/zynq_ultra_ps_e_0/inst/buffer_pl_clk_0.PL_CLK_0_BUFG/O
    X1Y2 (CLOCK_ROOT)    net (fo=3003, routed)        1.853   102.014    BASIC_i/RV32I_IF/pc_unit_0/inst/clk
    SLICE_X48Y145        FDCE                                         r  BASIC_i/RV32I_IF/pc_unit_0/inst/pc_reg[15]/C
                         clock pessimism              0.132   102.146    
                         clock uncertainty           -0.397   101.749    
    SLICE_X48Y145        FDCE (Recov_CFF2_SLICEL_C_CLR)
                                                     -0.066   101.683    BASIC_i/RV32I_IF/pc_unit_0/inst/pc_reg[15]
  -------------------------------------------------------------------
                         required time                        101.683    
                         arrival time                          -6.139    
  -------------------------------------------------------------------
                         slack                                 95.544    

Slack (MET) :             96.248ns  (required time - arrival time)
  Source:                 BASIC_i/proc_sys_reset_0/U0/PR_OUT_DFF[0].FDRE_PER/C
                            (rising edge-triggered cell FDRE clocked by clk_pl_0  {rise@0.000ns fall@50.000ns period=100.001ns})
  Destination:            BASIC_i/RV32I_IF/pc_unit_0/inst/pc_reg[0]/CLR
                            (recovery check against rising-edge clock clk_pl_0  {rise@0.000ns fall@50.000ns period=100.001ns})
  Path Group:             **async_default**
  Path Type:              Recovery (Max at Slow Process Corner)
  Requirement:            100.001ns  (clk_pl_0 rise@100.001ns - clk_pl_0 rise@0.000ns)
  Data Path Delay:        3.186ns  (logic 0.127ns (3.986%)  route 3.059ns (96.014%))
  Logic Levels:           1  (LUT2=1)
  Clock Path Skew:        -0.104ns (DCD - SCD + CPR)
    Destination Clock Delay (DCD):    2.016ns = ( 102.017 - 100.001 ) 
    Source Clock Delay      (SCD):    2.252ns
    Clock Pessimism Removal (CPR):    0.132ns
  Clock Uncertainty:      0.397ns  ((TSJ^2 + DJ^2)^1/2) / 2 + PE
    Total System Jitter     (TSJ):    0.071ns
    Discrete Jitter          (DJ):    0.791ns
    Phase Error              (PE):    0.000ns
  Clock Net Delay (Source):      2.053ns (routing 0.998ns, distribution 1.055ns)
  Clock Net Delay (Destination): 1.856ns (routing 0.905ns, distribution 0.951ns)

    Location             Delay type                Incr(ns)  Path(ns)    Netlist Resource(s)
  -------------------------------------------------------------------    -------------------
                         (clock clk_pl_0 rise edge)
                                                      0.000     0.000 r  
    PS8_X0Y0             PS8                          0.000     0.000 r  BASIC_i/zynq_ultra_ps_e_0/inst/PS8_i/PLCLK[0]
                         net (fo=1, routed)           0.171     0.171    BASIC_i/zynq_ultra_ps_e_0/inst/pl_clk_unbuffered[0]
    BUFG_PS_X0Y77        BUFG_PS (Prop_BUFG_PS_I_O)
                                                      0.028     0.199 r  BASIC_i/zynq_ultra_ps_e_0/inst/buffer_pl_clk_0.PL_CLK_0_BUFG/O
    X1Y2 (CLOCK_ROOT)    net (fo=3003, routed)        2.053     2.252    BASIC_i/proc_sys_reset_0/U0/slowest_sync_clk
    SLICE_X38Y228        FDRE                                         r  BASIC_i/proc_sys_reset_0/U0/PR_OUT_DFF[0].FDRE_PER/C
  -------------------------------------------------------------------    -------------------
    SLICE_X38Y228        FDRE (Prop_EFF_SLICEM_C_Q)
                                                      0.076     2.328 f  BASIC_i/proc_sys_reset_0/U0/PR_OUT_DFF[0].FDRE_PER/Q
                         net (fo=1, routed)           0.224     2.552    BASIC_i/util_vector_logic_2/Op1[0]
    SLICE_X43Y228        LUT2 (Prop_F6LUT_SLICEM_I0_O)
                                                      0.051     2.603 f  BASIC_i/util_vector_logic_2/Res[0]_INST_0/O
                         net (fo=452, routed)         2.835     5.438    BASIC_i/RV32I_IF/pc_unit_0/inst/rst
    SLICE_X47Y144        FDCE                                         f  BASIC_i/RV32I_IF/pc_unit_0/inst/pc_reg[0]/CLR
  -------------------------------------------------------------------    -------------------

                         (clock clk_pl_0 rise edge)
                                                    100.001   100.001 r  
    PS8_X0Y0             PS8                          0.000   100.001 r  BASIC_i/zynq_ultra_ps_e_0/inst/PS8_i/PLCLK[0]
                         net (fo=1, routed)           0.135   100.136    BASIC_i/zynq_ultra_ps_e_0/inst/pl_clk_unbuffered[0]
    BUFG_PS_X0Y77        BUFG_PS (Prop_BUFG_PS_I_O)
                                                      0.025   100.161 r  BASIC_i/zynq_ultra_ps_e_0/inst/buffer_pl_clk_0.PL_CLK_0_BUFG/O
    X1Y2 (CLOCK_ROOT)    net (fo=3003, routed)        1.856   102.017    BASIC_i/RV32I_IF/pc_unit_0/inst/clk
    SLICE_X47Y144        FDCE                                         r  BASIC_i/RV32I_IF/pc_unit_0/inst/pc_reg[0]/C
                         clock pessimism              0.132   102.149    
                         clock uncertainty           -0.397   101.752    
    SLICE_X47Y144        FDCE (Recov_DFF_SLICEL_C_CLR)
                                                     -0.066   101.686    BASIC_i/RV32I_IF/pc_unit_0/inst/pc_reg[0]
  -------------------------------------------------------------------
                         required time                        101.686    
                         arrival time                          -5.438    
  -------------------------------------------------------------------
                         slack                                 96.248    

Slack (MET) :             96.248ns  (required time - arrival time)
  Source:                 BASIC_i/proc_sys_reset_0/U0/PR_OUT_DFF[0].FDRE_PER/C
                            (rising edge-triggered cell FDRE clocked by clk_pl_0  {rise@0.000ns fall@50.000ns period=100.001ns})
  Destination:            BASIC_i/RV32I_IF/pc_unit_0/inst/pc_reg[1]/CLR
                            (recovery check against rising-edge clock clk_pl_0  {rise@0.000ns fall@50.000ns period=100.001ns})
  Path Group:             **async_default**
  Path Type:              Recovery (Max at Slow Process Corner)
  Requirement:            100.001ns  (clk_pl_0 rise@100.001ns - clk_pl_0 rise@0.000ns)
  Data Path Delay:        3.186ns  (logic 0.127ns (3.986%)  route 3.059ns (96.014%))
  Logic Levels:           1  (LUT2=1)
  Clock Path Skew:        -0.104ns (DCD - SCD + CPR)
    Destination Clock Delay (DCD):    2.016ns = ( 102.017 - 100.001 ) 
    Source Clock Delay      (SCD):    2.252ns
    Clock Pessimism Removal (CPR):    0.132ns
  Clock Uncertainty:      0.397ns  ((TSJ^2 + DJ^2)^1/2) / 2 + PE
    Total System Jitter     (TSJ):    0.071ns
    Discrete Jitter          (DJ):    0.791ns
    Phase Error              (PE):    0.000ns
  Clock Net Delay (Source):      2.053ns (routing 0.998ns, distribution 1.055ns)
  Clock Net Delay (Destination): 1.856ns (routing 0.905ns, distribution 0.951ns)

    Location             Delay type                Incr(ns)  Path(ns)    Netlist Resource(s)
  -------------------------------------------------------------------    -------------------
                         (clock clk_pl_0 rise edge)
                                                      0.000     0.000 r  
    PS8_X0Y0             PS8                          0.000     0.000 r  BASIC_i/zynq_ultra_ps_e_0/inst/PS8_i/PLCLK[0]
                         net (fo=1, routed)           0.171     0.171    BASIC_i/zynq_ultra_ps_e_0/inst/pl_clk_unbuffered[0]
    BUFG_PS_X0Y77        BUFG_PS (Prop_BUFG_PS_I_O)
                                                      0.028     0.199 r  BASIC_i/zynq_ultra_ps_e_0/inst/buffer_pl_clk_0.PL_CLK_0_BUFG/O
    X1Y2 (CLOCK_ROOT)    net (fo=3003, routed)        2.053     2.252    BASIC_i/proc_sys_reset_0/U0/slowest_sync_clk
    SLICE_X38Y228        FDRE                                         r  BASIC_i/proc_sys_reset_0/U0/PR_OUT_DFF[0].FDRE_PER/C
  -------------------------------------------------------------------    -------------------
    SLICE_X38Y228        FDRE (Prop_EFF_SLICEM_C_Q)
                                                      0.076     2.328 f  BASIC_i/proc_sys_reset_0/U0/PR_OUT_DFF[0].FDRE_PER/Q
                         net (fo=1, routed)           0.224     2.552    BASIC_i/util_vector_logic_2/Op1[0]
    SLICE_X43Y228        LUT2 (Prop_F6LUT_SLICEM_I0_O)
                                                      0.051     2.603 f  BASIC_i/util_vector_logic_2/Res[0]_INST_0/O
                         net (fo=452, routed)         2.835     5.438    BASIC_i/RV32I_IF/pc_unit_0/inst/rst
    SLICE_X47Y144        FDCE                                         f  BASIC_i/RV32I_IF/pc_unit_0/inst/pc_reg[1]/CLR
  -------------------------------------------------------------------    -------------------

                         (clock clk_pl_0 rise edge)
                                                    100.001   100.001 r  
    PS8_X0Y0             PS8                          0.000   100.001 r  BASIC_i/zynq_ultra_ps_e_0/inst/PS8_i/PLCLK[0]
                         net (fo=1, routed)           0.135   100.136    BASIC_i/zynq_ultra_ps_e_0/inst/pl_clk_unbuffered[0]
    BUFG_PS_X0Y77        BUFG_PS (Prop_BUFG_PS_I_O)
                                                      0.025   100.161 r  BASIC_i/zynq_ultra_ps_e_0/inst/buffer_pl_clk_0.PL_CLK_0_BUFG/O
    X1Y2 (CLOCK_ROOT)    net (fo=3003, routed)        1.856   102.017    BASIC_i/RV32I_IF/pc_unit_0/inst/clk
    SLICE_X47Y144        FDCE                                         r  BASIC_i/RV32I_IF/pc_unit_0/inst/pc_reg[1]/C
                         clock pessimism              0.132   102.149    
                         clock uncertainty           -0.397   101.752    
    SLICE_X47Y144        FDCE (Recov_DFF2_SLICEL_C_CLR)
                                                     -0.066   101.686    BASIC_i/RV32I_IF/pc_unit_0/inst/pc_reg[1]
  -------------------------------------------------------------------
                         required time                        101.686    
                         arrival time                          -5.438    
  -------------------------------------------------------------------
                         slack                                 96.248    

Slack (MET) :             96.248ns  (required time - arrival time)
  Source:                 BASIC_i/proc_sys_reset_0/U0/PR_OUT_DFF[0].FDRE_PER/C
                            (rising edge-triggered cell FDRE clocked by clk_pl_0  {rise@0.000ns fall@50.000ns period=100.001ns})
  Destination:            BASIC_i/RV32I_IF/pc_unit_0/inst/pc_reg[4]/CLR
                            (recovery check against rising-edge clock clk_pl_0  {rise@0.000ns fall@50.000ns period=100.001ns})
  Path Group:             **async_default**
  Path Type:              Recovery (Max at Slow Process Corner)
  Requirement:            100.001ns  (clk_pl_0 rise@100.001ns - clk_pl_0 rise@0.000ns)
  Data Path Delay:        3.186ns  (logic 0.127ns (3.986%)  route 3.059ns (96.014%))
  Logic Levels:           1  (LUT2=1)
  Clock Path Skew:        -0.104ns (DCD - SCD + CPR)
    Destination Clock Delay (DCD):    2.016ns = ( 102.017 - 100.001 ) 
    Source Clock Delay      (SCD):    2.252ns
    Clock Pessimism Removal (CPR):    0.132ns
  Clock Uncertainty:      0.397ns  ((TSJ^2 + DJ^2)^1/2) / 2 + PE
    Total System Jitter     (TSJ):    0.071ns
    Discrete Jitter          (DJ):    0.791ns
    Phase Error              (PE):    0.000ns
  Clock Net Delay (Source):      2.053ns (routing 0.998ns, distribution 1.055ns)
  Clock Net Delay (Destination): 1.856ns (routing 0.905ns, distribution 0.951ns)

    Location             Delay type                Incr(ns)  Path(ns)    Netlist Resource(s)
  -------------------------------------------------------------------    -------------------
                         (clock clk_pl_0 rise edge)
                                                      0.000     0.000 r  
    PS8_X0Y0             PS8                          0.000     0.000 r  BASIC_i/zynq_ultra_ps_e_0/inst/PS8_i/PLCLK[0]
                         net (fo=1, routed)           0.171     0.171    BASIC_i/zynq_ultra_ps_e_0/inst/pl_clk_unbuffered[0]
    BUFG_PS_X0Y77        BUFG_PS (Prop_BUFG_PS_I_O)
                                                      0.028     0.199 r  BASIC_i/zynq_ultra_ps_e_0/inst/buffer_pl_clk_0.PL_CLK_0_BUFG/O
    X1Y2 (CLOCK_ROOT)    net (fo=3003, routed)        2.053     2.252    BASIC_i/proc_sys_reset_0/U0/slowest_sync_clk
    SLICE_X38Y228        FDRE                                         r  BASIC_i/proc_sys_reset_0/U0/PR_OUT_DFF[0].FDRE_PER/C
  -------------------------------------------------------------------    -------------------
    SLICE_X38Y228        FDRE (Prop_EFF_SLICEM_C_Q)
                                                      0.076     2.328 f  BASIC_i/proc_sys_reset_0/U0/PR_OUT_DFF[0].FDRE_PER/Q
                         net (fo=1, routed)           0.224     2.552    BASIC_i/util_vector_logic_2/Op1[0]
    SLICE_X43Y228        LUT2 (Prop_F6LUT_SLICEM_I0_O)
                                                      0.051     2.603 f  BASIC_i/util_vector_logic_2/Res[0]_INST_0/O
                         net (fo=452, routed)         2.835     5.438    BASIC_i/RV32I_IF/pc_unit_0/inst/rst
    SLICE_X47Y144        FDCE                                         f  BASIC_i/RV32I_IF/pc_unit_0/inst/pc_reg[4]/CLR
  -------------------------------------------------------------------    -------------------

                         (clock clk_pl_0 rise edge)
                                                    100.001   100.001 r  
    PS8_X0Y0             PS8                          0.000   100.001 r  BASIC_i/zynq_ultra_ps_e_0/inst/PS8_i/PLCLK[0]
                         net (fo=1, routed)           0.135   100.136    BASIC_i/zynq_ultra_ps_e_0/inst/pl_clk_unbuffered[0]
    BUFG_PS_X0Y77        BUFG_PS (Prop_BUFG_PS_I_O)
                                                      0.025   100.161 r  BASIC_i/zynq_ultra_ps_e_0/inst/buffer_pl_clk_0.PL_CLK_0_BUFG/O
    X1Y2 (CLOCK_ROOT)    net (fo=3003, routed)        1.856   102.017    BASIC_i/RV32I_IF/pc_unit_0/inst/clk
    SLICE_X47Y144        FDCE                                         r  BASIC_i/RV32I_IF/pc_unit_0/inst/pc_reg[4]/C
                         clock pessimism              0.132   102.149    
                         clock uncertainty           -0.397   101.752    
    SLICE_X47Y144        FDCE (Recov_CFF_SLICEL_C_CLR)
                                                     -0.066   101.686    BASIC_i/RV32I_IF/pc_unit_0/inst/pc_reg[4]
  -------------------------------------------------------------------
                         required time                        101.686    
                         arrival time                          -5.438    
  -------------------------------------------------------------------
                         slack                                 96.248    

Slack (MET) :             96.248ns  (required time - arrival time)
  Source:                 BASIC_i/proc_sys_reset_0/U0/PR_OUT_DFF[0].FDRE_PER/C
                            (rising edge-triggered cell FDRE clocked by clk_pl_0  {rise@0.000ns fall@50.000ns period=100.001ns})
  Destination:            BASIC_i/RV32I_IF/pc_unit_0/inst/pc_reg[5]/CLR
                            (recovery check against rising-edge clock clk_pl_0  {rise@0.000ns fall@50.000ns period=100.001ns})
  Path Group:             **async_default**
  Path Type:              Recovery (Max at Slow Process Corner)
  Requirement:            100.001ns  (clk_pl_0 rise@100.001ns - clk_pl_0 rise@0.000ns)
  Data Path Delay:        3.186ns  (logic 0.127ns (3.986%)  route 3.059ns (96.014%))
  Logic Levels:           1  (LUT2=1)
  Clock Path Skew:        -0.104ns (DCD - SCD + CPR)
    Destination Clock Delay (DCD):    2.016ns = ( 102.017 - 100.001 ) 
    Source Clock Delay      (SCD):    2.252ns
    Clock Pessimism Removal (CPR):    0.132ns
  Clock Uncertainty:      0.397ns  ((TSJ^2 + DJ^2)^1/2) / 2 + PE
    Total System Jitter     (TSJ):    0.071ns
    Discrete Jitter          (DJ):    0.791ns
    Phase Error              (PE):    0.000ns
  Clock Net Delay (Source):      2.053ns (routing 0.998ns, distribution 1.055ns)
  Clock Net Delay (Destination): 1.856ns (routing 0.905ns, distribution 0.951ns)

    Location             Delay type                Incr(ns)  Path(ns)    Netlist Resource(s)
  -------------------------------------------------------------------    -------------------
                         (clock clk_pl_0 rise edge)
                                                      0.000     0.000 r  
    PS8_X0Y0             PS8                          0.000     0.000 r  BASIC_i/zynq_ultra_ps_e_0/inst/PS8_i/PLCLK[0]
                         net (fo=1, routed)           0.171     0.171    BASIC_i/zynq_ultra_ps_e_0/inst/pl_clk_unbuffered[0]
    BUFG_PS_X0Y77        BUFG_PS (Prop_BUFG_PS_I_O)
                                                      0.028     0.199 r  BASIC_i/zynq_ultra_ps_e_0/inst/buffer_pl_clk_0.PL_CLK_0_BUFG/O
    X1Y2 (CLOCK_ROOT)    net (fo=3003, routed)        2.053     2.252    BASIC_i/proc_sys_reset_0/U0/slowest_sync_clk
    SLICE_X38Y228        FDRE                                         r  BASIC_i/proc_sys_reset_0/U0/PR_OUT_DFF[0].FDRE_PER/C
  -------------------------------------------------------------------    -------------------
    SLICE_X38Y228        FDRE (Prop_EFF_SLICEM_C_Q)
                                                      0.076     2.328 f  BASIC_i/proc_sys_reset_0/U0/PR_OUT_DFF[0].FDRE_PER/Q
                         net (fo=1, routed)           0.224     2.552    BASIC_i/util_vector_logic_2/Op1[0]
    SLICE_X43Y228        LUT2 (Prop_F6LUT_SLICEM_I0_O)
                                                      0.051     2.603 f  BASIC_i/util_vector_logic_2/Res[0]_INST_0/O
                         net (fo=452, routed)         2.835     5.438    BASIC_i/RV32I_IF/pc_unit_0/inst/rst
    SLICE_X47Y144        FDCE                                         f  BASIC_i/RV32I_IF/pc_unit_0/inst/pc_reg[5]/CLR
  -------------------------------------------------------------------    -------------------

                         (clock clk_pl_0 rise edge)
                                                    100.001   100.001 r  
    PS8_X0Y0             PS8                          0.000   100.001 r  BASIC_i/zynq_ultra_ps_e_0/inst/PS8_i/PLCLK[0]
                         net (fo=1, routed)           0.135   100.136    BASIC_i/zynq_ultra_ps_e_0/inst/pl_clk_unbuffered[0]
    BUFG_PS_X0Y77        BUFG_PS (Prop_BUFG_PS_I_O)
                                                      0.025   100.161 r  BASIC_i/zynq_ultra_ps_e_0/inst/buffer_pl_clk_0.PL_CLK_0_BUFG/O
    X1Y2 (CLOCK_ROOT)    net (fo=3003, routed)        1.856   102.017    BASIC_i/RV32I_IF/pc_unit_0/inst/clk
    SLICE_X47Y144        FDCE                                         r  BASIC_i/RV32I_IF/pc_unit_0/inst/pc_reg[5]/C
                         clock pessimism              0.132   102.149    
                         clock uncertainty           -0.397   101.752    
    SLICE_X47Y144        FDCE (Recov_CFF2_SLICEL_C_CLR)
                                                     -0.066   101.686    BASIC_i/RV32I_IF/pc_unit_0/inst/pc_reg[5]
  -------------------------------------------------------------------
                         required time                        101.686    
                         arrival time                          -5.438    
  -------------------------------------------------------------------
                         slack                                 96.248    

Slack (MET) :             96.248ns  (required time - arrival time)
  Source:                 BASIC_i/proc_sys_reset_0/U0/PR_OUT_DFF[0].FDRE_PER/C
                            (rising edge-triggered cell FDRE clocked by clk_pl_0  {rise@0.000ns fall@50.000ns period=100.001ns})
  Destination:            BASIC_i/RV32I_IF/pc_unit_0/inst/pc_reg[6]/CLR
                            (recovery check against rising-edge clock clk_pl_0  {rise@0.000ns fall@50.000ns period=100.001ns})
  Path Group:             **async_default**
  Path Type:              Recovery (Max at Slow Process Corner)
  Requirement:            100.001ns  (clk_pl_0 rise@100.001ns - clk_pl_0 rise@0.000ns)
  Data Path Delay:        3.186ns  (logic 0.127ns (3.986%)  route 3.059ns (96.014%))
  Logic Levels:           1  (LUT2=1)
  Clock Path Skew:        -0.104ns (DCD - SCD + CPR)
    Destination Clock Delay (DCD):    2.016ns = ( 102.017 - 100.001 ) 
    Source Clock Delay      (SCD):    2.252ns
    Clock Pessimism Removal (CPR):    0.132ns
  Clock Uncertainty:      0.397ns  ((TSJ^2 + DJ^2)^1/2) / 2 + PE
    Total System Jitter     (TSJ):    0.071ns
    Discrete Jitter          (DJ):    0.791ns
    Phase Error              (PE):    0.000ns
  Clock Net Delay (Source):      2.053ns (routing 0.998ns, distribution 1.055ns)
  Clock Net Delay (Destination): 1.856ns (routing 0.905ns, distribution 0.951ns)

    Location             Delay type                Incr(ns)  Path(ns)    Netlist Resource(s)
  -------------------------------------------------------------------    -------------------
                         (clock clk_pl_0 rise edge)
                                                      0.000     0.000 r  
    PS8_X0Y0             PS8                          0.000     0.000 r  BASIC_i/zynq_ultra_ps_e_0/inst/PS8_i/PLCLK[0]
                         net (fo=1, routed)           0.171     0.171    BASIC_i/zynq_ultra_ps_e_0/inst/pl_clk_unbuffered[0]
    BUFG_PS_X0Y77        BUFG_PS (Prop_BUFG_PS_I_O)
                                                      0.028     0.199 r  BASIC_i/zynq_ultra_ps_e_0/inst/buffer_pl_clk_0.PL_CLK_0_BUFG/O
    X1Y2 (CLOCK_ROOT)    net (fo=3003, routed)        2.053     2.252    BASIC_i/proc_sys_reset_0/U0/slowest_sync_clk
    SLICE_X38Y228        FDRE                                         r  BASIC_i/proc_sys_reset_0/U0/PR_OUT_DFF[0].FDRE_PER/C
  -------------------------------------------------------------------    -------------------
    SLICE_X38Y228        FDRE (Prop_EFF_SLICEM_C_Q)
                                                      0.076     2.328 f  BASIC_i/proc_sys_reset_0/U0/PR_OUT_DFF[0].FDRE_PER/Q
                         net (fo=1, routed)           0.224     2.552    BASIC_i/util_vector_logic_2/Op1[0]
    SLICE_X43Y228        LUT2 (Prop_F6LUT_SLICEM_I0_O)
                                                      0.051     2.603 f  BASIC_i/util_vector_logic_2/Res[0]_INST_0/O
                         net (fo=452, routed)         2.835     5.438    BASIC_i/RV32I_IF/pc_unit_0/inst/rst
    SLICE_X47Y144        FDCE                                         f  BASIC_i/RV32I_IF/pc_unit_0/inst/pc_reg[6]/CLR
  -------------------------------------------------------------------    -------------------

                         (clock clk_pl_0 rise edge)
                                                    100.001   100.001 r  
    PS8_X0Y0             PS8                          0.000   100.001 r  BASIC_i/zynq_ultra_ps_e_0/inst/PS8_i/PLCLK[0]
                         net (fo=1, routed)           0.135   100.136    BASIC_i/zynq_ultra_ps_e_0/inst/pl_clk_unbuffered[0]
    BUFG_PS_X0Y77        BUFG_PS (Prop_BUFG_PS_I_O)
                                                      0.025   100.161 r  BASIC_i/zynq_ultra_ps_e_0/inst/buffer_pl_clk_0.PL_CLK_0_BUFG/O
    X1Y2 (CLOCK_ROOT)    net (fo=3003, routed)        1.856   102.017    BASIC_i/RV32I_IF/pc_unit_0/inst/clk
    SLICE_X47Y144        FDCE                                         r  BASIC_i/RV32I_IF/pc_unit_0/inst/pc_reg[6]/C
                         clock pessimism              0.132   102.149    
                         clock uncertainty           -0.397   101.752    
    SLICE_X47Y144        FDCE (Recov_BFF_SLICEL_C_CLR)
                                                     -0.066   101.686    BASIC_i/RV32I_IF/pc_unit_0/inst/pc_reg[6]
  -------------------------------------------------------------------
                         required time                        101.686    
                         arrival time                          -5.438    
  -------------------------------------------------------------------
                         slack                                 96.248    

Slack (MET) :             96.248ns  (required time - arrival time)
  Source:                 BASIC_i/proc_sys_reset_0/U0/PR_OUT_DFF[0].FDRE_PER/C
                            (rising edge-triggered cell FDRE clocked by clk_pl_0  {rise@0.000ns fall@50.000ns period=100.001ns})
  Destination:            BASIC_i/RV32I_IF/pc_unit_0/inst/pc_reg[7]/CLR
                            (recovery check against rising-edge clock clk_pl_0  {rise@0.000ns fall@50.000ns period=100.001ns})
  Path Group:             **async_default**
  Path Type:              Recovery (Max at Slow Process Corner)
  Requirement:            100.001ns  (clk_pl_0 rise@100.001ns - clk_pl_0 rise@0.000ns)
  Data Path Delay:        3.186ns  (logic 0.127ns (3.986%)  route 3.059ns (96.014%))
  Logic Levels:           1  (LUT2=1)
  Clock Path Skew:        -0.104ns (DCD - SCD + CPR)
    Destination Clock Delay (DCD):    2.016ns = ( 102.017 - 100.001 ) 
    Source Clock Delay      (SCD):    2.252ns
    Clock Pessimism Removal (CPR):    0.132ns
  Clock Uncertainty:      0.397ns  ((TSJ^2 + DJ^2)^1/2) / 2 + PE
    Total System Jitter     (TSJ):    0.071ns
    Discrete Jitter          (DJ):    0.791ns
    Phase Error              (PE):    0.000ns
  Clock Net Delay (Source):      2.053ns (routing 0.998ns, distribution 1.055ns)
  Clock Net Delay (Destination): 1.856ns (routing 0.905ns, distribution 0.951ns)

    Location             Delay type                Incr(ns)  Path(ns)    Netlist Resource(s)
  -------------------------------------------------------------------    -------------------
                         (clock clk_pl_0 rise edge)
                                                      0.000     0.000 r  
    PS8_X0Y0             PS8                          0.000     0.000 r  BASIC_i/zynq_ultra_ps_e_0/inst/PS8_i/PLCLK[0]
                         net (fo=1, routed)           0.171     0.171    BASIC_i/zynq_ultra_ps_e_0/inst/pl_clk_unbuffered[0]
    BUFG_PS_X0Y77        BUFG_PS (Prop_BUFG_PS_I_O)
                                                      0.028     0.199 r  BASIC_i/zynq_ultra_ps_e_0/inst/buffer_pl_clk_0.PL_CLK_0_BUFG/O
    X1Y2 (CLOCK_ROOT)    net (fo=3003, routed)        2.053     2.252    BASIC_i/proc_sys_reset_0/U0/slowest_sync_clk
    SLICE_X38Y228        FDRE                                         r  BASIC_i/proc_sys_reset_0/U0/PR_OUT_DFF[0].FDRE_PER/C
  -------------------------------------------------------------------    -------------------
    SLICE_X38Y228        FDRE (Prop_EFF_SLICEM_C_Q)
                                                      0.076     2.328 f  BASIC_i/proc_sys_reset_0/U0/PR_OUT_DFF[0].FDRE_PER/Q
                         net (fo=1, routed)           0.224     2.552    BASIC_i/util_vector_logic_2/Op1[0]
    SLICE_X43Y228        LUT2 (Prop_F6LUT_SLICEM_I0_O)
                                                      0.051     2.603 f  BASIC_i/util_vector_logic_2/Res[0]_INST_0/O
                         net (fo=452, routed)         2.835     5.438    BASIC_i/RV32I_IF/pc_unit_0/inst/rst
    SLICE_X47Y144        FDCE                                         f  BASIC_i/RV32I_IF/pc_unit_0/inst/pc_reg[7]/CLR
  -------------------------------------------------------------------    -------------------

                         (clock clk_pl_0 rise edge)
                                                    100.001   100.001 r  
    PS8_X0Y0             PS8                          0.000   100.001 r  BASIC_i/zynq_ultra_ps_e_0/inst/PS8_i/PLCLK[0]
                         net (fo=1, routed)           0.135   100.136    BASIC_i/zynq_ultra_ps_e_0/inst/pl_clk_unbuffered[0]
    BUFG_PS_X0Y77        BUFG_PS (Prop_BUFG_PS_I_O)
                                                      0.025   100.161 r  BASIC_i/zynq_ultra_ps_e_0/inst/buffer_pl_clk_0.PL_CLK_0_BUFG/O
    X1Y2 (CLOCK_ROOT)    net (fo=3003, routed)        1.856   102.017    BASIC_i/RV32I_IF/pc_unit_0/inst/clk
    SLICE_X47Y144        FDCE                                         r  BASIC_i/RV32I_IF/pc_unit_0/inst/pc_reg[7]/C
                         clock pessimism              0.132   102.149    
                         clock uncertainty           -0.397   101.752    
    SLICE_X47Y144        FDCE (Recov_BFF2_SLICEL_C_CLR)
                                                     -0.066   101.686    BASIC_i/RV32I_IF/pc_unit_0/inst/pc_reg[7]
  -------------------------------------------------------------------
                         required time                        101.686    
                         arrival time                          -5.438    
  -------------------------------------------------------------------
                         slack                                 96.248    





Min Delay Paths
--------------------------------------------------------------------------------------
Slack (MET) :             0.113ns  (arrival time - required time)
  Source:                 dbg_hub/inst/BSCANID.u_xsdbm_id/CORE_XSDB.UUT_MASTER/U_XSDB_BUS_CONTROLLER/clr_abort_rd_reg/C
                            (rising edge-triggered cell FDCE clocked by clk_pl_0  {rise@0.000ns fall@50.000ns period=100.001ns})
  Destination:            dbg_hub/inst/BSCANID.u_xsdbm_id/CORE_XSDB.UUT_MASTER/U_XSDB_BUS_CONTROLLER/U_RD_ABORT_FLAG/G_NEG_EDGE.flag_reg/CLR
                            (removal check against rising-edge clock clk_pl_0  {rise@0.000ns fall@50.000ns period=100.001ns})
  Path Group:             **async_default**
  Path Type:              Removal (Min at Fast Process Corner)
  Requirement:            0.000ns  (clk_pl_0 rise@0.000ns - clk_pl_0 rise@0.000ns)
  Data Path Delay:        0.108ns  (logic 0.039ns (36.111%)  route 0.069ns (63.889%))
  Logic Levels:           0  
  Clock Path Skew:        0.015ns (DCD - SCD - CPR)
    Destination Clock Delay (DCD):    1.460ns
    Source Clock Delay      (SCD):    1.282ns
    Clock Pessimism Removal (CPR):    0.163ns
  Clock Net Delay (Source):      1.171ns (routing 0.539ns, distribution 0.632ns)
  Clock Net Delay (Destination): 1.322ns (routing 0.601ns, distribution 0.721ns)

    Location             Delay type                Incr(ns)  Path(ns)    Netlist Resource(s)
  -------------------------------------------------------------------    -------------------
                         (clock clk_pl_0 rise edge)
                                                      0.000     0.000 r  
    PS8_X0Y0             PS8                          0.000     0.000 r  BASIC_i/zynq_ultra_ps_e_0/inst/PS8_i/PLCLK[0]
                         net (fo=1, routed)           0.094     0.094    BASIC_i/zynq_ultra_ps_e_0/inst/pl_clk_unbuffered[0]
    BUFG_PS_X0Y77        BUFG_PS (Prop_BUFG_PS_I_O)
                                                      0.017     0.111 r  BASIC_i/zynq_ultra_ps_e_0/inst/buffer_pl_clk_0.PL_CLK_0_BUFG/O
    X1Y2 (CLOCK_ROOT)    net (fo=3003, routed)        1.171     1.282    dbg_hub/inst/BSCANID.u_xsdbm_id/CORE_XSDB.UUT_MASTER/U_XSDB_BUS_CONTROLLER/clk
    SLICE_X47Y231        FDCE                                         r  dbg_hub/inst/BSCANID.u_xsdbm_id/CORE_XSDB.UUT_MASTER/U_XSDB_BUS_CONTROLLER/clr_abort_rd_reg/C
  -------------------------------------------------------------------    -------------------
    SLICE_X47Y231        FDCE (Prop_AFF_SLICEL_C_Q)
                                                      0.039     1.321 f  dbg_hub/inst/BSCANID.u_xsdbm_id/CORE_XSDB.UUT_MASTER/U_XSDB_BUS_CONTROLLER/clr_abort_rd_reg/Q
                         net (fo=2, routed)           0.069     1.390    dbg_hub/inst/BSCANID.u_xsdbm_id/CORE_XSDB.UUT_MASTER/U_XSDB_BUS_CONTROLLER/U_RD_ABORT_FLAG/clr_abort_rd
    SLICE_X47Y231        FDCE                                         f  dbg_hub/inst/BSCANID.u_xsdbm_id/CORE_XSDB.UUT_MASTER/U_XSDB_BUS_CONTROLLER/U_RD_ABORT_FLAG/G_NEG_EDGE.flag_reg/CLR
  -------------------------------------------------------------------    -------------------

                         (clock clk_pl_0 rise edge)
                                                      0.000     0.000 r  
    PS8_X0Y0             PS8                          0.000     0.000 r  BASIC_i/zynq_ultra_ps_e_0/inst/PS8_i/PLCLK[0]
                         net (fo=1, routed)           0.120     0.120    BASIC_i/zynq_ultra_ps_e_0/inst/pl_clk_unbuffered[0]
    BUFG_PS_X0Y77        BUFG_PS (Prop_BUFG_PS_I_O)
                                                      0.018     0.138 r  BASIC_i/zynq_ultra_ps_e_0/inst/buffer_pl_clk_0.PL_CLK_0_BUFG/O
    X1Y2 (CLOCK_ROOT)    net (fo=3003, routed)        1.322     1.460    dbg_hub/inst/BSCANID.u_xsdbm_id/CORE_XSDB.UUT_MASTER/U_XSDB_BUS_CONTROLLER/U_RD_ABORT_FLAG/clk
    SLICE_X47Y231        FDCE                                         r  dbg_hub/inst/BSCANID.u_xsdbm_id/CORE_XSDB.UUT_MASTER/U_XSDB_BUS_CONTROLLER/U_RD_ABORT_FLAG/G_NEG_EDGE.flag_reg/C
                         clock pessimism             -0.163     1.297    
    SLICE_X47Y231        FDCE (Remov_HFF2_SLICEL_C_CLR)
                                                     -0.020     1.277    dbg_hub/inst/BSCANID.u_xsdbm_id/CORE_XSDB.UUT_MASTER/U_XSDB_BUS_CONTROLLER/U_RD_ABORT_FLAG/G_NEG_EDGE.flag_reg
  -------------------------------------------------------------------
                         required time                         -1.277    
                         arrival time                           1.390    
  -------------------------------------------------------------------
                         slack                                  0.113    

Slack (MET) :             0.119ns  (arrival time - required time)
  Source:                 dbg_hub/inst/BSCANID.u_xsdbm_id/CORE_XSDB.UUT_MASTER/U_ICON_INTERFACE/U_CMD6_RD/U_RD_FIFO/SUBCORE_FIFO.xsdbm_v3_0_0_rdfifo_inst/inst_fifo_gen/gconvfifo.rf/grf.rf/rstblk/ngwrdrst.grst.g7serrst.rst_wr_reg2_reg/C
                            (rising edge-triggered cell FDPE clocked by clk_pl_0  {rise@0.000ns fall@50.000ns period=100.001ns})
  Destination:            dbg_hub/inst/BSCANID.u_xsdbm_id/CORE_XSDB.UUT_MASTER/U_ICON_INTERFACE/U_CMD6_RD/U_RD_FIFO/SUBCORE_FIFO.xsdbm_v3_0_0_rdfifo_inst/inst_fifo_gen/gconvfifo.rf/grf.rf/rstblk/ngwrdrst.grst.g7serrst.wr_rst_asreg_reg/PRE
                            (removal check against rising-edge clock clk_pl_0  {rise@0.000ns fall@50.000ns period=100.001ns})
  Path Group:             **async_default**
  Path Type:              Removal (Min at Fast Process Corner)
  Requirement:            0.000ns  (clk_pl_0 rise@0.000ns - clk_pl_0 rise@0.000ns)
  Data Path Delay:        0.130ns  (logic 0.040ns (30.769%)  route 0.090ns (69.231%))
  Logic Levels:           0  
  Clock Path Skew:        0.031ns (DCD - SCD - CPR)
    Destination Clock Delay (DCD):    1.464ns
    Source Clock Delay      (SCD):    1.277ns
    Clock Pessimism Removal (CPR):    0.157ns
  Clock Net Delay (Source):      1.166ns (routing 0.539ns, distribution 0.627ns)
  Clock Net Delay (Destination): 1.326ns (routing 0.601ns, distribution 0.725ns)

    Location             Delay type                Incr(ns)  Path(ns)    Netlist Resource(s)
  -------------------------------------------------------------------    -------------------
                         (clock clk_pl_0 rise edge)
                                                      0.000     0.000 r  
    PS8_X0Y0             PS8                          0.000     0.000 r  BASIC_i/zynq_ultra_ps_e_0/inst/PS8_i/PLCLK[0]
                         net (fo=1, routed)           0.094     0.094    BASIC_i/zynq_ultra_ps_e_0/inst/pl_clk_unbuffered[0]
    BUFG_PS_X0Y77        BUFG_PS (Prop_BUFG_PS_I_O)
                                                      0.017     0.111 r  BASIC_i/zynq_ultra_ps_e_0/inst/buffer_pl_clk_0.PL_CLK_0_BUFG/O
    X1Y2 (CLOCK_ROOT)    net (fo=3003, routed)        1.166     1.277    dbg_hub/inst/BSCANID.u_xsdbm_id/CORE_XSDB.UUT_MASTER/U_ICON_INTERFACE/U_CMD6_RD/U_RD_FIFO/SUBCORE_FIFO.xsdbm_v3_0_0_rdfifo_inst/inst_fifo_gen/gconvfifo.rf/grf.rf/rstblk/wr_clk
    SLICE_X46Y236        FDPE                                         r  dbg_hub/inst/BSCANID.u_xsdbm_id/CORE_XSDB.UUT_MASTER/U_ICON_INTERFACE/U_CMD6_RD/U_RD_FIFO/SUBCORE_FIFO.xsdbm_v3_0_0_rdfifo_inst/inst_fifo_gen/gconvfifo.rf/grf.rf/rstblk/ngwrdrst.grst.g7serrst.rst_wr_reg2_reg/C
  -------------------------------------------------------------------    -------------------
    SLICE_X46Y236        FDPE (Prop_AFF2_SLICEL_C_Q)
                                                      0.040     1.317 f  dbg_hub/inst/BSCANID.u_xsdbm_id/CORE_XSDB.UUT_MASTER/U_ICON_INTERFACE/U_CMD6_RD/U_RD_FIFO/SUBCORE_FIFO.xsdbm_v3_0_0_rdfifo_inst/inst_fifo_gen/gconvfifo.rf/grf.rf/rstblk/ngwrdrst.grst.g7serrst.rst_wr_reg2_reg/Q
                         net (fo=1, routed)           0.090     1.407    dbg_hub/inst/BSCANID.u_xsdbm_id/CORE_XSDB.UUT_MASTER/U_ICON_INTERFACE/U_CMD6_RD/U_RD_FIFO/SUBCORE_FIFO.xsdbm_v3_0_0_rdfifo_inst/inst_fifo_gen/gconvfifo.rf/grf.rf/rstblk/rst_wr_reg2
    SLICE_X46Y237        FDPE                                         f  dbg_hub/inst/BSCANID.u_xsdbm_id/CORE_XSDB.UUT_MASTER/U_ICON_INTERFACE/U_CMD6_RD/U_RD_FIFO/SUBCORE_FIFO.xsdbm_v3_0_0_rdfifo_inst/inst_fifo_gen/gconvfifo.rf/grf.rf/rstblk/ngwrdrst.grst.g7serrst.wr_rst_asreg_reg/PRE
  -------------------------------------------------------------------    -------------------

                         (clock clk_pl_0 rise edge)
                                                      0.000     0.000 r  
    PS8_X0Y0             PS8                          0.000     0.000 r  BASIC_i/zynq_ultra_ps_e_0/inst/PS8_i/PLCLK[0]
                         net (fo=1, routed)           0.120     0.120    BASIC_i/zynq_ultra_ps_e_0/inst/pl_clk_unbuffered[0]
    BUFG_PS_X0Y77        BUFG_PS (Prop_BUFG_PS_I_O)
                                                      0.018     0.138 r  BASIC_i/zynq_ultra_ps_e_0/inst/buffer_pl_clk_0.PL_CLK_0_BUFG/O
    X1Y2 (CLOCK_ROOT)    net (fo=3003, routed)        1.326     1.464    dbg_hub/inst/BSCANID.u_xsdbm_id/CORE_XSDB.UUT_MASTER/U_ICON_INTERFACE/U_CMD6_RD/U_RD_FIFO/SUBCORE_FIFO.xsdbm_v3_0_0_rdfifo_inst/inst_fifo_gen/gconvfifo.rf/grf.rf/rstblk/wr_clk
    SLICE_X46Y237        FDPE                                         r  dbg_hub/inst/BSCANID.u_xsdbm_id/CORE_XSDB.UUT_MASTER/U_ICON_INTERFACE/U_CMD6_RD/U_RD_FIFO/SUBCORE_FIFO.xsdbm_v3_0_0_rdfifo_inst/inst_fifo_gen/gconvfifo.rf/grf.rf/rstblk/ngwrdrst.grst.g7serrst.wr_rst_asreg_reg/C
                         clock pessimism             -0.157     1.307    
    SLICE_X46Y237        FDPE (Remov_HFF2_SLICEL_C_PRE)
                                                     -0.020     1.287    dbg_hub/inst/BSCANID.u_xsdbm_id/CORE_XSDB.UUT_MASTER/U_ICON_INTERFACE/U_CMD6_RD/U_RD_FIFO/SUBCORE_FIFO.xsdbm_v3_0_0_rdfifo_inst/inst_fifo_gen/gconvfifo.rf/grf.rf/rstblk/ngwrdrst.grst.g7serrst.wr_rst_asreg_reg
  -------------------------------------------------------------------
                         required time                         -1.288    
                         arrival time                           1.407    
  -------------------------------------------------------------------
                         slack                                  0.119    

Slack (MET) :             0.132ns  (arrival time - required time)
  Source:                 dbg_hub/inst/BSCANID.u_xsdbm_id/CORE_XSDB.UUT_MASTER/U_ICON_INTERFACE/U_CMD1/ctl_reg_reg[0]/C
                            (rising edge-triggered cell FDRE clocked by clk_pl_0  {rise@0.000ns fall@50.000ns period=100.001ns})
  Destination:            dbg_hub/inst/BSCANID.u_xsdbm_id/CORE_XSDB.UUT_MASTER/U_XSDB_BUS_CONTROLLER/auto_sl_drdy_reg/CLR
                            (removal check against rising-edge clock clk_pl_0  {rise@0.000ns fall@50.000ns period=100.001ns})
  Path Group:             **async_default**
  Path Type:              Removal (Min at Fast Process Corner)
  Requirement:            0.000ns  (clk_pl_0 rise@0.000ns - clk_pl_0 rise@0.000ns)
  Data Path Delay:        0.127ns  (logic 0.039ns (30.709%)  route 0.088ns (69.291%))
  Logic Levels:           0  
  Clock Path Skew:        0.015ns (DCD - SCD - CPR)
    Destination Clock Delay (DCD):    1.464ns
    Source Clock Delay      (SCD):    1.286ns
    Clock Pessimism Removal (CPR):    0.163ns
  Clock Net Delay (Source):      1.175ns (routing 0.539ns, distribution 0.636ns)
  Clock Net Delay (Destination): 1.326ns (routing 0.601ns, distribution 0.725ns)

    Location             Delay type                Incr(ns)  Path(ns)    Netlist Resource(s)
  -------------------------------------------------------------------    -------------------
                         (clock clk_pl_0 rise edge)
                                                      0.000     0.000 r  
    PS8_X0Y0             PS8                          0.000     0.000 r  BASIC_i/zynq_ultra_ps_e_0/inst/PS8_i/PLCLK[0]
                         net (fo=1, routed)           0.094     0.094    BASIC_i/zynq_ultra_ps_e_0/inst/pl_clk_unbuffered[0]
    BUFG_PS_X0Y77        BUFG_PS (Prop_BUFG_PS_I_O)
                                                      0.017     0.111 r  BASIC_i/zynq_ultra_ps_e_0/inst/buffer_pl_clk_0.PL_CLK_0_BUFG/O
    X1Y2 (CLOCK_ROOT)    net (fo=3003, routed)        1.175     1.286    dbg_hub/inst/BSCANID.u_xsdbm_id/CORE_XSDB.UUT_MASTER/U_ICON_INTERFACE/U_CMD1/clk
    SLICE_X46Y229        FDRE                                         r  dbg_hub/inst/BSCANID.u_xsdbm_id/CORE_XSDB.UUT_MASTER/U_ICON_INTERFACE/U_CMD1/ctl_reg_reg[0]/C
  -------------------------------------------------------------------    -------------------
    SLICE_X46Y229        FDRE (Prop_HFF2_SLICEL_C_Q)
                                                      0.039     1.325 f  dbg_hub/inst/BSCANID.u_xsdbm_id/CORE_XSDB.UUT_MASTER/U_ICON_INTERFACE/U_CMD1/ctl_reg_reg[0]/Q
                         net (fo=168, routed)         0.088     1.413    dbg_hub/inst/BSCANID.u_xsdbm_id/CORE_XSDB.UUT_MASTER/U_XSDB_BUS_CONTROLLER/out[0]
    SLICE_X45Y229        FDCE                                         f  dbg_hub/inst/BSCANID.u_xsdbm_id/CORE_XSDB.UUT_MASTER/U_XSDB_BUS_CONTROLLER/auto_sl_drdy_reg/CLR
  -------------------------------------------------------------------    -------------------

                         (clock clk_pl_0 rise edge)
                                                      0.000     0.000 r  
    PS8_X0Y0             PS8                          0.000     0.000 r  BASIC_i/zynq_ultra_ps_e_0/inst/PS8_i/PLCLK[0]
                         net (fo=1, routed)           0.120     0.120    BASIC_i/zynq_ultra_ps_e_0/inst/pl_clk_unbuffered[0]
    BUFG_PS_X0Y77        BUFG_PS (Prop_BUFG_PS_I_O)
                                                      0.018     0.138 r  BASIC_i/zynq_ultra_ps_e_0/inst/buffer_pl_clk_0.PL_CLK_0_BUFG/O
    X1Y2 (CLOCK_ROOT)    net (fo=3003, routed)        1.326     1.464    dbg_hub/inst/BSCANID.u_xsdbm_id/CORE_XSDB.UUT_MASTER/U_XSDB_BUS_CONTROLLER/clk
    SLICE_X45Y229        FDCE                                         r  dbg_hub/inst/BSCANID.u_xsdbm_id/CORE_XSDB.UUT_MASTER/U_XSDB_BUS_CONTROLLER/auto_sl_drdy_reg/C
                         clock pessimism             -0.163     1.301    
    SLICE_X45Y229        FDCE (Remov_BFF2_SLICEM_C_CLR)
                                                     -0.020     1.281    dbg_hub/inst/BSCANID.u_xsdbm_id/CORE_XSDB.UUT_MASTER/U_XSDB_BUS_CONTROLLER/auto_sl_drdy_reg
  -------------------------------------------------------------------
                         required time                         -1.281    
                         arrival time                           1.413    
  -------------------------------------------------------------------
                         slack                                  0.132    

Slack (MET) :             0.132ns  (arrival time - required time)
  Source:                 dbg_hub/inst/BSCANID.u_xsdbm_id/CORE_XSDB.UUT_MASTER/U_ICON_INTERFACE/U_CMD1/ctl_reg_reg[0]/C
                            (rising edge-triggered cell FDRE clocked by clk_pl_0  {rise@0.000ns fall@50.000ns period=100.001ns})
  Destination:            dbg_hub/inst/BSCANID.u_xsdbm_id/CORE_XSDB.UUT_MASTER/U_XSDB_BUS_CONTROLLER/inc_addr_r_reg/CLR
                            (removal check against rising-edge clock clk_pl_0  {rise@0.000ns fall@50.000ns period=100.001ns})
  Path Group:             **async_default**
  Path Type:              Removal (Min at Fast Process Corner)
  Requirement:            0.000ns  (clk_pl_0 rise@0.000ns - clk_pl_0 rise@0.000ns)
  Data Path Delay:        0.127ns  (logic 0.039ns (30.709%)  route 0.088ns (69.291%))
  Logic Levels:           0  
  Clock Path Skew:        0.015ns (DCD - SCD - CPR)
    Destination Clock Delay (DCD):    1.464ns
    Source Clock Delay      (SCD):    1.286ns
    Clock Pessimism Removal (CPR):    0.163ns
  Clock Net Delay (Source):      1.175ns (routing 0.539ns, distribution 0.636ns)
  Clock Net Delay (Destination): 1.326ns (routing 0.601ns, distribution 0.725ns)

    Location             Delay type                Incr(ns)  Path(ns)    Netlist Resource(s)
  -------------------------------------------------------------------    -------------------
                         (clock clk_pl_0 rise edge)
                                                      0.000     0.000 r  
    PS8_X0Y0             PS8                          0.000     0.000 r  BASIC_i/zynq_ultra_ps_e_0/inst/PS8_i/PLCLK[0]
                         net (fo=1, routed)           0.094     0.094    BASIC_i/zynq_ultra_ps_e_0/inst/pl_clk_unbuffered[0]
    BUFG_PS_X0Y77        BUFG_PS (Prop_BUFG_PS_I_O)
                                                      0.017     0.111 r  BASIC_i/zynq_ultra_ps_e_0/inst/buffer_pl_clk_0.PL_CLK_0_BUFG/O
    X1Y2 (CLOCK_ROOT)    net (fo=3003, routed)        1.175     1.286    dbg_hub/inst/BSCANID.u_xsdbm_id/CORE_XSDB.UUT_MASTER/U_ICON_INTERFACE/U_CMD1/clk
    SLICE_X46Y229        FDRE                                         r  dbg_hub/inst/BSCANID.u_xsdbm_id/CORE_XSDB.UUT_MASTER/U_ICON_INTERFACE/U_CMD1/ctl_reg_reg[0]/C
  -------------------------------------------------------------------    -------------------
    SLICE_X46Y229        FDRE (Prop_HFF2_SLICEL_C_Q)
                                                      0.039     1.325 f  dbg_hub/inst/BSCANID.u_xsdbm_id/CORE_XSDB.UUT_MASTER/U_ICON_INTERFACE/U_CMD1/ctl_reg_reg[0]/Q
                         net (fo=168, routed)         0.088     1.413    dbg_hub/inst/BSCANID.u_xsdbm_id/CORE_XSDB.UUT_MASTER/U_XSDB_BUS_CONTROLLER/out[0]
    SLICE_X45Y229        FDCE                                         f  dbg_hub/inst/BSCANID.u_xsdbm_id/CORE_XSDB.UUT_MASTER/U_XSDB_BUS_CONTROLLER/inc_addr_r_reg/CLR
  -------------------------------------------------------------------    -------------------

                         (clock clk_pl_0 rise edge)
                                                      0.000     0.000 r  
    PS8_X0Y0             PS8                          0.000     0.000 r  BASIC_i/zynq_ultra_ps_e_0/inst/PS8_i/PLCLK[0]
                         net (fo=1, routed)           0.120     0.120    BASIC_i/zynq_ultra_ps_e_0/inst/pl_clk_unbuffered[0]
    BUFG_PS_X0Y77        BUFG_PS (Prop_BUFG_PS_I_O)
                                                      0.018     0.138 r  BASIC_i/zynq_ultra_ps_e_0/inst/buffer_pl_clk_0.PL_CLK_0_BUFG/O
    X1Y2 (CLOCK_ROOT)    net (fo=3003, routed)        1.326     1.464    dbg_hub/inst/BSCANID.u_xsdbm_id/CORE_XSDB.UUT_MASTER/U_XSDB_BUS_CONTROLLER/clk
    SLICE_X45Y229        FDCE                                         r  dbg_hub/inst/BSCANID.u_xsdbm_id/CORE_XSDB.UUT_MASTER/U_XSDB_BUS_CONTROLLER/inc_addr_r_reg/C
                         clock pessimism             -0.163     1.301    
    SLICE_X45Y229        FDCE (Remov_CFF_SLICEM_C_CLR)
                                                     -0.020     1.281    dbg_hub/inst/BSCANID.u_xsdbm_id/CORE_XSDB.UUT_MASTER/U_XSDB_BUS_CONTROLLER/inc_addr_r_reg
  -------------------------------------------------------------------
                         required time                         -1.281    
                         arrival time                           1.413    
  -------------------------------------------------------------------
                         slack                                  0.132    

Slack (MET) :             0.133ns  (arrival time - required time)
  Source:                 dbg_hub/inst/BSCANID.u_xsdbm_id/CORE_XSDB.UUT_MASTER/U_ICON_INTERFACE/U_CMD1/ctl_reg_reg[0]/C
                            (rising edge-triggered cell FDRE clocked by clk_pl_0  {rise@0.000ns fall@50.000ns period=100.001ns})
  Destination:            dbg_hub/inst/BSCANID.u_xsdbm_id/CORE_XSDB.UUT_MASTER/U_XSDB_BUS_CONTROLLER/current_state_reg[0]/CLR
                            (removal check against rising-edge clock clk_pl_0  {rise@0.000ns fall@50.000ns period=100.001ns})
  Path Group:             **async_default**
  Path Type:              Removal (Min at Fast Process Corner)
  Requirement:            0.000ns  (clk_pl_0 rise@0.000ns - clk_pl_0 rise@0.000ns)
  Data Path Delay:        0.126ns  (logic 0.039ns (30.952%)  route 0.087ns (69.048%))
  Logic Levels:           0  
  Clock Path Skew:        0.013ns (DCD - SCD - CPR)
    Destination Clock Delay (DCD):    1.462ns
    Source Clock Delay      (SCD):    1.286ns
    Clock Pessimism Removal (CPR):    0.163ns
  Clock Net Delay (Source):      1.175ns (routing 0.539ns, distribution 0.636ns)
  Clock Net Delay (Destination): 1.324ns (routing 0.601ns, distribution 0.723ns)

    Location             Delay type                Incr(ns)  Path(ns)    Netlist Resource(s)
  -------------------------------------------------------------------    -------------------
                         (clock clk_pl_0 rise edge)
                                                      0.000     0.000 r  
    PS8_X0Y0             PS8                          0.000     0.000 r  BASIC_i/zynq_ultra_ps_e_0/inst/PS8_i/PLCLK[0]
                         net (fo=1, routed)           0.094     0.094    BASIC_i/zynq_ultra_ps_e_0/inst/pl_clk_unbuffered[0]
    BUFG_PS_X0Y77        BUFG_PS (Prop_BUFG_PS_I_O)
                                                      0.017     0.111 r  BASIC_i/zynq_ultra_ps_e_0/inst/buffer_pl_clk_0.PL_CLK_0_BUFG/O
    X1Y2 (CLOCK_ROOT)    net (fo=3003, routed)        1.175     1.286    dbg_hub/inst/BSCANID.u_xsdbm_id/CORE_XSDB.UUT_MASTER/U_ICON_INTERFACE/U_CMD1/clk
    SLICE_X46Y229        FDRE                                         r  dbg_hub/inst/BSCANID.u_xsdbm_id/CORE_XSDB.UUT_MASTER/U_ICON_INTERFACE/U_CMD1/ctl_reg_reg[0]/C
  -------------------------------------------------------------------    -------------------
    SLICE_X46Y229        FDRE (Prop_HFF2_SLICEL_C_Q)
                                                      0.039     1.325 f  dbg_hub/inst/BSCANID.u_xsdbm_id/CORE_XSDB.UUT_MASTER/U_ICON_INTERFACE/U_CMD1/ctl_reg_reg[0]/Q
                         net (fo=168, routed)         0.087     1.412    dbg_hub/inst/BSCANID.u_xsdbm_id/CORE_XSDB.UUT_MASTER/U_XSDB_BUS_CONTROLLER/out[0]
    SLICE_X45Y229        FDCE                                         f  dbg_hub/inst/BSCANID.u_xsdbm_id/CORE_XSDB.UUT_MASTER/U_XSDB_BUS_CONTROLLER/current_state_reg[0]/CLR
  -------------------------------------------------------------------    -------------------

                         (clock clk_pl_0 rise edge)
                                                      0.000     0.000 r  
    PS8_X0Y0             PS8                          0.000     0.000 r  BASIC_i/zynq_ultra_ps_e_0/inst/PS8_i/PLCLK[0]
                         net (fo=1, routed)           0.120     0.120    BASIC_i/zynq_ultra_ps_e_0/inst/pl_clk_unbuffered[0]
    BUFG_PS_X0Y77        BUFG_PS (Prop_BUFG_PS_I_O)
                                                      0.018     0.138 r  BASIC_i/zynq_ultra_ps_e_0/inst/buffer_pl_clk_0.PL_CLK_0_BUFG/O
    X1Y2 (CLOCK_ROOT)    net (fo=3003, routed)        1.324     1.462    dbg_hub/inst/BSCANID.u_xsdbm_id/CORE_XSDB.UUT_MASTER/U_XSDB_BUS_CONTROLLER/clk
    SLICE_X45Y229        FDCE                                         r  dbg_hub/inst/BSCANID.u_xsdbm_id/CORE_XSDB.UUT_MASTER/U_XSDB_BUS_CONTROLLER/current_state_reg[0]/C
                         clock pessimism             -0.163     1.299    
    SLICE_X45Y229        FDCE (Remov_HFF2_SLICEM_C_CLR)
                                                     -0.020     1.279    dbg_hub/inst/BSCANID.u_xsdbm_id/CORE_XSDB.UUT_MASTER/U_XSDB_BUS_CONTROLLER/current_state_reg[0]
  -------------------------------------------------------------------
                         required time                         -1.279    
                         arrival time                           1.412    
  -------------------------------------------------------------------
                         slack                                  0.133    

Slack (MET) :             0.133ns  (arrival time - required time)
  Source:                 dbg_hub/inst/BSCANID.u_xsdbm_id/CORE_XSDB.UUT_MASTER/U_ICON_INTERFACE/U_CMD1/ctl_reg_reg[0]/C
                            (rising edge-triggered cell FDRE clocked by clk_pl_0  {rise@0.000ns fall@50.000ns period=100.001ns})
  Destination:            dbg_hub/inst/BSCANID.u_xsdbm_id/CORE_XSDB.UUT_MASTER/U_XSDB_BUS_CONTROLLER/sl_rst_r_reg[0]/CLR
                            (removal check against rising-edge clock clk_pl_0  {rise@0.000ns fall@50.000ns period=100.001ns})
  Path Group:             **async_default**
  Path Type:              Removal (Min at Fast Process Corner)
  Requirement:            0.000ns  (clk_pl_0 rise@0.000ns - clk_pl_0 rise@0.000ns)
  Data Path Delay:        0.126ns  (logic 0.039ns (30.952%)  route 0.087ns (69.048%))
  Logic Levels:           0  
  Clock Path Skew:        0.013ns (DCD - SCD - CPR)
    Destination Clock Delay (DCD):    1.462ns
    Source Clock Delay      (SCD):    1.286ns
    Clock Pessimism Removal (CPR):    0.163ns
  Clock Net Delay (Source):      1.175ns (routing 0.539ns, distribution 0.636ns)
  Clock Net Delay (Destination): 1.324ns (routing 0.601ns, distribution 0.723ns)

    Location             Delay type                Incr(ns)  Path(ns)    Netlist Resource(s)
  -------------------------------------------------------------------    -------------------
                         (clock clk_pl_0 rise edge)
                                                      0.000     0.000 r  
    PS8_X0Y0             PS8                          0.000     0.000 r  BASIC_i/zynq_ultra_ps_e_0/inst/PS8_i/PLCLK[0]
                         net (fo=1, routed)           0.094     0.094    BASIC_i/zynq_ultra_ps_e_0/inst/pl_clk_unbuffered[0]
    BUFG_PS_X0Y77        BUFG_PS (Prop_BUFG_PS_I_O)
                                                      0.017     0.111 r  BASIC_i/zynq_ultra_ps_e_0/inst/buffer_pl_clk_0.PL_CLK_0_BUFG/O
    X1Y2 (CLOCK_ROOT)    net (fo=3003, routed)        1.175     1.286    dbg_hub/inst/BSCANID.u_xsdbm_id/CORE_XSDB.UUT_MASTER/U_ICON_INTERFACE/U_CMD1/clk
    SLICE_X46Y229        FDRE                                         r  dbg_hub/inst/BSCANID.u_xsdbm_id/CORE_XSDB.UUT_MASTER/U_ICON_INTERFACE/U_CMD1/ctl_reg_reg[0]/C
  -------------------------------------------------------------------    -------------------
    SLICE_X46Y229        FDRE (Prop_HFF2_SLICEL_C_Q)
                                                      0.039     1.325 f  dbg_hub/inst/BSCANID.u_xsdbm_id/CORE_XSDB.UUT_MASTER/U_ICON_INTERFACE/U_CMD1/ctl_reg_reg[0]/Q
                         net (fo=168, routed)         0.087     1.412    dbg_hub/inst/BSCANID.u_xsdbm_id/CORE_XSDB.UUT_MASTER/U_XSDB_BUS_CONTROLLER/out[0]
    SLICE_X45Y229        FDCE                                         f  dbg_hub/inst/BSCANID.u_xsdbm_id/CORE_XSDB.UUT_MASTER/U_XSDB_BUS_CONTROLLER/sl_rst_r_reg[0]/CLR
  -------------------------------------------------------------------    -------------------

                         (clock clk_pl_0 rise edge)
                                                      0.000     0.000 r  
    PS8_X0Y0             PS8                          0.000     0.000 r  BASIC_i/zynq_ultra_ps_e_0/inst/PS8_i/PLCLK[0]
                         net (fo=1, routed)           0.120     0.120    BASIC_i/zynq_ultra_ps_e_0/inst/pl_clk_unbuffered[0]
    BUFG_PS_X0Y77        BUFG_PS (Prop_BUFG_PS_I_O)
                                                      0.018     0.138 r  BASIC_i/zynq_ultra_ps_e_0/inst/buffer_pl_clk_0.PL_CLK_0_BUFG/O
    X1Y2 (CLOCK_ROOT)    net (fo=3003, routed)        1.324     1.462    dbg_hub/inst/BSCANID.u_xsdbm_id/CORE_XSDB.UUT_MASTER/U_XSDB_BUS_CONTROLLER/clk
    SLICE_X45Y229        FDCE                                         r  dbg_hub/inst/BSCANID.u_xsdbm_id/CORE_XSDB.UUT_MASTER/U_XSDB_BUS_CONTROLLER/sl_rst_r_reg[0]/C
                         clock pessimism             -0.163     1.299    
    SLICE_X45Y229        FDCE (Remov_FFF_SLICEM_C_CLR)
                                                     -0.020     1.279    dbg_hub/inst/BSCANID.u_xsdbm_id/CORE_XSDB.UUT_MASTER/U_XSDB_BUS_CONTROLLER/sl_rst_r_reg[0]
  -------------------------------------------------------------------
                         required time                         -1.279    
                         arrival time                           1.412    
  -------------------------------------------------------------------
                         slack                                  0.133    

Slack (MET) :             0.133ns  (arrival time - required time)
  Source:                 dbg_hub/inst/BSCANID.u_xsdbm_id/CORE_XSDB.UUT_MASTER/U_ICON_INTERFACE/U_CMD1/ctl_reg_reg[0]/C
                            (rising edge-triggered cell FDRE clocked by clk_pl_0  {rise@0.000ns fall@50.000ns period=100.001ns})
  Destination:            dbg_hub/inst/BSCANID.u_xsdbm_id/CORE_XSDB.UUT_MASTER/U_XSDB_BUS_CONTROLLER/sl_rst_r_reg[1]/CLR
                            (removal check against rising-edge clock clk_pl_0  {rise@0.000ns fall@50.000ns period=100.001ns})
  Path Group:             **async_default**
  Path Type:              Removal (Min at Fast Process Corner)
  Requirement:            0.000ns  (clk_pl_0 rise@0.000ns - clk_pl_0 rise@0.000ns)
  Data Path Delay:        0.126ns  (logic 0.039ns (30.952%)  route 0.087ns (69.048%))
  Logic Levels:           0  
  Clock Path Skew:        0.013ns (DCD - SCD - CPR)
    Destination Clock Delay (DCD):    1.462ns
    Source Clock Delay      (SCD):    1.286ns
    Clock Pessimism Removal (CPR):    0.163ns
  Clock Net Delay (Source):      1.175ns (routing 0.539ns, distribution 0.636ns)
  Clock Net Delay (Destination): 1.324ns (routing 0.601ns, distribution 0.723ns)

    Location             Delay type                Incr(ns)  Path(ns)    Netlist Resource(s)
  -------------------------------------------------------------------    -------------------
                         (clock clk_pl_0 rise edge)
                                                      0.000     0.000 r  
    PS8_X0Y0             PS8                          0.000     0.000 r  BASIC_i/zynq_ultra_ps_e_0/inst/PS8_i/PLCLK[0]
                         net (fo=1, routed)           0.094     0.094    BASIC_i/zynq_ultra_ps_e_0/inst/pl_clk_unbuffered[0]
    BUFG_PS_X0Y77        BUFG_PS (Prop_BUFG_PS_I_O)
                                                      0.017     0.111 r  BASIC_i/zynq_ultra_ps_e_0/inst/buffer_pl_clk_0.PL_CLK_0_BUFG/O
    X1Y2 (CLOCK_ROOT)    net (fo=3003, routed)        1.175     1.286    dbg_hub/inst/BSCANID.u_xsdbm_id/CORE_XSDB.UUT_MASTER/U_ICON_INTERFACE/U_CMD1/clk
    SLICE_X46Y229        FDRE                                         r  dbg_hub/inst/BSCANID.u_xsdbm_id/CORE_XSDB.UUT_MASTER/U_ICON_INTERFACE/U_CMD1/ctl_reg_reg[0]/C
  -------------------------------------------------------------------    -------------------
    SLICE_X46Y229        FDRE (Prop_HFF2_SLICEL_C_Q)
                                                      0.039     1.325 f  dbg_hub/inst/BSCANID.u_xsdbm_id/CORE_XSDB.UUT_MASTER/U_ICON_INTERFACE/U_CMD1/ctl_reg_reg[0]/Q
                         net (fo=168, routed)         0.087     1.412    dbg_hub/inst/BSCANID.u_xsdbm_id/CORE_XSDB.UUT_MASTER/U_XSDB_BUS_CONTROLLER/out[0]
    SLICE_X45Y229        FDCE                                         f  dbg_hub/inst/BSCANID.u_xsdbm_id/CORE_XSDB.UUT_MASTER/U_XSDB_BUS_CONTROLLER/sl_rst_r_reg[1]/CLR
  -------------------------------------------------------------------    -------------------

                         (clock clk_pl_0 rise edge)
                                                      0.000     0.000 r  
    PS8_X0Y0             PS8                          0.000     0.000 r  BASIC_i/zynq_ultra_ps_e_0/inst/PS8_i/PLCLK[0]
                         net (fo=1, routed)           0.120     0.120    BASIC_i/zynq_ultra_ps_e_0/inst/pl_clk_unbuffered[0]
    BUFG_PS_X0Y77        BUFG_PS (Prop_BUFG_PS_I_O)
                                                      0.018     0.138 r  BASIC_i/zynq_ultra_ps_e_0/inst/buffer_pl_clk_0.PL_CLK_0_BUFG/O
    X1Y2 (CLOCK_ROOT)    net (fo=3003, routed)        1.324     1.462    dbg_hub/inst/BSCANID.u_xsdbm_id/CORE_XSDB.UUT_MASTER/U_XSDB_BUS_CONTROLLER/clk
    SLICE_X45Y229        FDCE                                         r  dbg_hub/inst/BSCANID.u_xsdbm_id/CORE_XSDB.UUT_MASTER/U_XSDB_BUS_CONTROLLER/sl_rst_r_reg[1]/C
                         clock pessimism             -0.163     1.299    
    SLICE_X45Y229        FDCE (Remov_HFF_SLICEM_C_CLR)
                                                     -0.020     1.279    dbg_hub/inst/BSCANID.u_xsdbm_id/CORE_XSDB.UUT_MASTER/U_XSDB_BUS_CONTROLLER/sl_rst_r_reg[1]
  -------------------------------------------------------------------
                         required time                         -1.279    
                         arrival time                           1.412    
  -------------------------------------------------------------------
                         slack                                  0.133    

Slack (MET) :             0.140ns  (arrival time - required time)
  Source:                 dbg_hub/inst/BSCANID.u_xsdbm_id/CORE_XSDB.UUT_MASTER/U_ICON_INTERFACE/U_CMD6_WR/U_WR_FIFO/SUBCORE_FIFO.xsdbm_v3_0_0_wrfifo_inst/inst_fifo_gen/gconvfifo.rf/grf.rf/rstblk/ngwrdrst.grst.g7serrst.rd_rst_reg_reg[1]/C
                            (rising edge-triggered cell FDPE clocked by clk_pl_0  {rise@0.000ns fall@50.000ns period=100.001ns})
  Destination:            dbg_hub/inst/BSCANID.u_xsdbm_id/CORE_XSDB.UUT_MASTER/U_ICON_INTERFACE/U_CMD6_WR/U_WR_FIFO/SUBCORE_FIFO.xsdbm_v3_0_0_wrfifo_inst/inst_fifo_gen/gconvfifo.rf/grf.rf/gntv_or_sync_fifo.gcx.clkx/gnxpm_cdc.gsync_stage[1].rd_stg_inst/Q_reg_reg[0]/CLR
                            (removal check against rising-edge clock clk_pl_0  {rise@0.000ns fall@50.000ns period=100.001ns})
  Path Group:             **async_default**
  Path Type:              Removal (Min at Fast Process Corner)
  Requirement:            0.000ns  (clk_pl_0 rise@0.000ns - clk_pl_0 rise@0.000ns)
  Data Path Delay:        0.164ns  (logic 0.039ns (23.780%)  route 0.125ns (76.219%))
  Logic Levels:           0  
  Clock Path Skew:        0.044ns (DCD - SCD - CPR)
    Destination Clock Delay (DCD):    1.391ns
    Source Clock Delay      (SCD):    1.225ns
    Clock Pessimism Removal (CPR):    0.122ns
  Clock Net Delay (Source):      1.114ns (routing 0.539ns, distribution 0.575ns)
  Clock Net Delay (Destination): 1.253ns (routing 0.601ns, distribution 0.652ns)

    Location             Delay type                Incr(ns)  Path(ns)    Netlist Resource(s)
  -------------------------------------------------------------------    -------------------
                         (clock clk_pl_0 rise edge)
                                                      0.000     0.000 r  
    PS8_X0Y0             PS8                          0.000     0.000 r  BASIC_i/zynq_ultra_ps_e_0/inst/PS8_i/PLCLK[0]
                         net (fo=1, routed)           0.094     0.094    BASIC_i/zynq_ultra_ps_e_0/inst/pl_clk_unbuffered[0]
    BUFG_PS_X0Y77        BUFG_PS (Prop_BUFG_PS_I_O)
                                                      0.017     0.111 r  BASIC_i/zynq_ultra_ps_e_0/inst/buffer_pl_clk_0.PL_CLK_0_BUFG/O
    X1Y2 (CLOCK_ROOT)    net (fo=3003, routed)        1.114     1.225    dbg_hub/inst/BSCANID.u_xsdbm_id/CORE_XSDB.UUT_MASTER/U_ICON_INTERFACE/U_CMD6_WR/U_WR_FIFO/SUBCORE_FIFO.xsdbm_v3_0_0_wrfifo_inst/inst_fifo_gen/gconvfifo.rf/grf.rf/rstblk/rd_clk
    SLICE_X40Y235        FDPE                                         r  dbg_hub/inst/BSCANID.u_xsdbm_id/CORE_XSDB.UUT_MASTER/U_ICON_INTERFACE/U_CMD6_WR/U_WR_FIFO/SUBCORE_FIFO.xsdbm_v3_0_0_wrfifo_inst/inst_fifo_gen/gconvfifo.rf/grf.rf/rstblk/ngwrdrst.grst.g7serrst.rd_rst_reg_reg[1]/C
  -------------------------------------------------------------------    -------------------
    SLICE_X40Y235        FDPE (Prop_EFF2_SLICEM_C_Q)
                                                      0.039     1.264 f  dbg_hub/inst/BSCANID.u_xsdbm_id/CORE_XSDB.UUT_MASTER/U_ICON_INTERFACE/U_CMD6_WR/U_WR_FIFO/SUBCORE_FIFO.xsdbm_v3_0_0_wrfifo_inst/inst_fifo_gen/gconvfifo.rf/grf.rf/rstblk/ngwrdrst.grst.g7serrst.rd_rst_reg_reg[1]/Q
                         net (fo=16, routed)          0.125     1.389    dbg_hub/inst/BSCANID.u_xsdbm_id/CORE_XSDB.UUT_MASTER/U_ICON_INTERFACE/U_CMD6_WR/U_WR_FIFO/SUBCORE_FIFO.xsdbm_v3_0_0_wrfifo_inst/inst_fifo_gen/gconvfifo.rf/grf.rf/gntv_or_sync_fifo.gcx.clkx/gnxpm_cdc.gsync_stage[1].rd_stg_inst/Q_reg_reg[0]_0[0]
    SLICE_X39Y236        FDCE                                         f  dbg_hub/inst/BSCANID.u_xsdbm_id/CORE_XSDB.UUT_MASTER/U_ICON_INTERFACE/U_CMD6_WR/U_WR_FIFO/SUBCORE_FIFO.xsdbm_v3_0_0_wrfifo_inst/inst_fifo_gen/gconvfifo.rf/grf.rf/gntv_or_sync_fifo.gcx.clkx/gnxpm_cdc.gsync_stage[1].rd_stg_inst/Q_reg_reg[0]/CLR
  -------------------------------------------------------------------    -------------------

                         (clock clk_pl_0 rise edge)
                                                      0.000     0.000 r  
    PS8_X0Y0             PS8                          0.000     0.000 r  BASIC_i/zynq_ultra_ps_e_0/inst/PS8_i/PLCLK[0]
                         net (fo=1, routed)           0.120     0.120    BASIC_i/zynq_ultra_ps_e_0/inst/pl_clk_unbuffered[0]
    BUFG_PS_X0Y77        BUFG_PS (Prop_BUFG_PS_I_O)
                                                      0.018     0.138 r  BASIC_i/zynq_ultra_ps_e_0/inst/buffer_pl_clk_0.PL_CLK_0_BUFG/O
    X1Y2 (CLOCK_ROOT)    net (fo=3003, routed)        1.253     1.391    dbg_hub/inst/BSCANID.u_xsdbm_id/CORE_XSDB.UUT_MASTER/U_ICON_INTERFACE/U_CMD6_WR/U_WR_FIFO/SUBCORE_FIFO.xsdbm_v3_0_0_wrfifo_inst/inst_fifo_gen/gconvfifo.rf/grf.rf/gntv_or_sync_fifo.gcx.clkx/gnxpm_cdc.gsync_stage[1].rd_stg_inst/rd_clk
    SLICE_X39Y236        FDCE                                         r  dbg_hub/inst/BSCANID.u_xsdbm_id/CORE_XSDB.UUT_MASTER/U_ICON_INTERFACE/U_CMD6_WR/U_WR_FIFO/SUBCORE_FIFO.xsdbm_v3_0_0_wrfifo_inst/inst_fifo_gen/gconvfifo.rf/grf.rf/gntv_or_sync_fifo.gcx.clkx/gnxpm_cdc.gsync_stage[1].rd_stg_inst/Q_reg_reg[0]/C
                         clock pessimism             -0.122     1.269    
    SLICE_X39Y236        FDCE (Remov_CFF2_SLICEL_C_CLR)
                                                     -0.020     1.249    dbg_hub/inst/BSCANID.u_xsdbm_id/CORE_XSDB.UUT_MASTER/U_ICON_INTERFACE/U_CMD6_WR/U_WR_FIFO/SUBCORE_FIFO.xsdbm_v3_0_0_wrfifo_inst/inst_fifo_gen/gconvfifo.rf/grf.rf/gntv_or_sync_fifo.gcx.clkx/gnxpm_cdc.gsync_stage[1].rd_stg_inst/Q_reg_reg[0]
  -------------------------------------------------------------------
                         required time                         -1.249    
                         arrival time                           1.389    
  -------------------------------------------------------------------
                         slack                                  0.140    

Slack (MET) :             0.140ns  (arrival time - required time)
  Source:                 dbg_hub/inst/BSCANID.u_xsdbm_id/CORE_XSDB.UUT_MASTER/U_ICON_INTERFACE/U_CMD6_WR/U_WR_FIFO/SUBCORE_FIFO.xsdbm_v3_0_0_wrfifo_inst/inst_fifo_gen/gconvfifo.rf/grf.rf/rstblk/ngwrdrst.grst.g7serrst.rd_rst_reg_reg[1]/C
                            (rising edge-triggered cell FDPE clocked by clk_pl_0  {rise@0.000ns fall@50.000ns period=100.001ns})
  Destination:            dbg_hub/inst/BSCANID.u_xsdbm_id/CORE_XSDB.UUT_MASTER/U_ICON_INTERFACE/U_CMD6_WR/U_WR_FIFO/SUBCORE_FIFO.xsdbm_v3_0_0_wrfifo_inst/inst_fifo_gen/gconvfifo.rf/grf.rf/gntv_or_sync_fifo.gcx.clkx/gnxpm_cdc.gsync_stage[1].rd_stg_inst/Q_reg_reg[3]/CLR
                            (removal check against rising-edge clock clk_pl_0  {rise@0.000ns fall@50.000ns period=100.001ns})
  Path Group:             **async_default**
  Path Type:              Removal (Min at Fast Process Corner)
  Requirement:            0.000ns  (clk_pl_0 rise@0.000ns - clk_pl_0 rise@0.000ns)
  Data Path Delay:        0.164ns  (logic 0.039ns (23.780%)  route 0.125ns (76.219%))
  Logic Levels:           0  
  Clock Path Skew:        0.044ns (DCD - SCD - CPR)
    Destination Clock Delay (DCD):    1.391ns
    Source Clock Delay      (SCD):    1.225ns
    Clock Pessimism Removal (CPR):    0.122ns
  Clock Net Delay (Source):      1.114ns (routing 0.539ns, distribution 0.575ns)
  Clock Net Delay (Destination): 1.253ns (routing 0.601ns, distribution 0.652ns)

    Location             Delay type                Incr(ns)  Path(ns)    Netlist Resource(s)
  -------------------------------------------------------------------    -------------------
                         (clock clk_pl_0 rise edge)
                                                      0.000     0.000 r  
    PS8_X0Y0             PS8                          0.000     0.000 r  BASIC_i/zynq_ultra_ps_e_0/inst/PS8_i/PLCLK[0]
                         net (fo=1, routed)           0.094     0.094    BASIC_i/zynq_ultra_ps_e_0/inst/pl_clk_unbuffered[0]
    BUFG_PS_X0Y77        BUFG_PS (Prop_BUFG_PS_I_O)
                                                      0.017     0.111 r  BASIC_i/zynq_ultra_ps_e_0/inst/buffer_pl_clk_0.PL_CLK_0_BUFG/O
    X1Y2 (CLOCK_ROOT)    net (fo=3003, routed)        1.114     1.225    dbg_hub/inst/BSCANID.u_xsdbm_id/CORE_XSDB.UUT_MASTER/U_ICON_INTERFACE/U_CMD6_WR/U_WR_FIFO/SUBCORE_FIFO.xsdbm_v3_0_0_wrfifo_inst/inst_fifo_gen/gconvfifo.rf/grf.rf/rstblk/rd_clk
    SLICE_X40Y235        FDPE                                         r  dbg_hub/inst/BSCANID.u_xsdbm_id/CORE_XSDB.UUT_MASTER/U_ICON_INTERFACE/U_CMD6_WR/U_WR_FIFO/SUBCORE_FIFO.xsdbm_v3_0_0_wrfifo_inst/inst_fifo_gen/gconvfifo.rf/grf.rf/rstblk/ngwrdrst.grst.g7serrst.rd_rst_reg_reg[1]/C
  -------------------------------------------------------------------    -------------------
    SLICE_X40Y235        FDPE (Prop_EFF2_SLICEM_C_Q)
                                                      0.039     1.264 f  dbg_hub/inst/BSCANID.u_xsdbm_id/CORE_XSDB.UUT_MASTER/U_ICON_INTERFACE/U_CMD6_WR/U_WR_FIFO/SUBCORE_FIFO.xsdbm_v3_0_0_wrfifo_inst/inst_fifo_gen/gconvfifo.rf/grf.rf/rstblk/ngwrdrst.grst.g7serrst.rd_rst_reg_reg[1]/Q
                         net (fo=16, routed)          0.125     1.389    dbg_hub/inst/BSCANID.u_xsdbm_id/CORE_XSDB.UUT_MASTER/U_ICON_INTERFACE/U_CMD6_WR/U_WR_FIFO/SUBCORE_FIFO.xsdbm_v3_0_0_wrfifo_inst/inst_fifo_gen/gconvfifo.rf/grf.rf/gntv_or_sync_fifo.gcx.clkx/gnxpm_cdc.gsync_stage[1].rd_stg_inst/Q_reg_reg[0]_0[0]
    SLICE_X39Y236        FDCE                                         f  dbg_hub/inst/BSCANID.u_xsdbm_id/CORE_XSDB.UUT_MASTER/U_ICON_INTERFACE/U_CMD6_WR/U_WR_FIFO/SUBCORE_FIFO.xsdbm_v3_0_0_wrfifo_inst/inst_fifo_gen/gconvfifo.rf/grf.rf/gntv_or_sync_fifo.gcx.clkx/gnxpm_cdc.gsync_stage[1].rd_stg_inst/Q_reg_reg[3]/CLR
  -------------------------------------------------------------------    -------------------

                         (clock clk_pl_0 rise edge)
                                                      0.000     0.000 r  
    PS8_X0Y0             PS8                          0.000     0.000 r  BASIC_i/zynq_ultra_ps_e_0/inst/PS8_i/PLCLK[0]
                         net (fo=1, routed)           0.120     0.120    BASIC_i/zynq_ultra_ps_e_0/inst/pl_clk_unbuffered[0]
    BUFG_PS_X0Y77        BUFG_PS (Prop_BUFG_PS_I_O)
                                                      0.018     0.138 r  BASIC_i/zynq_ultra_ps_e_0/inst/buffer_pl_clk_0.PL_CLK_0_BUFG/O
    X1Y2 (CLOCK_ROOT)    net (fo=3003, routed)        1.253     1.391    dbg_hub/inst/BSCANID.u_xsdbm_id/CORE_XSDB.UUT_MASTER/U_ICON_INTERFACE/U_CMD6_WR/U_WR_FIFO/SUBCORE_FIFO.xsdbm_v3_0_0_wrfifo_inst/inst_fifo_gen/gconvfifo.rf/grf.rf/gntv_or_sync_fifo.gcx.clkx/gnxpm_cdc.gsync_stage[1].rd_stg_inst/rd_clk
    SLICE_X39Y236        FDCE                                         r  dbg_hub/inst/BSCANID.u_xsdbm_id/CORE_XSDB.UUT_MASTER/U_ICON_INTERFACE/U_CMD6_WR/U_WR_FIFO/SUBCORE_FIFO.xsdbm_v3_0_0_wrfifo_inst/inst_fifo_gen/gconvfifo.rf/grf.rf/gntv_or_sync_fifo.gcx.clkx/gnxpm_cdc.gsync_stage[1].rd_stg_inst/Q_reg_reg[3]/C
                         clock pessimism             -0.122     1.269    
    SLICE_X39Y236        FDCE (Remov_BFF2_SLICEL_C_CLR)
                                                     -0.020     1.249    dbg_hub/inst/BSCANID.u_xsdbm_id/CORE_XSDB.UUT_MASTER/U_ICON_INTERFACE/U_CMD6_WR/U_WR_FIFO/SUBCORE_FIFO.xsdbm_v3_0_0_wrfifo_inst/inst_fifo_gen/gconvfifo.rf/grf.rf/gntv_or_sync_fifo.gcx.clkx/gnxpm_cdc.gsync_stage[1].rd_stg_inst/Q_reg_reg[3]
  -------------------------------------------------------------------
                         required time                         -1.249    
                         arrival time                           1.389    
  -------------------------------------------------------------------
                         slack                                  0.140    

Slack (MET) :             0.140ns  (arrival time - required time)
  Source:                 dbg_hub/inst/BSCANID.u_xsdbm_id/CORE_XSDB.UUT_MASTER/U_ICON_INTERFACE/U_CMD6_WR/U_WR_FIFO/SUBCORE_FIFO.xsdbm_v3_0_0_wrfifo_inst/inst_fifo_gen/gconvfifo.rf/grf.rf/rstblk/ngwrdrst.grst.g7serrst.rd_rst_reg_reg[1]/C
                            (rising edge-triggered cell FDPE clocked by clk_pl_0  {rise@0.000ns fall@50.000ns period=100.001ns})
  Destination:            dbg_hub/inst/BSCANID.u_xsdbm_id/CORE_XSDB.UUT_MASTER/U_ICON_INTERFACE/U_CMD6_WR/U_WR_FIFO/SUBCORE_FIFO.xsdbm_v3_0_0_wrfifo_inst/inst_fifo_gen/gconvfifo.rf/grf.rf/gntv_or_sync_fifo.gcx.clkx/gnxpm_cdc.gsync_stage[2].rd_stg_inst/Q_reg_reg[0]/CLR
                            (removal check against rising-edge clock clk_pl_0  {rise@0.000ns fall@50.000ns period=100.001ns})
  Path Group:             **async_default**
  Path Type:              Removal (Min at Fast Process Corner)
  Requirement:            0.000ns  (clk_pl_0 rise@0.000ns - clk_pl_0 rise@0.000ns)
  Data Path Delay:        0.164ns  (logic 0.039ns (23.780%)  route 0.125ns (76.219%))
  Logic Levels:           0  
  Clock Path Skew:        0.044ns (DCD - SCD - CPR)
    Destination Clock Delay (DCD):    1.391ns
    Source Clock Delay      (SCD):    1.225ns
    Clock Pessimism Removal (CPR):    0.122ns
  Clock Net Delay (Source):      1.114ns (routing 0.539ns, distribution 0.575ns)
  Clock Net Delay (Destination): 1.253ns (routing 0.601ns, distribution 0.652ns)

    Location             Delay type                Incr(ns)  Path(ns)    Netlist Resource(s)
  -------------------------------------------------------------------    -------------------
                         (clock clk_pl_0 rise edge)
                                                      0.000     0.000 r  
    PS8_X0Y0             PS8                          0.000     0.000 r  BASIC_i/zynq_ultra_ps_e_0/inst/PS8_i/PLCLK[0]
                         net (fo=1, routed)           0.094     0.094    BASIC_i/zynq_ultra_ps_e_0/inst/pl_clk_unbuffered[0]
    BUFG_PS_X0Y77        BUFG_PS (Prop_BUFG_PS_I_O)
                                                      0.017     0.111 r  BASIC_i/zynq_ultra_ps_e_0/inst/buffer_pl_clk_0.PL_CLK_0_BUFG/O
    X1Y2 (CLOCK_ROOT)    net (fo=3003, routed)        1.114     1.225    dbg_hub/inst/BSCANID.u_xsdbm_id/CORE_XSDB.UUT_MASTER/U_ICON_INTERFACE/U_CMD6_WR/U_WR_FIFO/SUBCORE_FIFO.xsdbm_v3_0_0_wrfifo_inst/inst_fifo_gen/gconvfifo.rf/grf.rf/rstblk/rd_clk
    SLICE_X40Y235        FDPE                                         r  dbg_hub/inst/BSCANID.u_xsdbm_id/CORE_XSDB.UUT_MASTER/U_ICON_INTERFACE/U_CMD6_WR/U_WR_FIFO/SUBCORE_FIFO.xsdbm_v3_0_0_wrfifo_inst/inst_fifo_gen/gconvfifo.rf/grf.rf/rstblk/ngwrdrst.grst.g7serrst.rd_rst_reg_reg[1]/C
  -------------------------------------------------------------------    -------------------
    SLICE_X40Y235        FDPE (Prop_EFF2_SLICEM_C_Q)
                                                      0.039     1.264 f  dbg_hub/inst/BSCANID.u_xsdbm_id/CORE_XSDB.UUT_MASTER/U_ICON_INTERFACE/U_CMD6_WR/U_WR_FIFO/SUBCORE_FIFO.xsdbm_v3_0_0_wrfifo_inst/inst_fifo_gen/gconvfifo.rf/grf.rf/rstblk/ngwrdrst.grst.g7serrst.rd_rst_reg_reg[1]/Q
                         net (fo=16, routed)          0.125     1.389    dbg_hub/inst/BSCANID.u_xsdbm_id/CORE_XSDB.UUT_MASTER/U_ICON_INTERFACE/U_CMD6_WR/U_WR_FIFO/SUBCORE_FIFO.xsdbm_v3_0_0_wrfifo_inst/inst_fifo_gen/gconvfifo.rf/grf.rf/gntv_or_sync_fifo.gcx.clkx/gnxpm_cdc.gsync_stage[2].rd_stg_inst/Q_reg_reg[0]_0[0]
    SLICE_X39Y236        FDCE                                         f  dbg_hub/inst/BSCANID.u_xsdbm_id/CORE_XSDB.UUT_MASTER/U_ICON_INTERFACE/U_CMD6_WR/U_WR_FIFO/SUBCORE_FIFO.xsdbm_v3_0_0_wrfifo_inst/inst_fifo_gen/gconvfifo.rf/grf.rf/gntv_or_sync_fifo.gcx.clkx/gnxpm_cdc.gsync_stage[2].rd_stg_inst/Q_reg_reg[0]/CLR
  -------------------------------------------------------------------    -------------------

                         (clock clk_pl_0 rise edge)
                                                      0.000     0.000 r  
    PS8_X0Y0             PS8                          0.000     0.000 r  BASIC_i/zynq_ultra_ps_e_0/inst/PS8_i/PLCLK[0]
                         net (fo=1, routed)           0.120     0.120    BASIC_i/zynq_ultra_ps_e_0/inst/pl_clk_unbuffered[0]
    BUFG_PS_X0Y77        BUFG_PS (Prop_BUFG_PS_I_O)
                                                      0.018     0.138 r  BASIC_i/zynq_ultra_ps_e_0/inst/buffer_pl_clk_0.PL_CLK_0_BUFG/O
    X1Y2 (CLOCK_ROOT)    net (fo=3003, routed)        1.253     1.391    dbg_hub/inst/BSCANID.u_xsdbm_id/CORE_XSDB.UUT_MASTER/U_ICON_INTERFACE/U_CMD6_WR/U_WR_FIFO/SUBCORE_FIFO.xsdbm_v3_0_0_wrfifo_inst/inst_fifo_gen/gconvfifo.rf/grf.rf/gntv_or_sync_fifo.gcx.clkx/gnxpm_cdc.gsync_stage[2].rd_stg_inst/rd_clk
    SLICE_X39Y236        FDCE                                         r  dbg_hub/inst/BSCANID.u_xsdbm_id/CORE_XSDB.UUT_MASTER/U_ICON_INTERFACE/U_CMD6_WR/U_WR_FIFO/SUBCORE_FIFO.xsdbm_v3_0_0_wrfifo_inst/inst_fifo_gen/gconvfifo.rf/grf.rf/gntv_or_sync_fifo.gcx.clkx/gnxpm_cdc.gsync_stage[2].rd_stg_inst/Q_reg_reg[0]/C
                         clock pessimism             -0.122     1.269    
    SLICE_X39Y236        FDCE (Remov_AFF2_SLICEL_C_CLR)
                                                     -0.020     1.249    dbg_hub/inst/BSCANID.u_xsdbm_id/CORE_XSDB.UUT_MASTER/U_ICON_INTERFACE/U_CMD6_WR/U_WR_FIFO/SUBCORE_FIFO.xsdbm_v3_0_0_wrfifo_inst/inst_fifo_gen/gconvfifo.rf/grf.rf/gntv_or_sync_fifo.gcx.clkx/gnxpm_cdc.gsync_stage[2].rd_stg_inst/Q_reg_reg[0]
  -------------------------------------------------------------------
                         required time                         -1.249    
                         arrival time                           1.389    
  -------------------------------------------------------------------
                         slack                                  0.140    





---------------------------------------------------------------------------------------------------
Path Group:  **async_default**
From Clock:  dbg_hub/inst/BSCANID.u_xsdbm_id/SWITCH_N_EXT_BSCAN.bscan_inst/SERIES7_BSCAN.bscan_inst/INTERNAL_TCK
  To Clock:  dbg_hub/inst/BSCANID.u_xsdbm_id/SWITCH_N_EXT_BSCAN.bscan_inst/SERIES7_BSCAN.bscan_inst/INTERNAL_TCK

Setup :            0  Failing Endpoints,  Worst Slack       47.978ns,  Total Violation        0.000ns
Hold  :            0  Failing Endpoints,  Worst Slack        0.117ns,  Total Violation        0.000ns
---------------------------------------------------------------------------------------------------


Max Delay Paths
--------------------------------------------------------------------------------------
Slack (MET) :             47.978ns  (required time - arrival time)
  Source:                 dbg_hub/inst/BSCANID.u_xsdbm_id/SWITCH_N_EXT_BSCAN.bscan_switch/portno_reg[1]/C
                            (rising edge-triggered cell FDRE clocked by dbg_hub/inst/BSCANID.u_xsdbm_id/SWITCH_N_EXT_BSCAN.bscan_inst/SERIES7_BSCAN.bscan_inst/INTERNAL_TCK  {rise@0.000ns fall@25.000ns period=50.000ns})
  Destination:            dbg_hub/inst/BSCANID.u_xsdbm_id/CORE_XSDB.U_ICON/U_CMD/iTARGET_reg[6]/CLR
                            (recovery check against rising-edge clock dbg_hub/inst/BSCANID.u_xsdbm_id/SWITCH_N_EXT_BSCAN.bscan_inst/SERIES7_BSCAN.bscan_inst/INTERNAL_TCK  {rise@0.000ns fall@25.000ns period=50.000ns})
  Path Group:             **async_default**
  Path Type:              Recovery (Max at Slow Process Corner)
  Requirement:            50.000ns  (dbg_hub/inst/BSCANID.u_xsdbm_id/SWITCH_N_EXT_BSCAN.bscan_inst/SERIES7_BSCAN.bscan_inst/INTERNAL_TCK rise@50.000ns - dbg_hub/inst/BSCANID.u_xsdbm_id/SWITCH_N_EXT_BSCAN.bscan_inst/SERIES7_BSCAN.bscan_inst/INTERNAL_TCK rise@0.000ns)
  Data Path Delay:        1.796ns  (logic 0.297ns (16.537%)  route 1.499ns (83.463%))
  Logic Levels:           2  (LUT4=1 LUT6=1)
  Clock Path Skew:        -0.125ns (DCD - SCD + CPR)
    Destination Clock Delay (DCD):    2.364ns = ( 52.364 - 50.000 ) 
    Source Clock Delay      (SCD):    6.676ns
    Clock Pessimism Removal (CPR):    4.187ns
  Clock Uncertainty:      0.035ns  ((TSJ^2 + TIJ^2)^1/2 + DJ) / 2 + PE
    Total System Jitter     (TSJ):    0.071ns
    Total Input Jitter      (TIJ):    0.000ns
    Discrete Jitter          (DJ):    0.000ns
    Phase Error              (PE):    0.000ns
  Clock Net Delay (Source):      1.208ns (routing 0.171ns, distribution 1.037ns)
  Clock Net Delay (Destination): 1.067ns (routing 0.155ns, distribution 0.912ns)

    Location             Delay type                Incr(ns)  Path(ns)    Netlist Resource(s)
  -------------------------------------------------------------------    -------------------
                         (clock dbg_hub/inst/BSCANID.u_xsdbm_id/SWITCH_N_EXT_BSCAN.bscan_inst/SERIES7_BSCAN.bscan_inst/INTERNAL_TCK rise edge)
                                                      0.000     0.000 r  
    CONFIG_SITE_X0Y0     BSCANE2                      0.000     0.000 r  dbg_hub/inst/BSCANID.u_xsdbm_id/SWITCH_N_EXT_BSCAN.bscan_inst/SERIES7_BSCAN.bscan_inst/INTERNAL_TCK
    CONFIG_SITE_X0Y0     BSCANE2 (Prop_BSCAN1_CONFIG_SITE_INTERNAL_TCK_TCK)
                                                      4.300     4.300 r  dbg_hub/inst/BSCANID.u_xsdbm_id/SWITCH_N_EXT_BSCAN.bscan_inst/SERIES7_BSCAN.bscan_inst/TCK
                         net (fo=1, routed)           1.140     5.440    dbg_hub/inst/BSCANID.u_xsdbm_id/tck_bs
    BUFGCE_X0Y50         BUFGCE (Prop_BUFCE_BUFGCE_I_O)
                                                      0.028     5.468 r  dbg_hub/inst/BSCANID.u_xsdbm_id/SWITCH_N_EXT_BSCAN.u_bufg_icon_tck/O
    X1Y2 (CLOCK_ROOT)    net (fo=494, routed)         1.208     6.676    dbg_hub/inst/BSCANID.u_xsdbm_id/SWITCH_N_EXT_BSCAN.bscan_switch/s_bscan_tck
    SLICE_X50Y139        FDRE                                         r  dbg_hub/inst/BSCANID.u_xsdbm_id/SWITCH_N_EXT_BSCAN.bscan_switch/portno_reg[1]/C
  -------------------------------------------------------------------    -------------------
    SLICE_X50Y139        FDRE (Prop_EFF2_SLICEL_C_Q)
                                                      0.081     6.757 f  dbg_hub/inst/BSCANID.u_xsdbm_id/SWITCH_N_EXT_BSCAN.bscan_switch/portno_reg[1]/Q
                         net (fo=1, routed)           0.200     6.957    dbg_hub/inst/BSCANID.u_xsdbm_id/SWITCH_N_EXT_BSCAN.bscan_switch/portno[1]
    SLICE_X50Y139        LUT6 (Prop_H6LUT_SLICEL_I3_O)
                                                      0.150     7.107 f  dbg_hub/inst/BSCANID.u_xsdbm_id/SWITCH_N_EXT_BSCAN.bscan_switch/m_bscan_drck[0]_INST_0_i_1/O
                         net (fo=5, routed)           0.212     7.319    dbg_hub/inst/BSCANID.u_xsdbm_id/SWITCH_N_EXT_BSCAN.bscan_switch/m_bscan_drck[0]_INST_0_i_1_n_0
    SLICE_X50Y145        LUT4 (Prop_D5LUT_SLICEL_I3_O)
                                                      0.066     7.385 r  dbg_hub/inst/BSCANID.u_xsdbm_id/SWITCH_N_EXT_BSCAN.bscan_switch/m_bscan_sel[0]_INST_0/O
                         net (fo=11, routed)          1.087     8.472    dbg_hub/inst/BSCANID.u_xsdbm_id/CORE_XSDB.U_ICON/U_CMD/iTARGET_reg[6]_0
    SLICE_X49Y225        FDCE                                         f  dbg_hub/inst/BSCANID.u_xsdbm_id/CORE_XSDB.U_ICON/U_CMD/iTARGET_reg[6]/CLR  (IS_INVERTED)
  -------------------------------------------------------------------    -------------------

                         (clock dbg_hub/inst/BSCANID.u_xsdbm_id/SWITCH_N_EXT_BSCAN.bscan_inst/SERIES7_BSCAN.bscan_inst/INTERNAL_TCK rise edge)
                                                     50.000    50.000 r  
    CONFIG_SITE_X0Y0     BSCANE2                      0.000    50.000 r  dbg_hub/inst/BSCANID.u_xsdbm_id/SWITCH_N_EXT_BSCAN.bscan_inst/SERIES7_BSCAN.bscan_inst/INTERNAL_TCK
    CONFIG_SITE_X0Y0     BSCANE2 (Prop_BSCAN1_CONFIG_SITE_INTERNAL_TCK_TCK)
                                                      0.465    50.465 r  dbg_hub/inst/BSCANID.u_xsdbm_id/SWITCH_N_EXT_BSCAN.bscan_inst/SERIES7_BSCAN.bscan_inst/TCK
                         net (fo=1, routed)           0.808    51.273    dbg_hub/inst/BSCANID.u_xsdbm_id/tck_bs
    BUFGCE_X0Y50         BUFGCE (Prop_BUFCE_BUFGCE_I_O)
                                                      0.024    51.297 r  dbg_hub/inst/BSCANID.u_xsdbm_id/SWITCH_N_EXT_BSCAN.u_bufg_icon_tck/O
    X1Y2 (CLOCK_ROOT)    net (fo=494, routed)         1.067    52.364    dbg_hub/inst/BSCANID.u_xsdbm_id/CORE_XSDB.U_ICON/U_CMD/m_bscan_tck[0]
    SLICE_X49Y225        FDCE                                         r  dbg_hub/inst/BSCANID.u_xsdbm_id/CORE_XSDB.U_ICON/U_CMD/iTARGET_reg[6]/C
                         clock pessimism              4.187    56.551    
                         clock uncertainty           -0.035    56.516    
    SLICE_X49Y225        FDCE (Recov_EFF_SLICEL_C_CLR)
                                                     -0.066    56.450    dbg_hub/inst/BSCANID.u_xsdbm_id/CORE_XSDB.U_ICON/U_CMD/iTARGET_reg[6]
  -------------------------------------------------------------------
                         required time                         56.450    
                         arrival time                          -8.472    
  -------------------------------------------------------------------
                         slack                                 47.978    

Slack (MET) :             47.978ns  (required time - arrival time)
  Source:                 dbg_hub/inst/BSCANID.u_xsdbm_id/SWITCH_N_EXT_BSCAN.bscan_switch/portno_reg[1]/C
                            (rising edge-triggered cell FDRE clocked by dbg_hub/inst/BSCANID.u_xsdbm_id/SWITCH_N_EXT_BSCAN.bscan_inst/SERIES7_BSCAN.bscan_inst/INTERNAL_TCK  {rise@0.000ns fall@25.000ns period=50.000ns})
  Destination:            dbg_hub/inst/BSCANID.u_xsdbm_id/CORE_XSDB.U_ICON/U_CMD/iTARGET_reg[7]/CLR
                            (recovery check against rising-edge clock dbg_hub/inst/BSCANID.u_xsdbm_id/SWITCH_N_EXT_BSCAN.bscan_inst/SERIES7_BSCAN.bscan_inst/INTERNAL_TCK  {rise@0.000ns fall@25.000ns period=50.000ns})
  Path Group:             **async_default**
  Path Type:              Recovery (Max at Slow Process Corner)
  Requirement:            50.000ns  (dbg_hub/inst/BSCANID.u_xsdbm_id/SWITCH_N_EXT_BSCAN.bscan_inst/SERIES7_BSCAN.bscan_inst/INTERNAL_TCK rise@50.000ns - dbg_hub/inst/BSCANID.u_xsdbm_id/SWITCH_N_EXT_BSCAN.bscan_inst/SERIES7_BSCAN.bscan_inst/INTERNAL_TCK rise@0.000ns)
  Data Path Delay:        1.796ns  (logic 0.297ns (16.537%)  route 1.499ns (83.463%))
  Logic Levels:           2  (LUT4=1 LUT6=1)
  Clock Path Skew:        -0.125ns (DCD - SCD + CPR)
    Destination Clock Delay (DCD):    2.364ns = ( 52.364 - 50.000 ) 
    Source Clock Delay      (SCD):    6.676ns
    Clock Pessimism Removal (CPR):    4.187ns
  Clock Uncertainty:      0.035ns  ((TSJ^2 + TIJ^2)^1/2 + DJ) / 2 + PE
    Total System Jitter     (TSJ):    0.071ns
    Total Input Jitter      (TIJ):    0.000ns
    Discrete Jitter          (DJ):    0.000ns
    Phase Error              (PE):    0.000ns
  Clock Net Delay (Source):      1.208ns (routing 0.171ns, distribution 1.037ns)
  Clock Net Delay (Destination): 1.067ns (routing 0.155ns, distribution 0.912ns)

    Location             Delay type                Incr(ns)  Path(ns)    Netlist Resource(s)
  -------------------------------------------------------------------    -------------------
                         (clock dbg_hub/inst/BSCANID.u_xsdbm_id/SWITCH_N_EXT_BSCAN.bscan_inst/SERIES7_BSCAN.bscan_inst/INTERNAL_TCK rise edge)
                                                      0.000     0.000 r  
    CONFIG_SITE_X0Y0     BSCANE2                      0.000     0.000 r  dbg_hub/inst/BSCANID.u_xsdbm_id/SWITCH_N_EXT_BSCAN.bscan_inst/SERIES7_BSCAN.bscan_inst/INTERNAL_TCK
    CONFIG_SITE_X0Y0     BSCANE2 (Prop_BSCAN1_CONFIG_SITE_INTERNAL_TCK_TCK)
                                                      4.300     4.300 r  dbg_hub/inst/BSCANID.u_xsdbm_id/SWITCH_N_EXT_BSCAN.bscan_inst/SERIES7_BSCAN.bscan_inst/TCK
                         net (fo=1, routed)           1.140     5.440    dbg_hub/inst/BSCANID.u_xsdbm_id/tck_bs
    BUFGCE_X0Y50         BUFGCE (Prop_BUFCE_BUFGCE_I_O)
                                                      0.028     5.468 r  dbg_hub/inst/BSCANID.u_xsdbm_id/SWITCH_N_EXT_BSCAN.u_bufg_icon_tck/O
    X1Y2 (CLOCK_ROOT)    net (fo=494, routed)         1.208     6.676    dbg_hub/inst/BSCANID.u_xsdbm_id/SWITCH_N_EXT_BSCAN.bscan_switch/s_bscan_tck
    SLICE_X50Y139        FDRE                                         r  dbg_hub/inst/BSCANID.u_xsdbm_id/SWITCH_N_EXT_BSCAN.bscan_switch/portno_reg[1]/C
  -------------------------------------------------------------------    -------------------
    SLICE_X50Y139        FDRE (Prop_EFF2_SLICEL_C_Q)
                                                      0.081     6.757 f  dbg_hub/inst/BSCANID.u_xsdbm_id/SWITCH_N_EXT_BSCAN.bscan_switch/portno_reg[1]/Q
                         net (fo=1, routed)           0.200     6.957    dbg_hub/inst/BSCANID.u_xsdbm_id/SWITCH_N_EXT_BSCAN.bscan_switch/portno[1]
    SLICE_X50Y139        LUT6 (Prop_H6LUT_SLICEL_I3_O)
                                                      0.150     7.107 f  dbg_hub/inst/BSCANID.u_xsdbm_id/SWITCH_N_EXT_BSCAN.bscan_switch/m_bscan_drck[0]_INST_0_i_1/O
                         net (fo=5, routed)           0.212     7.319    dbg_hub/inst/BSCANID.u_xsdbm_id/SWITCH_N_EXT_BSCAN.bscan_switch/m_bscan_drck[0]_INST_0_i_1_n_0
    SLICE_X50Y145        LUT4 (Prop_D5LUT_SLICEL_I3_O)
                                                      0.066     7.385 r  dbg_hub/inst/BSCANID.u_xsdbm_id/SWITCH_N_EXT_BSCAN.bscan_switch/m_bscan_sel[0]_INST_0/O
                         net (fo=11, routed)          1.087     8.472    dbg_hub/inst/BSCANID.u_xsdbm_id/CORE_XSDB.U_ICON/U_CMD/iTARGET_reg[6]_0
    SLICE_X49Y225        FDCE                                         f  dbg_hub/inst/BSCANID.u_xsdbm_id/CORE_XSDB.U_ICON/U_CMD/iTARGET_reg[7]/CLR  (IS_INVERTED)
  -------------------------------------------------------------------    -------------------

                         (clock dbg_hub/inst/BSCANID.u_xsdbm_id/SWITCH_N_EXT_BSCAN.bscan_inst/SERIES7_BSCAN.bscan_inst/INTERNAL_TCK rise edge)
                                                     50.000    50.000 r  
    CONFIG_SITE_X0Y0     BSCANE2                      0.000    50.000 r  dbg_hub/inst/BSCANID.u_xsdbm_id/SWITCH_N_EXT_BSCAN.bscan_inst/SERIES7_BSCAN.bscan_inst/INTERNAL_TCK
    CONFIG_SITE_X0Y0     BSCANE2 (Prop_BSCAN1_CONFIG_SITE_INTERNAL_TCK_TCK)
                                                      0.465    50.465 r  dbg_hub/inst/BSCANID.u_xsdbm_id/SWITCH_N_EXT_BSCAN.bscan_inst/SERIES7_BSCAN.bscan_inst/TCK
                         net (fo=1, routed)           0.808    51.273    dbg_hub/inst/BSCANID.u_xsdbm_id/tck_bs
    BUFGCE_X0Y50         BUFGCE (Prop_BUFCE_BUFGCE_I_O)
                                                      0.024    51.297 r  dbg_hub/inst/BSCANID.u_xsdbm_id/SWITCH_N_EXT_BSCAN.u_bufg_icon_tck/O
    X1Y2 (CLOCK_ROOT)    net (fo=494, routed)         1.067    52.364    dbg_hub/inst/BSCANID.u_xsdbm_id/CORE_XSDB.U_ICON/U_CMD/m_bscan_tck[0]
    SLICE_X49Y225        FDCE                                         r  dbg_hub/inst/BSCANID.u_xsdbm_id/CORE_XSDB.U_ICON/U_CMD/iTARGET_reg[7]/C
                         clock pessimism              4.187    56.551    
                         clock uncertainty           -0.035    56.516    
    SLICE_X49Y225        FDCE (Recov_EFF2_SLICEL_C_CLR)
                                                     -0.066    56.450    dbg_hub/inst/BSCANID.u_xsdbm_id/CORE_XSDB.U_ICON/U_CMD/iTARGET_reg[7]
  -------------------------------------------------------------------
                         required time                         56.450    
                         arrival time                          -8.472    
  -------------------------------------------------------------------
                         slack                                 47.978    

Slack (MET) :             47.978ns  (required time - arrival time)
  Source:                 dbg_hub/inst/BSCANID.u_xsdbm_id/SWITCH_N_EXT_BSCAN.bscan_switch/portno_reg[1]/C
                            (rising edge-triggered cell FDRE clocked by dbg_hub/inst/BSCANID.u_xsdbm_id/SWITCH_N_EXT_BSCAN.bscan_inst/SERIES7_BSCAN.bscan_inst/INTERNAL_TCK  {rise@0.000ns fall@25.000ns period=50.000ns})
  Destination:            dbg_hub/inst/BSCANID.u_xsdbm_id/CORE_XSDB.U_ICON/U_CMD/iTARGET_reg[8]/CLR
                            (recovery check against rising-edge clock dbg_hub/inst/BSCANID.u_xsdbm_id/SWITCH_N_EXT_BSCAN.bscan_inst/SERIES7_BSCAN.bscan_inst/INTERNAL_TCK  {rise@0.000ns fall@25.000ns period=50.000ns})
  Path Group:             **async_default**
  Path Type:              Recovery (Max at Slow Process Corner)
  Requirement:            50.000ns  (dbg_hub/inst/BSCANID.u_xsdbm_id/SWITCH_N_EXT_BSCAN.bscan_inst/SERIES7_BSCAN.bscan_inst/INTERNAL_TCK rise@50.000ns - dbg_hub/inst/BSCANID.u_xsdbm_id/SWITCH_N_EXT_BSCAN.bscan_inst/SERIES7_BSCAN.bscan_inst/INTERNAL_TCK rise@0.000ns)
  Data Path Delay:        1.796ns  (logic 0.297ns (16.537%)  route 1.499ns (83.463%))
  Logic Levels:           2  (LUT4=1 LUT6=1)
  Clock Path Skew:        -0.125ns (DCD - SCD + CPR)
    Destination Clock Delay (DCD):    2.364ns = ( 52.364 - 50.000 ) 
    Source Clock Delay      (SCD):    6.676ns
    Clock Pessimism Removal (CPR):    4.187ns
  Clock Uncertainty:      0.035ns  ((TSJ^2 + TIJ^2)^1/2 + DJ) / 2 + PE
    Total System Jitter     (TSJ):    0.071ns
    Total Input Jitter      (TIJ):    0.000ns
    Discrete Jitter          (DJ):    0.000ns
    Phase Error              (PE):    0.000ns
  Clock Net Delay (Source):      1.208ns (routing 0.171ns, distribution 1.037ns)
  Clock Net Delay (Destination): 1.067ns (routing 0.155ns, distribution 0.912ns)

    Location             Delay type                Incr(ns)  Path(ns)    Netlist Resource(s)
  -------------------------------------------------------------------    -------------------
                         (clock dbg_hub/inst/BSCANID.u_xsdbm_id/SWITCH_N_EXT_BSCAN.bscan_inst/SERIES7_BSCAN.bscan_inst/INTERNAL_TCK rise edge)
                                                      0.000     0.000 r  
    CONFIG_SITE_X0Y0     BSCANE2                      0.000     0.000 r  dbg_hub/inst/BSCANID.u_xsdbm_id/SWITCH_N_EXT_BSCAN.bscan_inst/SERIES7_BSCAN.bscan_inst/INTERNAL_TCK
    CONFIG_SITE_X0Y0     BSCANE2 (Prop_BSCAN1_CONFIG_SITE_INTERNAL_TCK_TCK)
                                                      4.300     4.300 r  dbg_hub/inst/BSCANID.u_xsdbm_id/SWITCH_N_EXT_BSCAN.bscan_inst/SERIES7_BSCAN.bscan_inst/TCK
                         net (fo=1, routed)           1.140     5.440    dbg_hub/inst/BSCANID.u_xsdbm_id/tck_bs
    BUFGCE_X0Y50         BUFGCE (Prop_BUFCE_BUFGCE_I_O)
                                                      0.028     5.468 r  dbg_hub/inst/BSCANID.u_xsdbm_id/SWITCH_N_EXT_BSCAN.u_bufg_icon_tck/O
    X1Y2 (CLOCK_ROOT)    net (fo=494, routed)         1.208     6.676    dbg_hub/inst/BSCANID.u_xsdbm_id/SWITCH_N_EXT_BSCAN.bscan_switch/s_bscan_tck
    SLICE_X50Y139        FDRE                                         r  dbg_hub/inst/BSCANID.u_xsdbm_id/SWITCH_N_EXT_BSCAN.bscan_switch/portno_reg[1]/C
  -------------------------------------------------------------------    -------------------
    SLICE_X50Y139        FDRE (Prop_EFF2_SLICEL_C_Q)
                                                      0.081     6.757 f  dbg_hub/inst/BSCANID.u_xsdbm_id/SWITCH_N_EXT_BSCAN.bscan_switch/portno_reg[1]/Q
                         net (fo=1, routed)           0.200     6.957    dbg_hub/inst/BSCANID.u_xsdbm_id/SWITCH_N_EXT_BSCAN.bscan_switch/portno[1]
    SLICE_X50Y139        LUT6 (Prop_H6LUT_SLICEL_I3_O)
                                                      0.150     7.107 f  dbg_hub/inst/BSCANID.u_xsdbm_id/SWITCH_N_EXT_BSCAN.bscan_switch/m_bscan_drck[0]_INST_0_i_1/O
                         net (fo=5, routed)           0.212     7.319    dbg_hub/inst/BSCANID.u_xsdbm_id/SWITCH_N_EXT_BSCAN.bscan_switch/m_bscan_drck[0]_INST_0_i_1_n_0
    SLICE_X50Y145        LUT4 (Prop_D5LUT_SLICEL_I3_O)
                                                      0.066     7.385 r  dbg_hub/inst/BSCANID.u_xsdbm_id/SWITCH_N_EXT_BSCAN.bscan_switch/m_bscan_sel[0]_INST_0/O
                         net (fo=11, routed)          1.087     8.472    dbg_hub/inst/BSCANID.u_xsdbm_id/CORE_XSDB.U_ICON/U_CMD/iTARGET_reg[6]_0
    SLICE_X49Y225        FDCE                                         f  dbg_hub/inst/BSCANID.u_xsdbm_id/CORE_XSDB.U_ICON/U_CMD/iTARGET_reg[8]/CLR  (IS_INVERTED)
  -------------------------------------------------------------------    -------------------

                         (clock dbg_hub/inst/BSCANID.u_xsdbm_id/SWITCH_N_EXT_BSCAN.bscan_inst/SERIES7_BSCAN.bscan_inst/INTERNAL_TCK rise edge)
                                                     50.000    50.000 r  
    CONFIG_SITE_X0Y0     BSCANE2                      0.000    50.000 r  dbg_hub/inst/BSCANID.u_xsdbm_id/SWITCH_N_EXT_BSCAN.bscan_inst/SERIES7_BSCAN.bscan_inst/INTERNAL_TCK
    CONFIG_SITE_X0Y0     BSCANE2 (Prop_BSCAN1_CONFIG_SITE_INTERNAL_TCK_TCK)
                                                      0.465    50.465 r  dbg_hub/inst/BSCANID.u_xsdbm_id/SWITCH_N_EXT_BSCAN.bscan_inst/SERIES7_BSCAN.bscan_inst/TCK
                         net (fo=1, routed)           0.808    51.273    dbg_hub/inst/BSCANID.u_xsdbm_id/tck_bs
    BUFGCE_X0Y50         BUFGCE (Prop_BUFCE_BUFGCE_I_O)
                                                      0.024    51.297 r  dbg_hub/inst/BSCANID.u_xsdbm_id/SWITCH_N_EXT_BSCAN.u_bufg_icon_tck/O
    X1Y2 (CLOCK_ROOT)    net (fo=494, routed)         1.067    52.364    dbg_hub/inst/BSCANID.u_xsdbm_id/CORE_XSDB.U_ICON/U_CMD/m_bscan_tck[0]
    SLICE_X49Y225        FDCE                                         r  dbg_hub/inst/BSCANID.u_xsdbm_id/CORE_XSDB.U_ICON/U_CMD/iTARGET_reg[8]/C
                         clock pessimism              4.187    56.551    
                         clock uncertainty           -0.035    56.516    
    SLICE_X49Y225        FDCE (Recov_FFF_SLICEL_C_CLR)
                                                     -0.066    56.450    dbg_hub/inst/BSCANID.u_xsdbm_id/CORE_XSDB.U_ICON/U_CMD/iTARGET_reg[8]
  -------------------------------------------------------------------
                         required time                         56.450    
                         arrival time                          -8.472    
  -------------------------------------------------------------------
                         slack                                 47.978    

Slack (MET) :             47.978ns  (required time - arrival time)
  Source:                 dbg_hub/inst/BSCANID.u_xsdbm_id/SWITCH_N_EXT_BSCAN.bscan_switch/portno_reg[1]/C
                            (rising edge-triggered cell FDRE clocked by dbg_hub/inst/BSCANID.u_xsdbm_id/SWITCH_N_EXT_BSCAN.bscan_inst/SERIES7_BSCAN.bscan_inst/INTERNAL_TCK  {rise@0.000ns fall@25.000ns period=50.000ns})
  Destination:            dbg_hub/inst/BSCANID.u_xsdbm_id/CORE_XSDB.U_ICON/U_CMD/iTARGET_reg[9]/CLR
                            (recovery check against rising-edge clock dbg_hub/inst/BSCANID.u_xsdbm_id/SWITCH_N_EXT_BSCAN.bscan_inst/SERIES7_BSCAN.bscan_inst/INTERNAL_TCK  {rise@0.000ns fall@25.000ns period=50.000ns})
  Path Group:             **async_default**
  Path Type:              Recovery (Max at Slow Process Corner)
  Requirement:            50.000ns  (dbg_hub/inst/BSCANID.u_xsdbm_id/SWITCH_N_EXT_BSCAN.bscan_inst/SERIES7_BSCAN.bscan_inst/INTERNAL_TCK rise@50.000ns - dbg_hub/inst/BSCANID.u_xsdbm_id/SWITCH_N_EXT_BSCAN.bscan_inst/SERIES7_BSCAN.bscan_inst/INTERNAL_TCK rise@0.000ns)
  Data Path Delay:        1.796ns  (logic 0.297ns (16.537%)  route 1.499ns (83.463%))
  Logic Levels:           2  (LUT4=1 LUT6=1)
  Clock Path Skew:        -0.125ns (DCD - SCD + CPR)
    Destination Clock Delay (DCD):    2.364ns = ( 52.364 - 50.000 ) 
    Source Clock Delay      (SCD):    6.676ns
    Clock Pessimism Removal (CPR):    4.187ns
  Clock Uncertainty:      0.035ns  ((TSJ^2 + TIJ^2)^1/2 + DJ) / 2 + PE
    Total System Jitter     (TSJ):    0.071ns
    Total Input Jitter      (TIJ):    0.000ns
    Discrete Jitter          (DJ):    0.000ns
    Phase Error              (PE):    0.000ns
  Clock Net Delay (Source):      1.208ns (routing 0.171ns, distribution 1.037ns)
  Clock Net Delay (Destination): 1.067ns (routing 0.155ns, distribution 0.912ns)

    Location             Delay type                Incr(ns)  Path(ns)    Netlist Resource(s)
  -------------------------------------------------------------------    -------------------
                         (clock dbg_hub/inst/BSCANID.u_xsdbm_id/SWITCH_N_EXT_BSCAN.bscan_inst/SERIES7_BSCAN.bscan_inst/INTERNAL_TCK rise edge)
                                                      0.000     0.000 r  
    CONFIG_SITE_X0Y0     BSCANE2                      0.000     0.000 r  dbg_hub/inst/BSCANID.u_xsdbm_id/SWITCH_N_EXT_BSCAN.bscan_inst/SERIES7_BSCAN.bscan_inst/INTERNAL_TCK
    CONFIG_SITE_X0Y0     BSCANE2 (Prop_BSCAN1_CONFIG_SITE_INTERNAL_TCK_TCK)
                                                      4.300     4.300 r  dbg_hub/inst/BSCANID.u_xsdbm_id/SWITCH_N_EXT_BSCAN.bscan_inst/SERIES7_BSCAN.bscan_inst/TCK
                         net (fo=1, routed)           1.140     5.440    dbg_hub/inst/BSCANID.u_xsdbm_id/tck_bs
    BUFGCE_X0Y50         BUFGCE (Prop_BUFCE_BUFGCE_I_O)
                                                      0.028     5.468 r  dbg_hub/inst/BSCANID.u_xsdbm_id/SWITCH_N_EXT_BSCAN.u_bufg_icon_tck/O
    X1Y2 (CLOCK_ROOT)    net (fo=494, routed)         1.208     6.676    dbg_hub/inst/BSCANID.u_xsdbm_id/SWITCH_N_EXT_BSCAN.bscan_switch/s_bscan_tck
    SLICE_X50Y139        FDRE                                         r  dbg_hub/inst/BSCANID.u_xsdbm_id/SWITCH_N_EXT_BSCAN.bscan_switch/portno_reg[1]/C
  -------------------------------------------------------------------    -------------------
    SLICE_X50Y139        FDRE (Prop_EFF2_SLICEL_C_Q)
                                                      0.081     6.757 f  dbg_hub/inst/BSCANID.u_xsdbm_id/SWITCH_N_EXT_BSCAN.bscan_switch/portno_reg[1]/Q
                         net (fo=1, routed)           0.200     6.957    dbg_hub/inst/BSCANID.u_xsdbm_id/SWITCH_N_EXT_BSCAN.bscan_switch/portno[1]
    SLICE_X50Y139        LUT6 (Prop_H6LUT_SLICEL_I3_O)
                                                      0.150     7.107 f  dbg_hub/inst/BSCANID.u_xsdbm_id/SWITCH_N_EXT_BSCAN.bscan_switch/m_bscan_drck[0]_INST_0_i_1/O
                         net (fo=5, routed)           0.212     7.319    dbg_hub/inst/BSCANID.u_xsdbm_id/SWITCH_N_EXT_BSCAN.bscan_switch/m_bscan_drck[0]_INST_0_i_1_n_0
    SLICE_X50Y145        LUT4 (Prop_D5LUT_SLICEL_I3_O)
                                                      0.066     7.385 r  dbg_hub/inst/BSCANID.u_xsdbm_id/SWITCH_N_EXT_BSCAN.bscan_switch/m_bscan_sel[0]_INST_0/O
                         net (fo=11, routed)          1.087     8.472    dbg_hub/inst/BSCANID.u_xsdbm_id/CORE_XSDB.U_ICON/U_CMD/iTARGET_reg[6]_0
    SLICE_X49Y225        FDCE                                         f  dbg_hub/inst/BSCANID.u_xsdbm_id/CORE_XSDB.U_ICON/U_CMD/iTARGET_reg[9]/CLR  (IS_INVERTED)
  -------------------------------------------------------------------    -------------------

                         (clock dbg_hub/inst/BSCANID.u_xsdbm_id/SWITCH_N_EXT_BSCAN.bscan_inst/SERIES7_BSCAN.bscan_inst/INTERNAL_TCK rise edge)
                                                     50.000    50.000 r  
    CONFIG_SITE_X0Y0     BSCANE2                      0.000    50.000 r  dbg_hub/inst/BSCANID.u_xsdbm_id/SWITCH_N_EXT_BSCAN.bscan_inst/SERIES7_BSCAN.bscan_inst/INTERNAL_TCK
    CONFIG_SITE_X0Y0     BSCANE2 (Prop_BSCAN1_CONFIG_SITE_INTERNAL_TCK_TCK)
                                                      0.465    50.465 r  dbg_hub/inst/BSCANID.u_xsdbm_id/SWITCH_N_EXT_BSCAN.bscan_inst/SERIES7_BSCAN.bscan_inst/TCK
                         net (fo=1, routed)           0.808    51.273    dbg_hub/inst/BSCANID.u_xsdbm_id/tck_bs
    BUFGCE_X0Y50         BUFGCE (Prop_BUFCE_BUFGCE_I_O)
                                                      0.024    51.297 r  dbg_hub/inst/BSCANID.u_xsdbm_id/SWITCH_N_EXT_BSCAN.u_bufg_icon_tck/O
    X1Y2 (CLOCK_ROOT)    net (fo=494, routed)         1.067    52.364    dbg_hub/inst/BSCANID.u_xsdbm_id/CORE_XSDB.U_ICON/U_CMD/m_bscan_tck[0]
    SLICE_X49Y225        FDCE                                         r  dbg_hub/inst/BSCANID.u_xsdbm_id/CORE_XSDB.U_ICON/U_CMD/iTARGET_reg[9]/C
                         clock pessimism              4.187    56.551    
                         clock uncertainty           -0.035    56.516    
    SLICE_X49Y225        FDCE (Recov_FFF2_SLICEL_C_CLR)
                                                     -0.066    56.450    dbg_hub/inst/BSCANID.u_xsdbm_id/CORE_XSDB.U_ICON/U_CMD/iTARGET_reg[9]
  -------------------------------------------------------------------
                         required time                         56.450    
                         arrival time                          -8.472    
  -------------------------------------------------------------------
                         slack                                 47.978    

Slack (MET) :             48.021ns  (required time - arrival time)
  Source:                 dbg_hub/inst/BSCANID.u_xsdbm_id/SWITCH_N_EXT_BSCAN.bscan_switch/portno_reg[1]/C
                            (rising edge-triggered cell FDRE clocked by dbg_hub/inst/BSCANID.u_xsdbm_id/SWITCH_N_EXT_BSCAN.bscan_inst/SERIES7_BSCAN.bscan_inst/INTERNAL_TCK  {rise@0.000ns fall@25.000ns period=50.000ns})
  Destination:            dbg_hub/inst/BSCANID.u_xsdbm_id/CORE_XSDB.U_ICON/U_CMD/iTARGET_reg[10]/CLR
                            (recovery check against rising-edge clock dbg_hub/inst/BSCANID.u_xsdbm_id/SWITCH_N_EXT_BSCAN.bscan_inst/SERIES7_BSCAN.bscan_inst/INTERNAL_TCK  {rise@0.000ns fall@25.000ns period=50.000ns})
  Path Group:             **async_default**
  Path Type:              Recovery (Max at Slow Process Corner)
  Requirement:            50.000ns  (dbg_hub/inst/BSCANID.u_xsdbm_id/SWITCH_N_EXT_BSCAN.bscan_inst/SERIES7_BSCAN.bscan_inst/INTERNAL_TCK rise@50.000ns - dbg_hub/inst/BSCANID.u_xsdbm_id/SWITCH_N_EXT_BSCAN.bscan_inst/SERIES7_BSCAN.bscan_inst/INTERNAL_TCK rise@0.000ns)
  Data Path Delay:        1.747ns  (logic 0.297ns (17.001%)  route 1.450ns (82.999%))
  Logic Levels:           2  (LUT4=1 LUT6=1)
  Clock Path Skew:        -0.131ns (DCD - SCD + CPR)
    Destination Clock Delay (DCD):    2.358ns = ( 52.358 - 50.000 ) 
    Source Clock Delay      (SCD):    6.676ns
    Clock Pessimism Removal (CPR):    4.187ns
  Clock Uncertainty:      0.035ns  ((TSJ^2 + TIJ^2)^1/2 + DJ) / 2 + PE
    Total System Jitter     (TSJ):    0.071ns
    Total Input Jitter      (TIJ):    0.000ns
    Discrete Jitter          (DJ):    0.000ns
    Phase Error              (PE):    0.000ns
  Clock Net Delay (Source):      1.208ns (routing 0.171ns, distribution 1.037ns)
  Clock Net Delay (Destination): 1.061ns (routing 0.155ns, distribution 0.906ns)

    Location             Delay type                Incr(ns)  Path(ns)    Netlist Resource(s)
  -------------------------------------------------------------------    -------------------
                         (clock dbg_hub/inst/BSCANID.u_xsdbm_id/SWITCH_N_EXT_BSCAN.bscan_inst/SERIES7_BSCAN.bscan_inst/INTERNAL_TCK rise edge)
                                                      0.000     0.000 r  
    CONFIG_SITE_X0Y0     BSCANE2                      0.000     0.000 r  dbg_hub/inst/BSCANID.u_xsdbm_id/SWITCH_N_EXT_BSCAN.bscan_inst/SERIES7_BSCAN.bscan_inst/INTERNAL_TCK
    CONFIG_SITE_X0Y0     BSCANE2 (Prop_BSCAN1_CONFIG_SITE_INTERNAL_TCK_TCK)
                                                      4.300     4.300 r  dbg_hub/inst/BSCANID.u_xsdbm_id/SWITCH_N_EXT_BSCAN.bscan_inst/SERIES7_BSCAN.bscan_inst/TCK
                         net (fo=1, routed)           1.140     5.440    dbg_hub/inst/BSCANID.u_xsdbm_id/tck_bs
    BUFGCE_X0Y50         BUFGCE (Prop_BUFCE_BUFGCE_I_O)
                                                      0.028     5.468 r  dbg_hub/inst/BSCANID.u_xsdbm_id/SWITCH_N_EXT_BSCAN.u_bufg_icon_tck/O
    X1Y2 (CLOCK_ROOT)    net (fo=494, routed)         1.208     6.676    dbg_hub/inst/BSCANID.u_xsdbm_id/SWITCH_N_EXT_BSCAN.bscan_switch/s_bscan_tck
    SLICE_X50Y139        FDRE                                         r  dbg_hub/inst/BSCANID.u_xsdbm_id/SWITCH_N_EXT_BSCAN.bscan_switch/portno_reg[1]/C
  -------------------------------------------------------------------    -------------------
    SLICE_X50Y139        FDRE (Prop_EFF2_SLICEL_C_Q)
                                                      0.081     6.757 f  dbg_hub/inst/BSCANID.u_xsdbm_id/SWITCH_N_EXT_BSCAN.bscan_switch/portno_reg[1]/Q
                         net (fo=1, routed)           0.200     6.957    dbg_hub/inst/BSCANID.u_xsdbm_id/SWITCH_N_EXT_BSCAN.bscan_switch/portno[1]
    SLICE_X50Y139        LUT6 (Prop_H6LUT_SLICEL_I3_O)
                                                      0.150     7.107 f  dbg_hub/inst/BSCANID.u_xsdbm_id/SWITCH_N_EXT_BSCAN.bscan_switch/m_bscan_drck[0]_INST_0_i_1/O
                         net (fo=5, routed)           0.212     7.319    dbg_hub/inst/BSCANID.u_xsdbm_id/SWITCH_N_EXT_BSCAN.bscan_switch/m_bscan_drck[0]_INST_0_i_1_n_0
    SLICE_X50Y145        LUT4 (Prop_D5LUT_SLICEL_I3_O)
                                                      0.066     7.385 r  dbg_hub/inst/BSCANID.u_xsdbm_id/SWITCH_N_EXT_BSCAN.bscan_switch/m_bscan_sel[0]_INST_0/O
                         net (fo=11, routed)          1.038     8.423    dbg_hub/inst/BSCANID.u_xsdbm_id/CORE_XSDB.U_ICON/U_CMD/iTARGET_reg[6]_0
    SLICE_X49Y224        FDCE                                         f  dbg_hub/inst/BSCANID.u_xsdbm_id/CORE_XSDB.U_ICON/U_CMD/iTARGET_reg[10]/CLR  (IS_INVERTED)
  -------------------------------------------------------------------    -------------------

                         (clock dbg_hub/inst/BSCANID.u_xsdbm_id/SWITCH_N_EXT_BSCAN.bscan_inst/SERIES7_BSCAN.bscan_inst/INTERNAL_TCK rise edge)
                                                     50.000    50.000 r  
    CONFIG_SITE_X0Y0     BSCANE2                      0.000    50.000 r  dbg_hub/inst/BSCANID.u_xsdbm_id/SWITCH_N_EXT_BSCAN.bscan_inst/SERIES7_BSCAN.bscan_inst/INTERNAL_TCK
    CONFIG_SITE_X0Y0     BSCANE2 (Prop_BSCAN1_CONFIG_SITE_INTERNAL_TCK_TCK)
                                                      0.465    50.465 r  dbg_hub/inst/BSCANID.u_xsdbm_id/SWITCH_N_EXT_BSCAN.bscan_inst/SERIES7_BSCAN.bscan_inst/TCK
                         net (fo=1, routed)           0.808    51.273    dbg_hub/inst/BSCANID.u_xsdbm_id/tck_bs
    BUFGCE_X0Y50         BUFGCE (Prop_BUFCE_BUFGCE_I_O)
                                                      0.024    51.297 r  dbg_hub/inst/BSCANID.u_xsdbm_id/SWITCH_N_EXT_BSCAN.u_bufg_icon_tck/O
    X1Y2 (CLOCK_ROOT)    net (fo=494, routed)         1.061    52.358    dbg_hub/inst/BSCANID.u_xsdbm_id/CORE_XSDB.U_ICON/U_CMD/m_bscan_tck[0]
    SLICE_X49Y224        FDCE                                         r  dbg_hub/inst/BSCANID.u_xsdbm_id/CORE_XSDB.U_ICON/U_CMD/iTARGET_reg[10]/C
                         clock pessimism              4.187    56.545    
                         clock uncertainty           -0.035    56.510    
    SLICE_X49Y224        FDCE (Recov_EFF_SLICEL_C_CLR)
                                                     -0.066    56.444    dbg_hub/inst/BSCANID.u_xsdbm_id/CORE_XSDB.U_ICON/U_CMD/iTARGET_reg[10]
  -------------------------------------------------------------------
                         required time                         56.444    
                         arrival time                          -8.423    
  -------------------------------------------------------------------
                         slack                                 48.021    

Slack (MET) :             48.021ns  (required time - arrival time)
  Source:                 dbg_hub/inst/BSCANID.u_xsdbm_id/SWITCH_N_EXT_BSCAN.bscan_switch/portno_reg[1]/C
                            (rising edge-triggered cell FDRE clocked by dbg_hub/inst/BSCANID.u_xsdbm_id/SWITCH_N_EXT_BSCAN.bscan_inst/SERIES7_BSCAN.bscan_inst/INTERNAL_TCK  {rise@0.000ns fall@25.000ns period=50.000ns})
  Destination:            dbg_hub/inst/BSCANID.u_xsdbm_id/CORE_XSDB.U_ICON/U_CMD/iTARGET_reg[11]/CLR
                            (recovery check against rising-edge clock dbg_hub/inst/BSCANID.u_xsdbm_id/SWITCH_N_EXT_BSCAN.bscan_inst/SERIES7_BSCAN.bscan_inst/INTERNAL_TCK  {rise@0.000ns fall@25.000ns period=50.000ns})
  Path Group:             **async_default**
  Path Type:              Recovery (Max at Slow Process Corner)
  Requirement:            50.000ns  (dbg_hub/inst/BSCANID.u_xsdbm_id/SWITCH_N_EXT_BSCAN.bscan_inst/SERIES7_BSCAN.bscan_inst/INTERNAL_TCK rise@50.000ns - dbg_hub/inst/BSCANID.u_xsdbm_id/SWITCH_N_EXT_BSCAN.bscan_inst/SERIES7_BSCAN.bscan_inst/INTERNAL_TCK rise@0.000ns)
  Data Path Delay:        1.747ns  (logic 0.297ns (17.001%)  route 1.450ns (82.999%))
  Logic Levels:           2  (LUT4=1 LUT6=1)
  Clock Path Skew:        -0.131ns (DCD - SCD + CPR)
    Destination Clock Delay (DCD):    2.358ns = ( 52.358 - 50.000 ) 
    Source Clock Delay      (SCD):    6.676ns
    Clock Pessimism Removal (CPR):    4.187ns
  Clock Uncertainty:      0.035ns  ((TSJ^2 + TIJ^2)^1/2 + DJ) / 2 + PE
    Total System Jitter     (TSJ):    0.071ns
    Total Input Jitter      (TIJ):    0.000ns
    Discrete Jitter          (DJ):    0.000ns
    Phase Error              (PE):    0.000ns
  Clock Net Delay (Source):      1.208ns (routing 0.171ns, distribution 1.037ns)
  Clock Net Delay (Destination): 1.061ns (routing 0.155ns, distribution 0.906ns)

    Location             Delay type                Incr(ns)  Path(ns)    Netlist Resource(s)
  -------------------------------------------------------------------    -------------------
                         (clock dbg_hub/inst/BSCANID.u_xsdbm_id/SWITCH_N_EXT_BSCAN.bscan_inst/SERIES7_BSCAN.bscan_inst/INTERNAL_TCK rise edge)
                                                      0.000     0.000 r  
    CONFIG_SITE_X0Y0     BSCANE2                      0.000     0.000 r  dbg_hub/inst/BSCANID.u_xsdbm_id/SWITCH_N_EXT_BSCAN.bscan_inst/SERIES7_BSCAN.bscan_inst/INTERNAL_TCK
    CONFIG_SITE_X0Y0     BSCANE2 (Prop_BSCAN1_CONFIG_SITE_INTERNAL_TCK_TCK)
                                                      4.300     4.300 r  dbg_hub/inst/BSCANID.u_xsdbm_id/SWITCH_N_EXT_BSCAN.bscan_inst/SERIES7_BSCAN.bscan_inst/TCK
                         net (fo=1, routed)           1.140     5.440    dbg_hub/inst/BSCANID.u_xsdbm_id/tck_bs
    BUFGCE_X0Y50         BUFGCE (Prop_BUFCE_BUFGCE_I_O)
                                                      0.028     5.468 r  dbg_hub/inst/BSCANID.u_xsdbm_id/SWITCH_N_EXT_BSCAN.u_bufg_icon_tck/O
    X1Y2 (CLOCK_ROOT)    net (fo=494, routed)         1.208     6.676    dbg_hub/inst/BSCANID.u_xsdbm_id/SWITCH_N_EXT_BSCAN.bscan_switch/s_bscan_tck
    SLICE_X50Y139        FDRE                                         r  dbg_hub/inst/BSCANID.u_xsdbm_id/SWITCH_N_EXT_BSCAN.bscan_switch/portno_reg[1]/C
  -------------------------------------------------------------------    -------------------
    SLICE_X50Y139        FDRE (Prop_EFF2_SLICEL_C_Q)
                                                      0.081     6.757 f  dbg_hub/inst/BSCANID.u_xsdbm_id/SWITCH_N_EXT_BSCAN.bscan_switch/portno_reg[1]/Q
                         net (fo=1, routed)           0.200     6.957    dbg_hub/inst/BSCANID.u_xsdbm_id/SWITCH_N_EXT_BSCAN.bscan_switch/portno[1]
    SLICE_X50Y139        LUT6 (Prop_H6LUT_SLICEL_I3_O)
                                                      0.150     7.107 f  dbg_hub/inst/BSCANID.u_xsdbm_id/SWITCH_N_EXT_BSCAN.bscan_switch/m_bscan_drck[0]_INST_0_i_1/O
                         net (fo=5, routed)           0.212     7.319    dbg_hub/inst/BSCANID.u_xsdbm_id/SWITCH_N_EXT_BSCAN.bscan_switch/m_bscan_drck[0]_INST_0_i_1_n_0
    SLICE_X50Y145        LUT4 (Prop_D5LUT_SLICEL_I3_O)
                                                      0.066     7.385 r  dbg_hub/inst/BSCANID.u_xsdbm_id/SWITCH_N_EXT_BSCAN.bscan_switch/m_bscan_sel[0]_INST_0/O
                         net (fo=11, routed)          1.038     8.423    dbg_hub/inst/BSCANID.u_xsdbm_id/CORE_XSDB.U_ICON/U_CMD/iTARGET_reg[6]_0
    SLICE_X49Y224        FDCE                                         f  dbg_hub/inst/BSCANID.u_xsdbm_id/CORE_XSDB.U_ICON/U_CMD/iTARGET_reg[11]/CLR  (IS_INVERTED)
  -------------------------------------------------------------------    -------------------

                         (clock dbg_hub/inst/BSCANID.u_xsdbm_id/SWITCH_N_EXT_BSCAN.bscan_inst/SERIES7_BSCAN.bscan_inst/INTERNAL_TCK rise edge)
                                                     50.000    50.000 r  
    CONFIG_SITE_X0Y0     BSCANE2                      0.000    50.000 r  dbg_hub/inst/BSCANID.u_xsdbm_id/SWITCH_N_EXT_BSCAN.bscan_inst/SERIES7_BSCAN.bscan_inst/INTERNAL_TCK
    CONFIG_SITE_X0Y0     BSCANE2 (Prop_BSCAN1_CONFIG_SITE_INTERNAL_TCK_TCK)
                                                      0.465    50.465 r  dbg_hub/inst/BSCANID.u_xsdbm_id/SWITCH_N_EXT_BSCAN.bscan_inst/SERIES7_BSCAN.bscan_inst/TCK
                         net (fo=1, routed)           0.808    51.273    dbg_hub/inst/BSCANID.u_xsdbm_id/tck_bs
    BUFGCE_X0Y50         BUFGCE (Prop_BUFCE_BUFGCE_I_O)
                                                      0.024    51.297 r  dbg_hub/inst/BSCANID.u_xsdbm_id/SWITCH_N_EXT_BSCAN.u_bufg_icon_tck/O
    X1Y2 (CLOCK_ROOT)    net (fo=494, routed)         1.061    52.358    dbg_hub/inst/BSCANID.u_xsdbm_id/CORE_XSDB.U_ICON/U_CMD/m_bscan_tck[0]
    SLICE_X49Y224        FDCE                                         r  dbg_hub/inst/BSCANID.u_xsdbm_id/CORE_XSDB.U_ICON/U_CMD/iTARGET_reg[11]/C
                         clock pessimism              4.187    56.545    
                         clock uncertainty           -0.035    56.510    
    SLICE_X49Y224        FDCE (Recov_EFF2_SLICEL_C_CLR)
                                                     -0.066    56.444    dbg_hub/inst/BSCANID.u_xsdbm_id/CORE_XSDB.U_ICON/U_CMD/iTARGET_reg[11]
  -------------------------------------------------------------------
                         required time                         56.444    
                         arrival time                          -8.423    
  -------------------------------------------------------------------
                         slack                                 48.021    

Slack (MET) :             48.021ns  (required time - arrival time)
  Source:                 dbg_hub/inst/BSCANID.u_xsdbm_id/SWITCH_N_EXT_BSCAN.bscan_switch/portno_reg[1]/C
                            (rising edge-triggered cell FDRE clocked by dbg_hub/inst/BSCANID.u_xsdbm_id/SWITCH_N_EXT_BSCAN.bscan_inst/SERIES7_BSCAN.bscan_inst/INTERNAL_TCK  {rise@0.000ns fall@25.000ns period=50.000ns})
  Destination:            dbg_hub/inst/BSCANID.u_xsdbm_id/CORE_XSDB.U_ICON/U_CMD/iTARGET_reg[12]/CLR
                            (recovery check against rising-edge clock dbg_hub/inst/BSCANID.u_xsdbm_id/SWITCH_N_EXT_BSCAN.bscan_inst/SERIES7_BSCAN.bscan_inst/INTERNAL_TCK  {rise@0.000ns fall@25.000ns period=50.000ns})
  Path Group:             **async_default**
  Path Type:              Recovery (Max at Slow Process Corner)
  Requirement:            50.000ns  (dbg_hub/inst/BSCANID.u_xsdbm_id/SWITCH_N_EXT_BSCAN.bscan_inst/SERIES7_BSCAN.bscan_inst/INTERNAL_TCK rise@50.000ns - dbg_hub/inst/BSCANID.u_xsdbm_id/SWITCH_N_EXT_BSCAN.bscan_inst/SERIES7_BSCAN.bscan_inst/INTERNAL_TCK rise@0.000ns)
  Data Path Delay:        1.747ns  (logic 0.297ns (17.001%)  route 1.450ns (82.999%))
  Logic Levels:           2  (LUT4=1 LUT6=1)
  Clock Path Skew:        -0.131ns (DCD - SCD + CPR)
    Destination Clock Delay (DCD):    2.358ns = ( 52.358 - 50.000 ) 
    Source Clock Delay      (SCD):    6.676ns
    Clock Pessimism Removal (CPR):    4.187ns
  Clock Uncertainty:      0.035ns  ((TSJ^2 + TIJ^2)^1/2 + DJ) / 2 + PE
    Total System Jitter     (TSJ):    0.071ns
    Total Input Jitter      (TIJ):    0.000ns
    Discrete Jitter          (DJ):    0.000ns
    Phase Error              (PE):    0.000ns
  Clock Net Delay (Source):      1.208ns (routing 0.171ns, distribution 1.037ns)
  Clock Net Delay (Destination): 1.061ns (routing 0.155ns, distribution 0.906ns)

    Location             Delay type                Incr(ns)  Path(ns)    Netlist Resource(s)
  -------------------------------------------------------------------    -------------------
                         (clock dbg_hub/inst/BSCANID.u_xsdbm_id/SWITCH_N_EXT_BSCAN.bscan_inst/SERIES7_BSCAN.bscan_inst/INTERNAL_TCK rise edge)
                                                      0.000     0.000 r  
    CONFIG_SITE_X0Y0     BSCANE2                      0.000     0.000 r  dbg_hub/inst/BSCANID.u_xsdbm_id/SWITCH_N_EXT_BSCAN.bscan_inst/SERIES7_BSCAN.bscan_inst/INTERNAL_TCK
    CONFIG_SITE_X0Y0     BSCANE2 (Prop_BSCAN1_CONFIG_SITE_INTERNAL_TCK_TCK)
                                                      4.300     4.300 r  dbg_hub/inst/BSCANID.u_xsdbm_id/SWITCH_N_EXT_BSCAN.bscan_inst/SERIES7_BSCAN.bscan_inst/TCK
                         net (fo=1, routed)           1.140     5.440    dbg_hub/inst/BSCANID.u_xsdbm_id/tck_bs
    BUFGCE_X0Y50         BUFGCE (Prop_BUFCE_BUFGCE_I_O)
                                                      0.028     5.468 r  dbg_hub/inst/BSCANID.u_xsdbm_id/SWITCH_N_EXT_BSCAN.u_bufg_icon_tck/O
    X1Y2 (CLOCK_ROOT)    net (fo=494, routed)         1.208     6.676    dbg_hub/inst/BSCANID.u_xsdbm_id/SWITCH_N_EXT_BSCAN.bscan_switch/s_bscan_tck
    SLICE_X50Y139        FDRE                                         r  dbg_hub/inst/BSCANID.u_xsdbm_id/SWITCH_N_EXT_BSCAN.bscan_switch/portno_reg[1]/C
  -------------------------------------------------------------------    -------------------
    SLICE_X50Y139        FDRE (Prop_EFF2_SLICEL_C_Q)
                                                      0.081     6.757 f  dbg_hub/inst/BSCANID.u_xsdbm_id/SWITCH_N_EXT_BSCAN.bscan_switch/portno_reg[1]/Q
                         net (fo=1, routed)           0.200     6.957    dbg_hub/inst/BSCANID.u_xsdbm_id/SWITCH_N_EXT_BSCAN.bscan_switch/portno[1]
    SLICE_X50Y139        LUT6 (Prop_H6LUT_SLICEL_I3_O)
                                                      0.150     7.107 f  dbg_hub/inst/BSCANID.u_xsdbm_id/SWITCH_N_EXT_BSCAN.bscan_switch/m_bscan_drck[0]_INST_0_i_1/O
                         net (fo=5, routed)           0.212     7.319    dbg_hub/inst/BSCANID.u_xsdbm_id/SWITCH_N_EXT_BSCAN.bscan_switch/m_bscan_drck[0]_INST_0_i_1_n_0
    SLICE_X50Y145        LUT4 (Prop_D5LUT_SLICEL_I3_O)
                                                      0.066     7.385 r  dbg_hub/inst/BSCANID.u_xsdbm_id/SWITCH_N_EXT_BSCAN.bscan_switch/m_bscan_sel[0]_INST_0/O
                         net (fo=11, routed)          1.038     8.423    dbg_hub/inst/BSCANID.u_xsdbm_id/CORE_XSDB.U_ICON/U_CMD/iTARGET_reg[6]_0
    SLICE_X49Y224        FDCE                                         f  dbg_hub/inst/BSCANID.u_xsdbm_id/CORE_XSDB.U_ICON/U_CMD/iTARGET_reg[12]/CLR  (IS_INVERTED)
  -------------------------------------------------------------------    -------------------

                         (clock dbg_hub/inst/BSCANID.u_xsdbm_id/SWITCH_N_EXT_BSCAN.bscan_inst/SERIES7_BSCAN.bscan_inst/INTERNAL_TCK rise edge)
                                                     50.000    50.000 r  
    CONFIG_SITE_X0Y0     BSCANE2                      0.000    50.000 r  dbg_hub/inst/BSCANID.u_xsdbm_id/SWITCH_N_EXT_BSCAN.bscan_inst/SERIES7_BSCAN.bscan_inst/INTERNAL_TCK
    CONFIG_SITE_X0Y0     BSCANE2 (Prop_BSCAN1_CONFIG_SITE_INTERNAL_TCK_TCK)
                                                      0.465    50.465 r  dbg_hub/inst/BSCANID.u_xsdbm_id/SWITCH_N_EXT_BSCAN.bscan_inst/SERIES7_BSCAN.bscan_inst/TCK
                         net (fo=1, routed)           0.808    51.273    dbg_hub/inst/BSCANID.u_xsdbm_id/tck_bs
    BUFGCE_X0Y50         BUFGCE (Prop_BUFCE_BUFGCE_I_O)
                                                      0.024    51.297 r  dbg_hub/inst/BSCANID.u_xsdbm_id/SWITCH_N_EXT_BSCAN.u_bufg_icon_tck/O
    X1Y2 (CLOCK_ROOT)    net (fo=494, routed)         1.061    52.358    dbg_hub/inst/BSCANID.u_xsdbm_id/CORE_XSDB.U_ICON/U_CMD/m_bscan_tck[0]
    SLICE_X49Y224        FDCE                                         r  dbg_hub/inst/BSCANID.u_xsdbm_id/CORE_XSDB.U_ICON/U_CMD/iTARGET_reg[12]/C
                         clock pessimism              4.187    56.545    
                         clock uncertainty           -0.035    56.510    
    SLICE_X49Y224        FDCE (Recov_FFF_SLICEL_C_CLR)
                                                     -0.066    56.444    dbg_hub/inst/BSCANID.u_xsdbm_id/CORE_XSDB.U_ICON/U_CMD/iTARGET_reg[12]
  -------------------------------------------------------------------
                         required time                         56.444    
                         arrival time                          -8.423    
  -------------------------------------------------------------------
                         slack                                 48.021    

Slack (MET) :             48.021ns  (required time - arrival time)
  Source:                 dbg_hub/inst/BSCANID.u_xsdbm_id/SWITCH_N_EXT_BSCAN.bscan_switch/portno_reg[1]/C
                            (rising edge-triggered cell FDRE clocked by dbg_hub/inst/BSCANID.u_xsdbm_id/SWITCH_N_EXT_BSCAN.bscan_inst/SERIES7_BSCAN.bscan_inst/INTERNAL_TCK  {rise@0.000ns fall@25.000ns period=50.000ns})
  Destination:            dbg_hub/inst/BSCANID.u_xsdbm_id/CORE_XSDB.U_ICON/U_CMD/iTARGET_reg[13]/CLR
                            (recovery check against rising-edge clock dbg_hub/inst/BSCANID.u_xsdbm_id/SWITCH_N_EXT_BSCAN.bscan_inst/SERIES7_BSCAN.bscan_inst/INTERNAL_TCK  {rise@0.000ns fall@25.000ns period=50.000ns})
  Path Group:             **async_default**
  Path Type:              Recovery (Max at Slow Process Corner)
  Requirement:            50.000ns  (dbg_hub/inst/BSCANID.u_xsdbm_id/SWITCH_N_EXT_BSCAN.bscan_inst/SERIES7_BSCAN.bscan_inst/INTERNAL_TCK rise@50.000ns - dbg_hub/inst/BSCANID.u_xsdbm_id/SWITCH_N_EXT_BSCAN.bscan_inst/SERIES7_BSCAN.bscan_inst/INTERNAL_TCK rise@0.000ns)
  Data Path Delay:        1.747ns  (logic 0.297ns (17.001%)  route 1.450ns (82.999%))
  Logic Levels:           2  (LUT4=1 LUT6=1)
  Clock Path Skew:        -0.131ns (DCD - SCD + CPR)
    Destination Clock Delay (DCD):    2.358ns = ( 52.358 - 50.000 ) 
    Source Clock Delay      (SCD):    6.676ns
    Clock Pessimism Removal (CPR):    4.187ns
  Clock Uncertainty:      0.035ns  ((TSJ^2 + TIJ^2)^1/2 + DJ) / 2 + PE
    Total System Jitter     (TSJ):    0.071ns
    Total Input Jitter      (TIJ):    0.000ns
    Discrete Jitter          (DJ):    0.000ns
    Phase Error              (PE):    0.000ns
  Clock Net Delay (Source):      1.208ns (routing 0.171ns, distribution 1.037ns)
  Clock Net Delay (Destination): 1.061ns (routing 0.155ns, distribution 0.906ns)

    Location             Delay type                Incr(ns)  Path(ns)    Netlist Resource(s)
  -------------------------------------------------------------------    -------------------
                         (clock dbg_hub/inst/BSCANID.u_xsdbm_id/SWITCH_N_EXT_BSCAN.bscan_inst/SERIES7_BSCAN.bscan_inst/INTERNAL_TCK rise edge)
                                                      0.000     0.000 r  
    CONFIG_SITE_X0Y0     BSCANE2                      0.000     0.000 r  dbg_hub/inst/BSCANID.u_xsdbm_id/SWITCH_N_EXT_BSCAN.bscan_inst/SERIES7_BSCAN.bscan_inst/INTERNAL_TCK
    CONFIG_SITE_X0Y0     BSCANE2 (Prop_BSCAN1_CONFIG_SITE_INTERNAL_TCK_TCK)
                                                      4.300     4.300 r  dbg_hub/inst/BSCANID.u_xsdbm_id/SWITCH_N_EXT_BSCAN.bscan_inst/SERIES7_BSCAN.bscan_inst/TCK
                         net (fo=1, routed)           1.140     5.440    dbg_hub/inst/BSCANID.u_xsdbm_id/tck_bs
    BUFGCE_X0Y50         BUFGCE (Prop_BUFCE_BUFGCE_I_O)
                                                      0.028     5.468 r  dbg_hub/inst/BSCANID.u_xsdbm_id/SWITCH_N_EXT_BSCAN.u_bufg_icon_tck/O
    X1Y2 (CLOCK_ROOT)    net (fo=494, routed)         1.208     6.676    dbg_hub/inst/BSCANID.u_xsdbm_id/SWITCH_N_EXT_BSCAN.bscan_switch/s_bscan_tck
    SLICE_X50Y139        FDRE                                         r  dbg_hub/inst/BSCANID.u_xsdbm_id/SWITCH_N_EXT_BSCAN.bscan_switch/portno_reg[1]/C
  -------------------------------------------------------------------    -------------------
    SLICE_X50Y139        FDRE (Prop_EFF2_SLICEL_C_Q)
                                                      0.081     6.757 f  dbg_hub/inst/BSCANID.u_xsdbm_id/SWITCH_N_EXT_BSCAN.bscan_switch/portno_reg[1]/Q
                         net (fo=1, routed)           0.200     6.957    dbg_hub/inst/BSCANID.u_xsdbm_id/SWITCH_N_EXT_BSCAN.bscan_switch/portno[1]
    SLICE_X50Y139        LUT6 (Prop_H6LUT_SLICEL_I3_O)
                                                      0.150     7.107 f  dbg_hub/inst/BSCANID.u_xsdbm_id/SWITCH_N_EXT_BSCAN.bscan_switch/m_bscan_drck[0]_INST_0_i_1/O
                         net (fo=5, routed)           0.212     7.319    dbg_hub/inst/BSCANID.u_xsdbm_id/SWITCH_N_EXT_BSCAN.bscan_switch/m_bscan_drck[0]_INST_0_i_1_n_0
    SLICE_X50Y145        LUT4 (Prop_D5LUT_SLICEL_I3_O)
                                                      0.066     7.385 r  dbg_hub/inst/BSCANID.u_xsdbm_id/SWITCH_N_EXT_BSCAN.bscan_switch/m_bscan_sel[0]_INST_0/O
                         net (fo=11, routed)          1.038     8.423    dbg_hub/inst/BSCANID.u_xsdbm_id/CORE_XSDB.U_ICON/U_CMD/iTARGET_reg[6]_0
    SLICE_X49Y224        FDCE                                         f  dbg_hub/inst/BSCANID.u_xsdbm_id/CORE_XSDB.U_ICON/U_CMD/iTARGET_reg[13]/CLR  (IS_INVERTED)
  -------------------------------------------------------------------    -------------------

                         (clock dbg_hub/inst/BSCANID.u_xsdbm_id/SWITCH_N_EXT_BSCAN.bscan_inst/SERIES7_BSCAN.bscan_inst/INTERNAL_TCK rise edge)
                                                     50.000    50.000 r  
    CONFIG_SITE_X0Y0     BSCANE2                      0.000    50.000 r  dbg_hub/inst/BSCANID.u_xsdbm_id/SWITCH_N_EXT_BSCAN.bscan_inst/SERIES7_BSCAN.bscan_inst/INTERNAL_TCK
    CONFIG_SITE_X0Y0     BSCANE2 (Prop_BSCAN1_CONFIG_SITE_INTERNAL_TCK_TCK)
                                                      0.465    50.465 r  dbg_hub/inst/BSCANID.u_xsdbm_id/SWITCH_N_EXT_BSCAN.bscan_inst/SERIES7_BSCAN.bscan_inst/TCK
                         net (fo=1, routed)           0.808    51.273    dbg_hub/inst/BSCANID.u_xsdbm_id/tck_bs
    BUFGCE_X0Y50         BUFGCE (Prop_BUFCE_BUFGCE_I_O)
                                                      0.024    51.297 r  dbg_hub/inst/BSCANID.u_xsdbm_id/SWITCH_N_EXT_BSCAN.u_bufg_icon_tck/O
    X1Y2 (CLOCK_ROOT)    net (fo=494, routed)         1.061    52.358    dbg_hub/inst/BSCANID.u_xsdbm_id/CORE_XSDB.U_ICON/U_CMD/m_bscan_tck[0]
    SLICE_X49Y224        FDCE                                         r  dbg_hub/inst/BSCANID.u_xsdbm_id/CORE_XSDB.U_ICON/U_CMD/iTARGET_reg[13]/C
                         clock pessimism              4.187    56.545    
                         clock uncertainty           -0.035    56.510    
    SLICE_X49Y224        FDCE (Recov_FFF2_SLICEL_C_CLR)
                                                     -0.066    56.444    dbg_hub/inst/BSCANID.u_xsdbm_id/CORE_XSDB.U_ICON/U_CMD/iTARGET_reg[13]
  -------------------------------------------------------------------
                         required time                         56.444    
                         arrival time                          -8.423    
  -------------------------------------------------------------------
                         slack                                 48.021    

Slack (MET) :             48.021ns  (required time - arrival time)
  Source:                 dbg_hub/inst/BSCANID.u_xsdbm_id/SWITCH_N_EXT_BSCAN.bscan_switch/portno_reg[1]/C
                            (rising edge-triggered cell FDRE clocked by dbg_hub/inst/BSCANID.u_xsdbm_id/SWITCH_N_EXT_BSCAN.bscan_inst/SERIES7_BSCAN.bscan_inst/INTERNAL_TCK  {rise@0.000ns fall@25.000ns period=50.000ns})
  Destination:            dbg_hub/inst/BSCANID.u_xsdbm_id/CORE_XSDB.U_ICON/U_CMD/iTARGET_reg[14]/CLR
                            (recovery check against rising-edge clock dbg_hub/inst/BSCANID.u_xsdbm_id/SWITCH_N_EXT_BSCAN.bscan_inst/SERIES7_BSCAN.bscan_inst/INTERNAL_TCK  {rise@0.000ns fall@25.000ns period=50.000ns})
  Path Group:             **async_default**
  Path Type:              Recovery (Max at Slow Process Corner)
  Requirement:            50.000ns  (dbg_hub/inst/BSCANID.u_xsdbm_id/SWITCH_N_EXT_BSCAN.bscan_inst/SERIES7_BSCAN.bscan_inst/INTERNAL_TCK rise@50.000ns - dbg_hub/inst/BSCANID.u_xsdbm_id/SWITCH_N_EXT_BSCAN.bscan_inst/SERIES7_BSCAN.bscan_inst/INTERNAL_TCK rise@0.000ns)
  Data Path Delay:        1.747ns  (logic 0.297ns (17.001%)  route 1.450ns (82.999%))
  Logic Levels:           2  (LUT4=1 LUT6=1)
  Clock Path Skew:        -0.131ns (DCD - SCD + CPR)
    Destination Clock Delay (DCD):    2.358ns = ( 52.358 - 50.000 ) 
    Source Clock Delay      (SCD):    6.676ns
    Clock Pessimism Removal (CPR):    4.187ns
  Clock Uncertainty:      0.035ns  ((TSJ^2 + TIJ^2)^1/2 + DJ) / 2 + PE
    Total System Jitter     (TSJ):    0.071ns
    Total Input Jitter      (TIJ):    0.000ns
    Discrete Jitter          (DJ):    0.000ns
    Phase Error              (PE):    0.000ns
  Clock Net Delay (Source):      1.208ns (routing 0.171ns, distribution 1.037ns)
  Clock Net Delay (Destination): 1.061ns (routing 0.155ns, distribution 0.906ns)

    Location             Delay type                Incr(ns)  Path(ns)    Netlist Resource(s)
  -------------------------------------------------------------------    -------------------
                         (clock dbg_hub/inst/BSCANID.u_xsdbm_id/SWITCH_N_EXT_BSCAN.bscan_inst/SERIES7_BSCAN.bscan_inst/INTERNAL_TCK rise edge)
                                                      0.000     0.000 r  
    CONFIG_SITE_X0Y0     BSCANE2                      0.000     0.000 r  dbg_hub/inst/BSCANID.u_xsdbm_id/SWITCH_N_EXT_BSCAN.bscan_inst/SERIES7_BSCAN.bscan_inst/INTERNAL_TCK
    CONFIG_SITE_X0Y0     BSCANE2 (Prop_BSCAN1_CONFIG_SITE_INTERNAL_TCK_TCK)
                                                      4.300     4.300 r  dbg_hub/inst/BSCANID.u_xsdbm_id/SWITCH_N_EXT_BSCAN.bscan_inst/SERIES7_BSCAN.bscan_inst/TCK
                         net (fo=1, routed)           1.140     5.440    dbg_hub/inst/BSCANID.u_xsdbm_id/tck_bs
    BUFGCE_X0Y50         BUFGCE (Prop_BUFCE_BUFGCE_I_O)
                                                      0.028     5.468 r  dbg_hub/inst/BSCANID.u_xsdbm_id/SWITCH_N_EXT_BSCAN.u_bufg_icon_tck/O
    X1Y2 (CLOCK_ROOT)    net (fo=494, routed)         1.208     6.676    dbg_hub/inst/BSCANID.u_xsdbm_id/SWITCH_N_EXT_BSCAN.bscan_switch/s_bscan_tck
    SLICE_X50Y139        FDRE                                         r  dbg_hub/inst/BSCANID.u_xsdbm_id/SWITCH_N_EXT_BSCAN.bscan_switch/portno_reg[1]/C
  -------------------------------------------------------------------    -------------------
    SLICE_X50Y139        FDRE (Prop_EFF2_SLICEL_C_Q)
                                                      0.081     6.757 f  dbg_hub/inst/BSCANID.u_xsdbm_id/SWITCH_N_EXT_BSCAN.bscan_switch/portno_reg[1]/Q
                         net (fo=1, routed)           0.200     6.957    dbg_hub/inst/BSCANID.u_xsdbm_id/SWITCH_N_EXT_BSCAN.bscan_switch/portno[1]
    SLICE_X50Y139        LUT6 (Prop_H6LUT_SLICEL_I3_O)
                                                      0.150     7.107 f  dbg_hub/inst/BSCANID.u_xsdbm_id/SWITCH_N_EXT_BSCAN.bscan_switch/m_bscan_drck[0]_INST_0_i_1/O
                         net (fo=5, routed)           0.212     7.319    dbg_hub/inst/BSCANID.u_xsdbm_id/SWITCH_N_EXT_BSCAN.bscan_switch/m_bscan_drck[0]_INST_0_i_1_n_0
    SLICE_X50Y145        LUT4 (Prop_D5LUT_SLICEL_I3_O)
                                                      0.066     7.385 r  dbg_hub/inst/BSCANID.u_xsdbm_id/SWITCH_N_EXT_BSCAN.bscan_switch/m_bscan_sel[0]_INST_0/O
                         net (fo=11, routed)          1.038     8.423    dbg_hub/inst/BSCANID.u_xsdbm_id/CORE_XSDB.U_ICON/U_CMD/iTARGET_reg[6]_0
    SLICE_X49Y224        FDCE                                         f  dbg_hub/inst/BSCANID.u_xsdbm_id/CORE_XSDB.U_ICON/U_CMD/iTARGET_reg[14]/CLR  (IS_INVERTED)
  -------------------------------------------------------------------    -------------------

                         (clock dbg_hub/inst/BSCANID.u_xsdbm_id/SWITCH_N_EXT_BSCAN.bscan_inst/SERIES7_BSCAN.bscan_inst/INTERNAL_TCK rise edge)
                                                     50.000    50.000 r  
    CONFIG_SITE_X0Y0     BSCANE2                      0.000    50.000 r  dbg_hub/inst/BSCANID.u_xsdbm_id/SWITCH_N_EXT_BSCAN.bscan_inst/SERIES7_BSCAN.bscan_inst/INTERNAL_TCK
    CONFIG_SITE_X0Y0     BSCANE2 (Prop_BSCAN1_CONFIG_SITE_INTERNAL_TCK_TCK)
                                                      0.465    50.465 r  dbg_hub/inst/BSCANID.u_xsdbm_id/SWITCH_N_EXT_BSCAN.bscan_inst/SERIES7_BSCAN.bscan_inst/TCK
                         net (fo=1, routed)           0.808    51.273    dbg_hub/inst/BSCANID.u_xsdbm_id/tck_bs
    BUFGCE_X0Y50         BUFGCE (Prop_BUFCE_BUFGCE_I_O)
                                                      0.024    51.297 r  dbg_hub/inst/BSCANID.u_xsdbm_id/SWITCH_N_EXT_BSCAN.u_bufg_icon_tck/O
    X1Y2 (CLOCK_ROOT)    net (fo=494, routed)         1.061    52.358    dbg_hub/inst/BSCANID.u_xsdbm_id/CORE_XSDB.U_ICON/U_CMD/m_bscan_tck[0]
    SLICE_X49Y224        FDCE                                         r  dbg_hub/inst/BSCANID.u_xsdbm_id/CORE_XSDB.U_ICON/U_CMD/iTARGET_reg[14]/C
                         clock pessimism              4.187    56.545    
                         clock uncertainty           -0.035    56.510    
    SLICE_X49Y224        FDCE (Recov_GFF_SLICEL_C_CLR)
                                                     -0.066    56.444    dbg_hub/inst/BSCANID.u_xsdbm_id/CORE_XSDB.U_ICON/U_CMD/iTARGET_reg[14]
  -------------------------------------------------------------------
                         required time                         56.444    
                         arrival time                          -8.423    
  -------------------------------------------------------------------
                         slack                                 48.021    

Slack (MET) :             48.021ns  (required time - arrival time)
  Source:                 dbg_hub/inst/BSCANID.u_xsdbm_id/SWITCH_N_EXT_BSCAN.bscan_switch/portno_reg[1]/C
                            (rising edge-triggered cell FDRE clocked by dbg_hub/inst/BSCANID.u_xsdbm_id/SWITCH_N_EXT_BSCAN.bscan_inst/SERIES7_BSCAN.bscan_inst/INTERNAL_TCK  {rise@0.000ns fall@25.000ns period=50.000ns})
  Destination:            dbg_hub/inst/BSCANID.u_xsdbm_id/CORE_XSDB.U_ICON/U_CMD/iTARGET_reg[15]/CLR
                            (recovery check against rising-edge clock dbg_hub/inst/BSCANID.u_xsdbm_id/SWITCH_N_EXT_BSCAN.bscan_inst/SERIES7_BSCAN.bscan_inst/INTERNAL_TCK  {rise@0.000ns fall@25.000ns period=50.000ns})
  Path Group:             **async_default**
  Path Type:              Recovery (Max at Slow Process Corner)
  Requirement:            50.000ns  (dbg_hub/inst/BSCANID.u_xsdbm_id/SWITCH_N_EXT_BSCAN.bscan_inst/SERIES7_BSCAN.bscan_inst/INTERNAL_TCK rise@50.000ns - dbg_hub/inst/BSCANID.u_xsdbm_id/SWITCH_N_EXT_BSCAN.bscan_inst/SERIES7_BSCAN.bscan_inst/INTERNAL_TCK rise@0.000ns)
  Data Path Delay:        1.747ns  (logic 0.297ns (17.001%)  route 1.450ns (82.999%))
  Logic Levels:           2  (LUT4=1 LUT6=1)
  Clock Path Skew:        -0.131ns (DCD - SCD + CPR)
    Destination Clock Delay (DCD):    2.358ns = ( 52.358 - 50.000 ) 
    Source Clock Delay      (SCD):    6.676ns
    Clock Pessimism Removal (CPR):    4.187ns
  Clock Uncertainty:      0.035ns  ((TSJ^2 + TIJ^2)^1/2 + DJ) / 2 + PE
    Total System Jitter     (TSJ):    0.071ns
    Total Input Jitter      (TIJ):    0.000ns
    Discrete Jitter          (DJ):    0.000ns
    Phase Error              (PE):    0.000ns
  Clock Net Delay (Source):      1.208ns (routing 0.171ns, distribution 1.037ns)
  Clock Net Delay (Destination): 1.061ns (routing 0.155ns, distribution 0.906ns)

    Location             Delay type                Incr(ns)  Path(ns)    Netlist Resource(s)
  -------------------------------------------------------------------    -------------------
                         (clock dbg_hub/inst/BSCANID.u_xsdbm_id/SWITCH_N_EXT_BSCAN.bscan_inst/SERIES7_BSCAN.bscan_inst/INTERNAL_TCK rise edge)
                                                      0.000     0.000 r  
    CONFIG_SITE_X0Y0     BSCANE2                      0.000     0.000 r  dbg_hub/inst/BSCANID.u_xsdbm_id/SWITCH_N_EXT_BSCAN.bscan_inst/SERIES7_BSCAN.bscan_inst/INTERNAL_TCK
    CONFIG_SITE_X0Y0     BSCANE2 (Prop_BSCAN1_CONFIG_SITE_INTERNAL_TCK_TCK)
                                                      4.300     4.300 r  dbg_hub/inst/BSCANID.u_xsdbm_id/SWITCH_N_EXT_BSCAN.bscan_inst/SERIES7_BSCAN.bscan_inst/TCK
                         net (fo=1, routed)           1.140     5.440    dbg_hub/inst/BSCANID.u_xsdbm_id/tck_bs
    BUFGCE_X0Y50         BUFGCE (Prop_BUFCE_BUFGCE_I_O)
                                                      0.028     5.468 r  dbg_hub/inst/BSCANID.u_xsdbm_id/SWITCH_N_EXT_BSCAN.u_bufg_icon_tck/O
    X1Y2 (CLOCK_ROOT)    net (fo=494, routed)         1.208     6.676    dbg_hub/inst/BSCANID.u_xsdbm_id/SWITCH_N_EXT_BSCAN.bscan_switch/s_bscan_tck
    SLICE_X50Y139        FDRE                                         r  dbg_hub/inst/BSCANID.u_xsdbm_id/SWITCH_N_EXT_BSCAN.bscan_switch/portno_reg[1]/C
  -------------------------------------------------------------------    -------------------
    SLICE_X50Y139        FDRE (Prop_EFF2_SLICEL_C_Q)
                                                      0.081     6.757 f  dbg_hub/inst/BSCANID.u_xsdbm_id/SWITCH_N_EXT_BSCAN.bscan_switch/portno_reg[1]/Q
                         net (fo=1, routed)           0.200     6.957    dbg_hub/inst/BSCANID.u_xsdbm_id/SWITCH_N_EXT_BSCAN.bscan_switch/portno[1]
    SLICE_X50Y139        LUT6 (Prop_H6LUT_SLICEL_I3_O)
                                                      0.150     7.107 f  dbg_hub/inst/BSCANID.u_xsdbm_id/SWITCH_N_EXT_BSCAN.bscan_switch/m_bscan_drck[0]_INST_0_i_1/O
                         net (fo=5, routed)           0.212     7.319    dbg_hub/inst/BSCANID.u_xsdbm_id/SWITCH_N_EXT_BSCAN.bscan_switch/m_bscan_drck[0]_INST_0_i_1_n_0
    SLICE_X50Y145        LUT4 (Prop_D5LUT_SLICEL_I3_O)
                                                      0.066     7.385 r  dbg_hub/inst/BSCANID.u_xsdbm_id/SWITCH_N_EXT_BSCAN.bscan_switch/m_bscan_sel[0]_INST_0/O
                         net (fo=11, routed)          1.038     8.423    dbg_hub/inst/BSCANID.u_xsdbm_id/CORE_XSDB.U_ICON/U_CMD/iTARGET_reg[6]_0
    SLICE_X49Y224        FDCE                                         f  dbg_hub/inst/BSCANID.u_xsdbm_id/CORE_XSDB.U_ICON/U_CMD/iTARGET_reg[15]/CLR  (IS_INVERTED)
  -------------------------------------------------------------------    -------------------

                         (clock dbg_hub/inst/BSCANID.u_xsdbm_id/SWITCH_N_EXT_BSCAN.bscan_inst/SERIES7_BSCAN.bscan_inst/INTERNAL_TCK rise edge)
                                                     50.000    50.000 r  
    CONFIG_SITE_X0Y0     BSCANE2                      0.000    50.000 r  dbg_hub/inst/BSCANID.u_xsdbm_id/SWITCH_N_EXT_BSCAN.bscan_inst/SERIES7_BSCAN.bscan_inst/INTERNAL_TCK
    CONFIG_SITE_X0Y0     BSCANE2 (Prop_BSCAN1_CONFIG_SITE_INTERNAL_TCK_TCK)
                                                      0.465    50.465 r  dbg_hub/inst/BSCANID.u_xsdbm_id/SWITCH_N_EXT_BSCAN.bscan_inst/SERIES7_BSCAN.bscan_inst/TCK
                         net (fo=1, routed)           0.808    51.273    dbg_hub/inst/BSCANID.u_xsdbm_id/tck_bs
    BUFGCE_X0Y50         BUFGCE (Prop_BUFCE_BUFGCE_I_O)
                                                      0.024    51.297 r  dbg_hub/inst/BSCANID.u_xsdbm_id/SWITCH_N_EXT_BSCAN.u_bufg_icon_tck/O
    X1Y2 (CLOCK_ROOT)    net (fo=494, routed)         1.061    52.358    dbg_hub/inst/BSCANID.u_xsdbm_id/CORE_XSDB.U_ICON/U_CMD/m_bscan_tck[0]
    SLICE_X49Y224        FDCE                                         r  dbg_hub/inst/BSCANID.u_xsdbm_id/CORE_XSDB.U_ICON/U_CMD/iTARGET_reg[15]/C
                         clock pessimism              4.187    56.545    
                         clock uncertainty           -0.035    56.510    
    SLICE_X49Y224        FDCE (Recov_GFF2_SLICEL_C_CLR)
                                                     -0.066    56.444    dbg_hub/inst/BSCANID.u_xsdbm_id/CORE_XSDB.U_ICON/U_CMD/iTARGET_reg[15]
  -------------------------------------------------------------------
                         required time                         56.444    
                         arrival time                          -8.423    
  -------------------------------------------------------------------
                         slack                                 48.021    





Min Delay Paths
--------------------------------------------------------------------------------------
Slack (MET) :             0.117ns  (arrival time - required time)
  Source:                 dbg_hub/inst/BSCANID.u_xsdbm_id/CORE_XSDB.UUT_MASTER/U_ICON_INTERFACE/U_CMD6_RD/U_RD_FIFO/SUBCORE_FIFO.xsdbm_v3_0_0_rdfifo_inst/inst_fifo_gen/gconvfifo.rf/grf.rf/rstblk/ngwrdrst.grst.g7serrst.rd_rst_reg_reg[2]/C
                            (rising edge-triggered cell FDPE clocked by dbg_hub/inst/BSCANID.u_xsdbm_id/SWITCH_N_EXT_BSCAN.bscan_inst/SERIES7_BSCAN.bscan_inst/INTERNAL_TCK  {rise@0.000ns fall@25.000ns period=50.000ns})
  Destination:            dbg_hub/inst/BSCANID.u_xsdbm_id/CORE_XSDB.UUT_MASTER/U_ICON_INTERFACE/U_CMD6_RD/U_RD_FIFO/SUBCORE_FIFO.xsdbm_v3_0_0_rdfifo_inst/inst_fifo_gen/gconvfifo.rf/grf.rf/gntv_or_sync_fifo.gl0.rd/gr1.gr1_int.rfwft/empty_fwft_fb_o_i_reg/PRE
                            (removal check against rising-edge clock dbg_hub/inst/BSCANID.u_xsdbm_id/SWITCH_N_EXT_BSCAN.bscan_inst/SERIES7_BSCAN.bscan_inst/INTERNAL_TCK  {rise@0.000ns fall@25.000ns period=50.000ns})
  Path Group:             **async_default**
  Path Type:              Removal (Min at Fast Process Corner)
  Requirement:            0.000ns  (dbg_hub/inst/BSCANID.u_xsdbm_id/SWITCH_N_EXT_BSCAN.bscan_inst/SERIES7_BSCAN.bscan_inst/INTERNAL_TCK rise@0.000ns - dbg_hub/inst/BSCANID.u_xsdbm_id/SWITCH_N_EXT_BSCAN.bscan_inst/SERIES7_BSCAN.bscan_inst/INTERNAL_TCK rise@0.000ns)
  Data Path Delay:        0.141ns  (logic 0.039ns (27.660%)  route 0.102ns (72.340%))
  Logic Levels:           0  
  Clock Path Skew:        0.044ns (DCD - SCD - CPR)
    Destination Clock Delay (DCD):    5.876ns
    Source Clock Delay      (SCD):    1.753ns
    Clock Pessimism Removal (CPR):    4.079ns
  Clock Net Delay (Source):      0.668ns (routing 0.096ns, distribution 0.572ns)
  Clock Net Delay (Destination): 0.757ns (routing 0.108ns, distribution 0.649ns)

    Location             Delay type                Incr(ns)  Path(ns)    Netlist Resource(s)
  -------------------------------------------------------------------    -------------------
                         (clock dbg_hub/inst/BSCANID.u_xsdbm_id/SWITCH_N_EXT_BSCAN.bscan_inst/SERIES7_BSCAN.bscan_inst/INTERNAL_TCK rise edge)
                                                      0.000     0.000 r  
    CONFIG_SITE_X0Y0     BSCANE2                      0.000     0.000 r  dbg_hub/inst/BSCANID.u_xsdbm_id/SWITCH_N_EXT_BSCAN.bscan_inst/SERIES7_BSCAN.bscan_inst/INTERNAL_TCK
    CONFIG_SITE_X0Y0     BSCANE2 (Prop_BSCAN1_CONFIG_SITE_INTERNAL_TCK_TCK)
                                                      0.465     0.465 r  dbg_hub/inst/BSCANID.u_xsdbm_id/SWITCH_N_EXT_BSCAN.bscan_inst/SERIES7_BSCAN.bscan_inst/TCK
                         net (fo=1, routed)           0.603     1.068    dbg_hub/inst/BSCANID.u_xsdbm_id/tck_bs
    BUFGCE_X0Y50         BUFGCE (Prop_BUFCE_BUFGCE_I_O)
                                                      0.017     1.085 r  dbg_hub/inst/BSCANID.u_xsdbm_id/SWITCH_N_EXT_BSCAN.u_bufg_icon_tck/O
    X1Y2 (CLOCK_ROOT)    net (fo=494, routed)         0.668     1.753    dbg_hub/inst/BSCANID.u_xsdbm_id/CORE_XSDB.UUT_MASTER/U_ICON_INTERFACE/U_CMD6_RD/U_RD_FIFO/SUBCORE_FIFO.xsdbm_v3_0_0_rdfifo_inst/inst_fifo_gen/gconvfifo.rf/grf.rf/rstblk/rd_clk
    SLICE_X46Y235        FDPE                                         r  dbg_hub/inst/BSCANID.u_xsdbm_id/CORE_XSDB.UUT_MASTER/U_ICON_INTERFACE/U_CMD6_RD/U_RD_FIFO/SUBCORE_FIFO.xsdbm_v3_0_0_rdfifo_inst/inst_fifo_gen/gconvfifo.rf/grf.rf/rstblk/ngwrdrst.grst.g7serrst.rd_rst_reg_reg[2]/C
  -------------------------------------------------------------------    -------------------
    SLICE_X46Y235        FDPE (Prop_FFF_SLICEL_C_Q)
                                                      0.039     1.792 f  dbg_hub/inst/BSCANID.u_xsdbm_id/CORE_XSDB.UUT_MASTER/U_ICON_INTERFACE/U_CMD6_RD/U_RD_FIFO/SUBCORE_FIFO.xsdbm_v3_0_0_rdfifo_inst/inst_fifo_gen/gconvfifo.rf/grf.rf/rstblk/ngwrdrst.grst.g7serrst.rd_rst_reg_reg[2]/Q
                         net (fo=18, routed)          0.102     1.894    dbg_hub/inst/BSCANID.u_xsdbm_id/CORE_XSDB.UUT_MASTER/U_ICON_INTERFACE/U_CMD6_RD/U_RD_FIFO/SUBCORE_FIFO.xsdbm_v3_0_0_rdfifo_inst/inst_fifo_gen/gconvfifo.rf/grf.rf/gntv_or_sync_fifo.gl0.rd/gr1.gr1_int.rfwft/out[1]
    SLICE_X44Y235        FDPE                                         f  dbg_hub/inst/BSCANID.u_xsdbm_id/CORE_XSDB.UUT_MASTER/U_ICON_INTERFACE/U_CMD6_RD/U_RD_FIFO/SUBCORE_FIFO.xsdbm_v3_0_0_rdfifo_inst/inst_fifo_gen/gconvfifo.rf/grf.rf/gntv_or_sync_fifo.gl0.rd/gr1.gr1_int.rfwft/empty_fwft_fb_o_i_reg/PRE
  -------------------------------------------------------------------    -------------------

                         (clock dbg_hub/inst/BSCANID.u_xsdbm_id/SWITCH_N_EXT_BSCAN.bscan_inst/SERIES7_BSCAN.bscan_inst/INTERNAL_TCK rise edge)
                                                      0.000     0.000 r  
    CONFIG_SITE_X0Y0     BSCANE2                      0.000     0.000 r  dbg_hub/inst/BSCANID.u_xsdbm_id/SWITCH_N_EXT_BSCAN.bscan_inst/SERIES7_BSCAN.bscan_inst/INTERNAL_TCK
    CONFIG_SITE_X0Y0     BSCANE2 (Prop_BSCAN1_CONFIG_SITE_INTERNAL_TCK_TCK)
                                                      4.300     4.300 r  dbg_hub/inst/BSCANID.u_xsdbm_id/SWITCH_N_EXT_BSCAN.bscan_inst/SERIES7_BSCAN.bscan_inst/TCK
                         net (fo=1, routed)           0.800     5.100    dbg_hub/inst/BSCANID.u_xsdbm_id/tck_bs
    BUFGCE_X0Y50         BUFGCE (Prop_BUFCE_BUFGCE_I_O)
                                                      0.019     5.119 r  dbg_hub/inst/BSCANID.u_xsdbm_id/SWITCH_N_EXT_BSCAN.u_bufg_icon_tck/O
    X1Y2 (CLOCK_ROOT)    net (fo=494, routed)         0.757     5.876    dbg_hub/inst/BSCANID.u_xsdbm_id/CORE_XSDB.UUT_MASTER/U_ICON_INTERFACE/U_CMD6_RD/U_RD_FIFO/SUBCORE_FIFO.xsdbm_v3_0_0_rdfifo_inst/inst_fifo_gen/gconvfifo.rf/grf.rf/gntv_or_sync_fifo.gl0.rd/gr1.gr1_int.rfwft/rd_clk
    SLICE_X44Y235        FDPE                                         r  dbg_hub/inst/BSCANID.u_xsdbm_id/CORE_XSDB.UUT_MASTER/U_ICON_INTERFACE/U_CMD6_RD/U_RD_FIFO/SUBCORE_FIFO.xsdbm_v3_0_0_rdfifo_inst/inst_fifo_gen/gconvfifo.rf/grf.rf/gntv_or_sync_fifo.gl0.rd/gr1.gr1_int.rfwft/empty_fwft_fb_o_i_reg/C
                         clock pessimism             -4.079     1.797    
    SLICE_X44Y235        FDPE (Remov_HFF_SLICEL_C_PRE)
                                                     -0.020     1.777    dbg_hub/inst/BSCANID.u_xsdbm_id/CORE_XSDB.UUT_MASTER/U_ICON_INTERFACE/U_CMD6_RD/U_RD_FIFO/SUBCORE_FIFO.xsdbm_v3_0_0_rdfifo_inst/inst_fifo_gen/gconvfifo.rf/grf.rf/gntv_or_sync_fifo.gl0.rd/gr1.gr1_int.rfwft/empty_fwft_fb_o_i_reg
  -------------------------------------------------------------------
                         required time                         -1.777    
                         arrival time                           1.894    
  -------------------------------------------------------------------
                         slack                                  0.117    

Slack (MET) :             0.117ns  (arrival time - required time)
  Source:                 dbg_hub/inst/BSCANID.u_xsdbm_id/CORE_XSDB.UUT_MASTER/U_ICON_INTERFACE/U_CMD6_RD/U_RD_FIFO/SUBCORE_FIFO.xsdbm_v3_0_0_rdfifo_inst/inst_fifo_gen/gconvfifo.rf/grf.rf/rstblk/ngwrdrst.grst.g7serrst.rd_rst_reg_reg[2]/C
                            (rising edge-triggered cell FDPE clocked by dbg_hub/inst/BSCANID.u_xsdbm_id/SWITCH_N_EXT_BSCAN.bscan_inst/SERIES7_BSCAN.bscan_inst/INTERNAL_TCK  {rise@0.000ns fall@25.000ns period=50.000ns})
  Destination:            dbg_hub/inst/BSCANID.u_xsdbm_id/CORE_XSDB.UUT_MASTER/U_ICON_INTERFACE/U_CMD6_RD/U_RD_FIFO/SUBCORE_FIFO.xsdbm_v3_0_0_rdfifo_inst/inst_fifo_gen/gconvfifo.rf/grf.rf/gntv_or_sync_fifo.gl0.rd/gras.rsts/ram_empty_fb_i_reg/PRE
                            (removal check against rising-edge clock dbg_hub/inst/BSCANID.u_xsdbm_id/SWITCH_N_EXT_BSCAN.bscan_inst/SERIES7_BSCAN.bscan_inst/INTERNAL_TCK  {rise@0.000ns fall@25.000ns period=50.000ns})
  Path Group:             **async_default**
  Path Type:              Removal (Min at Fast Process Corner)
  Requirement:            0.000ns  (dbg_hub/inst/BSCANID.u_xsdbm_id/SWITCH_N_EXT_BSCAN.bscan_inst/SERIES7_BSCAN.bscan_inst/INTERNAL_TCK rise@0.000ns - dbg_hub/inst/BSCANID.u_xsdbm_id/SWITCH_N_EXT_BSCAN.bscan_inst/SERIES7_BSCAN.bscan_inst/INTERNAL_TCK rise@0.000ns)
  Data Path Delay:        0.141ns  (logic 0.039ns (27.660%)  route 0.102ns (72.340%))
  Logic Levels:           0  
  Clock Path Skew:        0.044ns (DCD - SCD - CPR)
    Destination Clock Delay (DCD):    5.876ns
    Source Clock Delay      (SCD):    1.753ns
    Clock Pessimism Removal (CPR):    4.079ns
  Clock Net Delay (Source):      0.668ns (routing 0.096ns, distribution 0.572ns)
  Clock Net Delay (Destination): 0.757ns (routing 0.108ns, distribution 0.649ns)

    Location             Delay type                Incr(ns)  Path(ns)    Netlist Resource(s)
  -------------------------------------------------------------------    -------------------
                         (clock dbg_hub/inst/BSCANID.u_xsdbm_id/SWITCH_N_EXT_BSCAN.bscan_inst/SERIES7_BSCAN.bscan_inst/INTERNAL_TCK rise edge)
                                                      0.000     0.000 r  
    CONFIG_SITE_X0Y0     BSCANE2                      0.000     0.000 r  dbg_hub/inst/BSCANID.u_xsdbm_id/SWITCH_N_EXT_BSCAN.bscan_inst/SERIES7_BSCAN.bscan_inst/INTERNAL_TCK
    CONFIG_SITE_X0Y0     BSCANE2 (Prop_BSCAN1_CONFIG_SITE_INTERNAL_TCK_TCK)
                                                      0.465     0.465 r  dbg_hub/inst/BSCANID.u_xsdbm_id/SWITCH_N_EXT_BSCAN.bscan_inst/SERIES7_BSCAN.bscan_inst/TCK
                         net (fo=1, routed)           0.603     1.068    dbg_hub/inst/BSCANID.u_xsdbm_id/tck_bs
    BUFGCE_X0Y50         BUFGCE (Prop_BUFCE_BUFGCE_I_O)
                                                      0.017     1.085 r  dbg_hub/inst/BSCANID.u_xsdbm_id/SWITCH_N_EXT_BSCAN.u_bufg_icon_tck/O
    X1Y2 (CLOCK_ROOT)    net (fo=494, routed)         0.668     1.753    dbg_hub/inst/BSCANID.u_xsdbm_id/CORE_XSDB.UUT_MASTER/U_ICON_INTERFACE/U_CMD6_RD/U_RD_FIFO/SUBCORE_FIFO.xsdbm_v3_0_0_rdfifo_inst/inst_fifo_gen/gconvfifo.rf/grf.rf/rstblk/rd_clk
    SLICE_X46Y235        FDPE                                         r  dbg_hub/inst/BSCANID.u_xsdbm_id/CORE_XSDB.UUT_MASTER/U_ICON_INTERFACE/U_CMD6_RD/U_RD_FIFO/SUBCORE_FIFO.xsdbm_v3_0_0_rdfifo_inst/inst_fifo_gen/gconvfifo.rf/grf.rf/rstblk/ngwrdrst.grst.g7serrst.rd_rst_reg_reg[2]/C
  -------------------------------------------------------------------    -------------------
    SLICE_X46Y235        FDPE (Prop_FFF_SLICEL_C_Q)
                                                      0.039     1.792 f  dbg_hub/inst/BSCANID.u_xsdbm_id/CORE_XSDB.UUT_MASTER/U_ICON_INTERFACE/U_CMD6_RD/U_RD_FIFO/SUBCORE_FIFO.xsdbm_v3_0_0_rdfifo_inst/inst_fifo_gen/gconvfifo.rf/grf.rf/rstblk/ngwrdrst.grst.g7serrst.rd_rst_reg_reg[2]/Q
                         net (fo=18, routed)          0.102     1.894    dbg_hub/inst/BSCANID.u_xsdbm_id/CORE_XSDB.UUT_MASTER/U_ICON_INTERFACE/U_CMD6_RD/U_RD_FIFO/SUBCORE_FIFO.xsdbm_v3_0_0_rdfifo_inst/inst_fifo_gen/gconvfifo.rf/grf.rf/gntv_or_sync_fifo.gl0.rd/gras.rsts/ram_empty_fb_i_reg_0[0]
    SLICE_X44Y235        FDPE                                         f  dbg_hub/inst/BSCANID.u_xsdbm_id/CORE_XSDB.UUT_MASTER/U_ICON_INTERFACE/U_CMD6_RD/U_RD_FIFO/SUBCORE_FIFO.xsdbm_v3_0_0_rdfifo_inst/inst_fifo_gen/gconvfifo.rf/grf.rf/gntv_or_sync_fifo.gl0.rd/gras.rsts/ram_empty_fb_i_reg/PRE
  -------------------------------------------------------------------    -------------------

                         (clock dbg_hub/inst/BSCANID.u_xsdbm_id/SWITCH_N_EXT_BSCAN.bscan_inst/SERIES7_BSCAN.bscan_inst/INTERNAL_TCK rise edge)
                                                      0.000     0.000 r  
    CONFIG_SITE_X0Y0     BSCANE2                      0.000     0.000 r  dbg_hub/inst/BSCANID.u_xsdbm_id/SWITCH_N_EXT_BSCAN.bscan_inst/SERIES7_BSCAN.bscan_inst/INTERNAL_TCK
    CONFIG_SITE_X0Y0     BSCANE2 (Prop_BSCAN1_CONFIG_SITE_INTERNAL_TCK_TCK)
                                                      4.300     4.300 r  dbg_hub/inst/BSCANID.u_xsdbm_id/SWITCH_N_EXT_BSCAN.bscan_inst/SERIES7_BSCAN.bscan_inst/TCK
                         net (fo=1, routed)           0.800     5.100    dbg_hub/inst/BSCANID.u_xsdbm_id/tck_bs
    BUFGCE_X0Y50         BUFGCE (Prop_BUFCE_BUFGCE_I_O)
                                                      0.019     5.119 r  dbg_hub/inst/BSCANID.u_xsdbm_id/SWITCH_N_EXT_BSCAN.u_bufg_icon_tck/O
    X1Y2 (CLOCK_ROOT)    net (fo=494, routed)         0.757     5.876    dbg_hub/inst/BSCANID.u_xsdbm_id/CORE_XSDB.UUT_MASTER/U_ICON_INTERFACE/U_CMD6_RD/U_RD_FIFO/SUBCORE_FIFO.xsdbm_v3_0_0_rdfifo_inst/inst_fifo_gen/gconvfifo.rf/grf.rf/gntv_or_sync_fifo.gl0.rd/gras.rsts/rd_clk
    SLICE_X44Y235        FDPE                                         r  dbg_hub/inst/BSCANID.u_xsdbm_id/CORE_XSDB.UUT_MASTER/U_ICON_INTERFACE/U_CMD6_RD/U_RD_FIFO/SUBCORE_FIFO.xsdbm_v3_0_0_rdfifo_inst/inst_fifo_gen/gconvfifo.rf/grf.rf/gntv_or_sync_fifo.gl0.rd/gras.rsts/ram_empty_fb_i_reg/C
                         clock pessimism             -4.079     1.797    
    SLICE_X44Y235        FDPE (Remov_GFF_SLICEL_C_PRE)
                                                     -0.020     1.777    dbg_hub/inst/BSCANID.u_xsdbm_id/CORE_XSDB.UUT_MASTER/U_ICON_INTERFACE/U_CMD6_RD/U_RD_FIFO/SUBCORE_FIFO.xsdbm_v3_0_0_rdfifo_inst/inst_fifo_gen/gconvfifo.rf/grf.rf/gntv_or_sync_fifo.gl0.rd/gras.rsts/ram_empty_fb_i_reg
  -------------------------------------------------------------------
                         required time                         -1.777    
                         arrival time                           1.894    
  -------------------------------------------------------------------
                         slack                                  0.117    

Slack (MET) :             0.117ns  (arrival time - required time)
  Source:                 dbg_hub/inst/BSCANID.u_xsdbm_id/CORE_XSDB.UUT_MASTER/U_ICON_INTERFACE/U_CMD6_RD/U_RD_FIFO/SUBCORE_FIFO.xsdbm_v3_0_0_rdfifo_inst/inst_fifo_gen/gconvfifo.rf/grf.rf/rstblk/ngwrdrst.grst.g7serrst.rd_rst_reg_reg[2]/C
                            (rising edge-triggered cell FDPE clocked by dbg_hub/inst/BSCANID.u_xsdbm_id/SWITCH_N_EXT_BSCAN.bscan_inst/SERIES7_BSCAN.bscan_inst/INTERNAL_TCK  {rise@0.000ns fall@25.000ns period=50.000ns})
  Destination:            dbg_hub/inst/BSCANID.u_xsdbm_id/CORE_XSDB.UUT_MASTER/U_ICON_INTERFACE/U_CMD6_RD/U_RD_FIFO/SUBCORE_FIFO.xsdbm_v3_0_0_rdfifo_inst/inst_fifo_gen/gconvfifo.rf/grf.rf/gntv_or_sync_fifo.gl0.rd/gras.rsts/ram_empty_i_reg/PRE
                            (removal check against rising-edge clock dbg_hub/inst/BSCANID.u_xsdbm_id/SWITCH_N_EXT_BSCAN.bscan_inst/SERIES7_BSCAN.bscan_inst/INTERNAL_TCK  {rise@0.000ns fall@25.000ns period=50.000ns})
  Path Group:             **async_default**
  Path Type:              Removal (Min at Fast Process Corner)
  Requirement:            0.000ns  (dbg_hub/inst/BSCANID.u_xsdbm_id/SWITCH_N_EXT_BSCAN.bscan_inst/SERIES7_BSCAN.bscan_inst/INTERNAL_TCK rise@0.000ns - dbg_hub/inst/BSCANID.u_xsdbm_id/SWITCH_N_EXT_BSCAN.bscan_inst/SERIES7_BSCAN.bscan_inst/INTERNAL_TCK rise@0.000ns)
  Data Path Delay:        0.141ns  (logic 0.039ns (27.660%)  route 0.102ns (72.340%))
  Logic Levels:           0  
  Clock Path Skew:        0.044ns (DCD - SCD - CPR)
    Destination Clock Delay (DCD):    5.876ns
    Source Clock Delay      (SCD):    1.753ns
    Clock Pessimism Removal (CPR):    4.079ns
  Clock Net Delay (Source):      0.668ns (routing 0.096ns, distribution 0.572ns)
  Clock Net Delay (Destination): 0.757ns (routing 0.108ns, distribution 0.649ns)

    Location             Delay type                Incr(ns)  Path(ns)    Netlist Resource(s)
  -------------------------------------------------------------------    -------------------
                         (clock dbg_hub/inst/BSCANID.u_xsdbm_id/SWITCH_N_EXT_BSCAN.bscan_inst/SERIES7_BSCAN.bscan_inst/INTERNAL_TCK rise edge)
                                                      0.000     0.000 r  
    CONFIG_SITE_X0Y0     BSCANE2                      0.000     0.000 r  dbg_hub/inst/BSCANID.u_xsdbm_id/SWITCH_N_EXT_BSCAN.bscan_inst/SERIES7_BSCAN.bscan_inst/INTERNAL_TCK
    CONFIG_SITE_X0Y0     BSCANE2 (Prop_BSCAN1_CONFIG_SITE_INTERNAL_TCK_TCK)
                                                      0.465     0.465 r  dbg_hub/inst/BSCANID.u_xsdbm_id/SWITCH_N_EXT_BSCAN.bscan_inst/SERIES7_BSCAN.bscan_inst/TCK
                         net (fo=1, routed)           0.603     1.068    dbg_hub/inst/BSCANID.u_xsdbm_id/tck_bs
    BUFGCE_X0Y50         BUFGCE (Prop_BUFCE_BUFGCE_I_O)
                                                      0.017     1.085 r  dbg_hub/inst/BSCANID.u_xsdbm_id/SWITCH_N_EXT_BSCAN.u_bufg_icon_tck/O
    X1Y2 (CLOCK_ROOT)    net (fo=494, routed)         0.668     1.753    dbg_hub/inst/BSCANID.u_xsdbm_id/CORE_XSDB.UUT_MASTER/U_ICON_INTERFACE/U_CMD6_RD/U_RD_FIFO/SUBCORE_FIFO.xsdbm_v3_0_0_rdfifo_inst/inst_fifo_gen/gconvfifo.rf/grf.rf/rstblk/rd_clk
    SLICE_X46Y235        FDPE                                         r  dbg_hub/inst/BSCANID.u_xsdbm_id/CORE_XSDB.UUT_MASTER/U_ICON_INTERFACE/U_CMD6_RD/U_RD_FIFO/SUBCORE_FIFO.xsdbm_v3_0_0_rdfifo_inst/inst_fifo_gen/gconvfifo.rf/grf.rf/rstblk/ngwrdrst.grst.g7serrst.rd_rst_reg_reg[2]/C
  -------------------------------------------------------------------    -------------------
    SLICE_X46Y235        FDPE (Prop_FFF_SLICEL_C_Q)
                                                      0.039     1.792 f  dbg_hub/inst/BSCANID.u_xsdbm_id/CORE_XSDB.UUT_MASTER/U_ICON_INTERFACE/U_CMD6_RD/U_RD_FIFO/SUBCORE_FIFO.xsdbm_v3_0_0_rdfifo_inst/inst_fifo_gen/gconvfifo.rf/grf.rf/rstblk/ngwrdrst.grst.g7serrst.rd_rst_reg_reg[2]/Q
                         net (fo=18, routed)          0.102     1.894    dbg_hub/inst/BSCANID.u_xsdbm_id/CORE_XSDB.UUT_MASTER/U_ICON_INTERFACE/U_CMD6_RD/U_RD_FIFO/SUBCORE_FIFO.xsdbm_v3_0_0_rdfifo_inst/inst_fifo_gen/gconvfifo.rf/grf.rf/gntv_or_sync_fifo.gl0.rd/gras.rsts/ram_empty_fb_i_reg_0[0]
    SLICE_X44Y235        FDPE                                         f  dbg_hub/inst/BSCANID.u_xsdbm_id/CORE_XSDB.UUT_MASTER/U_ICON_INTERFACE/U_CMD6_RD/U_RD_FIFO/SUBCORE_FIFO.xsdbm_v3_0_0_rdfifo_inst/inst_fifo_gen/gconvfifo.rf/grf.rf/gntv_or_sync_fifo.gl0.rd/gras.rsts/ram_empty_i_reg/PRE
  -------------------------------------------------------------------    -------------------

                         (clock dbg_hub/inst/BSCANID.u_xsdbm_id/SWITCH_N_EXT_BSCAN.bscan_inst/SERIES7_BSCAN.bscan_inst/INTERNAL_TCK rise edge)
                                                      0.000     0.000 r  
    CONFIG_SITE_X0Y0     BSCANE2                      0.000     0.000 r  dbg_hub/inst/BSCANID.u_xsdbm_id/SWITCH_N_EXT_BSCAN.bscan_inst/SERIES7_BSCAN.bscan_inst/INTERNAL_TCK
    CONFIG_SITE_X0Y0     BSCANE2 (Prop_BSCAN1_CONFIG_SITE_INTERNAL_TCK_TCK)
                                                      4.300     4.300 r  dbg_hub/inst/BSCANID.u_xsdbm_id/SWITCH_N_EXT_BSCAN.bscan_inst/SERIES7_BSCAN.bscan_inst/TCK
                         net (fo=1, routed)           0.800     5.100    dbg_hub/inst/BSCANID.u_xsdbm_id/tck_bs
    BUFGCE_X0Y50         BUFGCE (Prop_BUFCE_BUFGCE_I_O)
                                                      0.019     5.119 r  dbg_hub/inst/BSCANID.u_xsdbm_id/SWITCH_N_EXT_BSCAN.u_bufg_icon_tck/O
    X1Y2 (CLOCK_ROOT)    net (fo=494, routed)         0.757     5.876    dbg_hub/inst/BSCANID.u_xsdbm_id/CORE_XSDB.UUT_MASTER/U_ICON_INTERFACE/U_CMD6_RD/U_RD_FIFO/SUBCORE_FIFO.xsdbm_v3_0_0_rdfifo_inst/inst_fifo_gen/gconvfifo.rf/grf.rf/gntv_or_sync_fifo.gl0.rd/gras.rsts/rd_clk
    SLICE_X44Y235        FDPE                                         r  dbg_hub/inst/BSCANID.u_xsdbm_id/CORE_XSDB.UUT_MASTER/U_ICON_INTERFACE/U_CMD6_RD/U_RD_FIFO/SUBCORE_FIFO.xsdbm_v3_0_0_rdfifo_inst/inst_fifo_gen/gconvfifo.rf/grf.rf/gntv_or_sync_fifo.gl0.rd/gras.rsts/ram_empty_i_reg/C
                         clock pessimism             -4.079     1.797    
    SLICE_X44Y235        FDPE (Remov_FFF_SLICEL_C_PRE)
                                                     -0.020     1.777    dbg_hub/inst/BSCANID.u_xsdbm_id/CORE_XSDB.UUT_MASTER/U_ICON_INTERFACE/U_CMD6_RD/U_RD_FIFO/SUBCORE_FIFO.xsdbm_v3_0_0_rdfifo_inst/inst_fifo_gen/gconvfifo.rf/grf.rf/gntv_or_sync_fifo.gl0.rd/gras.rsts/ram_empty_i_reg
  -------------------------------------------------------------------
                         required time                         -1.777    
                         arrival time                           1.894    
  -------------------------------------------------------------------
                         slack                                  0.117    

Slack (MET) :             0.117ns  (arrival time - required time)
  Source:                 dbg_hub/inst/BSCANID.u_xsdbm_id/CORE_XSDB.UUT_MASTER/U_ICON_INTERFACE/U_CMD6_RD/U_RD_FIFO/SUBCORE_FIFO.xsdbm_v3_0_0_rdfifo_inst/inst_fifo_gen/gconvfifo.rf/grf.rf/rstblk/ngwrdrst.grst.g7serrst.rd_rst_reg_reg[2]/C
                            (rising edge-triggered cell FDPE clocked by dbg_hub/inst/BSCANID.u_xsdbm_id/SWITCH_N_EXT_BSCAN.bscan_inst/SERIES7_BSCAN.bscan_inst/INTERNAL_TCK  {rise@0.000ns fall@25.000ns period=50.000ns})
  Destination:            dbg_hub/inst/BSCANID.u_xsdbm_id/CORE_XSDB.UUT_MASTER/U_ICON_INTERFACE/U_CMD6_RD/U_RD_FIFO/SUBCORE_FIFO.xsdbm_v3_0_0_rdfifo_inst/inst_fifo_gen/gconvfifo.rf/grf.rf/gntv_or_sync_fifo.gl0.rd/rpntr/gc0.count_d1_reg[0]/CLR
                            (removal check against rising-edge clock dbg_hub/inst/BSCANID.u_xsdbm_id/SWITCH_N_EXT_BSCAN.bscan_inst/SERIES7_BSCAN.bscan_inst/INTERNAL_TCK  {rise@0.000ns fall@25.000ns period=50.000ns})
  Path Group:             **async_default**
  Path Type:              Removal (Min at Fast Process Corner)
  Requirement:            0.000ns  (dbg_hub/inst/BSCANID.u_xsdbm_id/SWITCH_N_EXT_BSCAN.bscan_inst/SERIES7_BSCAN.bscan_inst/INTERNAL_TCK rise@0.000ns - dbg_hub/inst/BSCANID.u_xsdbm_id/SWITCH_N_EXT_BSCAN.bscan_inst/SERIES7_BSCAN.bscan_inst/INTERNAL_TCK rise@0.000ns)
  Data Path Delay:        0.141ns  (logic 0.039ns (27.660%)  route 0.102ns (72.340%))
  Logic Levels:           0  
  Clock Path Skew:        0.044ns (DCD - SCD - CPR)
    Destination Clock Delay (DCD):    5.876ns
    Source Clock Delay      (SCD):    1.753ns
    Clock Pessimism Removal (CPR):    4.079ns
  Clock Net Delay (Source):      0.668ns (routing 0.096ns, distribution 0.572ns)
  Clock Net Delay (Destination): 0.757ns (routing 0.108ns, distribution 0.649ns)

    Location             Delay type                Incr(ns)  Path(ns)    Netlist Resource(s)
  -------------------------------------------------------------------    -------------------
                         (clock dbg_hub/inst/BSCANID.u_xsdbm_id/SWITCH_N_EXT_BSCAN.bscan_inst/SERIES7_BSCAN.bscan_inst/INTERNAL_TCK rise edge)
                                                      0.000     0.000 r  
    CONFIG_SITE_X0Y0     BSCANE2                      0.000     0.000 r  dbg_hub/inst/BSCANID.u_xsdbm_id/SWITCH_N_EXT_BSCAN.bscan_inst/SERIES7_BSCAN.bscan_inst/INTERNAL_TCK
    CONFIG_SITE_X0Y0     BSCANE2 (Prop_BSCAN1_CONFIG_SITE_INTERNAL_TCK_TCK)
                                                      0.465     0.465 r  dbg_hub/inst/BSCANID.u_xsdbm_id/SWITCH_N_EXT_BSCAN.bscan_inst/SERIES7_BSCAN.bscan_inst/TCK
                         net (fo=1, routed)           0.603     1.068    dbg_hub/inst/BSCANID.u_xsdbm_id/tck_bs
    BUFGCE_X0Y50         BUFGCE (Prop_BUFCE_BUFGCE_I_O)
                                                      0.017     1.085 r  dbg_hub/inst/BSCANID.u_xsdbm_id/SWITCH_N_EXT_BSCAN.u_bufg_icon_tck/O
    X1Y2 (CLOCK_ROOT)    net (fo=494, routed)         0.668     1.753    dbg_hub/inst/BSCANID.u_xsdbm_id/CORE_XSDB.UUT_MASTER/U_ICON_INTERFACE/U_CMD6_RD/U_RD_FIFO/SUBCORE_FIFO.xsdbm_v3_0_0_rdfifo_inst/inst_fifo_gen/gconvfifo.rf/grf.rf/rstblk/rd_clk
    SLICE_X46Y235        FDPE                                         r  dbg_hub/inst/BSCANID.u_xsdbm_id/CORE_XSDB.UUT_MASTER/U_ICON_INTERFACE/U_CMD6_RD/U_RD_FIFO/SUBCORE_FIFO.xsdbm_v3_0_0_rdfifo_inst/inst_fifo_gen/gconvfifo.rf/grf.rf/rstblk/ngwrdrst.grst.g7serrst.rd_rst_reg_reg[2]/C
  -------------------------------------------------------------------    -------------------
    SLICE_X46Y235        FDPE (Prop_FFF_SLICEL_C_Q)
                                                      0.039     1.792 f  dbg_hub/inst/BSCANID.u_xsdbm_id/CORE_XSDB.UUT_MASTER/U_ICON_INTERFACE/U_CMD6_RD/U_RD_FIFO/SUBCORE_FIFO.xsdbm_v3_0_0_rdfifo_inst/inst_fifo_gen/gconvfifo.rf/grf.rf/rstblk/ngwrdrst.grst.g7serrst.rd_rst_reg_reg[2]/Q
                         net (fo=18, routed)          0.102     1.894    dbg_hub/inst/BSCANID.u_xsdbm_id/CORE_XSDB.UUT_MASTER/U_ICON_INTERFACE/U_CMD6_RD/U_RD_FIFO/SUBCORE_FIFO.xsdbm_v3_0_0_rdfifo_inst/inst_fifo_gen/gconvfifo.rf/grf.rf/gntv_or_sync_fifo.gl0.rd/rpntr/out[0]
    SLICE_X44Y235        FDCE                                         f  dbg_hub/inst/BSCANID.u_xsdbm_id/CORE_XSDB.UUT_MASTER/U_ICON_INTERFACE/U_CMD6_RD/U_RD_FIFO/SUBCORE_FIFO.xsdbm_v3_0_0_rdfifo_inst/inst_fifo_gen/gconvfifo.rf/grf.rf/gntv_or_sync_fifo.gl0.rd/rpntr/gc0.count_d1_reg[0]/CLR
  -------------------------------------------------------------------    -------------------

                         (clock dbg_hub/inst/BSCANID.u_xsdbm_id/SWITCH_N_EXT_BSCAN.bscan_inst/SERIES7_BSCAN.bscan_inst/INTERNAL_TCK rise edge)
                                                      0.000     0.000 r  
    CONFIG_SITE_X0Y0     BSCANE2                      0.000     0.000 r  dbg_hub/inst/BSCANID.u_xsdbm_id/SWITCH_N_EXT_BSCAN.bscan_inst/SERIES7_BSCAN.bscan_inst/INTERNAL_TCK
    CONFIG_SITE_X0Y0     BSCANE2 (Prop_BSCAN1_CONFIG_SITE_INTERNAL_TCK_TCK)
                                                      4.300     4.300 r  dbg_hub/inst/BSCANID.u_xsdbm_id/SWITCH_N_EXT_BSCAN.bscan_inst/SERIES7_BSCAN.bscan_inst/TCK
                         net (fo=1, routed)           0.800     5.100    dbg_hub/inst/BSCANID.u_xsdbm_id/tck_bs
    BUFGCE_X0Y50         BUFGCE (Prop_BUFCE_BUFGCE_I_O)
                                                      0.019     5.119 r  dbg_hub/inst/BSCANID.u_xsdbm_id/SWITCH_N_EXT_BSCAN.u_bufg_icon_tck/O
    X1Y2 (CLOCK_ROOT)    net (fo=494, routed)         0.757     5.876    dbg_hub/inst/BSCANID.u_xsdbm_id/CORE_XSDB.UUT_MASTER/U_ICON_INTERFACE/U_CMD6_RD/U_RD_FIFO/SUBCORE_FIFO.xsdbm_v3_0_0_rdfifo_inst/inst_fifo_gen/gconvfifo.rf/grf.rf/gntv_or_sync_fifo.gl0.rd/rpntr/rd_clk
    SLICE_X44Y235        FDCE                                         r  dbg_hub/inst/BSCANID.u_xsdbm_id/CORE_XSDB.UUT_MASTER/U_ICON_INTERFACE/U_CMD6_RD/U_RD_FIFO/SUBCORE_FIFO.xsdbm_v3_0_0_rdfifo_inst/inst_fifo_gen/gconvfifo.rf/grf.rf/gntv_or_sync_fifo.gl0.rd/rpntr/gc0.count_d1_reg[0]/C
                         clock pessimism             -4.079     1.797    
    SLICE_X44Y235        FDCE (Remov_HFF2_SLICEL_C_CLR)
                                                     -0.020     1.777    dbg_hub/inst/BSCANID.u_xsdbm_id/CORE_XSDB.UUT_MASTER/U_ICON_INTERFACE/U_CMD6_RD/U_RD_FIFO/SUBCORE_FIFO.xsdbm_v3_0_0_rdfifo_inst/inst_fifo_gen/gconvfifo.rf/grf.rf/gntv_or_sync_fifo.gl0.rd/rpntr/gc0.count_d1_reg[0]
  -------------------------------------------------------------------
                         required time                         -1.777    
                         arrival time                           1.894    
  -------------------------------------------------------------------
                         slack                                  0.117    

Slack (MET) :             0.117ns  (arrival time - required time)
  Source:                 dbg_hub/inst/BSCANID.u_xsdbm_id/CORE_XSDB.UUT_MASTER/U_ICON_INTERFACE/U_CMD6_RD/U_RD_FIFO/SUBCORE_FIFO.xsdbm_v3_0_0_rdfifo_inst/inst_fifo_gen/gconvfifo.rf/grf.rf/rstblk/ngwrdrst.grst.g7serrst.rd_rst_reg_reg[2]/C
                            (rising edge-triggered cell FDPE clocked by dbg_hub/inst/BSCANID.u_xsdbm_id/SWITCH_N_EXT_BSCAN.bscan_inst/SERIES7_BSCAN.bscan_inst/INTERNAL_TCK  {rise@0.000ns fall@25.000ns period=50.000ns})
  Destination:            dbg_hub/inst/BSCANID.u_xsdbm_id/CORE_XSDB.UUT_MASTER/U_ICON_INTERFACE/U_CMD6_RD/U_RD_FIFO/SUBCORE_FIFO.xsdbm_v3_0_0_rdfifo_inst/inst_fifo_gen/gconvfifo.rf/grf.rf/gntv_or_sync_fifo.gl0.rd/rpntr/gc0.count_d1_reg[1]/CLR
                            (removal check against rising-edge clock dbg_hub/inst/BSCANID.u_xsdbm_id/SWITCH_N_EXT_BSCAN.bscan_inst/SERIES7_BSCAN.bscan_inst/INTERNAL_TCK  {rise@0.000ns fall@25.000ns period=50.000ns})
  Path Group:             **async_default**
  Path Type:              Removal (Min at Fast Process Corner)
  Requirement:            0.000ns  (dbg_hub/inst/BSCANID.u_xsdbm_id/SWITCH_N_EXT_BSCAN.bscan_inst/SERIES7_BSCAN.bscan_inst/INTERNAL_TCK rise@0.000ns - dbg_hub/inst/BSCANID.u_xsdbm_id/SWITCH_N_EXT_BSCAN.bscan_inst/SERIES7_BSCAN.bscan_inst/INTERNAL_TCK rise@0.000ns)
  Data Path Delay:        0.141ns  (logic 0.039ns (27.660%)  route 0.102ns (72.340%))
  Logic Levels:           0  
  Clock Path Skew:        0.044ns (DCD - SCD - CPR)
    Destination Clock Delay (DCD):    5.876ns
    Source Clock Delay      (SCD):    1.753ns
    Clock Pessimism Removal (CPR):    4.079ns
  Clock Net Delay (Source):      0.668ns (routing 0.096ns, distribution 0.572ns)
  Clock Net Delay (Destination): 0.757ns (routing 0.108ns, distribution 0.649ns)

    Location             Delay type                Incr(ns)  Path(ns)    Netlist Resource(s)
  -------------------------------------------------------------------    -------------------
                         (clock dbg_hub/inst/BSCANID.u_xsdbm_id/SWITCH_N_EXT_BSCAN.bscan_inst/SERIES7_BSCAN.bscan_inst/INTERNAL_TCK rise edge)
                                                      0.000     0.000 r  
    CONFIG_SITE_X0Y0     BSCANE2                      0.000     0.000 r  dbg_hub/inst/BSCANID.u_xsdbm_id/SWITCH_N_EXT_BSCAN.bscan_inst/SERIES7_BSCAN.bscan_inst/INTERNAL_TCK
    CONFIG_SITE_X0Y0     BSCANE2 (Prop_BSCAN1_CONFIG_SITE_INTERNAL_TCK_TCK)
                                                      0.465     0.465 r  dbg_hub/inst/BSCANID.u_xsdbm_id/SWITCH_N_EXT_BSCAN.bscan_inst/SERIES7_BSCAN.bscan_inst/TCK
                         net (fo=1, routed)           0.603     1.068    dbg_hub/inst/BSCANID.u_xsdbm_id/tck_bs
    BUFGCE_X0Y50         BUFGCE (Prop_BUFCE_BUFGCE_I_O)
                                                      0.017     1.085 r  dbg_hub/inst/BSCANID.u_xsdbm_id/SWITCH_N_EXT_BSCAN.u_bufg_icon_tck/O
    X1Y2 (CLOCK_ROOT)    net (fo=494, routed)         0.668     1.753    dbg_hub/inst/BSCANID.u_xsdbm_id/CORE_XSDB.UUT_MASTER/U_ICON_INTERFACE/U_CMD6_RD/U_RD_FIFO/SUBCORE_FIFO.xsdbm_v3_0_0_rdfifo_inst/inst_fifo_gen/gconvfifo.rf/grf.rf/rstblk/rd_clk
    SLICE_X46Y235        FDPE                                         r  dbg_hub/inst/BSCANID.u_xsdbm_id/CORE_XSDB.UUT_MASTER/U_ICON_INTERFACE/U_CMD6_RD/U_RD_FIFO/SUBCORE_FIFO.xsdbm_v3_0_0_rdfifo_inst/inst_fifo_gen/gconvfifo.rf/grf.rf/rstblk/ngwrdrst.grst.g7serrst.rd_rst_reg_reg[2]/C
  -------------------------------------------------------------------    -------------------
    SLICE_X46Y235        FDPE (Prop_FFF_SLICEL_C_Q)
                                                      0.039     1.792 f  dbg_hub/inst/BSCANID.u_xsdbm_id/CORE_XSDB.UUT_MASTER/U_ICON_INTERFACE/U_CMD6_RD/U_RD_FIFO/SUBCORE_FIFO.xsdbm_v3_0_0_rdfifo_inst/inst_fifo_gen/gconvfifo.rf/grf.rf/rstblk/ngwrdrst.grst.g7serrst.rd_rst_reg_reg[2]/Q
                         net (fo=18, routed)          0.102     1.894    dbg_hub/inst/BSCANID.u_xsdbm_id/CORE_XSDB.UUT_MASTER/U_ICON_INTERFACE/U_CMD6_RD/U_RD_FIFO/SUBCORE_FIFO.xsdbm_v3_0_0_rdfifo_inst/inst_fifo_gen/gconvfifo.rf/grf.rf/gntv_or_sync_fifo.gl0.rd/rpntr/out[0]
    SLICE_X44Y235        FDCE                                         f  dbg_hub/inst/BSCANID.u_xsdbm_id/CORE_XSDB.UUT_MASTER/U_ICON_INTERFACE/U_CMD6_RD/U_RD_FIFO/SUBCORE_FIFO.xsdbm_v3_0_0_rdfifo_inst/inst_fifo_gen/gconvfifo.rf/grf.rf/gntv_or_sync_fifo.gl0.rd/rpntr/gc0.count_d1_reg[1]/CLR
  -------------------------------------------------------------------    -------------------

                         (clock dbg_hub/inst/BSCANID.u_xsdbm_id/SWITCH_N_EXT_BSCAN.bscan_inst/SERIES7_BSCAN.bscan_inst/INTERNAL_TCK rise edge)
                                                      0.000     0.000 r  
    CONFIG_SITE_X0Y0     BSCANE2                      0.000     0.000 r  dbg_hub/inst/BSCANID.u_xsdbm_id/SWITCH_N_EXT_BSCAN.bscan_inst/SERIES7_BSCAN.bscan_inst/INTERNAL_TCK
    CONFIG_SITE_X0Y0     BSCANE2 (Prop_BSCAN1_CONFIG_SITE_INTERNAL_TCK_TCK)
                                                      4.300     4.300 r  dbg_hub/inst/BSCANID.u_xsdbm_id/SWITCH_N_EXT_BSCAN.bscan_inst/SERIES7_BSCAN.bscan_inst/TCK
                         net (fo=1, routed)           0.800     5.100    dbg_hub/inst/BSCANID.u_xsdbm_id/tck_bs
    BUFGCE_X0Y50         BUFGCE (Prop_BUFCE_BUFGCE_I_O)
                                                      0.019     5.119 r  dbg_hub/inst/BSCANID.u_xsdbm_id/SWITCH_N_EXT_BSCAN.u_bufg_icon_tck/O
    X1Y2 (CLOCK_ROOT)    net (fo=494, routed)         0.757     5.876    dbg_hub/inst/BSCANID.u_xsdbm_id/CORE_XSDB.UUT_MASTER/U_ICON_INTERFACE/U_CMD6_RD/U_RD_FIFO/SUBCORE_FIFO.xsdbm_v3_0_0_rdfifo_inst/inst_fifo_gen/gconvfifo.rf/grf.rf/gntv_or_sync_fifo.gl0.rd/rpntr/rd_clk
    SLICE_X44Y235        FDCE                                         r  dbg_hub/inst/BSCANID.u_xsdbm_id/CORE_XSDB.UUT_MASTER/U_ICON_INTERFACE/U_CMD6_RD/U_RD_FIFO/SUBCORE_FIFO.xsdbm_v3_0_0_rdfifo_inst/inst_fifo_gen/gconvfifo.rf/grf.rf/gntv_or_sync_fifo.gl0.rd/rpntr/gc0.count_d1_reg[1]/C
                         clock pessimism             -4.079     1.797    
    SLICE_X44Y235        FDCE (Remov_GFF2_SLICEL_C_CLR)
                                                     -0.020     1.777    dbg_hub/inst/BSCANID.u_xsdbm_id/CORE_XSDB.UUT_MASTER/U_ICON_INTERFACE/U_CMD6_RD/U_RD_FIFO/SUBCORE_FIFO.xsdbm_v3_0_0_rdfifo_inst/inst_fifo_gen/gconvfifo.rf/grf.rf/gntv_or_sync_fifo.gl0.rd/rpntr/gc0.count_d1_reg[1]
  -------------------------------------------------------------------
                         required time                         -1.777    
                         arrival time                           1.894    
  -------------------------------------------------------------------
                         slack                                  0.117    

Slack (MET) :             0.117ns  (arrival time - required time)
  Source:                 dbg_hub/inst/BSCANID.u_xsdbm_id/CORE_XSDB.UUT_MASTER/U_ICON_INTERFACE/U_CMD6_RD/U_RD_FIFO/SUBCORE_FIFO.xsdbm_v3_0_0_rdfifo_inst/inst_fifo_gen/gconvfifo.rf/grf.rf/rstblk/ngwrdrst.grst.g7serrst.rd_rst_reg_reg[2]/C
                            (rising edge-triggered cell FDPE clocked by dbg_hub/inst/BSCANID.u_xsdbm_id/SWITCH_N_EXT_BSCAN.bscan_inst/SERIES7_BSCAN.bscan_inst/INTERNAL_TCK  {rise@0.000ns fall@25.000ns period=50.000ns})
  Destination:            dbg_hub/inst/BSCANID.u_xsdbm_id/CORE_XSDB.UUT_MASTER/U_ICON_INTERFACE/U_CMD6_RD/U_RD_FIFO/SUBCORE_FIFO.xsdbm_v3_0_0_rdfifo_inst/inst_fifo_gen/gconvfifo.rf/grf.rf/gntv_or_sync_fifo.gl0.rd/rpntr/gc0.count_d1_reg[2]/CLR
                            (removal check against rising-edge clock dbg_hub/inst/BSCANID.u_xsdbm_id/SWITCH_N_EXT_BSCAN.bscan_inst/SERIES7_BSCAN.bscan_inst/INTERNAL_TCK  {rise@0.000ns fall@25.000ns period=50.000ns})
  Path Group:             **async_default**
  Path Type:              Removal (Min at Fast Process Corner)
  Requirement:            0.000ns  (dbg_hub/inst/BSCANID.u_xsdbm_id/SWITCH_N_EXT_BSCAN.bscan_inst/SERIES7_BSCAN.bscan_inst/INTERNAL_TCK rise@0.000ns - dbg_hub/inst/BSCANID.u_xsdbm_id/SWITCH_N_EXT_BSCAN.bscan_inst/SERIES7_BSCAN.bscan_inst/INTERNAL_TCK rise@0.000ns)
  Data Path Delay:        0.141ns  (logic 0.039ns (27.660%)  route 0.102ns (72.340%))
  Logic Levels:           0  
  Clock Path Skew:        0.044ns (DCD - SCD - CPR)
    Destination Clock Delay (DCD):    5.876ns
    Source Clock Delay      (SCD):    1.753ns
    Clock Pessimism Removal (CPR):    4.079ns
  Clock Net Delay (Source):      0.668ns (routing 0.096ns, distribution 0.572ns)
  Clock Net Delay (Destination): 0.757ns (routing 0.108ns, distribution 0.649ns)

    Location             Delay type                Incr(ns)  Path(ns)    Netlist Resource(s)
  -------------------------------------------------------------------    -------------------
                         (clock dbg_hub/inst/BSCANID.u_xsdbm_id/SWITCH_N_EXT_BSCAN.bscan_inst/SERIES7_BSCAN.bscan_inst/INTERNAL_TCK rise edge)
                                                      0.000     0.000 r  
    CONFIG_SITE_X0Y0     BSCANE2                      0.000     0.000 r  dbg_hub/inst/BSCANID.u_xsdbm_id/SWITCH_N_EXT_BSCAN.bscan_inst/SERIES7_BSCAN.bscan_inst/INTERNAL_TCK
    CONFIG_SITE_X0Y0     BSCANE2 (Prop_BSCAN1_CONFIG_SITE_INTERNAL_TCK_TCK)
                                                      0.465     0.465 r  dbg_hub/inst/BSCANID.u_xsdbm_id/SWITCH_N_EXT_BSCAN.bscan_inst/SERIES7_BSCAN.bscan_inst/TCK
                         net (fo=1, routed)           0.603     1.068    dbg_hub/inst/BSCANID.u_xsdbm_id/tck_bs
    BUFGCE_X0Y50         BUFGCE (Prop_BUFCE_BUFGCE_I_O)
                                                      0.017     1.085 r  dbg_hub/inst/BSCANID.u_xsdbm_id/SWITCH_N_EXT_BSCAN.u_bufg_icon_tck/O
    X1Y2 (CLOCK_ROOT)    net (fo=494, routed)         0.668     1.753    dbg_hub/inst/BSCANID.u_xsdbm_id/CORE_XSDB.UUT_MASTER/U_ICON_INTERFACE/U_CMD6_RD/U_RD_FIFO/SUBCORE_FIFO.xsdbm_v3_0_0_rdfifo_inst/inst_fifo_gen/gconvfifo.rf/grf.rf/rstblk/rd_clk
    SLICE_X46Y235        FDPE                                         r  dbg_hub/inst/BSCANID.u_xsdbm_id/CORE_XSDB.UUT_MASTER/U_ICON_INTERFACE/U_CMD6_RD/U_RD_FIFO/SUBCORE_FIFO.xsdbm_v3_0_0_rdfifo_inst/inst_fifo_gen/gconvfifo.rf/grf.rf/rstblk/ngwrdrst.grst.g7serrst.rd_rst_reg_reg[2]/C
  -------------------------------------------------------------------    -------------------
    SLICE_X46Y235        FDPE (Prop_FFF_SLICEL_C_Q)
                                                      0.039     1.792 f  dbg_hub/inst/BSCANID.u_xsdbm_id/CORE_XSDB.UUT_MASTER/U_ICON_INTERFACE/U_CMD6_RD/U_RD_FIFO/SUBCORE_FIFO.xsdbm_v3_0_0_rdfifo_inst/inst_fifo_gen/gconvfifo.rf/grf.rf/rstblk/ngwrdrst.grst.g7serrst.rd_rst_reg_reg[2]/Q
                         net (fo=18, routed)          0.102     1.894    dbg_hub/inst/BSCANID.u_xsdbm_id/CORE_XSDB.UUT_MASTER/U_ICON_INTERFACE/U_CMD6_RD/U_RD_FIFO/SUBCORE_FIFO.xsdbm_v3_0_0_rdfifo_inst/inst_fifo_gen/gconvfifo.rf/grf.rf/gntv_or_sync_fifo.gl0.rd/rpntr/out[0]
    SLICE_X44Y235        FDCE                                         f  dbg_hub/inst/BSCANID.u_xsdbm_id/CORE_XSDB.UUT_MASTER/U_ICON_INTERFACE/U_CMD6_RD/U_RD_FIFO/SUBCORE_FIFO.xsdbm_v3_0_0_rdfifo_inst/inst_fifo_gen/gconvfifo.rf/grf.rf/gntv_or_sync_fifo.gl0.rd/rpntr/gc0.count_d1_reg[2]/CLR
  -------------------------------------------------------------------    -------------------

                         (clock dbg_hub/inst/BSCANID.u_xsdbm_id/SWITCH_N_EXT_BSCAN.bscan_inst/SERIES7_BSCAN.bscan_inst/INTERNAL_TCK rise edge)
                                                      0.000     0.000 r  
    CONFIG_SITE_X0Y0     BSCANE2                      0.000     0.000 r  dbg_hub/inst/BSCANID.u_xsdbm_id/SWITCH_N_EXT_BSCAN.bscan_inst/SERIES7_BSCAN.bscan_inst/INTERNAL_TCK
    CONFIG_SITE_X0Y0     BSCANE2 (Prop_BSCAN1_CONFIG_SITE_INTERNAL_TCK_TCK)
                                                      4.300     4.300 r  dbg_hub/inst/BSCANID.u_xsdbm_id/SWITCH_N_EXT_BSCAN.bscan_inst/SERIES7_BSCAN.bscan_inst/TCK
                         net (fo=1, routed)           0.800     5.100    dbg_hub/inst/BSCANID.u_xsdbm_id/tck_bs
    BUFGCE_X0Y50         BUFGCE (Prop_BUFCE_BUFGCE_I_O)
                                                      0.019     5.119 r  dbg_hub/inst/BSCANID.u_xsdbm_id/SWITCH_N_EXT_BSCAN.u_bufg_icon_tck/O
    X1Y2 (CLOCK_ROOT)    net (fo=494, routed)         0.757     5.876    dbg_hub/inst/BSCANID.u_xsdbm_id/CORE_XSDB.UUT_MASTER/U_ICON_INTERFACE/U_CMD6_RD/U_RD_FIFO/SUBCORE_FIFO.xsdbm_v3_0_0_rdfifo_inst/inst_fifo_gen/gconvfifo.rf/grf.rf/gntv_or_sync_fifo.gl0.rd/rpntr/rd_clk
    SLICE_X44Y235        FDCE                                         r  dbg_hub/inst/BSCANID.u_xsdbm_id/CORE_XSDB.UUT_MASTER/U_ICON_INTERFACE/U_CMD6_RD/U_RD_FIFO/SUBCORE_FIFO.xsdbm_v3_0_0_rdfifo_inst/inst_fifo_gen/gconvfifo.rf/grf.rf/gntv_or_sync_fifo.gl0.rd/rpntr/gc0.count_d1_reg[2]/C
                         clock pessimism             -4.079     1.797    
    SLICE_X44Y235        FDCE (Remov_FFF2_SLICEL_C_CLR)
                                                     -0.020     1.777    dbg_hub/inst/BSCANID.u_xsdbm_id/CORE_XSDB.UUT_MASTER/U_ICON_INTERFACE/U_CMD6_RD/U_RD_FIFO/SUBCORE_FIFO.xsdbm_v3_0_0_rdfifo_inst/inst_fifo_gen/gconvfifo.rf/grf.rf/gntv_or_sync_fifo.gl0.rd/rpntr/gc0.count_d1_reg[2]
  -------------------------------------------------------------------
                         required time                         -1.777    
                         arrival time                           1.894    
  -------------------------------------------------------------------
                         slack                                  0.117    

Slack (MET) :             0.117ns  (arrival time - required time)
  Source:                 dbg_hub/inst/BSCANID.u_xsdbm_id/CORE_XSDB.UUT_MASTER/U_ICON_INTERFACE/U_CMD6_RD/U_RD_FIFO/SUBCORE_FIFO.xsdbm_v3_0_0_rdfifo_inst/inst_fifo_gen/gconvfifo.rf/grf.rf/rstblk/ngwrdrst.grst.g7serrst.rd_rst_reg_reg[2]/C
                            (rising edge-triggered cell FDPE clocked by dbg_hub/inst/BSCANID.u_xsdbm_id/SWITCH_N_EXT_BSCAN.bscan_inst/SERIES7_BSCAN.bscan_inst/INTERNAL_TCK  {rise@0.000ns fall@25.000ns period=50.000ns})
  Destination:            dbg_hub/inst/BSCANID.u_xsdbm_id/CORE_XSDB.UUT_MASTER/U_ICON_INTERFACE/U_CMD6_RD/U_RD_FIFO/SUBCORE_FIFO.xsdbm_v3_0_0_rdfifo_inst/inst_fifo_gen/gconvfifo.rf/grf.rf/gntv_or_sync_fifo.gl0.rd/rpntr/gc0.count_d1_reg[3]/CLR
                            (removal check against rising-edge clock dbg_hub/inst/BSCANID.u_xsdbm_id/SWITCH_N_EXT_BSCAN.bscan_inst/SERIES7_BSCAN.bscan_inst/INTERNAL_TCK  {rise@0.000ns fall@25.000ns period=50.000ns})
  Path Group:             **async_default**
  Path Type:              Removal (Min at Fast Process Corner)
  Requirement:            0.000ns  (dbg_hub/inst/BSCANID.u_xsdbm_id/SWITCH_N_EXT_BSCAN.bscan_inst/SERIES7_BSCAN.bscan_inst/INTERNAL_TCK rise@0.000ns - dbg_hub/inst/BSCANID.u_xsdbm_id/SWITCH_N_EXT_BSCAN.bscan_inst/SERIES7_BSCAN.bscan_inst/INTERNAL_TCK rise@0.000ns)
  Data Path Delay:        0.141ns  (logic 0.039ns (27.660%)  route 0.102ns (72.340%))
  Logic Levels:           0  
  Clock Path Skew:        0.044ns (DCD - SCD - CPR)
    Destination Clock Delay (DCD):    5.876ns
    Source Clock Delay      (SCD):    1.753ns
    Clock Pessimism Removal (CPR):    4.079ns
  Clock Net Delay (Source):      0.668ns (routing 0.096ns, distribution 0.572ns)
  Clock Net Delay (Destination): 0.757ns (routing 0.108ns, distribution 0.649ns)

    Location             Delay type                Incr(ns)  Path(ns)    Netlist Resource(s)
  -------------------------------------------------------------------    -------------------
                         (clock dbg_hub/inst/BSCANID.u_xsdbm_id/SWITCH_N_EXT_BSCAN.bscan_inst/SERIES7_BSCAN.bscan_inst/INTERNAL_TCK rise edge)
                                                      0.000     0.000 r  
    CONFIG_SITE_X0Y0     BSCANE2                      0.000     0.000 r  dbg_hub/inst/BSCANID.u_xsdbm_id/SWITCH_N_EXT_BSCAN.bscan_inst/SERIES7_BSCAN.bscan_inst/INTERNAL_TCK
    CONFIG_SITE_X0Y0     BSCANE2 (Prop_BSCAN1_CONFIG_SITE_INTERNAL_TCK_TCK)
                                                      0.465     0.465 r  dbg_hub/inst/BSCANID.u_xsdbm_id/SWITCH_N_EXT_BSCAN.bscan_inst/SERIES7_BSCAN.bscan_inst/TCK
                         net (fo=1, routed)           0.603     1.068    dbg_hub/inst/BSCANID.u_xsdbm_id/tck_bs
    BUFGCE_X0Y50         BUFGCE (Prop_BUFCE_BUFGCE_I_O)
                                                      0.017     1.085 r  dbg_hub/inst/BSCANID.u_xsdbm_id/SWITCH_N_EXT_BSCAN.u_bufg_icon_tck/O
    X1Y2 (CLOCK_ROOT)    net (fo=494, routed)         0.668     1.753    dbg_hub/inst/BSCANID.u_xsdbm_id/CORE_XSDB.UUT_MASTER/U_ICON_INTERFACE/U_CMD6_RD/U_RD_FIFO/SUBCORE_FIFO.xsdbm_v3_0_0_rdfifo_inst/inst_fifo_gen/gconvfifo.rf/grf.rf/rstblk/rd_clk
    SLICE_X46Y235        FDPE                                         r  dbg_hub/inst/BSCANID.u_xsdbm_id/CORE_XSDB.UUT_MASTER/U_ICON_INTERFACE/U_CMD6_RD/U_RD_FIFO/SUBCORE_FIFO.xsdbm_v3_0_0_rdfifo_inst/inst_fifo_gen/gconvfifo.rf/grf.rf/rstblk/ngwrdrst.grst.g7serrst.rd_rst_reg_reg[2]/C
  -------------------------------------------------------------------    -------------------
    SLICE_X46Y235        FDPE (Prop_FFF_SLICEL_C_Q)
                                                      0.039     1.792 f  dbg_hub/inst/BSCANID.u_xsdbm_id/CORE_XSDB.UUT_MASTER/U_ICON_INTERFACE/U_CMD6_RD/U_RD_FIFO/SUBCORE_FIFO.xsdbm_v3_0_0_rdfifo_inst/inst_fifo_gen/gconvfifo.rf/grf.rf/rstblk/ngwrdrst.grst.g7serrst.rd_rst_reg_reg[2]/Q
                         net (fo=18, routed)          0.102     1.894    dbg_hub/inst/BSCANID.u_xsdbm_id/CORE_XSDB.UUT_MASTER/U_ICON_INTERFACE/U_CMD6_RD/U_RD_FIFO/SUBCORE_FIFO.xsdbm_v3_0_0_rdfifo_inst/inst_fifo_gen/gconvfifo.rf/grf.rf/gntv_or_sync_fifo.gl0.rd/rpntr/out[0]
    SLICE_X44Y235        FDCE                                         f  dbg_hub/inst/BSCANID.u_xsdbm_id/CORE_XSDB.UUT_MASTER/U_ICON_INTERFACE/U_CMD6_RD/U_RD_FIFO/SUBCORE_FIFO.xsdbm_v3_0_0_rdfifo_inst/inst_fifo_gen/gconvfifo.rf/grf.rf/gntv_or_sync_fifo.gl0.rd/rpntr/gc0.count_d1_reg[3]/CLR
  -------------------------------------------------------------------    -------------------

                         (clock dbg_hub/inst/BSCANID.u_xsdbm_id/SWITCH_N_EXT_BSCAN.bscan_inst/SERIES7_BSCAN.bscan_inst/INTERNAL_TCK rise edge)
                                                      0.000     0.000 r  
    CONFIG_SITE_X0Y0     BSCANE2                      0.000     0.000 r  dbg_hub/inst/BSCANID.u_xsdbm_id/SWITCH_N_EXT_BSCAN.bscan_inst/SERIES7_BSCAN.bscan_inst/INTERNAL_TCK
    CONFIG_SITE_X0Y0     BSCANE2 (Prop_BSCAN1_CONFIG_SITE_INTERNAL_TCK_TCK)
                                                      4.300     4.300 r  dbg_hub/inst/BSCANID.u_xsdbm_id/SWITCH_N_EXT_BSCAN.bscan_inst/SERIES7_BSCAN.bscan_inst/TCK
                         net (fo=1, routed)           0.800     5.100    dbg_hub/inst/BSCANID.u_xsdbm_id/tck_bs
    BUFGCE_X0Y50         BUFGCE (Prop_BUFCE_BUFGCE_I_O)
                                                      0.019     5.119 r  dbg_hub/inst/BSCANID.u_xsdbm_id/SWITCH_N_EXT_BSCAN.u_bufg_icon_tck/O
    X1Y2 (CLOCK_ROOT)    net (fo=494, routed)         0.757     5.876    dbg_hub/inst/BSCANID.u_xsdbm_id/CORE_XSDB.UUT_MASTER/U_ICON_INTERFACE/U_CMD6_RD/U_RD_FIFO/SUBCORE_FIFO.xsdbm_v3_0_0_rdfifo_inst/inst_fifo_gen/gconvfifo.rf/grf.rf/gntv_or_sync_fifo.gl0.rd/rpntr/rd_clk
    SLICE_X44Y235        FDCE                                         r  dbg_hub/inst/BSCANID.u_xsdbm_id/CORE_XSDB.UUT_MASTER/U_ICON_INTERFACE/U_CMD6_RD/U_RD_FIFO/SUBCORE_FIFO.xsdbm_v3_0_0_rdfifo_inst/inst_fifo_gen/gconvfifo.rf/grf.rf/gntv_or_sync_fifo.gl0.rd/rpntr/gc0.count_d1_reg[3]/C
                         clock pessimism             -4.079     1.797    
    SLICE_X44Y235        FDCE (Remov_EFF2_SLICEL_C_CLR)
                                                     -0.020     1.777    dbg_hub/inst/BSCANID.u_xsdbm_id/CORE_XSDB.UUT_MASTER/U_ICON_INTERFACE/U_CMD6_RD/U_RD_FIFO/SUBCORE_FIFO.xsdbm_v3_0_0_rdfifo_inst/inst_fifo_gen/gconvfifo.rf/grf.rf/gntv_or_sync_fifo.gl0.rd/rpntr/gc0.count_d1_reg[3]
  -------------------------------------------------------------------
                         required time                         -1.777    
                         arrival time                           1.894    
  -------------------------------------------------------------------
                         slack                                  0.117    

Slack (MET) :             0.121ns  (arrival time - required time)
  Source:                 dbg_hub/inst/BSCANID.u_xsdbm_id/CORE_XSDB.UUT_MASTER/U_ICON_INTERFACE/U_CMD6_RD/U_RD_FIFO/SUBCORE_FIFO.xsdbm_v3_0_0_rdfifo_inst/inst_fifo_gen/gconvfifo.rf/grf.rf/rstblk/ngwrdrst.grst.g7serrst.rd_rst_reg_reg[2]/C
                            (rising edge-triggered cell FDPE clocked by dbg_hub/inst/BSCANID.u_xsdbm_id/SWITCH_N_EXT_BSCAN.bscan_inst/SERIES7_BSCAN.bscan_inst/INTERNAL_TCK  {rise@0.000ns fall@25.000ns period=50.000ns})
  Destination:            dbg_hub/inst/BSCANID.u_xsdbm_id/CORE_XSDB.UUT_MASTER/U_ICON_INTERFACE/U_CMD6_RD/U_RD_FIFO/SUBCORE_FIFO.xsdbm_v3_0_0_rdfifo_inst/inst_fifo_gen/gconvfifo.rf/grf.rf/gntv_or_sync_fifo.gl0.rd/rpntr/gc0.count_reg[0]/PRE
                            (removal check against rising-edge clock dbg_hub/inst/BSCANID.u_xsdbm_id/SWITCH_N_EXT_BSCAN.bscan_inst/SERIES7_BSCAN.bscan_inst/INTERNAL_TCK  {rise@0.000ns fall@25.000ns period=50.000ns})
  Path Group:             **async_default**
  Path Type:              Removal (Min at Fast Process Corner)
  Requirement:            0.000ns  (dbg_hub/inst/BSCANID.u_xsdbm_id/SWITCH_N_EXT_BSCAN.bscan_inst/SERIES7_BSCAN.bscan_inst/INTERNAL_TCK rise@0.000ns - dbg_hub/inst/BSCANID.u_xsdbm_id/SWITCH_N_EXT_BSCAN.bscan_inst/SERIES7_BSCAN.bscan_inst/INTERNAL_TCK rise@0.000ns)
  Data Path Delay:        0.141ns  (logic 0.039ns (27.660%)  route 0.102ns (72.340%))
  Logic Levels:           0  
  Clock Path Skew:        0.040ns (DCD - SCD - CPR)
    Destination Clock Delay (DCD):    5.872ns
    Source Clock Delay      (SCD):    1.753ns
    Clock Pessimism Removal (CPR):    4.079ns
  Clock Net Delay (Source):      0.668ns (routing 0.096ns, distribution 0.572ns)
  Clock Net Delay (Destination): 0.753ns (routing 0.108ns, distribution 0.645ns)

    Location             Delay type                Incr(ns)  Path(ns)    Netlist Resource(s)
  -------------------------------------------------------------------    -------------------
                         (clock dbg_hub/inst/BSCANID.u_xsdbm_id/SWITCH_N_EXT_BSCAN.bscan_inst/SERIES7_BSCAN.bscan_inst/INTERNAL_TCK rise edge)
                                                      0.000     0.000 r  
    CONFIG_SITE_X0Y0     BSCANE2                      0.000     0.000 r  dbg_hub/inst/BSCANID.u_xsdbm_id/SWITCH_N_EXT_BSCAN.bscan_inst/SERIES7_BSCAN.bscan_inst/INTERNAL_TCK
    CONFIG_SITE_X0Y0     BSCANE2 (Prop_BSCAN1_CONFIG_SITE_INTERNAL_TCK_TCK)
                                                      0.465     0.465 r  dbg_hub/inst/BSCANID.u_xsdbm_id/SWITCH_N_EXT_BSCAN.bscan_inst/SERIES7_BSCAN.bscan_inst/TCK
                         net (fo=1, routed)           0.603     1.068    dbg_hub/inst/BSCANID.u_xsdbm_id/tck_bs
    BUFGCE_X0Y50         BUFGCE (Prop_BUFCE_BUFGCE_I_O)
                                                      0.017     1.085 r  dbg_hub/inst/BSCANID.u_xsdbm_id/SWITCH_N_EXT_BSCAN.u_bufg_icon_tck/O
    X1Y2 (CLOCK_ROOT)    net (fo=494, routed)         0.668     1.753    dbg_hub/inst/BSCANID.u_xsdbm_id/CORE_XSDB.UUT_MASTER/U_ICON_INTERFACE/U_CMD6_RD/U_RD_FIFO/SUBCORE_FIFO.xsdbm_v3_0_0_rdfifo_inst/inst_fifo_gen/gconvfifo.rf/grf.rf/rstblk/rd_clk
    SLICE_X46Y235        FDPE                                         r  dbg_hub/inst/BSCANID.u_xsdbm_id/CORE_XSDB.UUT_MASTER/U_ICON_INTERFACE/U_CMD6_RD/U_RD_FIFO/SUBCORE_FIFO.xsdbm_v3_0_0_rdfifo_inst/inst_fifo_gen/gconvfifo.rf/grf.rf/rstblk/ngwrdrst.grst.g7serrst.rd_rst_reg_reg[2]/C
  -------------------------------------------------------------------    -------------------
    SLICE_X46Y235        FDPE (Prop_FFF_SLICEL_C_Q)
                                                      0.039     1.792 f  dbg_hub/inst/BSCANID.u_xsdbm_id/CORE_XSDB.UUT_MASTER/U_ICON_INTERFACE/U_CMD6_RD/U_RD_FIFO/SUBCORE_FIFO.xsdbm_v3_0_0_rdfifo_inst/inst_fifo_gen/gconvfifo.rf/grf.rf/rstblk/ngwrdrst.grst.g7serrst.rd_rst_reg_reg[2]/Q
                         net (fo=18, routed)          0.102     1.894    dbg_hub/inst/BSCANID.u_xsdbm_id/CORE_XSDB.UUT_MASTER/U_ICON_INTERFACE/U_CMD6_RD/U_RD_FIFO/SUBCORE_FIFO.xsdbm_v3_0_0_rdfifo_inst/inst_fifo_gen/gconvfifo.rf/grf.rf/gntv_or_sync_fifo.gl0.rd/rpntr/out[0]
    SLICE_X44Y235        FDPE                                         f  dbg_hub/inst/BSCANID.u_xsdbm_id/CORE_XSDB.UUT_MASTER/U_ICON_INTERFACE/U_CMD6_RD/U_RD_FIFO/SUBCORE_FIFO.xsdbm_v3_0_0_rdfifo_inst/inst_fifo_gen/gconvfifo.rf/grf.rf/gntv_or_sync_fifo.gl0.rd/rpntr/gc0.count_reg[0]/PRE
  -------------------------------------------------------------------    -------------------

                         (clock dbg_hub/inst/BSCANID.u_xsdbm_id/SWITCH_N_EXT_BSCAN.bscan_inst/SERIES7_BSCAN.bscan_inst/INTERNAL_TCK rise edge)
                                                      0.000     0.000 r  
    CONFIG_SITE_X0Y0     BSCANE2                      0.000     0.000 r  dbg_hub/inst/BSCANID.u_xsdbm_id/SWITCH_N_EXT_BSCAN.bscan_inst/SERIES7_BSCAN.bscan_inst/INTERNAL_TCK
    CONFIG_SITE_X0Y0     BSCANE2 (Prop_BSCAN1_CONFIG_SITE_INTERNAL_TCK_TCK)
                                                      4.300     4.300 r  dbg_hub/inst/BSCANID.u_xsdbm_id/SWITCH_N_EXT_BSCAN.bscan_inst/SERIES7_BSCAN.bscan_inst/TCK
                         net (fo=1, routed)           0.800     5.100    dbg_hub/inst/BSCANID.u_xsdbm_id/tck_bs
    BUFGCE_X0Y50         BUFGCE (Prop_BUFCE_BUFGCE_I_O)
                                                      0.019     5.119 r  dbg_hub/inst/BSCANID.u_xsdbm_id/SWITCH_N_EXT_BSCAN.u_bufg_icon_tck/O
    X1Y2 (CLOCK_ROOT)    net (fo=494, routed)         0.753     5.872    dbg_hub/inst/BSCANID.u_xsdbm_id/CORE_XSDB.UUT_MASTER/U_ICON_INTERFACE/U_CMD6_RD/U_RD_FIFO/SUBCORE_FIFO.xsdbm_v3_0_0_rdfifo_inst/inst_fifo_gen/gconvfifo.rf/grf.rf/gntv_or_sync_fifo.gl0.rd/rpntr/rd_clk
    SLICE_X44Y235        FDPE                                         r  dbg_hub/inst/BSCANID.u_xsdbm_id/CORE_XSDB.UUT_MASTER/U_ICON_INTERFACE/U_CMD6_RD/U_RD_FIFO/SUBCORE_FIFO.xsdbm_v3_0_0_rdfifo_inst/inst_fifo_gen/gconvfifo.rf/grf.rf/gntv_or_sync_fifo.gl0.rd/rpntr/gc0.count_reg[0]/C
                         clock pessimism             -4.079     1.793    
    SLICE_X44Y235        FDPE (Remov_CFF2_SLICEL_C_PRE)
                                                     -0.020     1.773    dbg_hub/inst/BSCANID.u_xsdbm_id/CORE_XSDB.UUT_MASTER/U_ICON_INTERFACE/U_CMD6_RD/U_RD_FIFO/SUBCORE_FIFO.xsdbm_v3_0_0_rdfifo_inst/inst_fifo_gen/gconvfifo.rf/grf.rf/gntv_or_sync_fifo.gl0.rd/rpntr/gc0.count_reg[0]
  -------------------------------------------------------------------
                         required time                         -1.773    
                         arrival time                           1.894    
  -------------------------------------------------------------------
                         slack                                  0.121    

Slack (MET) :             0.121ns  (arrival time - required time)
  Source:                 dbg_hub/inst/BSCANID.u_xsdbm_id/CORE_XSDB.UUT_MASTER/U_ICON_INTERFACE/U_CMD6_RD/U_RD_FIFO/SUBCORE_FIFO.xsdbm_v3_0_0_rdfifo_inst/inst_fifo_gen/gconvfifo.rf/grf.rf/rstblk/ngwrdrst.grst.g7serrst.rd_rst_reg_reg[2]/C
                            (rising edge-triggered cell FDPE clocked by dbg_hub/inst/BSCANID.u_xsdbm_id/SWITCH_N_EXT_BSCAN.bscan_inst/SERIES7_BSCAN.bscan_inst/INTERNAL_TCK  {rise@0.000ns fall@25.000ns period=50.000ns})
  Destination:            dbg_hub/inst/BSCANID.u_xsdbm_id/CORE_XSDB.UUT_MASTER/U_ICON_INTERFACE/U_CMD6_RD/U_RD_FIFO/SUBCORE_FIFO.xsdbm_v3_0_0_rdfifo_inst/inst_fifo_gen/gconvfifo.rf/grf.rf/gntv_or_sync_fifo.gl0.rd/rpntr/gc0.count_reg[1]/CLR
                            (removal check against rising-edge clock dbg_hub/inst/BSCANID.u_xsdbm_id/SWITCH_N_EXT_BSCAN.bscan_inst/SERIES7_BSCAN.bscan_inst/INTERNAL_TCK  {rise@0.000ns fall@25.000ns period=50.000ns})
  Path Group:             **async_default**
  Path Type:              Removal (Min at Fast Process Corner)
  Requirement:            0.000ns  (dbg_hub/inst/BSCANID.u_xsdbm_id/SWITCH_N_EXT_BSCAN.bscan_inst/SERIES7_BSCAN.bscan_inst/INTERNAL_TCK rise@0.000ns - dbg_hub/inst/BSCANID.u_xsdbm_id/SWITCH_N_EXT_BSCAN.bscan_inst/SERIES7_BSCAN.bscan_inst/INTERNAL_TCK rise@0.000ns)
  Data Path Delay:        0.141ns  (logic 0.039ns (27.660%)  route 0.102ns (72.340%))
  Logic Levels:           0  
  Clock Path Skew:        0.040ns (DCD - SCD - CPR)
    Destination Clock Delay (DCD):    5.872ns
    Source Clock Delay      (SCD):    1.753ns
    Clock Pessimism Removal (CPR):    4.079ns
  Clock Net Delay (Source):      0.668ns (routing 0.096ns, distribution 0.572ns)
  Clock Net Delay (Destination): 0.753ns (routing 0.108ns, distribution 0.645ns)

    Location             Delay type                Incr(ns)  Path(ns)    Netlist Resource(s)
  -------------------------------------------------------------------    -------------------
                         (clock dbg_hub/inst/BSCANID.u_xsdbm_id/SWITCH_N_EXT_BSCAN.bscan_inst/SERIES7_BSCAN.bscan_inst/INTERNAL_TCK rise edge)
                                                      0.000     0.000 r  
    CONFIG_SITE_X0Y0     BSCANE2                      0.000     0.000 r  dbg_hub/inst/BSCANID.u_xsdbm_id/SWITCH_N_EXT_BSCAN.bscan_inst/SERIES7_BSCAN.bscan_inst/INTERNAL_TCK
    CONFIG_SITE_X0Y0     BSCANE2 (Prop_BSCAN1_CONFIG_SITE_INTERNAL_TCK_TCK)
                                                      0.465     0.465 r  dbg_hub/inst/BSCANID.u_xsdbm_id/SWITCH_N_EXT_BSCAN.bscan_inst/SERIES7_BSCAN.bscan_inst/TCK
                         net (fo=1, routed)           0.603     1.068    dbg_hub/inst/BSCANID.u_xsdbm_id/tck_bs
    BUFGCE_X0Y50         BUFGCE (Prop_BUFCE_BUFGCE_I_O)
                                                      0.017     1.085 r  dbg_hub/inst/BSCANID.u_xsdbm_id/SWITCH_N_EXT_BSCAN.u_bufg_icon_tck/O
    X1Y2 (CLOCK_ROOT)    net (fo=494, routed)         0.668     1.753    dbg_hub/inst/BSCANID.u_xsdbm_id/CORE_XSDB.UUT_MASTER/U_ICON_INTERFACE/U_CMD6_RD/U_RD_FIFO/SUBCORE_FIFO.xsdbm_v3_0_0_rdfifo_inst/inst_fifo_gen/gconvfifo.rf/grf.rf/rstblk/rd_clk
    SLICE_X46Y235        FDPE                                         r  dbg_hub/inst/BSCANID.u_xsdbm_id/CORE_XSDB.UUT_MASTER/U_ICON_INTERFACE/U_CMD6_RD/U_RD_FIFO/SUBCORE_FIFO.xsdbm_v3_0_0_rdfifo_inst/inst_fifo_gen/gconvfifo.rf/grf.rf/rstblk/ngwrdrst.grst.g7serrst.rd_rst_reg_reg[2]/C
  -------------------------------------------------------------------    -------------------
    SLICE_X46Y235        FDPE (Prop_FFF_SLICEL_C_Q)
                                                      0.039     1.792 f  dbg_hub/inst/BSCANID.u_xsdbm_id/CORE_XSDB.UUT_MASTER/U_ICON_INTERFACE/U_CMD6_RD/U_RD_FIFO/SUBCORE_FIFO.xsdbm_v3_0_0_rdfifo_inst/inst_fifo_gen/gconvfifo.rf/grf.rf/rstblk/ngwrdrst.grst.g7serrst.rd_rst_reg_reg[2]/Q
                         net (fo=18, routed)          0.102     1.894    dbg_hub/inst/BSCANID.u_xsdbm_id/CORE_XSDB.UUT_MASTER/U_ICON_INTERFACE/U_CMD6_RD/U_RD_FIFO/SUBCORE_FIFO.xsdbm_v3_0_0_rdfifo_inst/inst_fifo_gen/gconvfifo.rf/grf.rf/gntv_or_sync_fifo.gl0.rd/rpntr/out[0]
    SLICE_X44Y235        FDCE                                         f  dbg_hub/inst/BSCANID.u_xsdbm_id/CORE_XSDB.UUT_MASTER/U_ICON_INTERFACE/U_CMD6_RD/U_RD_FIFO/SUBCORE_FIFO.xsdbm_v3_0_0_rdfifo_inst/inst_fifo_gen/gconvfifo.rf/grf.rf/gntv_or_sync_fifo.gl0.rd/rpntr/gc0.count_reg[1]/CLR
  -------------------------------------------------------------------    -------------------

                         (clock dbg_hub/inst/BSCANID.u_xsdbm_id/SWITCH_N_EXT_BSCAN.bscan_inst/SERIES7_BSCAN.bscan_inst/INTERNAL_TCK rise edge)
                                                      0.000     0.000 r  
    CONFIG_SITE_X0Y0     BSCANE2                      0.000     0.000 r  dbg_hub/inst/BSCANID.u_xsdbm_id/SWITCH_N_EXT_BSCAN.bscan_inst/SERIES7_BSCAN.bscan_inst/INTERNAL_TCK
    CONFIG_SITE_X0Y0     BSCANE2 (Prop_BSCAN1_CONFIG_SITE_INTERNAL_TCK_TCK)
                                                      4.300     4.300 r  dbg_hub/inst/BSCANID.u_xsdbm_id/SWITCH_N_EXT_BSCAN.bscan_inst/SERIES7_BSCAN.bscan_inst/TCK
                         net (fo=1, routed)           0.800     5.100    dbg_hub/inst/BSCANID.u_xsdbm_id/tck_bs
    BUFGCE_X0Y50         BUFGCE (Prop_BUFCE_BUFGCE_I_O)
                                                      0.019     5.119 r  dbg_hub/inst/BSCANID.u_xsdbm_id/SWITCH_N_EXT_BSCAN.u_bufg_icon_tck/O
    X1Y2 (CLOCK_ROOT)    net (fo=494, routed)         0.753     5.872    dbg_hub/inst/BSCANID.u_xsdbm_id/CORE_XSDB.UUT_MASTER/U_ICON_INTERFACE/U_CMD6_RD/U_RD_FIFO/SUBCORE_FIFO.xsdbm_v3_0_0_rdfifo_inst/inst_fifo_gen/gconvfifo.rf/grf.rf/gntv_or_sync_fifo.gl0.rd/rpntr/rd_clk
    SLICE_X44Y235        FDCE                                         r  dbg_hub/inst/BSCANID.u_xsdbm_id/CORE_XSDB.UUT_MASTER/U_ICON_INTERFACE/U_CMD6_RD/U_RD_FIFO/SUBCORE_FIFO.xsdbm_v3_0_0_rdfifo_inst/inst_fifo_gen/gconvfifo.rf/grf.rf/gntv_or_sync_fifo.gl0.rd/rpntr/gc0.count_reg[1]/C
                         clock pessimism             -4.079     1.793    
    SLICE_X44Y235        FDCE (Remov_BFF2_SLICEL_C_CLR)
                                                     -0.020     1.773    dbg_hub/inst/BSCANID.u_xsdbm_id/CORE_XSDB.UUT_MASTER/U_ICON_INTERFACE/U_CMD6_RD/U_RD_FIFO/SUBCORE_FIFO.xsdbm_v3_0_0_rdfifo_inst/inst_fifo_gen/gconvfifo.rf/grf.rf/gntv_or_sync_fifo.gl0.rd/rpntr/gc0.count_reg[1]
  -------------------------------------------------------------------
                         required time                         -1.773    
                         arrival time                           1.894    
  -------------------------------------------------------------------
                         slack                                  0.121    

Slack (MET) :             0.121ns  (arrival time - required time)
  Source:                 dbg_hub/inst/BSCANID.u_xsdbm_id/CORE_XSDB.UUT_MASTER/U_ICON_INTERFACE/U_CMD6_RD/U_RD_FIFO/SUBCORE_FIFO.xsdbm_v3_0_0_rdfifo_inst/inst_fifo_gen/gconvfifo.rf/grf.rf/rstblk/ngwrdrst.grst.g7serrst.rd_rst_reg_reg[2]/C
                            (rising edge-triggered cell FDPE clocked by dbg_hub/inst/BSCANID.u_xsdbm_id/SWITCH_N_EXT_BSCAN.bscan_inst/SERIES7_BSCAN.bscan_inst/INTERNAL_TCK  {rise@0.000ns fall@25.000ns period=50.000ns})
  Destination:            dbg_hub/inst/BSCANID.u_xsdbm_id/CORE_XSDB.UUT_MASTER/U_ICON_INTERFACE/U_CMD6_RD/U_RD_FIFO/SUBCORE_FIFO.xsdbm_v3_0_0_rdfifo_inst/inst_fifo_gen/gconvfifo.rf/grf.rf/gntv_or_sync_fifo.gl0.rd/rpntr/gc0.count_reg[2]/CLR
                            (removal check against rising-edge clock dbg_hub/inst/BSCANID.u_xsdbm_id/SWITCH_N_EXT_BSCAN.bscan_inst/SERIES7_BSCAN.bscan_inst/INTERNAL_TCK  {rise@0.000ns fall@25.000ns period=50.000ns})
  Path Group:             **async_default**
  Path Type:              Removal (Min at Fast Process Corner)
  Requirement:            0.000ns  (dbg_hub/inst/BSCANID.u_xsdbm_id/SWITCH_N_EXT_BSCAN.bscan_inst/SERIES7_BSCAN.bscan_inst/INTERNAL_TCK rise@0.000ns - dbg_hub/inst/BSCANID.u_xsdbm_id/SWITCH_N_EXT_BSCAN.bscan_inst/SERIES7_BSCAN.bscan_inst/INTERNAL_TCK rise@0.000ns)
  Data Path Delay:        0.141ns  (logic 0.039ns (27.660%)  route 0.102ns (72.340%))
  Logic Levels:           0  
  Clock Path Skew:        0.040ns (DCD - SCD - CPR)
    Destination Clock Delay (DCD):    5.872ns
    Source Clock Delay      (SCD):    1.753ns
    Clock Pessimism Removal (CPR):    4.079ns
  Clock Net Delay (Source):      0.668ns (routing 0.096ns, distribution 0.572ns)
  Clock Net Delay (Destination): 0.753ns (routing 0.108ns, distribution 0.645ns)

    Location             Delay type                Incr(ns)  Path(ns)    Netlist Resource(s)
  -------------------------------------------------------------------    -------------------
                         (clock dbg_hub/inst/BSCANID.u_xsdbm_id/SWITCH_N_EXT_BSCAN.bscan_inst/SERIES7_BSCAN.bscan_inst/INTERNAL_TCK rise edge)
                                                      0.000     0.000 r  
    CONFIG_SITE_X0Y0     BSCANE2                      0.000     0.000 r  dbg_hub/inst/BSCANID.u_xsdbm_id/SWITCH_N_EXT_BSCAN.bscan_inst/SERIES7_BSCAN.bscan_inst/INTERNAL_TCK
    CONFIG_SITE_X0Y0     BSCANE2 (Prop_BSCAN1_CONFIG_SITE_INTERNAL_TCK_TCK)
                                                      0.465     0.465 r  dbg_hub/inst/BSCANID.u_xsdbm_id/SWITCH_N_EXT_BSCAN.bscan_inst/SERIES7_BSCAN.bscan_inst/TCK
                         net (fo=1, routed)           0.603     1.068    dbg_hub/inst/BSCANID.u_xsdbm_id/tck_bs
    BUFGCE_X0Y50         BUFGCE (Prop_BUFCE_BUFGCE_I_O)
                                                      0.017     1.085 r  dbg_hub/inst/BSCANID.u_xsdbm_id/SWITCH_N_EXT_BSCAN.u_bufg_icon_tck/O
    X1Y2 (CLOCK_ROOT)    net (fo=494, routed)         0.668     1.753    dbg_hub/inst/BSCANID.u_xsdbm_id/CORE_XSDB.UUT_MASTER/U_ICON_INTERFACE/U_CMD6_RD/U_RD_FIFO/SUBCORE_FIFO.xsdbm_v3_0_0_rdfifo_inst/inst_fifo_gen/gconvfifo.rf/grf.rf/rstblk/rd_clk
    SLICE_X46Y235        FDPE                                         r  dbg_hub/inst/BSCANID.u_xsdbm_id/CORE_XSDB.UUT_MASTER/U_ICON_INTERFACE/U_CMD6_RD/U_RD_FIFO/SUBCORE_FIFO.xsdbm_v3_0_0_rdfifo_inst/inst_fifo_gen/gconvfifo.rf/grf.rf/rstblk/ngwrdrst.grst.g7serrst.rd_rst_reg_reg[2]/C
  -------------------------------------------------------------------    -------------------
    SLICE_X46Y235        FDPE (Prop_FFF_SLICEL_C_Q)
                                                      0.039     1.792 f  dbg_hub/inst/BSCANID.u_xsdbm_id/CORE_XSDB.UUT_MASTER/U_ICON_INTERFACE/U_CMD6_RD/U_RD_FIFO/SUBCORE_FIFO.xsdbm_v3_0_0_rdfifo_inst/inst_fifo_gen/gconvfifo.rf/grf.rf/rstblk/ngwrdrst.grst.g7serrst.rd_rst_reg_reg[2]/Q
                         net (fo=18, routed)          0.102     1.894    dbg_hub/inst/BSCANID.u_xsdbm_id/CORE_XSDB.UUT_MASTER/U_ICON_INTERFACE/U_CMD6_RD/U_RD_FIFO/SUBCORE_FIFO.xsdbm_v3_0_0_rdfifo_inst/inst_fifo_gen/gconvfifo.rf/grf.rf/gntv_or_sync_fifo.gl0.rd/rpntr/out[0]
    SLICE_X44Y235        FDCE                                         f  dbg_hub/inst/BSCANID.u_xsdbm_id/CORE_XSDB.UUT_MASTER/U_ICON_INTERFACE/U_CMD6_RD/U_RD_FIFO/SUBCORE_FIFO.xsdbm_v3_0_0_rdfifo_inst/inst_fifo_gen/gconvfifo.rf/grf.rf/gntv_or_sync_fifo.gl0.rd/rpntr/gc0.count_reg[2]/CLR
  -------------------------------------------------------------------    -------------------

                         (clock dbg_hub/inst/BSCANID.u_xsdbm_id/SWITCH_N_EXT_BSCAN.bscan_inst/SERIES7_BSCAN.bscan_inst/INTERNAL_TCK rise edge)
                                                      0.000     0.000 r  
    CONFIG_SITE_X0Y0     BSCANE2                      0.000     0.000 r  dbg_hub/inst/BSCANID.u_xsdbm_id/SWITCH_N_EXT_BSCAN.bscan_inst/SERIES7_BSCAN.bscan_inst/INTERNAL_TCK
    CONFIG_SITE_X0Y0     BSCANE2 (Prop_BSCAN1_CONFIG_SITE_INTERNAL_TCK_TCK)
                                                      4.300     4.300 r  dbg_hub/inst/BSCANID.u_xsdbm_id/SWITCH_N_EXT_BSCAN.bscan_inst/SERIES7_BSCAN.bscan_inst/TCK
                         net (fo=1, routed)           0.800     5.100    dbg_hub/inst/BSCANID.u_xsdbm_id/tck_bs
    BUFGCE_X0Y50         BUFGCE (Prop_BUFCE_BUFGCE_I_O)
                                                      0.019     5.119 r  dbg_hub/inst/BSCANID.u_xsdbm_id/SWITCH_N_EXT_BSCAN.u_bufg_icon_tck/O
    X1Y2 (CLOCK_ROOT)    net (fo=494, routed)         0.753     5.872    dbg_hub/inst/BSCANID.u_xsdbm_id/CORE_XSDB.UUT_MASTER/U_ICON_INTERFACE/U_CMD6_RD/U_RD_FIFO/SUBCORE_FIFO.xsdbm_v3_0_0_rdfifo_inst/inst_fifo_gen/gconvfifo.rf/grf.rf/gntv_or_sync_fifo.gl0.rd/rpntr/rd_clk
    SLICE_X44Y235        FDCE                                         r  dbg_hub/inst/BSCANID.u_xsdbm_id/CORE_XSDB.UUT_MASTER/U_ICON_INTERFACE/U_CMD6_RD/U_RD_FIFO/SUBCORE_FIFO.xsdbm_v3_0_0_rdfifo_inst/inst_fifo_gen/gconvfifo.rf/grf.rf/gntv_or_sync_fifo.gl0.rd/rpntr/gc0.count_reg[2]/C
                         clock pessimism             -4.079     1.793    
    SLICE_X44Y235        FDCE (Remov_DFF_SLICEL_C_CLR)
                                                     -0.020     1.773    dbg_hub/inst/BSCANID.u_xsdbm_id/CORE_XSDB.UUT_MASTER/U_ICON_INTERFACE/U_CMD6_RD/U_RD_FIFO/SUBCORE_FIFO.xsdbm_v3_0_0_rdfifo_inst/inst_fifo_gen/gconvfifo.rf/grf.rf/gntv_or_sync_fifo.gl0.rd/rpntr/gc0.count_reg[2]
  -------------------------------------------------------------------
                         required time                         -1.773    
                         arrival time                           1.894    
  -------------------------------------------------------------------
                         slack                                  0.121    





