Copyright 1986-2020 Xilinx, Inc. All Rights Reserved.
-------------------------------------------------------------------------------------------------------------------------------------------------------------------------------------------------------------------
| Tool Version      : Vivado v.2020.1 (lin64) Build 2902540 Wed May 27 19:54:35 MDT 2020
| Date              : Mon May 25 22:33:00 2026
| Host              : steckler-Default-string running 64-bit Ubuntu 18.04.6 LTS
| Command           : report_timing_summary -max_paths 10 -file BASIC_wrapper_timing_summary_routed.rpt -pb BASIC_wrapper_timing_summary_routed.pb -rpx BASIC_wrapper_timing_summary_routed.rpx -warn_on_violation
| Design            : BASIC_wrapper
| Device            : xczu5ev-sfvc784
| Speed File        : -2  PRODUCTION 1.27 02-28-2020
| Temperature Grade : I
-------------------------------------------------------------------------------------------------------------------------------------------------------------------------------------------------------------------

Timing Summary Report

------------------------------------------------------------------------------------------------
| Timer Settings
| --------------
------------------------------------------------------------------------------------------------

  Enable Multi Corner Analysis               :  Yes
  Enable Pessimism Removal                   :  Yes
  Pessimism Removal Resolution               :  Nearest Common Node
  Enable Input Delay Default Clock           :  No
  Enable Preset / Clear Arcs                 :  No
  Disable Flight Delays                      :  No
  Ignore I/O Paths                           :  No
  Timing Early Launch at Borrowing Latches   :  No
  Borrow Time for Max Delay Exceptions       :  Yes
  Merge Timing Exceptions                    :  Yes

  Corner  Analyze    Analyze    
  Name    Max Paths  Min Paths  
  ------  ---------  ---------  
  Slow    Yes        Yes        
  Fast    Yes        Yes        



check_timing report

Table of Contents
-----------------
1. checking no_clock (0)
2. checking constant_clock (0)
3. checking pulse_width_clock (0)
4. checking unconstrained_internal_endpoints (0)
5. checking no_input_delay (1)
6. checking no_output_delay (2)
7. checking multiple_clock (0)
8. checking generated_clocks (0)
9. checking loops (0)
10. checking partial_input_delay (0)
11. checking partial_output_delay (0)
12. checking latch_loops (0)

1. checking no_clock (0)
------------------------
 There are 0 register/latch pins with no clock.


2. checking constant_clock (0)
------------------------------
 There are 0 register/latch pins with constant_clock.


3. checking pulse_width_clock (0)
---------------------------------
 There are 0 register/latch pins which need pulse_width check


4. checking unconstrained_internal_endpoints (0)
------------------------------------------------
 There are 0 pins that are not constrained for maximum delay.

 There are 0 pins that are not constrained for maximum delay due to constant clock.


5. checking no_input_delay (1)
------------------------------
 There is 1 input port with no input delay specified. (HIGH)

 There are 0 input ports with no input delay but user has a false path constraint.


6. checking no_output_delay (2)
-------------------------------
 There are 2 ports with no output delay specified. (HIGH)

 There are 0 ports with no output delay but user has a false path constraint

 There are 0 ports with no output delay but with a timing clock defined on it or propagating through it


7. checking multiple_clock (0)
------------------------------
 There are 0 register/latch pins with multiple clocks.


8. checking generated_clocks (0)
--------------------------------
 There are 0 generated clocks that are not connected to a clock source.


9. checking loops (0)
---------------------
 There are 0 combinational loops in the design.


10. checking partial_input_delay (0)
------------------------------------
 There are 0 input ports with partial input delay specified.


11. checking partial_output_delay (0)
-------------------------------------
 There are 0 ports with partial output delay specified.


12. checking latch_loops (0)
----------------------------
 There are 0 combinational latch loops in the design through latch input



------------------------------------------------------------------------------------------------
| Design Timing Summary
| ---------------------
------------------------------------------------------------------------------------------------

    WNS(ns)      TNS(ns)  TNS Failing Endpoints  TNS Total Endpoints      WHS(ns)      THS(ns)  THS Failing Endpoints  THS Total Endpoints     WPWS(ns)     TPWS(ns)  TPWS Failing Endpoints  TPWS Total Endpoints  
    -------      -------  ---------------------  -------------------      -------      -------  ---------------------  -------------------     --------     --------  ----------------------  --------------------  
      0.146        0.000                      0                24345        0.012        0.000                      0                24329        1.125        0.000                       0                  7065  


All user specified timing constraints are met.


------------------------------------------------------------------------------------------------
| Clock Summary
| -------------
------------------------------------------------------------------------------------------------

Clock                                                                                                Waveform(ns)         Period(ns)      Frequency(MHz)
-----                                                                                                ------------         ----------      --------------
clk_pl_0                                                                                             {0.000 2.625}        5.250           190.476         
clk_pl_1                                                                                             {0.000 3.375}        6.750           148.148         
dbg_hub/inst/BSCANID.u_xsdbm_id/SWITCH_N_EXT_BSCAN.bscan_inst/SERIES7_BSCAN.bscan_inst/INTERNAL_TCK  {0.000 25.000}       50.000          20.000          


------------------------------------------------------------------------------------------------
| Intra Clock Table
| -----------------
------------------------------------------------------------------------------------------------

Clock                                                                                                    WNS(ns)      TNS(ns)  TNS Failing Endpoints  TNS Total Endpoints      WHS(ns)      THS(ns)  THS Failing Endpoints  THS Total Endpoints     WPWS(ns)     TPWS(ns)  TPWS Failing Endpoints  TPWS Total Endpoints  
-----                                                                                                    -------      -------  ---------------------  -------------------      -------      -------  ---------------------  -------------------     --------     --------  ----------------------  --------------------  
clk_pl_0                                                                                                   0.146        0.000                      0                23056        0.012        0.000                      0                23056        1.125        0.000                       0                  6574  
dbg_hub/inst/BSCANID.u_xsdbm_id/SWITCH_N_EXT_BSCAN.bscan_inst/SERIES7_BSCAN.bscan_inst/INTERNAL_TCK       16.430        0.000                      0                 1050        0.014        0.000                      0                 1050       24.468        0.000                       0                   491  


------------------------------------------------------------------------------------------------
| Inter Clock Table
| -----------------
------------------------------------------------------------------------------------------------

From Clock                                                                                           To Clock                                                                                                 WNS(ns)      TNS(ns)  TNS Failing Endpoints  TNS Total Endpoints      WHS(ns)      THS(ns)  THS Failing Endpoints  THS Total Endpoints  
----------                                                                                           --------                                                                                                 -------      -------  ---------------------  -------------------      -------      -------  ---------------------  -------------------  
dbg_hub/inst/BSCANID.u_xsdbm_id/SWITCH_N_EXT_BSCAN.bscan_inst/SERIES7_BSCAN.bscan_inst/INTERNAL_TCK  clk_pl_0                                                                                                  49.141        0.000                      0                    8                                                                        
clk_pl_0                                                                                             dbg_hub/inst/BSCANID.u_xsdbm_id/SWITCH_N_EXT_BSCAN.bscan_inst/SERIES7_BSCAN.bscan_inst/INTERNAL_TCK        4.657        0.000                      0                    8                                                                        


------------------------------------------------------------------------------------------------
| Other Path Groups Table
| -----------------------
------------------------------------------------------------------------------------------------

Path Group                                                                                           From Clock                                                                                           To Clock                                                                                                 WNS(ns)      TNS(ns)  TNS Failing Endpoints  TNS Total Endpoints      WHS(ns)      THS(ns)  THS Failing Endpoints  THS Total Endpoints  
----------                                                                                           ----------                                                                                           --------                                                                                                 -------      -------  ---------------------  -------------------      -------      -------  ---------------------  -------------------  
**async_default**                                                                                    clk_pl_0                                                                                             clk_pl_0                                                                                                   2.782        0.000                      0                  123        0.121        0.000                      0                  123  
**async_default**                                                                                    dbg_hub/inst/BSCANID.u_xsdbm_id/SWITCH_N_EXT_BSCAN.bscan_inst/SERIES7_BSCAN.bscan_inst/INTERNAL_TCK  dbg_hub/inst/BSCANID.u_xsdbm_id/SWITCH_N_EXT_BSCAN.bscan_inst/SERIES7_BSCAN.bscan_inst/INTERNAL_TCK       47.554        0.000                      0                  100        0.105        0.000                      0                  100  


------------------------------------------------------------------------------------------------
| Timing Details
| --------------
------------------------------------------------------------------------------------------------


---------------------------------------------------------------------------------------------------
From Clock:  clk_pl_0
  To Clock:  clk_pl_0

Setup :            0  Failing Endpoints,  Worst Slack        0.146ns,  Total Violation        0.000ns
Hold  :            0  Failing Endpoints,  Worst Slack        0.012ns,  Total Violation        0.000ns
PW    :            0  Failing Endpoints,  Worst Slack        1.125ns,  Total Violation        0.000ns
---------------------------------------------------------------------------------------------------


Max Delay Paths
--------------------------------------------------------------------------------------
Slack (MET) :             0.146ns  (required time - arrival time)
  Source:                 BASIC_i/Core_RV32I/RV32I_MEM/mem_wb_reg_0/inst/wb_rd_reg[0]/C
                            (rising edge-triggered cell FDRE clocked by clk_pl_0  {rise@0.000ns fall@2.625ns period=5.250ns})
  Destination:            BASIC_i/Core_RV32I/RV32I_ID/id_ex_reg/inst/ex_rd_we_reg/R
                            (rising edge-triggered cell FDRE clocked by clk_pl_0  {rise@0.000ns fall@2.625ns period=5.250ns})
  Path Group:             clk_pl_0
  Path Type:              Setup (Max at Slow Process Corner)
  Requirement:            5.250ns  (clk_pl_0 rise@5.250ns - clk_pl_0 rise@0.000ns)
  Data Path Delay:        4.806ns  (logic 1.613ns (33.562%)  route 3.193ns (66.438%))
  Logic Levels:           17  (CARRY8=4 LUT2=2 LUT3=2 LUT5=3 LUT6=6)
  Clock Path Skew:        -0.105ns (DCD - SCD + CPR)
    Destination Clock Delay (DCD):    2.070ns = ( 7.320 - 5.250 ) 
    Source Clock Delay      (SCD):    2.367ns
    Clock Pessimism Removal (CPR):    0.192ns
  Clock Uncertainty:      0.119ns  ((TSJ^2 + DJ^2)^1/2) / 2 + PE
    Total System Jitter     (TSJ):    0.071ns
    Discrete Jitter          (DJ):    0.228ns
    Phase Error              (PE):    0.000ns
  Clock Net Delay (Source):      2.168ns (routing 0.998ns, distribution 1.170ns)
  Clock Net Delay (Destination): 1.910ns (routing 0.905ns, distribution 1.005ns)

    Location             Delay type                Incr(ns)  Path(ns)    Netlist Resource(s)
  -------------------------------------------------------------------    -------------------
                         (clock clk_pl_0 rise edge)
                                                      0.000     0.000 r  
    PS8_X0Y0             PS8                          0.000     0.000 r  BASIC_i/zynq_ultra_ps_e_0/inst/PS8_i/PLCLK[0]
                         net (fo=1, routed)           0.171     0.171    BASIC_i/zynq_ultra_ps_e_0/inst/pl_clk_unbuffered[0]
    BUFG_PS_X0Y77        BUFG_PS (Prop_BUFG_PS_I_O)
                                                      0.028     0.199 r  BASIC_i/zynq_ultra_ps_e_0/inst/buffer_pl_clk_0.PL_CLK_0_BUFG/O
    X1Y2 (CLOCK_ROOT)    net (fo=6574, routed)        2.168     2.367    BASIC_i/Core_RV32I/RV32I_MEM/mem_wb_reg_0/inst/clk
    SLICE_X52Y217        FDRE                                         r  BASIC_i/Core_RV32I/RV32I_MEM/mem_wb_reg_0/inst/wb_rd_reg[0]/C
  -------------------------------------------------------------------    -------------------
    SLICE_X52Y217        FDRE (Prop_DFF2_SLICEL_C_Q)
                                                      0.081     2.448 r  BASIC_i/Core_RV32I/RV32I_MEM/mem_wb_reg_0/inst/wb_rd_reg[0]/Q
                         net (fo=5, routed)           0.247     2.695    BASIC_i/Core_RV32I/RV32I_MEM/regfile_we_gen_0/inst/wb_rd[0]
    SLICE_X52Y217        LUT6 (Prop_F6LUT_SLICEL_I2_O)
                                                      0.123     2.818 r  BASIC_i/Core_RV32I/RV32I_MEM/regfile_we_gen_0/inst/regfile_we_INST_0_i_1/O
                         net (fo=1, routed)           0.040     2.858    BASIC_i/Core_RV32I/RV32I_MEM/regfile_we_gen_0/inst/regfile_we_INST_0_i_1_n_0
    SLICE_X52Y217        LUT2 (Prop_E6LUT_SLICEL_I1_O)
                                                      0.090     2.948 r  BASIC_i/Core_RV32I/RV32I_MEM/regfile_we_gen_0/inst/regfile_we_INST_0/O
                         net (fo=3, routed)           0.148     3.096    BASIC_i/Core_RV32I/RV32I_EX/forwarding_0/wb_rd_we
    SLICE_X52Y218        LUT5 (Prop_F6LUT_SLICEL_I4_O)
                                                      0.089     3.185 r  BASIC_i/Core_RV32I/RV32I_EX/forwarding_0/forward_a[1]_INST_0_i_3/O
                         net (fo=2, routed)           0.144     3.329    BASIC_i/Core_RV32I/RV32I_EX/forwarding_0/inst/p_0_in9_out
    SLICE_X52Y221        LUT3 (Prop_F6LUT_SLICEL_I1_O)
                                                      0.097     3.426 r  BASIC_i/Core_RV32I/RV32I_EX/forwarding_0/forward_a[0]_INST_0/O
                         net (fo=32, routed)          0.293     3.719    BASIC_i/Core_RV32I/RV32I_EX/forward_mux_0/inst/forward_sel[0]
    SLICE_X54Y220        LUT6 (Prop_C6LUT_SLICEM_I4_O)
                                                      0.098     3.817 r  BASIC_i/Core_RV32I/RV32I_EX/forward_mux_0/inst/out_data[6]_INST_0/O
                         net (fo=12, routed)          0.336     4.153    BASIC_i/Core_RV32I/RV32I_EX/branch_0/ex_rs1_data[6]
    SLICE_X56Y223        LUT6 (Prop_C6LUT_SLICEL_I2_O)
                                                      0.146     4.299 r  BASIC_i/Core_RV32I/RV32I_EX/branch_0/branch_taken_INST_0_i_26/O
                         net (fo=1, routed)           0.010     4.309    BASIC_i/Core_RV32I/RV32I_EX/branch_0/branch_taken_INST_0_i_26_n_0
    SLICE_X56Y223        CARRY8 (Prop_CARRY8_SLICEL_S[2]_CO[7])
                                                      0.155     4.464 f  BASIC_i/Core_RV32I/RV32I_EX/branch_0/branch_taken_INST_0_i_9/CO[7]
                         net (fo=1, routed)           0.026     4.490    BASIC_i/Core_RV32I/RV32I_EX/branch_0/branch_taken_INST_0_i_9_n_0
    SLICE_X56Y224        CARRY8 (Prop_CARRY8_SLICEL_CI_CO[2])
                                                      0.057     4.547 f  BASIC_i/Core_RV32I/RV32I_EX/branch_0/branch_taken_INST_0_i_4/CO[2]
                         net (fo=1, routed)           0.176     4.723    BASIC_i/Core_RV32I/RV32I_EX/branch_0/inst/ex_exception_valid_INST_0_i_1_0[0]
    SLICE_X57Y225        LUT5 (Prop_E6LUT_SLICEL_I4_O)
                                                      0.123     4.846 r  BASIC_i/Core_RV32I/RV32I_EX/branch_0/inst/branch_taken_INST_0_i_2/O
                         net (fo=1, routed)           0.095     4.941    BASIC_i/Core_RV32I/RV32I_EX/branch_0/inst/branch_taken_INST_0_i_2_n_0
    SLICE_X57Y227        LUT5 (Prop_A6LUT_SLICEL_I3_O)
                                                      0.090     5.031 r  BASIC_i/Core_RV32I/RV32I_EX/branch_0/inst/ex_exception_valid_INST_0_i_1/O
                         net (fo=67, routed)          0.148     5.179    BASIC_i/Core_RV32I/RV32I_EX/branch_0/inst/ex_exception_valid_INST_0_i_1_n_0
    SLICE_X57Y226        LUT6 (Prop_C6LUT_SLICEL_I4_O)
                                                      0.035     5.214 r  BASIC_i/Core_RV32I/RV32I_EX/branch_0/inst/pc_redirect_target[10]_INST_0_i_1/O
                         net (fo=2, routed)           0.299     5.513    BASIC_i/Core_RV32I/RV32I_EX/branch_0/inst/pc_redirect_target[10]_INST_0_i_1_n_0
    SLICE_X54Y227        LUT6 (Prop_D6LUT_SLICEM_I0_O)
                                                      0.088     5.601 r  BASIC_i/Core_RV32I/RV32I_EX/branch_0/inst/ex_mispredict0_carry_i_5/O
                         net (fo=1, routed)           0.025     5.626    BASIC_i/Core_RV32I/RV32I_EX/branch_0/inst/ex_mispredict0_carry_i_5_n_0
    SLICE_X54Y227        CARRY8 (Prop_CARRY8_SLICEM_S[3]_CO[7])
                                                      0.163     5.789 r  BASIC_i/Core_RV32I/RV32I_EX/branch_0/inst/ex_mispredict0_carry/CO[7]
                         net (fo=1, routed)           0.026     5.815    BASIC_i/Core_RV32I/RV32I_EX/branch_0/inst/ex_mispredict0_carry_n_0
    SLICE_X54Y228        CARRY8 (Prop_CARRY8_SLICEM_CI_CO[2])
                                                      0.057     5.872 r  BASIC_i/Core_RV32I/RV32I_EX/branch_0/inst/ex_mispredict0_carry__0/CO[2]
                         net (fo=34, routed)          0.269     6.141    BASIC_i/Core_RV32I/RV32I_EX/branch_0/inst/ex_mispredict0
    SLICE_X52Y228        LUT6 (Prop_A6LUT_SLICEL_I5_O)
                                                      0.035     6.176 r  BASIC_i/Core_RV32I/RV32I_EX/branch_0/inst/ex_flush_req_INST_0/O
                         net (fo=4, routed)           0.105     6.281    BASIC_i/Core_RV32I/priority_branch_OR_l_0/ex_flush_req
    SLICE_X52Y229        LUT3 (Prop_H6LUT_SLICEL_I1_O)
                                                      0.036     6.317 r  BASIC_i/Core_RV32I/priority_branch_OR_l_0/id_ex_flush_final_INST_0/O
                         net (fo=1, routed)           0.129     6.446    BASIC_i/Core_RV32I/RV32I_ID/id_ex_reg/inst/bubble
    SLICE_X51Y229        LUT2 (Prop_G6LUT_SLICEL_I1_O)
                                                      0.050     6.496 r  BASIC_i/Core_RV32I/RV32I_ID/id_ex_reg/inst/ex_valid_i_1/O
                         net (fo=283, routed)         0.677     7.173    BASIC_i/Core_RV32I/RV32I_ID/id_ex_reg/inst/ex_valid_i_1_n_0
    SLICE_X48Y223        FDRE                                         r  BASIC_i/Core_RV32I/RV32I_ID/id_ex_reg/inst/ex_rd_we_reg/R
  -------------------------------------------------------------------    -------------------

                         (clock clk_pl_0 rise edge)
                                                      5.250     5.250 r  
    PS8_X0Y0             PS8                          0.000     5.250 r  BASIC_i/zynq_ultra_ps_e_0/inst/PS8_i/PLCLK[0]
                         net (fo=1, routed)           0.135     5.385    BASIC_i/zynq_ultra_ps_e_0/inst/pl_clk_unbuffered[0]
    BUFG_PS_X0Y77        BUFG_PS (Prop_BUFG_PS_I_O)
                                                      0.025     5.410 r  BASIC_i/zynq_ultra_ps_e_0/inst/buffer_pl_clk_0.PL_CLK_0_BUFG/O
    X1Y2 (CLOCK_ROOT)    net (fo=6574, routed)        1.910     7.320    BASIC_i/Core_RV32I/RV32I_ID/id_ex_reg/inst/clk
    SLICE_X48Y223        FDRE                                         r  BASIC_i/Core_RV32I/RV32I_ID/id_ex_reg/inst/ex_rd_we_reg/C
                         clock pessimism              0.192     7.512    
                         clock uncertainty           -0.119     7.393    
    SLICE_X48Y223        FDRE (Setup_HFF_SLICEL_C_R)
                                                     -0.074     7.319    BASIC_i/Core_RV32I/RV32I_ID/id_ex_reg/inst/ex_rd_we_reg
  -------------------------------------------------------------------
                         required time                          7.319    
                         arrival time                          -7.173    
  -------------------------------------------------------------------
                         slack                                  0.146    

Slack (MET) :             0.150ns  (required time - arrival time)
  Source:                 BASIC_i/Core_RV32I/RV32I_MEM/mem_wb_reg_0/inst/wb_rd_reg[0]/C
                            (rising edge-triggered cell FDRE clocked by clk_pl_0  {rise@0.000ns fall@2.625ns period=5.250ns})
  Destination:            BASIC_i/Core_RV32I/RV32I_IF/branch_predictor_btb_0/inst/bht_ctr_reg[3][1]/CE
                            (rising edge-triggered cell FDRE clocked by clk_pl_0  {rise@0.000ns fall@2.625ns period=5.250ns})
  Path Group:             clk_pl_0
  Path Type:              Setup (Max at Slow Process Corner)
  Requirement:            5.250ns  (clk_pl_0 rise@5.250ns - clk_pl_0 rise@0.000ns)
  Data Path Delay:        4.725ns  (logic 1.362ns (28.825%)  route 3.363ns (71.175%))
  Logic Levels:           12  (CARRY8=2 LUT2=1 LUT3=2 LUT5=4 LUT6=3)
  Clock Path Skew:        -0.195ns (DCD - SCD + CPR)
    Destination Clock Delay (DCD):    1.983ns = ( 7.233 - 5.250 ) 
    Source Clock Delay      (SCD):    2.367ns
    Clock Pessimism Removal (CPR):    0.189ns
  Clock Uncertainty:      0.119ns  ((TSJ^2 + DJ^2)^1/2) / 2 + PE
    Total System Jitter     (TSJ):    0.071ns
    Discrete Jitter          (DJ):    0.228ns
    Phase Error              (PE):    0.000ns
  Clock Net Delay (Source):      2.168ns (routing 0.998ns, distribution 1.170ns)
  Clock Net Delay (Destination): 1.823ns (routing 0.905ns, distribution 0.918ns)

    Location             Delay type                Incr(ns)  Path(ns)    Netlist Resource(s)
  -------------------------------------------------------------------    -------------------
                         (clock clk_pl_0 rise edge)
                                                      0.000     0.000 r  
    PS8_X0Y0             PS8                          0.000     0.000 r  BASIC_i/zynq_ultra_ps_e_0/inst/PS8_i/PLCLK[0]
                         net (fo=1, routed)           0.171     0.171    BASIC_i/zynq_ultra_ps_e_0/inst/pl_clk_unbuffered[0]
    BUFG_PS_X0Y77        BUFG_PS (Prop_BUFG_PS_I_O)
                                                      0.028     0.199 r  BASIC_i/zynq_ultra_ps_e_0/inst/buffer_pl_clk_0.PL_CLK_0_BUFG/O
    X1Y2 (CLOCK_ROOT)    net (fo=6574, routed)        2.168     2.367    BASIC_i/Core_RV32I/RV32I_MEM/mem_wb_reg_0/inst/clk
    SLICE_X52Y217        FDRE                                         r  BASIC_i/Core_RV32I/RV32I_MEM/mem_wb_reg_0/inst/wb_rd_reg[0]/C
  -------------------------------------------------------------------    -------------------
    SLICE_X52Y217        FDRE (Prop_DFF2_SLICEL_C_Q)
                                                      0.081     2.448 r  BASIC_i/Core_RV32I/RV32I_MEM/mem_wb_reg_0/inst/wb_rd_reg[0]/Q
                         net (fo=5, routed)           0.247     2.695    BASIC_i/Core_RV32I/RV32I_MEM/regfile_we_gen_0/inst/wb_rd[0]
    SLICE_X52Y217        LUT6 (Prop_F6LUT_SLICEL_I2_O)
                                                      0.123     2.818 r  BASIC_i/Core_RV32I/RV32I_MEM/regfile_we_gen_0/inst/regfile_we_INST_0_i_1/O
                         net (fo=1, routed)           0.040     2.858    BASIC_i/Core_RV32I/RV32I_MEM/regfile_we_gen_0/inst/regfile_we_INST_0_i_1_n_0
    SLICE_X52Y217        LUT2 (Prop_E6LUT_SLICEL_I1_O)
                                                      0.090     2.948 r  BASIC_i/Core_RV32I/RV32I_MEM/regfile_we_gen_0/inst/regfile_we_INST_0/O
                         net (fo=3, routed)           0.148     3.096    BASIC_i/Core_RV32I/RV32I_EX/forwarding_0/wb_rd_we
    SLICE_X52Y218        LUT5 (Prop_F6LUT_SLICEL_I4_O)
                                                      0.089     3.185 r  BASIC_i/Core_RV32I/RV32I_EX/forwarding_0/forward_a[1]_INST_0_i_3/O
                         net (fo=2, routed)           0.144     3.329    BASIC_i/Core_RV32I/RV32I_EX/forwarding_0/inst/p_0_in9_out
    SLICE_X52Y221        LUT3 (Prop_F6LUT_SLICEL_I1_O)
                                                      0.097     3.426 r  BASIC_i/Core_RV32I/RV32I_EX/forwarding_0/forward_a[0]_INST_0/O
                         net (fo=32, routed)          0.293     3.719    BASIC_i/Core_RV32I/RV32I_EX/forward_mux_0/inst/forward_sel[0]
    SLICE_X54Y220        LUT6 (Prop_C6LUT_SLICEM_I4_O)
                                                      0.098     3.817 r  BASIC_i/Core_RV32I/RV32I_EX/forward_mux_0/inst/out_data[6]_INST_0/O
                         net (fo=12, routed)          0.336     4.153    BASIC_i/Core_RV32I/RV32I_EX/branch_0/ex_rs1_data[6]
    SLICE_X56Y223        LUT6 (Prop_C6LUT_SLICEL_I2_O)
                                                      0.146     4.299 r  BASIC_i/Core_RV32I/RV32I_EX/branch_0/branch_taken_INST_0_i_26/O
                         net (fo=1, routed)           0.010     4.309    BASIC_i/Core_RV32I/RV32I_EX/branch_0/branch_taken_INST_0_i_26_n_0
    SLICE_X56Y223        CARRY8 (Prop_CARRY8_SLICEL_S[2]_CO[7])
                                                      0.155     4.464 r  BASIC_i/Core_RV32I/RV32I_EX/branch_0/branch_taken_INST_0_i_9/CO[7]
                         net (fo=1, routed)           0.026     4.490    BASIC_i/Core_RV32I/RV32I_EX/branch_0/branch_taken_INST_0_i_9_n_0
    SLICE_X56Y224        CARRY8 (Prop_CARRY8_SLICEL_CI_CO[2])
                                                      0.057     4.547 r  BASIC_i/Core_RV32I/RV32I_EX/branch_0/branch_taken_INST_0_i_4/CO[2]
                         net (fo=1, routed)           0.176     4.723    BASIC_i/Core_RV32I/RV32I_EX/branch_0/inst/ex_exception_valid_INST_0_i_1_0[0]
    SLICE_X57Y225        LUT5 (Prop_E6LUT_SLICEL_I4_O)
                                                      0.123     4.846 f  BASIC_i/Core_RV32I/RV32I_EX/branch_0/inst/branch_taken_INST_0_i_2/O
                         net (fo=1, routed)           0.095     4.941    BASIC_i/Core_RV32I/RV32I_EX/branch_0/inst/branch_taken_INST_0_i_2_n_0
    SLICE_X57Y227        LUT5 (Prop_A6LUT_SLICEL_I3_O)
                                                      0.090     5.031 f  BASIC_i/Core_RV32I/RV32I_EX/branch_0/inst/ex_exception_valid_INST_0_i_1/O
                         net (fo=67, routed)          0.353     5.384    BASIC_i/Core_RV32I/RV32I_EX/branch_0/inst/ex_exception_valid_INST_0_i_1_n_0
    SLICE_X52Y224        LUT3 (Prop_B6LUT_SLICEL_I2_O)
                                                      0.090     5.474 r  BASIC_i/Core_RV32I/RV32I_EX/branch_0/inst/bp_update_taken_INST_0/O
                         net (fo=67, routed)          1.182     6.656    BASIC_i/Core_RV32I/RV32I_IF/branch_predictor_btb_0/inst/update_taken
    SLICE_X39Y185        LUT5 (Prop_F6LUT_SLICEL_I4_O)
                                                      0.123     6.779 r  BASIC_i/Core_RV32I/RV32I_IF/branch_predictor_btb_0/inst/bht_ctr[3][1]_i_1/O
                         net (fo=2, routed)           0.313     7.092    BASIC_i/Core_RV32I/RV32I_IF/branch_predictor_btb_0/inst/bht_ctr[3][1]_i_1_n_0
    SLICE_X40Y187        FDRE                                         r  BASIC_i/Core_RV32I/RV32I_IF/branch_predictor_btb_0/inst/bht_ctr_reg[3][1]/CE
  -------------------------------------------------------------------    -------------------

                         (clock clk_pl_0 rise edge)
                                                      5.250     5.250 r  
    PS8_X0Y0             PS8                          0.000     5.250 r  BASIC_i/zynq_ultra_ps_e_0/inst/PS8_i/PLCLK[0]
                         net (fo=1, routed)           0.135     5.385    BASIC_i/zynq_ultra_ps_e_0/inst/pl_clk_unbuffered[0]
    BUFG_PS_X0Y77        BUFG_PS (Prop_BUFG_PS_I_O)
                                                      0.025     5.410 r  BASIC_i/zynq_ultra_ps_e_0/inst/buffer_pl_clk_0.PL_CLK_0_BUFG/O
    X1Y2 (CLOCK_ROOT)    net (fo=6574, routed)        1.823     7.233    BASIC_i/Core_RV32I/RV32I_IF/branch_predictor_btb_0/inst/clk
    SLICE_X40Y187        FDRE                                         r  BASIC_i/Core_RV32I/RV32I_IF/branch_predictor_btb_0/inst/bht_ctr_reg[3][1]/C
                         clock pessimism              0.189     7.422    
                         clock uncertainty           -0.119     7.303    
    SLICE_X40Y187        FDRE (Setup_AFF_SLICEM_C_CE)
                                                     -0.061     7.242    BASIC_i/Core_RV32I/RV32I_IF/branch_predictor_btb_0/inst/bht_ctr_reg[3][1]
  -------------------------------------------------------------------
                         required time                          7.242    
                         arrival time                          -7.092    
  -------------------------------------------------------------------
                         slack                                  0.150    

Slack (MET) :             0.165ns  (required time - arrival time)
  Source:                 BASIC_i/Core_RV32I/RV32I_MEM/mem_wb_reg_0/inst/wb_rd_reg[0]/C
                            (rising edge-triggered cell FDRE clocked by clk_pl_0  {rise@0.000ns fall@2.625ns period=5.250ns})
  Destination:            BASIC_i/Core_RV32I/RV32I_ID/id_ex_reg/inst/ex_pc_plus4_reg[18]/R
                            (rising edge-triggered cell FDRE clocked by clk_pl_0  {rise@0.000ns fall@2.625ns period=5.250ns})
  Path Group:             clk_pl_0
  Path Type:              Setup (Max at Slow Process Corner)
  Requirement:            5.250ns  (clk_pl_0 rise@5.250ns - clk_pl_0 rise@0.000ns)
  Data Path Delay:        4.787ns  (logic 1.613ns (33.695%)  route 3.174ns (66.305%))
  Logic Levels:           17  (CARRY8=4 LUT2=2 LUT3=2 LUT5=3 LUT6=6)
  Clock Path Skew:        -0.105ns (DCD - SCD + CPR)
    Destination Clock Delay (DCD):    2.070ns = ( 7.320 - 5.250 ) 
    Source Clock Delay      (SCD):    2.367ns
    Clock Pessimism Removal (CPR):    0.192ns
  Clock Uncertainty:      0.119ns  ((TSJ^2 + DJ^2)^1/2) / 2 + PE
    Total System Jitter     (TSJ):    0.071ns
    Discrete Jitter          (DJ):    0.228ns
    Phase Error              (PE):    0.000ns
  Clock Net Delay (Source):      2.168ns (routing 0.998ns, distribution 1.170ns)
  Clock Net Delay (Destination): 1.910ns (routing 0.905ns, distribution 1.005ns)

    Location             Delay type                Incr(ns)  Path(ns)    Netlist Resource(s)
  -------------------------------------------------------------------    -------------------
                         (clock clk_pl_0 rise edge)
                                                      0.000     0.000 r  
    PS8_X0Y0             PS8                          0.000     0.000 r  BASIC_i/zynq_ultra_ps_e_0/inst/PS8_i/PLCLK[0]
                         net (fo=1, routed)           0.171     0.171    BASIC_i/zynq_ultra_ps_e_0/inst/pl_clk_unbuffered[0]
    BUFG_PS_X0Y77        BUFG_PS (Prop_BUFG_PS_I_O)
                                                      0.028     0.199 r  BASIC_i/zynq_ultra_ps_e_0/inst/buffer_pl_clk_0.PL_CLK_0_BUFG/O
    X1Y2 (CLOCK_ROOT)    net (fo=6574, routed)        2.168     2.367    BASIC_i/Core_RV32I/RV32I_MEM/mem_wb_reg_0/inst/clk
    SLICE_X52Y217        FDRE                                         r  BASIC_i/Core_RV32I/RV32I_MEM/mem_wb_reg_0/inst/wb_rd_reg[0]/C
  -------------------------------------------------------------------    -------------------
    SLICE_X52Y217        FDRE (Prop_DFF2_SLICEL_C_Q)
                                                      0.081     2.448 r  BASIC_i/Core_RV32I/RV32I_MEM/mem_wb_reg_0/inst/wb_rd_reg[0]/Q
                         net (fo=5, routed)           0.247     2.695    BASIC_i/Core_RV32I/RV32I_MEM/regfile_we_gen_0/inst/wb_rd[0]
    SLICE_X52Y217        LUT6 (Prop_F6LUT_SLICEL_I2_O)
                                                      0.123     2.818 r  BASIC_i/Core_RV32I/RV32I_MEM/regfile_we_gen_0/inst/regfile_we_INST_0_i_1/O
                         net (fo=1, routed)           0.040     2.858    BASIC_i/Core_RV32I/RV32I_MEM/regfile_we_gen_0/inst/regfile_we_INST_0_i_1_n_0
    SLICE_X52Y217        LUT2 (Prop_E6LUT_SLICEL_I1_O)
                                                      0.090     2.948 r  BASIC_i/Core_RV32I/RV32I_MEM/regfile_we_gen_0/inst/regfile_we_INST_0/O
                         net (fo=3, routed)           0.148     3.096    BASIC_i/Core_RV32I/RV32I_EX/forwarding_0/wb_rd_we
    SLICE_X52Y218        LUT5 (Prop_F6LUT_SLICEL_I4_O)
                                                      0.089     3.185 r  BASIC_i/Core_RV32I/RV32I_EX/forwarding_0/forward_a[1]_INST_0_i_3/O
                         net (fo=2, routed)           0.144     3.329    BASIC_i/Core_RV32I/RV32I_EX/forwarding_0/inst/p_0_in9_out
    SLICE_X52Y221        LUT3 (Prop_F6LUT_SLICEL_I1_O)
                                                      0.097     3.426 r  BASIC_i/Core_RV32I/RV32I_EX/forwarding_0/forward_a[0]_INST_0/O
                         net (fo=32, routed)          0.293     3.719    BASIC_i/Core_RV32I/RV32I_EX/forward_mux_0/inst/forward_sel[0]
    SLICE_X54Y220        LUT6 (Prop_C6LUT_SLICEM_I4_O)
                                                      0.098     3.817 r  BASIC_i/Core_RV32I/RV32I_EX/forward_mux_0/inst/out_data[6]_INST_0/O
                         net (fo=12, routed)          0.336     4.153    BASIC_i/Core_RV32I/RV32I_EX/branch_0/ex_rs1_data[6]
    SLICE_X56Y223        LUT6 (Prop_C6LUT_SLICEL_I2_O)
                                                      0.146     4.299 r  BASIC_i/Core_RV32I/RV32I_EX/branch_0/branch_taken_INST_0_i_26/O
                         net (fo=1, routed)           0.010     4.309    BASIC_i/Core_RV32I/RV32I_EX/branch_0/branch_taken_INST_0_i_26_n_0
    SLICE_X56Y223        CARRY8 (Prop_CARRY8_SLICEL_S[2]_CO[7])
                                                      0.155     4.464 f  BASIC_i/Core_RV32I/RV32I_EX/branch_0/branch_taken_INST_0_i_9/CO[7]
                         net (fo=1, routed)           0.026     4.490    BASIC_i/Core_RV32I/RV32I_EX/branch_0/branch_taken_INST_0_i_9_n_0
    SLICE_X56Y224        CARRY8 (Prop_CARRY8_SLICEL_CI_CO[2])
                                                      0.057     4.547 f  BASIC_i/Core_RV32I/RV32I_EX/branch_0/branch_taken_INST_0_i_4/CO[2]
                         net (fo=1, routed)           0.176     4.723    BASIC_i/Core_RV32I/RV32I_EX/branch_0/inst/ex_exception_valid_INST_0_i_1_0[0]
    SLICE_X57Y225        LUT5 (Prop_E6LUT_SLICEL_I4_O)
                                                      0.123     4.846 r  BASIC_i/Core_RV32I/RV32I_EX/branch_0/inst/branch_taken_INST_0_i_2/O
                         net (fo=1, routed)           0.095     4.941    BASIC_i/Core_RV32I/RV32I_EX/branch_0/inst/branch_taken_INST_0_i_2_n_0
    SLICE_X57Y227        LUT5 (Prop_A6LUT_SLICEL_I3_O)
                                                      0.090     5.031 r  BASIC_i/Core_RV32I/RV32I_EX/branch_0/inst/ex_exception_valid_INST_0_i_1/O
                         net (fo=67, routed)          0.148     5.179    BASIC_i/Core_RV32I/RV32I_EX/branch_0/inst/ex_exception_valid_INST_0_i_1_n_0
    SLICE_X57Y226        LUT6 (Prop_C6LUT_SLICEL_I4_O)
                                                      0.035     5.214 r  BASIC_i/Core_RV32I/RV32I_EX/branch_0/inst/pc_redirect_target[10]_INST_0_i_1/O
                         net (fo=2, routed)           0.299     5.513    BASIC_i/Core_RV32I/RV32I_EX/branch_0/inst/pc_redirect_target[10]_INST_0_i_1_n_0
    SLICE_X54Y227        LUT6 (Prop_D6LUT_SLICEM_I0_O)
                                                      0.088     5.601 r  BASIC_i/Core_RV32I/RV32I_EX/branch_0/inst/ex_mispredict0_carry_i_5/O
                         net (fo=1, routed)           0.025     5.626    BASIC_i/Core_RV32I/RV32I_EX/branch_0/inst/ex_mispredict0_carry_i_5_n_0
    SLICE_X54Y227        CARRY8 (Prop_CARRY8_SLICEM_S[3]_CO[7])
                                                      0.163     5.789 r  BASIC_i/Core_RV32I/RV32I_EX/branch_0/inst/ex_mispredict0_carry/CO[7]
                         net (fo=1, routed)           0.026     5.815    BASIC_i/Core_RV32I/RV32I_EX/branch_0/inst/ex_mispredict0_carry_n_0
    SLICE_X54Y228        CARRY8 (Prop_CARRY8_SLICEM_CI_CO[2])
                                                      0.057     5.872 r  BASIC_i/Core_RV32I/RV32I_EX/branch_0/inst/ex_mispredict0_carry__0/CO[2]
                         net (fo=34, routed)          0.269     6.141    BASIC_i/Core_RV32I/RV32I_EX/branch_0/inst/ex_mispredict0
    SLICE_X52Y228        LUT6 (Prop_A6LUT_SLICEL_I5_O)
                                                      0.035     6.176 r  BASIC_i/Core_RV32I/RV32I_EX/branch_0/inst/ex_flush_req_INST_0/O
                         net (fo=4, routed)           0.105     6.281    BASIC_i/Core_RV32I/priority_branch_OR_l_0/ex_flush_req
    SLICE_X52Y229        LUT3 (Prop_H6LUT_SLICEL_I1_O)
                                                      0.036     6.317 r  BASIC_i/Core_RV32I/priority_branch_OR_l_0/id_ex_flush_final_INST_0/O
                         net (fo=1, routed)           0.129     6.446    BASIC_i/Core_RV32I/RV32I_ID/id_ex_reg/inst/bubble
    SLICE_X51Y229        LUT2 (Prop_G6LUT_SLICEL_I1_O)
                                                      0.050     6.496 r  BASIC_i/Core_RV32I/RV32I_ID/id_ex_reg/inst/ex_valid_i_1/O
                         net (fo=283, routed)         0.658     7.154    BASIC_i/Core_RV32I/RV32I_ID/id_ex_reg/inst/ex_valid_i_1_n_0
    SLICE_X48Y226        FDRE                                         r  BASIC_i/Core_RV32I/RV32I_ID/id_ex_reg/inst/ex_pc_plus4_reg[18]/R
  -------------------------------------------------------------------    -------------------

                         (clock clk_pl_0 rise edge)
                                                      5.250     5.250 r  
    PS8_X0Y0             PS8                          0.000     5.250 r  BASIC_i/zynq_ultra_ps_e_0/inst/PS8_i/PLCLK[0]
                         net (fo=1, routed)           0.135     5.385    BASIC_i/zynq_ultra_ps_e_0/inst/pl_clk_unbuffered[0]
    BUFG_PS_X0Y77        BUFG_PS (Prop_BUFG_PS_I_O)
                                                      0.025     5.410 r  BASIC_i/zynq_ultra_ps_e_0/inst/buffer_pl_clk_0.PL_CLK_0_BUFG/O
    X1Y2 (CLOCK_ROOT)    net (fo=6574, routed)        1.910     7.320    BASIC_i/Core_RV32I/RV32I_ID/id_ex_reg/inst/clk
    SLICE_X48Y226        FDRE                                         r  BASIC_i/Core_RV32I/RV32I_ID/id_ex_reg/inst/ex_pc_plus4_reg[18]/C
                         clock pessimism              0.192     7.512    
                         clock uncertainty           -0.119     7.393    
    SLICE_X48Y226        FDRE (Setup_CFF_SLICEL_C_R)
                                                     -0.074     7.319    BASIC_i/Core_RV32I/RV32I_ID/id_ex_reg/inst/ex_pc_plus4_reg[18]
  -------------------------------------------------------------------
                         required time                          7.319    
                         arrival time                          -7.154    
  -------------------------------------------------------------------
                         slack                                  0.165    

Slack (MET) :             0.165ns  (required time - arrival time)
  Source:                 BASIC_i/Core_RV32I/RV32I_MEM/mem_wb_reg_0/inst/wb_rd_reg[0]/C
                            (rising edge-triggered cell FDRE clocked by clk_pl_0  {rise@0.000ns fall@2.625ns period=5.250ns})
  Destination:            BASIC_i/Core_RV32I/RV32I_ID/id_ex_reg/inst/ex_pc_reg[27]/R
                            (rising edge-triggered cell FDRE clocked by clk_pl_0  {rise@0.000ns fall@2.625ns period=5.250ns})
  Path Group:             clk_pl_0
  Path Type:              Setup (Max at Slow Process Corner)
  Requirement:            5.250ns  (clk_pl_0 rise@5.250ns - clk_pl_0 rise@0.000ns)
  Data Path Delay:        4.787ns  (logic 1.613ns (33.695%)  route 3.174ns (66.305%))
  Logic Levels:           17  (CARRY8=4 LUT2=2 LUT3=2 LUT5=3 LUT6=6)
  Clock Path Skew:        -0.105ns (DCD - SCD + CPR)
    Destination Clock Delay (DCD):    2.070ns = ( 7.320 - 5.250 ) 
    Source Clock Delay      (SCD):    2.367ns
    Clock Pessimism Removal (CPR):    0.192ns
  Clock Uncertainty:      0.119ns  ((TSJ^2 + DJ^2)^1/2) / 2 + PE
    Total System Jitter     (TSJ):    0.071ns
    Discrete Jitter          (DJ):    0.228ns
    Phase Error              (PE):    0.000ns
  Clock Net Delay (Source):      2.168ns (routing 0.998ns, distribution 1.170ns)
  Clock Net Delay (Destination): 1.910ns (routing 0.905ns, distribution 1.005ns)

    Location             Delay type                Incr(ns)  Path(ns)    Netlist Resource(s)
  -------------------------------------------------------------------    -------------------
                         (clock clk_pl_0 rise edge)
                                                      0.000     0.000 r  
    PS8_X0Y0             PS8                          0.000     0.000 r  BASIC_i/zynq_ultra_ps_e_0/inst/PS8_i/PLCLK[0]
                         net (fo=1, routed)           0.171     0.171    BASIC_i/zynq_ultra_ps_e_0/inst/pl_clk_unbuffered[0]
    BUFG_PS_X0Y77        BUFG_PS (Prop_BUFG_PS_I_O)
                                                      0.028     0.199 r  BASIC_i/zynq_ultra_ps_e_0/inst/buffer_pl_clk_0.PL_CLK_0_BUFG/O
    X1Y2 (CLOCK_ROOT)    net (fo=6574, routed)        2.168     2.367    BASIC_i/Core_RV32I/RV32I_MEM/mem_wb_reg_0/inst/clk
    SLICE_X52Y217        FDRE                                         r  BASIC_i/Core_RV32I/RV32I_MEM/mem_wb_reg_0/inst/wb_rd_reg[0]/C
  -------------------------------------------------------------------    -------------------
    SLICE_X52Y217        FDRE (Prop_DFF2_SLICEL_C_Q)
                                                      0.081     2.448 r  BASIC_i/Core_RV32I/RV32I_MEM/mem_wb_reg_0/inst/wb_rd_reg[0]/Q
                         net (fo=5, routed)           0.247     2.695    BASIC_i/Core_RV32I/RV32I_MEM/regfile_we_gen_0/inst/wb_rd[0]
    SLICE_X52Y217        LUT6 (Prop_F6LUT_SLICEL_I2_O)
                                                      0.123     2.818 r  BASIC_i/Core_RV32I/RV32I_MEM/regfile_we_gen_0/inst/regfile_we_INST_0_i_1/O
                         net (fo=1, routed)           0.040     2.858    BASIC_i/Core_RV32I/RV32I_MEM/regfile_we_gen_0/inst/regfile_we_INST_0_i_1_n_0
    SLICE_X52Y217        LUT2 (Prop_E6LUT_SLICEL_I1_O)
                                                      0.090     2.948 r  BASIC_i/Core_RV32I/RV32I_MEM/regfile_we_gen_0/inst/regfile_we_INST_0/O
                         net (fo=3, routed)           0.148     3.096    BASIC_i/Core_RV32I/RV32I_EX/forwarding_0/wb_rd_we
    SLICE_X52Y218        LUT5 (Prop_F6LUT_SLICEL_I4_O)
                                                      0.089     3.185 r  BASIC_i/Core_RV32I/RV32I_EX/forwarding_0/forward_a[1]_INST_0_i_3/O
                         net (fo=2, routed)           0.144     3.329    BASIC_i/Core_RV32I/RV32I_EX/forwarding_0/inst/p_0_in9_out
    SLICE_X52Y221        LUT3 (Prop_F6LUT_SLICEL_I1_O)
                                                      0.097     3.426 r  BASIC_i/Core_RV32I/RV32I_EX/forwarding_0/forward_a[0]_INST_0/O
                         net (fo=32, routed)          0.293     3.719    BASIC_i/Core_RV32I/RV32I_EX/forward_mux_0/inst/forward_sel[0]
    SLICE_X54Y220        LUT6 (Prop_C6LUT_SLICEM_I4_O)
                                                      0.098     3.817 r  BASIC_i/Core_RV32I/RV32I_EX/forward_mux_0/inst/out_data[6]_INST_0/O
                         net (fo=12, routed)          0.336     4.153    BASIC_i/Core_RV32I/RV32I_EX/branch_0/ex_rs1_data[6]
    SLICE_X56Y223        LUT6 (Prop_C6LUT_SLICEL_I2_O)
                                                      0.146     4.299 r  BASIC_i/Core_RV32I/RV32I_EX/branch_0/branch_taken_INST_0_i_26/O
                         net (fo=1, routed)           0.010     4.309    BASIC_i/Core_RV32I/RV32I_EX/branch_0/branch_taken_INST_0_i_26_n_0
    SLICE_X56Y223        CARRY8 (Prop_CARRY8_SLICEL_S[2]_CO[7])
                                                      0.155     4.464 f  BASIC_i/Core_RV32I/RV32I_EX/branch_0/branch_taken_INST_0_i_9/CO[7]
                         net (fo=1, routed)           0.026     4.490    BASIC_i/Core_RV32I/RV32I_EX/branch_0/branch_taken_INST_0_i_9_n_0
    SLICE_X56Y224        CARRY8 (Prop_CARRY8_SLICEL_CI_CO[2])
                                                      0.057     4.547 f  BASIC_i/Core_RV32I/RV32I_EX/branch_0/branch_taken_INST_0_i_4/CO[2]
                         net (fo=1, routed)           0.176     4.723    BASIC_i/Core_RV32I/RV32I_EX/branch_0/inst/ex_exception_valid_INST_0_i_1_0[0]
    SLICE_X57Y225        LUT5 (Prop_E6LUT_SLICEL_I4_O)
                                                      0.123     4.846 r  BASIC_i/Core_RV32I/RV32I_EX/branch_0/inst/branch_taken_INST_0_i_2/O
                         net (fo=1, routed)           0.095     4.941    BASIC_i/Core_RV32I/RV32I_EX/branch_0/inst/branch_taken_INST_0_i_2_n_0
    SLICE_X57Y227        LUT5 (Prop_A6LUT_SLICEL_I3_O)
                                                      0.090     5.031 r  BASIC_i/Core_RV32I/RV32I_EX/branch_0/inst/ex_exception_valid_INST_0_i_1/O
                         net (fo=67, routed)          0.148     5.179    BASIC_i/Core_RV32I/RV32I_EX/branch_0/inst/ex_exception_valid_INST_0_i_1_n_0
    SLICE_X57Y226        LUT6 (Prop_C6LUT_SLICEL_I4_O)
                                                      0.035     5.214 r  BASIC_i/Core_RV32I/RV32I_EX/branch_0/inst/pc_redirect_target[10]_INST_0_i_1/O
                         net (fo=2, routed)           0.299     5.513    BASIC_i/Core_RV32I/RV32I_EX/branch_0/inst/pc_redirect_target[10]_INST_0_i_1_n_0
    SLICE_X54Y227        LUT6 (Prop_D6LUT_SLICEM_I0_O)
                                                      0.088     5.601 r  BASIC_i/Core_RV32I/RV32I_EX/branch_0/inst/ex_mispredict0_carry_i_5/O
                         net (fo=1, routed)           0.025     5.626    BASIC_i/Core_RV32I/RV32I_EX/branch_0/inst/ex_mispredict0_carry_i_5_n_0
    SLICE_X54Y227        CARRY8 (Prop_CARRY8_SLICEM_S[3]_CO[7])
                                                      0.163     5.789 r  BASIC_i/Core_RV32I/RV32I_EX/branch_0/inst/ex_mispredict0_carry/CO[7]
                         net (fo=1, routed)           0.026     5.815    BASIC_i/Core_RV32I/RV32I_EX/branch_0/inst/ex_mispredict0_carry_n_0
    SLICE_X54Y228        CARRY8 (Prop_CARRY8_SLICEM_CI_CO[2])
                                                      0.057     5.872 r  BASIC_i/Core_RV32I/RV32I_EX/branch_0/inst/ex_mispredict0_carry__0/CO[2]
                         net (fo=34, routed)          0.269     6.141    BASIC_i/Core_RV32I/RV32I_EX/branch_0/inst/ex_mispredict0
    SLICE_X52Y228        LUT6 (Prop_A6LUT_SLICEL_I5_O)
                                                      0.035     6.176 r  BASIC_i/Core_RV32I/RV32I_EX/branch_0/inst/ex_flush_req_INST_0/O
                         net (fo=4, routed)           0.105     6.281    BASIC_i/Core_RV32I/priority_branch_OR_l_0/ex_flush_req
    SLICE_X52Y229        LUT3 (Prop_H6LUT_SLICEL_I1_O)
                                                      0.036     6.317 r  BASIC_i/Core_RV32I/priority_branch_OR_l_0/id_ex_flush_final_INST_0/O
                         net (fo=1, routed)           0.129     6.446    BASIC_i/Core_RV32I/RV32I_ID/id_ex_reg/inst/bubble
    SLICE_X51Y229        LUT2 (Prop_G6LUT_SLICEL_I1_O)
                                                      0.050     6.496 r  BASIC_i/Core_RV32I/RV32I_ID/id_ex_reg/inst/ex_valid_i_1/O
                         net (fo=283, routed)         0.658     7.154    BASIC_i/Core_RV32I/RV32I_ID/id_ex_reg/inst/ex_valid_i_1_n_0
    SLICE_X48Y226        FDRE                                         r  BASIC_i/Core_RV32I/RV32I_ID/id_ex_reg/inst/ex_pc_reg[27]/R
  -------------------------------------------------------------------    -------------------

                         (clock clk_pl_0 rise edge)
                                                      5.250     5.250 r  
    PS8_X0Y0             PS8                          0.000     5.250 r  BASIC_i/zynq_ultra_ps_e_0/inst/PS8_i/PLCLK[0]
                         net (fo=1, routed)           0.135     5.385    BASIC_i/zynq_ultra_ps_e_0/inst/pl_clk_unbuffered[0]
    BUFG_PS_X0Y77        BUFG_PS (Prop_BUFG_PS_I_O)
                                                      0.025     5.410 r  BASIC_i/zynq_ultra_ps_e_0/inst/buffer_pl_clk_0.PL_CLK_0_BUFG/O
    X1Y2 (CLOCK_ROOT)    net (fo=6574, routed)        1.910     7.320    BASIC_i/Core_RV32I/RV32I_ID/id_ex_reg/inst/clk
    SLICE_X48Y226        FDRE                                         r  BASIC_i/Core_RV32I/RV32I_ID/id_ex_reg/inst/ex_pc_reg[27]/C
                         clock pessimism              0.192     7.512    
                         clock uncertainty           -0.119     7.393    
    SLICE_X48Y226        FDRE (Setup_DFF_SLICEL_C_R)
                                                     -0.074     7.319    BASIC_i/Core_RV32I/RV32I_ID/id_ex_reg/inst/ex_pc_reg[27]
  -------------------------------------------------------------------
                         required time                          7.319    
                         arrival time                          -7.154    
  -------------------------------------------------------------------
                         slack                                  0.165    

Slack (MET) :             0.168ns  (required time - arrival time)
  Source:                 BASIC_i/Core_RV32I/RV32I_MEM/mem_wb_reg_0/inst/wb_rd_reg[0]/C
                            (rising edge-triggered cell FDRE clocked by clk_pl_0  {rise@0.000ns fall@2.625ns period=5.250ns})
  Destination:            BASIC_i/Core_RV32I/RV32I_ID/id_ex_reg/inst/ex_pred_next_pc_reg[10]/R
                            (rising edge-triggered cell FDRE clocked by clk_pl_0  {rise@0.000ns fall@2.625ns period=5.250ns})
  Path Group:             clk_pl_0
  Path Type:              Setup (Max at Slow Process Corner)
  Requirement:            5.250ns  (clk_pl_0 rise@5.250ns - clk_pl_0 rise@0.000ns)
  Data Path Delay:        4.786ns  (logic 1.613ns (33.702%)  route 3.173ns (66.298%))
  Logic Levels:           17  (CARRY8=4 LUT2=2 LUT3=2 LUT5=3 LUT6=6)
  Clock Path Skew:        -0.103ns (DCD - SCD + CPR)
    Destination Clock Delay (DCD):    2.072ns = ( 7.322 - 5.250 ) 
    Source Clock Delay      (SCD):    2.367ns
    Clock Pessimism Removal (CPR):    0.192ns
  Clock Uncertainty:      0.119ns  ((TSJ^2 + DJ^2)^1/2) / 2 + PE
    Total System Jitter     (TSJ):    0.071ns
    Discrete Jitter          (DJ):    0.228ns
    Phase Error              (PE):    0.000ns
  Clock Net Delay (Source):      2.168ns (routing 0.998ns, distribution 1.170ns)
  Clock Net Delay (Destination): 1.912ns (routing 0.905ns, distribution 1.007ns)

    Location             Delay type                Incr(ns)  Path(ns)    Netlist Resource(s)
  -------------------------------------------------------------------    -------------------
                         (clock clk_pl_0 rise edge)
                                                      0.000     0.000 r  
    PS8_X0Y0             PS8                          0.000     0.000 r  BASIC_i/zynq_ultra_ps_e_0/inst/PS8_i/PLCLK[0]
                         net (fo=1, routed)           0.171     0.171    BASIC_i/zynq_ultra_ps_e_0/inst/pl_clk_unbuffered[0]
    BUFG_PS_X0Y77        BUFG_PS (Prop_BUFG_PS_I_O)
                                                      0.028     0.199 r  BASIC_i/zynq_ultra_ps_e_0/inst/buffer_pl_clk_0.PL_CLK_0_BUFG/O
    X1Y2 (CLOCK_ROOT)    net (fo=6574, routed)        2.168     2.367    BASIC_i/Core_RV32I/RV32I_MEM/mem_wb_reg_0/inst/clk
    SLICE_X52Y217        FDRE                                         r  BASIC_i/Core_RV32I/RV32I_MEM/mem_wb_reg_0/inst/wb_rd_reg[0]/C
  -------------------------------------------------------------------    -------------------
    SLICE_X52Y217        FDRE (Prop_DFF2_SLICEL_C_Q)
                                                      0.081     2.448 r  BASIC_i/Core_RV32I/RV32I_MEM/mem_wb_reg_0/inst/wb_rd_reg[0]/Q
                         net (fo=5, routed)           0.247     2.695    BASIC_i/Core_RV32I/RV32I_MEM/regfile_we_gen_0/inst/wb_rd[0]
    SLICE_X52Y217        LUT6 (Prop_F6LUT_SLICEL_I2_O)
                                                      0.123     2.818 r  BASIC_i/Core_RV32I/RV32I_MEM/regfile_we_gen_0/inst/regfile_we_INST_0_i_1/O
                         net (fo=1, routed)           0.040     2.858    BASIC_i/Core_RV32I/RV32I_MEM/regfile_we_gen_0/inst/regfile_we_INST_0_i_1_n_0
    SLICE_X52Y217        LUT2 (Prop_E6LUT_SLICEL_I1_O)
                                                      0.090     2.948 r  BASIC_i/Core_RV32I/RV32I_MEM/regfile_we_gen_0/inst/regfile_we_INST_0/O
                         net (fo=3, routed)           0.148     3.096    BASIC_i/Core_RV32I/RV32I_EX/forwarding_0/wb_rd_we
    SLICE_X52Y218        LUT5 (Prop_F6LUT_SLICEL_I4_O)
                                                      0.089     3.185 r  BASIC_i/Core_RV32I/RV32I_EX/forwarding_0/forward_a[1]_INST_0_i_3/O
                         net (fo=2, routed)           0.144     3.329    BASIC_i/Core_RV32I/RV32I_EX/forwarding_0/inst/p_0_in9_out
    SLICE_X52Y221        LUT3 (Prop_F6LUT_SLICEL_I1_O)
                                                      0.097     3.426 r  BASIC_i/Core_RV32I/RV32I_EX/forwarding_0/forward_a[0]_INST_0/O
                         net (fo=32, routed)          0.293     3.719    BASIC_i/Core_RV32I/RV32I_EX/forward_mux_0/inst/forward_sel[0]
    SLICE_X54Y220        LUT6 (Prop_C6LUT_SLICEM_I4_O)
                                                      0.098     3.817 r  BASIC_i/Core_RV32I/RV32I_EX/forward_mux_0/inst/out_data[6]_INST_0/O
                         net (fo=12, routed)          0.336     4.153    BASIC_i/Core_RV32I/RV32I_EX/branch_0/ex_rs1_data[6]
    SLICE_X56Y223        LUT6 (Prop_C6LUT_SLICEL_I2_O)
                                                      0.146     4.299 r  BASIC_i/Core_RV32I/RV32I_EX/branch_0/branch_taken_INST_0_i_26/O
                         net (fo=1, routed)           0.010     4.309    BASIC_i/Core_RV32I/RV32I_EX/branch_0/branch_taken_INST_0_i_26_n_0
    SLICE_X56Y223        CARRY8 (Prop_CARRY8_SLICEL_S[2]_CO[7])
                                                      0.155     4.464 f  BASIC_i/Core_RV32I/RV32I_EX/branch_0/branch_taken_INST_0_i_9/CO[7]
                         net (fo=1, routed)           0.026     4.490    BASIC_i/Core_RV32I/RV32I_EX/branch_0/branch_taken_INST_0_i_9_n_0
    SLICE_X56Y224        CARRY8 (Prop_CARRY8_SLICEL_CI_CO[2])
                                                      0.057     4.547 f  BASIC_i/Core_RV32I/RV32I_EX/branch_0/branch_taken_INST_0_i_4/CO[2]
                         net (fo=1, routed)           0.176     4.723    BASIC_i/Core_RV32I/RV32I_EX/branch_0/inst/ex_exception_valid_INST_0_i_1_0[0]
    SLICE_X57Y225        LUT5 (Prop_E6LUT_SLICEL_I4_O)
                                                      0.123     4.846 r  BASIC_i/Core_RV32I/RV32I_EX/branch_0/inst/branch_taken_INST_0_i_2/O
                         net (fo=1, routed)           0.095     4.941    BASIC_i/Core_RV32I/RV32I_EX/branch_0/inst/branch_taken_INST_0_i_2_n_0
    SLICE_X57Y227        LUT5 (Prop_A6LUT_SLICEL_I3_O)
                                                      0.090     5.031 r  BASIC_i/Core_RV32I/RV32I_EX/branch_0/inst/ex_exception_valid_INST_0_i_1/O
                         net (fo=67, routed)          0.148     5.179    BASIC_i/Core_RV32I/RV32I_EX/branch_0/inst/ex_exception_valid_INST_0_i_1_n_0
    SLICE_X57Y226        LUT6 (Prop_C6LUT_SLICEL_I4_O)
                                                      0.035     5.214 r  BASIC_i/Core_RV32I/RV32I_EX/branch_0/inst/pc_redirect_target[10]_INST_0_i_1/O
                         net (fo=2, routed)           0.299     5.513    BASIC_i/Core_RV32I/RV32I_EX/branch_0/inst/pc_redirect_target[10]_INST_0_i_1_n_0
    SLICE_X54Y227        LUT6 (Prop_D6LUT_SLICEM_I0_O)
                                                      0.088     5.601 r  BASIC_i/Core_RV32I/RV32I_EX/branch_0/inst/ex_mispredict0_carry_i_5/O
                         net (fo=1, routed)           0.025     5.626    BASIC_i/Core_RV32I/RV32I_EX/branch_0/inst/ex_mispredict0_carry_i_5_n_0
    SLICE_X54Y227        CARRY8 (Prop_CARRY8_SLICEM_S[3]_CO[7])
                                                      0.163     5.789 r  BASIC_i/Core_RV32I/RV32I_EX/branch_0/inst/ex_mispredict0_carry/CO[7]
                         net (fo=1, routed)           0.026     5.815    BASIC_i/Core_RV32I/RV32I_EX/branch_0/inst/ex_mispredict0_carry_n_0
    SLICE_X54Y228        CARRY8 (Prop_CARRY8_SLICEM_CI_CO[2])
                                                      0.057     5.872 r  BASIC_i/Core_RV32I/RV32I_EX/branch_0/inst/ex_mispredict0_carry__0/CO[2]
                         net (fo=34, routed)          0.269     6.141    BASIC_i/Core_RV32I/RV32I_EX/branch_0/inst/ex_mispredict0
    SLICE_X52Y228        LUT6 (Prop_A6LUT_SLICEL_I5_O)
                                                      0.035     6.176 r  BASIC_i/Core_RV32I/RV32I_EX/branch_0/inst/ex_flush_req_INST_0/O
                         net (fo=4, routed)           0.105     6.281    BASIC_i/Core_RV32I/priority_branch_OR_l_0/ex_flush_req
    SLICE_X52Y229        LUT3 (Prop_H6LUT_SLICEL_I1_O)
                                                      0.036     6.317 r  BASIC_i/Core_RV32I/priority_branch_OR_l_0/id_ex_flush_final_INST_0/O
                         net (fo=1, routed)           0.129     6.446    BASIC_i/Core_RV32I/RV32I_ID/id_ex_reg/inst/bubble
    SLICE_X51Y229        LUT2 (Prop_G6LUT_SLICEL_I1_O)
                                                      0.050     6.496 r  BASIC_i/Core_RV32I/RV32I_ID/id_ex_reg/inst/ex_valid_i_1/O
                         net (fo=283, routed)         0.657     7.153    BASIC_i/Core_RV32I/RV32I_ID/id_ex_reg/inst/ex_valid_i_1_n_0
    SLICE_X48Y226        FDRE                                         r  BASIC_i/Core_RV32I/RV32I_ID/id_ex_reg/inst/ex_pred_next_pc_reg[10]/R
  -------------------------------------------------------------------    -------------------

                         (clock clk_pl_0 rise edge)
                                                      5.250     5.250 r  
    PS8_X0Y0             PS8                          0.000     5.250 r  BASIC_i/zynq_ultra_ps_e_0/inst/PS8_i/PLCLK[0]
                         net (fo=1, routed)           0.135     5.385    BASIC_i/zynq_ultra_ps_e_0/inst/pl_clk_unbuffered[0]
    BUFG_PS_X0Y77        BUFG_PS (Prop_BUFG_PS_I_O)
                                                      0.025     5.410 r  BASIC_i/zynq_ultra_ps_e_0/inst/buffer_pl_clk_0.PL_CLK_0_BUFG/O
    X1Y2 (CLOCK_ROOT)    net (fo=6574, routed)        1.912     7.322    BASIC_i/Core_RV32I/RV32I_ID/id_ex_reg/inst/clk
    SLICE_X48Y226        FDRE                                         r  BASIC_i/Core_RV32I/RV32I_ID/id_ex_reg/inst/ex_pred_next_pc_reg[10]/C
                         clock pessimism              0.192     7.514    
                         clock uncertainty           -0.119     7.395    
    SLICE_X48Y226        FDRE (Setup_HFF_SLICEL_C_R)
                                                     -0.074     7.321    BASIC_i/Core_RV32I/RV32I_ID/id_ex_reg/inst/ex_pred_next_pc_reg[10]
  -------------------------------------------------------------------
                         required time                          7.321    
                         arrival time                          -7.153    
  -------------------------------------------------------------------
                         slack                                  0.168    

Slack (MET) :             0.220ns  (required time - arrival time)
  Source:                 BASIC_i/Core_RV32I/RV32I_MEM/mem_wb_reg_0/inst/wb_rd_reg[0]/C
                            (rising edge-triggered cell FDRE clocked by clk_pl_0  {rise@0.000ns fall@2.625ns period=5.250ns})
  Destination:            BASIC_i/Core_RV32I/RV32I_IF/branch_predictor_btb_0/inst/bht_ctr_reg[56][1]/D
                            (rising edge-triggered cell FDRE clocked by clk_pl_0  {rise@0.000ns fall@2.625ns period=5.250ns})
  Path Group:             clk_pl_0
  Path Type:              Setup (Max at Slow Process Corner)
  Requirement:            5.250ns  (clk_pl_0 rise@5.250ns - clk_pl_0 rise@0.000ns)
  Data Path Delay:        4.740ns  (logic 1.289ns (27.194%)  route 3.451ns (72.806%))
  Logic Levels:           12  (CARRY8=2 LUT2=1 LUT3=3 LUT5=3 LUT6=3)
  Clock Path Skew:        -0.196ns (DCD - SCD + CPR)
    Destination Clock Delay (DCD):    1.982ns = ( 7.232 - 5.250 ) 
    Source Clock Delay      (SCD):    2.367ns
    Clock Pessimism Removal (CPR):    0.189ns
  Clock Uncertainty:      0.119ns  ((TSJ^2 + DJ^2)^1/2) / 2 + PE
    Total System Jitter     (TSJ):    0.071ns
    Discrete Jitter          (DJ):    0.228ns
    Phase Error              (PE):    0.000ns
  Clock Net Delay (Source):      2.168ns (routing 0.998ns, distribution 1.170ns)
  Clock Net Delay (Destination): 1.822ns (routing 0.905ns, distribution 0.917ns)

    Location             Delay type                Incr(ns)  Path(ns)    Netlist Resource(s)
  -------------------------------------------------------------------    -------------------
                         (clock clk_pl_0 rise edge)
                                                      0.000     0.000 r  
    PS8_X0Y0             PS8                          0.000     0.000 r  BASIC_i/zynq_ultra_ps_e_0/inst/PS8_i/PLCLK[0]
                         net (fo=1, routed)           0.171     0.171    BASIC_i/zynq_ultra_ps_e_0/inst/pl_clk_unbuffered[0]
    BUFG_PS_X0Y77        BUFG_PS (Prop_BUFG_PS_I_O)
                                                      0.028     0.199 r  BASIC_i/zynq_ultra_ps_e_0/inst/buffer_pl_clk_0.PL_CLK_0_BUFG/O
    X1Y2 (CLOCK_ROOT)    net (fo=6574, routed)        2.168     2.367    BASIC_i/Core_RV32I/RV32I_MEM/mem_wb_reg_0/inst/clk
    SLICE_X52Y217        FDRE                                         r  BASIC_i/Core_RV32I/RV32I_MEM/mem_wb_reg_0/inst/wb_rd_reg[0]/C
  -------------------------------------------------------------------    -------------------
    SLICE_X52Y217        FDRE (Prop_DFF2_SLICEL_C_Q)
                                                      0.081     2.448 r  BASIC_i/Core_RV32I/RV32I_MEM/mem_wb_reg_0/inst/wb_rd_reg[0]/Q
                         net (fo=5, routed)           0.247     2.695    BASIC_i/Core_RV32I/RV32I_MEM/regfile_we_gen_0/inst/wb_rd[0]
    SLICE_X52Y217        LUT6 (Prop_F6LUT_SLICEL_I2_O)
                                                      0.123     2.818 r  BASIC_i/Core_RV32I/RV32I_MEM/regfile_we_gen_0/inst/regfile_we_INST_0_i_1/O
                         net (fo=1, routed)           0.040     2.858    BASIC_i/Core_RV32I/RV32I_MEM/regfile_we_gen_0/inst/regfile_we_INST_0_i_1_n_0
    SLICE_X52Y217        LUT2 (Prop_E6LUT_SLICEL_I1_O)
                                                      0.090     2.948 r  BASIC_i/Core_RV32I/RV32I_MEM/regfile_we_gen_0/inst/regfile_we_INST_0/O
                         net (fo=3, routed)           0.148     3.096    BASIC_i/Core_RV32I/RV32I_EX/forwarding_0/wb_rd_we
    SLICE_X52Y218        LUT5 (Prop_F6LUT_SLICEL_I4_O)
                                                      0.089     3.185 r  BASIC_i/Core_RV32I/RV32I_EX/forwarding_0/forward_a[1]_INST_0_i_3/O
                         net (fo=2, routed)           0.144     3.329    BASIC_i/Core_RV32I/RV32I_EX/forwarding_0/inst/p_0_in9_out
    SLICE_X52Y221        LUT3 (Prop_F6LUT_SLICEL_I1_O)
                                                      0.097     3.426 r  BASIC_i/Core_RV32I/RV32I_EX/forwarding_0/forward_a[0]_INST_0/O
                         net (fo=32, routed)          0.293     3.719    BASIC_i/Core_RV32I/RV32I_EX/forward_mux_0/inst/forward_sel[0]
    SLICE_X54Y220        LUT6 (Prop_C6LUT_SLICEM_I4_O)
                                                      0.098     3.817 r  BASIC_i/Core_RV32I/RV32I_EX/forward_mux_0/inst/out_data[6]_INST_0/O
                         net (fo=12, routed)          0.336     4.153    BASIC_i/Core_RV32I/RV32I_EX/branch_0/ex_rs1_data[6]
    SLICE_X56Y223        LUT6 (Prop_C6LUT_SLICEL_I2_O)
                                                      0.146     4.299 r  BASIC_i/Core_RV32I/RV32I_EX/branch_0/branch_taken_INST_0_i_26/O
                         net (fo=1, routed)           0.010     4.309    BASIC_i/Core_RV32I/RV32I_EX/branch_0/branch_taken_INST_0_i_26_n_0
    SLICE_X56Y223        CARRY8 (Prop_CARRY8_SLICEL_S[2]_CO[7])
                                                      0.155     4.464 r  BASIC_i/Core_RV32I/RV32I_EX/branch_0/branch_taken_INST_0_i_9/CO[7]
                         net (fo=1, routed)           0.026     4.490    BASIC_i/Core_RV32I/RV32I_EX/branch_0/branch_taken_INST_0_i_9_n_0
    SLICE_X56Y224        CARRY8 (Prop_CARRY8_SLICEL_CI_CO[2])
                                                      0.057     4.547 r  BASIC_i/Core_RV32I/RV32I_EX/branch_0/branch_taken_INST_0_i_4/CO[2]
                         net (fo=1, routed)           0.176     4.723    BASIC_i/Core_RV32I/RV32I_EX/branch_0/inst/ex_exception_valid_INST_0_i_1_0[0]
    SLICE_X57Y225        LUT5 (Prop_E6LUT_SLICEL_I4_O)
                                                      0.123     4.846 f  BASIC_i/Core_RV32I/RV32I_EX/branch_0/inst/branch_taken_INST_0_i_2/O
                         net (fo=1, routed)           0.095     4.941    BASIC_i/Core_RV32I/RV32I_EX/branch_0/inst/branch_taken_INST_0_i_2_n_0
    SLICE_X57Y227        LUT5 (Prop_A6LUT_SLICEL_I3_O)
                                                      0.090     5.031 f  BASIC_i/Core_RV32I/RV32I_EX/branch_0/inst/ex_exception_valid_INST_0_i_1/O
                         net (fo=67, routed)          0.353     5.384    BASIC_i/Core_RV32I/RV32I_EX/branch_0/inst/ex_exception_valid_INST_0_i_1_n_0
    SLICE_X52Y224        LUT3 (Prop_B6LUT_SLICEL_I2_O)
                                                      0.090     5.474 r  BASIC_i/Core_RV32I/RV32I_EX/branch_0/inst/bp_update_taken_INST_0/O
                         net (fo=67, routed)          0.436     5.910    BASIC_i/Core_RV32I/RV32I_IF/branch_predictor_btb_0/inst/update_taken
    SLICE_X52Y198        LUT3 (Prop_D6LUT_SLICEL_I1_O)
                                                      0.050     5.960 r  BASIC_i/Core_RV32I/RV32I_IF/branch_predictor_btb_0/inst/bht_ctr[0][1]_i_2/O
                         net (fo=64, routed)          1.147     7.107    BASIC_i/Core_RV32I/RV32I_IF/branch_predictor_btb_0/inst/bht_ctr[0][1]_i_2_n_0
    SLICE_X40Y189        FDRE                                         r  BASIC_i/Core_RV32I/RV32I_IF/branch_predictor_btb_0/inst/bht_ctr_reg[56][1]/D
  -------------------------------------------------------------------    -------------------

                         (clock clk_pl_0 rise edge)
                                                      5.250     5.250 r  
    PS8_X0Y0             PS8                          0.000     5.250 r  BASIC_i/zynq_ultra_ps_e_0/inst/PS8_i/PLCLK[0]
                         net (fo=1, routed)           0.135     5.385    BASIC_i/zynq_ultra_ps_e_0/inst/pl_clk_unbuffered[0]
    BUFG_PS_X0Y77        BUFG_PS (Prop_BUFG_PS_I_O)
                                                      0.025     5.410 r  BASIC_i/zynq_ultra_ps_e_0/inst/buffer_pl_clk_0.PL_CLK_0_BUFG/O
    X1Y2 (CLOCK_ROOT)    net (fo=6574, routed)        1.822     7.232    BASIC_i/Core_RV32I/RV32I_IF/branch_predictor_btb_0/inst/clk
    SLICE_X40Y189        FDRE                                         r  BASIC_i/Core_RV32I/RV32I_IF/branch_predictor_btb_0/inst/bht_ctr_reg[56][1]/C
                         clock pessimism              0.189     7.421    
                         clock uncertainty           -0.119     7.302    
    SLICE_X40Y189        FDRE (Setup_DFF_SLICEM_C_D)
                                                      0.025     7.327    BASIC_i/Core_RV32I/RV32I_IF/branch_predictor_btb_0/inst/bht_ctr_reg[56][1]
  -------------------------------------------------------------------
                         required time                          7.327    
                         arrival time                          -7.107    
  -------------------------------------------------------------------
                         slack                                  0.220    

Slack (MET) :             0.224ns  (required time - arrival time)
  Source:                 BASIC_i/Core_RV32I/RV32I_MEM/mem_wb_reg_0/inst/wb_rd_reg[0]/C
                            (rising edge-triggered cell FDRE clocked by clk_pl_0  {rise@0.000ns fall@2.625ns period=5.250ns})
  Destination:            BASIC_i/Core_RV32I/RV32I_IF/pc_unit_0/inst/pc_reg[1]/D
                            (rising edge-triggered cell FDCE clocked by clk_pl_0  {rise@0.000ns fall@2.625ns period=5.250ns})
  Path Group:             clk_pl_0
  Path Type:              Setup (Max at Slow Process Corner)
  Requirement:            5.250ns  (clk_pl_0 rise@5.250ns - clk_pl_0 rise@0.000ns)
  Data Path Delay:        4.863ns  (logic 1.637ns (33.662%)  route 3.226ns (66.338%))
  Logic Levels:           16  (CARRY8=2 LUT2=3 LUT3=2 LUT4=1 LUT5=3 LUT6=5)
  Clock Path Skew:        -0.069ns (DCD - SCD + CPR)
    Destination Clock Delay (DCD):    2.106ns = ( 7.356 - 5.250 ) 
    Source Clock Delay      (SCD):    2.367ns
    Clock Pessimism Removal (CPR):    0.192ns
  Clock Uncertainty:      0.119ns  ((TSJ^2 + DJ^2)^1/2) / 2 + PE
    Total System Jitter     (TSJ):    0.071ns
    Discrete Jitter          (DJ):    0.228ns
    Phase Error              (PE):    0.000ns
  Clock Net Delay (Source):      2.168ns (routing 0.998ns, distribution 1.170ns)
  Clock Net Delay (Destination): 1.946ns (routing 0.905ns, distribution 1.041ns)

    Location             Delay type                Incr(ns)  Path(ns)    Netlist Resource(s)
  -------------------------------------------------------------------    -------------------
                         (clock clk_pl_0 rise edge)
                                                      0.000     0.000 r  
    PS8_X0Y0             PS8                          0.000     0.000 r  BASIC_i/zynq_ultra_ps_e_0/inst/PS8_i/PLCLK[0]
                         net (fo=1, routed)           0.171     0.171    BASIC_i/zynq_ultra_ps_e_0/inst/pl_clk_unbuffered[0]
    BUFG_PS_X0Y77        BUFG_PS (Prop_BUFG_PS_I_O)
                                                      0.028     0.199 r  BASIC_i/zynq_ultra_ps_e_0/inst/buffer_pl_clk_0.PL_CLK_0_BUFG/O
    X1Y2 (CLOCK_ROOT)    net (fo=6574, routed)        2.168     2.367    BASIC_i/Core_RV32I/RV32I_MEM/mem_wb_reg_0/inst/clk
    SLICE_X52Y217        FDRE                                         r  BASIC_i/Core_RV32I/RV32I_MEM/mem_wb_reg_0/inst/wb_rd_reg[0]/C
  -------------------------------------------------------------------    -------------------
    SLICE_X52Y217        FDRE (Prop_DFF2_SLICEL_C_Q)
                                                      0.081     2.448 r  BASIC_i/Core_RV32I/RV32I_MEM/mem_wb_reg_0/inst/wb_rd_reg[0]/Q
                         net (fo=5, routed)           0.247     2.695    BASIC_i/Core_RV32I/RV32I_MEM/regfile_we_gen_0/inst/wb_rd[0]
    SLICE_X52Y217        LUT6 (Prop_F6LUT_SLICEL_I2_O)
                                                      0.123     2.818 r  BASIC_i/Core_RV32I/RV32I_MEM/regfile_we_gen_0/inst/regfile_we_INST_0_i_1/O
                         net (fo=1, routed)           0.040     2.858    BASIC_i/Core_RV32I/RV32I_MEM/regfile_we_gen_0/inst/regfile_we_INST_0_i_1_n_0
    SLICE_X52Y217        LUT2 (Prop_E6LUT_SLICEL_I1_O)
                                                      0.090     2.948 r  BASIC_i/Core_RV32I/RV32I_MEM/regfile_we_gen_0/inst/regfile_we_INST_0/O
                         net (fo=3, routed)           0.148     3.096    BASIC_i/Core_RV32I/RV32I_EX/forwarding_0/wb_rd_we
    SLICE_X52Y218        LUT5 (Prop_F6LUT_SLICEL_I4_O)
                                                      0.089     3.185 r  BASIC_i/Core_RV32I/RV32I_EX/forwarding_0/forward_a[1]_INST_0_i_3/O
                         net (fo=2, routed)           0.144     3.329    BASIC_i/Core_RV32I/RV32I_EX/forwarding_0/inst/p_0_in9_out
    SLICE_X52Y221        LUT3 (Prop_F6LUT_SLICEL_I1_O)
                                                      0.097     3.426 r  BASIC_i/Core_RV32I/RV32I_EX/forwarding_0/forward_a[0]_INST_0/O
                         net (fo=32, routed)          0.293     3.719    BASIC_i/Core_RV32I/RV32I_EX/forward_mux_0/inst/forward_sel[0]
    SLICE_X54Y220        LUT6 (Prop_C6LUT_SLICEM_I4_O)
                                                      0.098     3.817 r  BASIC_i/Core_RV32I/RV32I_EX/forward_mux_0/inst/out_data[6]_INST_0/O
                         net (fo=12, routed)          0.336     4.153    BASIC_i/Core_RV32I/RV32I_EX/branch_0/ex_rs1_data[6]
    SLICE_X56Y223        LUT6 (Prop_C6LUT_SLICEL_I2_O)
                                                      0.146     4.299 r  BASIC_i/Core_RV32I/RV32I_EX/branch_0/branch_taken_INST_0_i_26/O
                         net (fo=1, routed)           0.010     4.309    BASIC_i/Core_RV32I/RV32I_EX/branch_0/branch_taken_INST_0_i_26_n_0
    SLICE_X56Y223        CARRY8 (Prop_CARRY8_SLICEL_S[2]_CO[7])
                                                      0.155     4.464 f  BASIC_i/Core_RV32I/RV32I_EX/branch_0/branch_taken_INST_0_i_9/CO[7]
                         net (fo=1, routed)           0.026     4.490    BASIC_i/Core_RV32I/RV32I_EX/branch_0/branch_taken_INST_0_i_9_n_0
    SLICE_X56Y224        CARRY8 (Prop_CARRY8_SLICEL_CI_CO[2])
                                                      0.057     4.547 f  BASIC_i/Core_RV32I/RV32I_EX/branch_0/branch_taken_INST_0_i_4/CO[2]
                         net (fo=1, routed)           0.176     4.723    BASIC_i/Core_RV32I/RV32I_EX/branch_0/inst/ex_exception_valid_INST_0_i_1_0[0]
    SLICE_X57Y225        LUT5 (Prop_E6LUT_SLICEL_I4_O)
                                                      0.123     4.846 r  BASIC_i/Core_RV32I/RV32I_EX/branch_0/inst/branch_taken_INST_0_i_2/O
                         net (fo=1, routed)           0.095     4.941    BASIC_i/Core_RV32I/RV32I_EX/branch_0/inst/branch_taken_INST_0_i_2_n_0
    SLICE_X57Y227        LUT5 (Prop_A6LUT_SLICEL_I3_O)
                                                      0.090     5.031 r  BASIC_i/Core_RV32I/RV32I_EX/branch_0/inst/ex_exception_valid_INST_0_i_1/O
                         net (fo=67, routed)          0.088     5.119    BASIC_i/Core_RV32I/RV32I_EX/branch_0/inst/ex_exception_valid_INST_0_i_1_n_0
    SLICE_X57Y227        LUT6 (Prop_B6LUT_SLICEL_I5_O)
                                                      0.090     5.209 f  BASIC_i/Core_RV32I/RV32I_EX/branch_0/inst/ex_exception_valid_INST_0/O
                         net (fo=2, routed)           0.097     5.306    BASIC_i/PRIVILEGED/exception_mux_0/ex_exception_valid
    SLICE_X57Y229        LUT2 (Prop_D6LUT_SLICEL_I1_O)
                                                      0.050     5.356 f  BASIC_i/PRIVILEGED/exception_mux_0/exception_valid_INST_0/O
                         net (fo=73, routed)          0.264     5.620    BASIC_i/PRIVILEGED/trap_controller_0/exception_valid
    SLICE_X53Y228        LUT2 (Prop_A5LUT_SLICEM_I0_O)
                                                      0.163     5.783 f  BASIC_i/PRIVILEGED/trap_controller_0/trap_mepc[31]_INST_0_i_2/O
                         net (fo=64, routed)          0.691     6.474    BASIC_i/PRIVILEGED/trap_controller_0/inst/take_exception__0
    SLICE_X48Y229        LUT6 (Prop_G6LUT_SLICEL_I1_O)
                                                      0.050     6.524 r  BASIC_i/PRIVILEGED/trap_controller_0/mret_target[1]_INST_0/O
                         net (fo=1, routed)           0.046     6.570    BASIC_i/PRIVILEGED/privileged_pc_redire_0/inst/mret_target[1]
    SLICE_X48Y229        LUT4 (Prop_E6LUT_SLICEL_I3_O)
                                                      0.099     6.669 r  BASIC_i/PRIVILEGED/privileged_pc_redire_0/inst/priv_redirect_target[1]_INST_0/O
                         net (fo=1, routed)           0.476     7.145    BASIC_i/Core_RV32I/RV32I_IF/pc_unit_0/inst/priv_redirect_target[1]
    SLICE_X51Y231        LUT3 (Prop_D6LUT_SLICEL_I0_O)
                                                      0.036     7.181 r  BASIC_i/Core_RV32I/RV32I_IF/pc_unit_0/inst/pc[1]_i_1/O
                         net (fo=1, routed)           0.049     7.230    BASIC_i/Core_RV32I/RV32I_IF/pc_unit_0/inst/pc_next[1]
    SLICE_X51Y231        FDCE                                         r  BASIC_i/Core_RV32I/RV32I_IF/pc_unit_0/inst/pc_reg[1]/D
  -------------------------------------------------------------------    -------------------

                         (clock clk_pl_0 rise edge)
                                                      5.250     5.250 r  
    PS8_X0Y0             PS8                          0.000     5.250 r  BASIC_i/zynq_ultra_ps_e_0/inst/PS8_i/PLCLK[0]
                         net (fo=1, routed)           0.135     5.385    BASIC_i/zynq_ultra_ps_e_0/inst/pl_clk_unbuffered[0]
    BUFG_PS_X0Y77        BUFG_PS (Prop_BUFG_PS_I_O)
                                                      0.025     5.410 r  BASIC_i/zynq_ultra_ps_e_0/inst/buffer_pl_clk_0.PL_CLK_0_BUFG/O
    X1Y2 (CLOCK_ROOT)    net (fo=6574, routed)        1.946     7.356    BASIC_i/Core_RV32I/RV32I_IF/pc_unit_0/inst/clk
    SLICE_X51Y231        FDCE                                         r  BASIC_i/Core_RV32I/RV32I_IF/pc_unit_0/inst/pc_reg[1]/C
                         clock pessimism              0.192     7.548    
                         clock uncertainty           -0.119     7.429    
    SLICE_X51Y231        FDCE (Setup_DFF_SLICEL_C_D)
                                                      0.025     7.454    BASIC_i/Core_RV32I/RV32I_IF/pc_unit_0/inst/pc_reg[1]
  -------------------------------------------------------------------
                         required time                          7.454    
                         arrival time                          -7.230    
  -------------------------------------------------------------------
                         slack                                  0.224    

Slack (MET) :             0.224ns  (required time - arrival time)
  Source:                 BASIC_i/Core_RV32I/RV32I_MEM/mem_wb_reg_0/inst/wb_rd_reg[0]/C
                            (rising edge-triggered cell FDRE clocked by clk_pl_0  {rise@0.000ns fall@2.625ns period=5.250ns})
  Destination:            BASIC_i/Core_RV32I/RV32I_IF/RV32I_ROM_MEMORY/blk_mem_gen_0/U0/inst_blk_mem_gen/gnbram.gnativebmg.native_blk_mem_gen/valid.cstr/ramloop[0].ram.r/prim_init.ram/DEVICE_8SERIES.NO_BMM_INFO.SP.SIMPLE_PRIM36.ram/ENARDEN
                            (rising edge-triggered cell RAMB36E2 clocked by clk_pl_0  {rise@0.000ns fall@2.625ns period=5.250ns})
  Path Group:             clk_pl_0
  Path Type:              Setup (Max at Slow Process Corner)
  Requirement:            5.250ns  (clk_pl_0 rise@5.250ns - clk_pl_0 rise@0.000ns)
  Data Path Delay:        4.583ns  (logic 1.597ns (34.846%)  route 2.986ns (65.154%))
  Logic Levels:           17  (CARRY8=4 LUT2=2 LUT3=2 LUT5=3 LUT6=6)
  Clock Path Skew:        0.019ns (DCD - SCD + CPR)
    Destination Clock Delay (DCD):    2.140ns = ( 7.390 - 5.250 ) 
    Source Clock Delay      (SCD):    2.367ns
    Clock Pessimism Removal (CPR):    0.246ns
  Clock Uncertainty:      0.119ns  ((TSJ^2 + DJ^2)^1/2) / 2 + PE
    Total System Jitter     (TSJ):    0.071ns
    Discrete Jitter          (DJ):    0.228ns
    Phase Error              (PE):    0.000ns
  Clock Net Delay (Source):      2.168ns (routing 0.998ns, distribution 1.170ns)
  Clock Net Delay (Destination): 1.980ns (routing 0.905ns, distribution 1.075ns)

    Location             Delay type                Incr(ns)  Path(ns)    Netlist Resource(s)
  -------------------------------------------------------------------    -------------------
                         (clock clk_pl_0 rise edge)
                                                      0.000     0.000 r  
    PS8_X0Y0             PS8                          0.000     0.000 r  BASIC_i/zynq_ultra_ps_e_0/inst/PS8_i/PLCLK[0]
                         net (fo=1, routed)           0.171     0.171    BASIC_i/zynq_ultra_ps_e_0/inst/pl_clk_unbuffered[0]
    BUFG_PS_X0Y77        BUFG_PS (Prop_BUFG_PS_I_O)
                                                      0.028     0.199 r  BASIC_i/zynq_ultra_ps_e_0/inst/buffer_pl_clk_0.PL_CLK_0_BUFG/O
    X1Y2 (CLOCK_ROOT)    net (fo=6574, routed)        2.168     2.367    BASIC_i/Core_RV32I/RV32I_MEM/mem_wb_reg_0/inst/clk
    SLICE_X52Y217        FDRE                                         r  BASIC_i/Core_RV32I/RV32I_MEM/mem_wb_reg_0/inst/wb_rd_reg[0]/C
  -------------------------------------------------------------------    -------------------
    SLICE_X52Y217        FDRE (Prop_DFF2_SLICEL_C_Q)
                                                      0.081     2.448 r  BASIC_i/Core_RV32I/RV32I_MEM/mem_wb_reg_0/inst/wb_rd_reg[0]/Q
                         net (fo=5, routed)           0.247     2.695    BASIC_i/Core_RV32I/RV32I_MEM/regfile_we_gen_0/inst/wb_rd[0]
    SLICE_X52Y217        LUT6 (Prop_F6LUT_SLICEL_I2_O)
                                                      0.123     2.818 r  BASIC_i/Core_RV32I/RV32I_MEM/regfile_we_gen_0/inst/regfile_we_INST_0_i_1/O
                         net (fo=1, routed)           0.040     2.858    BASIC_i/Core_RV32I/RV32I_MEM/regfile_we_gen_0/inst/regfile_we_INST_0_i_1_n_0
    SLICE_X52Y217        LUT2 (Prop_E6LUT_SLICEL_I1_O)
                                                      0.090     2.948 r  BASIC_i/Core_RV32I/RV32I_MEM/regfile_we_gen_0/inst/regfile_we_INST_0/O
                         net (fo=3, routed)           0.148     3.096    BASIC_i/Core_RV32I/RV32I_EX/forwarding_0/wb_rd_we
    SLICE_X52Y218        LUT5 (Prop_F6LUT_SLICEL_I4_O)
                                                      0.089     3.185 r  BASIC_i/Core_RV32I/RV32I_EX/forwarding_0/forward_a[1]_INST_0_i_3/O
                         net (fo=2, routed)           0.144     3.329    BASIC_i/Core_RV32I/RV32I_EX/forwarding_0/inst/p_0_in9_out
    SLICE_X52Y221        LUT3 (Prop_F6LUT_SLICEL_I1_O)
                                                      0.097     3.426 r  BASIC_i/Core_RV32I/RV32I_EX/forwarding_0/forward_a[0]_INST_0/O
                         net (fo=32, routed)          0.293     3.719    BASIC_i/Core_RV32I/RV32I_EX/forward_mux_0/inst/forward_sel[0]
    SLICE_X54Y220        LUT6 (Prop_C6LUT_SLICEM_I4_O)
                                                      0.098     3.817 r  BASIC_i/Core_RV32I/RV32I_EX/forward_mux_0/inst/out_data[6]_INST_0/O
                         net (fo=12, routed)          0.336     4.153    BASIC_i/Core_RV32I/RV32I_EX/branch_0/ex_rs1_data[6]
    SLICE_X56Y223        LUT6 (Prop_C6LUT_SLICEL_I2_O)
                                                      0.146     4.299 r  BASIC_i/Core_RV32I/RV32I_EX/branch_0/branch_taken_INST_0_i_26/O
                         net (fo=1, routed)           0.010     4.309    BASIC_i/Core_RV32I/RV32I_EX/branch_0/branch_taken_INST_0_i_26_n_0
    SLICE_X56Y223        CARRY8 (Prop_CARRY8_SLICEL_S[2]_CO[7])
                                                      0.155     4.464 f  BASIC_i/Core_RV32I/RV32I_EX/branch_0/branch_taken_INST_0_i_9/CO[7]
                         net (fo=1, routed)           0.026     4.490    BASIC_i/Core_RV32I/RV32I_EX/branch_0/branch_taken_INST_0_i_9_n_0
    SLICE_X56Y224        CARRY8 (Prop_CARRY8_SLICEL_CI_CO[2])
                                                      0.057     4.547 f  BASIC_i/Core_RV32I/RV32I_EX/branch_0/branch_taken_INST_0_i_4/CO[2]
                         net (fo=1, routed)           0.176     4.723    BASIC_i/Core_RV32I/RV32I_EX/branch_0/inst/ex_exception_valid_INST_0_i_1_0[0]
    SLICE_X57Y225        LUT5 (Prop_E6LUT_SLICEL_I4_O)
                                                      0.123     4.846 r  BASIC_i/Core_RV32I/RV32I_EX/branch_0/inst/branch_taken_INST_0_i_2/O
                         net (fo=1, routed)           0.095     4.941    BASIC_i/Core_RV32I/RV32I_EX/branch_0/inst/branch_taken_INST_0_i_2_n_0
    SLICE_X57Y227        LUT5 (Prop_A6LUT_SLICEL_I3_O)
                                                      0.090     5.031 r  BASIC_i/Core_RV32I/RV32I_EX/branch_0/inst/ex_exception_valid_INST_0_i_1/O
                         net (fo=67, routed)          0.148     5.179    BASIC_i/Core_RV32I/RV32I_EX/branch_0/inst/ex_exception_valid_INST_0_i_1_n_0
    SLICE_X57Y226        LUT6 (Prop_C6LUT_SLICEL_I4_O)
                                                      0.035     5.214 r  BASIC_i/Core_RV32I/RV32I_EX/branch_0/inst/pc_redirect_target[10]_INST_0_i_1/O
                         net (fo=2, routed)           0.299     5.513    BASIC_i/Core_RV32I/RV32I_EX/branch_0/inst/pc_redirect_target[10]_INST_0_i_1_n_0
    SLICE_X54Y227        LUT6 (Prop_D6LUT_SLICEM_I0_O)
                                                      0.088     5.601 r  BASIC_i/Core_RV32I/RV32I_EX/branch_0/inst/ex_mispredict0_carry_i_5/O
                         net (fo=1, routed)           0.025     5.626    BASIC_i/Core_RV32I/RV32I_EX/branch_0/inst/ex_mispredict0_carry_i_5_n_0
    SLICE_X54Y227        CARRY8 (Prop_CARRY8_SLICEM_S[3]_CO[7])
                                                      0.163     5.789 r  BASIC_i/Core_RV32I/RV32I_EX/branch_0/inst/ex_mispredict0_carry/CO[7]
                         net (fo=1, routed)           0.026     5.815    BASIC_i/Core_RV32I/RV32I_EX/branch_0/inst/ex_mispredict0_carry_n_0
    SLICE_X54Y228        CARRY8 (Prop_CARRY8_SLICEM_CI_CO[2])
                                                      0.057     5.872 r  BASIC_i/Core_RV32I/RV32I_EX/branch_0/inst/ex_mispredict0_carry__0/CO[2]
                         net (fo=34, routed)          0.269     6.141    BASIC_i/Core_RV32I/RV32I_EX/branch_0/inst/ex_mispredict0
    SLICE_X52Y228        LUT6 (Prop_A6LUT_SLICEL_I5_O)
                                                      0.035     6.176 r  BASIC_i/Core_RV32I/RV32I_EX/branch_0/inst/ex_flush_req_INST_0/O
                         net (fo=4, routed)           0.048     6.224    BASIC_i/Core_RV32I/priority_branch_OR_l_0/ex_flush_req
    SLICE_X52Y228        LUT3 (Prop_C6LUT_SLICEL_I2_O)
                                                      0.035     6.259 f  BASIC_i/Core_RV32I/priority_branch_OR_l_0/if_id_hold_final_INST_0/O
                         net (fo=1, routed)           0.091     6.350    BASIC_i/Core_RV32I/RV32I_IF/util_vector_or_1/Op2[0]
    SLICE_X52Y230        LUT2 (Prop_A6LUT_SLICEL_I1_O)
                                                      0.035     6.385 r  BASIC_i/Core_RV32I/RV32I_IF/util_vector_or_1/Res[0]_INST_0/O
                         net (fo=230, routed)         0.565     6.950    BASIC_i/Core_RV32I/RV32I_IF/RV32I_ROM_MEMORY/blk_mem_gen_0/U0/inst_blk_mem_gen/gnbram.gnativebmg.native_blk_mem_gen/valid.cstr/ramloop[0].ram.r/prim_init.ram/ena
    RAMB36_X2Y46         RAMB36E2                                     r  BASIC_i/Core_RV32I/RV32I_IF/RV32I_ROM_MEMORY/blk_mem_gen_0/U0/inst_blk_mem_gen/gnbram.gnativebmg.native_blk_mem_gen/valid.cstr/ramloop[0].ram.r/prim_init.ram/DEVICE_8SERIES.NO_BMM_INFO.SP.SIMPLE_PRIM36.ram/ENARDEN
  -------------------------------------------------------------------    -------------------

                         (clock clk_pl_0 rise edge)
                                                      5.250     5.250 r  
    PS8_X0Y0             PS8                          0.000     5.250 r  BASIC_i/zynq_ultra_ps_e_0/inst/PS8_i/PLCLK[0]
                         net (fo=1, routed)           0.135     5.385    BASIC_i/zynq_ultra_ps_e_0/inst/pl_clk_unbuffered[0]
    BUFG_PS_X0Y77        BUFG_PS (Prop_BUFG_PS_I_O)
                                                      0.025     5.410 r  BASIC_i/zynq_ultra_ps_e_0/inst/buffer_pl_clk_0.PL_CLK_0_BUFG/O
    X1Y2 (CLOCK_ROOT)    net (fo=6574, routed)        1.980     7.390    BASIC_i/Core_RV32I/RV32I_IF/RV32I_ROM_MEMORY/blk_mem_gen_0/U0/inst_blk_mem_gen/gnbram.gnativebmg.native_blk_mem_gen/valid.cstr/ramloop[0].ram.r/prim_init.ram/clka
    RAMB36_X2Y46         RAMB36E2                                     r  BASIC_i/Core_RV32I/RV32I_IF/RV32I_ROM_MEMORY/blk_mem_gen_0/U0/inst_blk_mem_gen/gnbram.gnativebmg.native_blk_mem_gen/valid.cstr/ramloop[0].ram.r/prim_init.ram/DEVICE_8SERIES.NO_BMM_INFO.SP.SIMPLE_PRIM36.ram/CLKARDCLK
                         clock pessimism              0.246     7.636    
                         clock uncertainty           -0.119     7.516    
    RAMB36_X2Y46         RAMB36E2 (Setup_RAMB36E2_RAMB36_CLKARDCLK_ENARDEN)
                                                     -0.342     7.174    BASIC_i/Core_RV32I/RV32I_IF/RV32I_ROM_MEMORY/blk_mem_gen_0/U0/inst_blk_mem_gen/gnbram.gnativebmg.native_blk_mem_gen/valid.cstr/ramloop[0].ram.r/prim_init.ram/DEVICE_8SERIES.NO_BMM_INFO.SP.SIMPLE_PRIM36.ram
  -------------------------------------------------------------------
                         required time                          7.174    
                         arrival time                          -6.950    
  -------------------------------------------------------------------
                         slack                                  0.224    

Slack (MET) :             0.226ns  (required time - arrival time)
  Source:                 BASIC_i/Core_RV32I/RV32I_MEM/mem_wb_reg_0/inst/wb_rd_reg[0]/C
                            (rising edge-triggered cell FDRE clocked by clk_pl_0  {rise@0.000ns fall@2.625ns period=5.250ns})
  Destination:            BASIC_i/Core_RV32I/RV32I_ID/id_ex_reg/inst/ex_rs1_data_reg[26]/R
                            (rising edge-triggered cell FDRE clocked by clk_pl_0  {rise@0.000ns fall@2.625ns period=5.250ns})
  Path Group:             clk_pl_0
  Path Type:              Setup (Max at Slow Process Corner)
  Requirement:            5.250ns  (clk_pl_0 rise@5.250ns - clk_pl_0 rise@0.000ns)
  Data Path Delay:        4.725ns  (logic 1.613ns (34.138%)  route 3.112ns (65.862%))
  Logic Levels:           17  (CARRY8=4 LUT2=2 LUT3=2 LUT5=3 LUT6=6)
  Clock Path Skew:        -0.106ns (DCD - SCD + CPR)
    Destination Clock Delay (DCD):    2.069ns = ( 7.319 - 5.250 ) 
    Source Clock Delay      (SCD):    2.367ns
    Clock Pessimism Removal (CPR):    0.192ns
  Clock Uncertainty:      0.119ns  ((TSJ^2 + DJ^2)^1/2) / 2 + PE
    Total System Jitter     (TSJ):    0.071ns
    Discrete Jitter          (DJ):    0.228ns
    Phase Error              (PE):    0.000ns
  Clock Net Delay (Source):      2.168ns (routing 0.998ns, distribution 1.170ns)
  Clock Net Delay (Destination): 1.909ns (routing 0.905ns, distribution 1.004ns)

    Location             Delay type                Incr(ns)  Path(ns)    Netlist Resource(s)
  -------------------------------------------------------------------    -------------------
                         (clock clk_pl_0 rise edge)
                                                      0.000     0.000 r  
    PS8_X0Y0             PS8                          0.000     0.000 r  BASIC_i/zynq_ultra_ps_e_0/inst/PS8_i/PLCLK[0]
                         net (fo=1, routed)           0.171     0.171    BASIC_i/zynq_ultra_ps_e_0/inst/pl_clk_unbuffered[0]
    BUFG_PS_X0Y77        BUFG_PS (Prop_BUFG_PS_I_O)
                                                      0.028     0.199 r  BASIC_i/zynq_ultra_ps_e_0/inst/buffer_pl_clk_0.PL_CLK_0_BUFG/O
    X1Y2 (CLOCK_ROOT)    net (fo=6574, routed)        2.168     2.367    BASIC_i/Core_RV32I/RV32I_MEM/mem_wb_reg_0/inst/clk
    SLICE_X52Y217        FDRE                                         r  BASIC_i/Core_RV32I/RV32I_MEM/mem_wb_reg_0/inst/wb_rd_reg[0]/C
  -------------------------------------------------------------------    -------------------
    SLICE_X52Y217        FDRE (Prop_DFF2_SLICEL_C_Q)
                                                      0.081     2.448 r  BASIC_i/Core_RV32I/RV32I_MEM/mem_wb_reg_0/inst/wb_rd_reg[0]/Q
                         net (fo=5, routed)           0.247     2.695    BASIC_i/Core_RV32I/RV32I_MEM/regfile_we_gen_0/inst/wb_rd[0]
    SLICE_X52Y217        LUT6 (Prop_F6LUT_SLICEL_I2_O)
                                                      0.123     2.818 r  BASIC_i/Core_RV32I/RV32I_MEM/regfile_we_gen_0/inst/regfile_we_INST_0_i_1/O
                         net (fo=1, routed)           0.040     2.858    BASIC_i/Core_RV32I/RV32I_MEM/regfile_we_gen_0/inst/regfile_we_INST_0_i_1_n_0
    SLICE_X52Y217        LUT2 (Prop_E6LUT_SLICEL_I1_O)
                                                      0.090     2.948 r  BASIC_i/Core_RV32I/RV32I_MEM/regfile_we_gen_0/inst/regfile_we_INST_0/O
                         net (fo=3, routed)           0.148     3.096    BASIC_i/Core_RV32I/RV32I_EX/forwarding_0/wb_rd_we
    SLICE_X52Y218        LUT5 (Prop_F6LUT_SLICEL_I4_O)
                                                      0.089     3.185 r  BASIC_i/Core_RV32I/RV32I_EX/forwarding_0/forward_a[1]_INST_0_i_3/O
                         net (fo=2, routed)           0.144     3.329    BASIC_i/Core_RV32I/RV32I_EX/forwarding_0/inst/p_0_in9_out
    SLICE_X52Y221        LUT3 (Prop_F6LUT_SLICEL_I1_O)
                                                      0.097     3.426 r  BASIC_i/Core_RV32I/RV32I_EX/forwarding_0/forward_a[0]_INST_0/O
                         net (fo=32, routed)          0.293     3.719    BASIC_i/Core_RV32I/RV32I_EX/forward_mux_0/inst/forward_sel[0]
    SLICE_X54Y220        LUT6 (Prop_C6LUT_SLICEM_I4_O)
                                                      0.098     3.817 r  BASIC_i/Core_RV32I/RV32I_EX/forward_mux_0/inst/out_data[6]_INST_0/O
                         net (fo=12, routed)          0.336     4.153    BASIC_i/Core_RV32I/RV32I_EX/branch_0/ex_rs1_data[6]
    SLICE_X56Y223        LUT6 (Prop_C6LUT_SLICEL_I2_O)
                                                      0.146     4.299 r  BASIC_i/Core_RV32I/RV32I_EX/branch_0/branch_taken_INST_0_i_26/O
                         net (fo=1, routed)           0.010     4.309    BASIC_i/Core_RV32I/RV32I_EX/branch_0/branch_taken_INST_0_i_26_n_0
    SLICE_X56Y223        CARRY8 (Prop_CARRY8_SLICEL_S[2]_CO[7])
                                                      0.155     4.464 f  BASIC_i/Core_RV32I/RV32I_EX/branch_0/branch_taken_INST_0_i_9/CO[7]
                         net (fo=1, routed)           0.026     4.490    BASIC_i/Core_RV32I/RV32I_EX/branch_0/branch_taken_INST_0_i_9_n_0
    SLICE_X56Y224        CARRY8 (Prop_CARRY8_SLICEL_CI_CO[2])
                                                      0.057     4.547 f  BASIC_i/Core_RV32I/RV32I_EX/branch_0/branch_taken_INST_0_i_4/CO[2]
                         net (fo=1, routed)           0.176     4.723    BASIC_i/Core_RV32I/RV32I_EX/branch_0/inst/ex_exception_valid_INST_0_i_1_0[0]
    SLICE_X57Y225        LUT5 (Prop_E6LUT_SLICEL_I4_O)
                                                      0.123     4.846 r  BASIC_i/Core_RV32I/RV32I_EX/branch_0/inst/branch_taken_INST_0_i_2/O
                         net (fo=1, routed)           0.095     4.941    BASIC_i/Core_RV32I/RV32I_EX/branch_0/inst/branch_taken_INST_0_i_2_n_0
    SLICE_X57Y227        LUT5 (Prop_A6LUT_SLICEL_I3_O)
                                                      0.090     5.031 r  BASIC_i/Core_RV32I/RV32I_EX/branch_0/inst/ex_exception_valid_INST_0_i_1/O
                         net (fo=67, routed)          0.148     5.179    BASIC_i/Core_RV32I/RV32I_EX/branch_0/inst/ex_exception_valid_INST_0_i_1_n_0
    SLICE_X57Y226        LUT6 (Prop_C6LUT_SLICEL_I4_O)
                                                      0.035     5.214 r  BASIC_i/Core_RV32I/RV32I_EX/branch_0/inst/pc_redirect_target[10]_INST_0_i_1/O
                         net (fo=2, routed)           0.299     5.513    BASIC_i/Core_RV32I/RV32I_EX/branch_0/inst/pc_redirect_target[10]_INST_0_i_1_n_0
    SLICE_X54Y227        LUT6 (Prop_D6LUT_SLICEM_I0_O)
                                                      0.088     5.601 r  BASIC_i/Core_RV32I/RV32I_EX/branch_0/inst/ex_mispredict0_carry_i_5/O
                         net (fo=1, routed)           0.025     5.626    BASIC_i/Core_RV32I/RV32I_EX/branch_0/inst/ex_mispredict0_carry_i_5_n_0
    SLICE_X54Y227        CARRY8 (Prop_CARRY8_SLICEM_S[3]_CO[7])
                                                      0.163     5.789 r  BASIC_i/Core_RV32I/RV32I_EX/branch_0/inst/ex_mispredict0_carry/CO[7]
                         net (fo=1, routed)           0.026     5.815    BASIC_i/Core_RV32I/RV32I_EX/branch_0/inst/ex_mispredict0_carry_n_0
    SLICE_X54Y228        CARRY8 (Prop_CARRY8_SLICEM_CI_CO[2])
                                                      0.057     5.872 r  BASIC_i/Core_RV32I/RV32I_EX/branch_0/inst/ex_mispredict0_carry__0/CO[2]
                         net (fo=34, routed)          0.269     6.141    BASIC_i/Core_RV32I/RV32I_EX/branch_0/inst/ex_mispredict0
    SLICE_X52Y228        LUT6 (Prop_A6LUT_SLICEL_I5_O)
                                                      0.035     6.176 r  BASIC_i/Core_RV32I/RV32I_EX/branch_0/inst/ex_flush_req_INST_0/O
                         net (fo=4, routed)           0.105     6.281    BASIC_i/Core_RV32I/priority_branch_OR_l_0/ex_flush_req
    SLICE_X52Y229        LUT3 (Prop_H6LUT_SLICEL_I1_O)
                                                      0.036     6.317 r  BASIC_i/Core_RV32I/priority_branch_OR_l_0/id_ex_flush_final_INST_0/O
                         net (fo=1, routed)           0.129     6.446    BASIC_i/Core_RV32I/RV32I_ID/id_ex_reg/inst/bubble
    SLICE_X51Y229        LUT2 (Prop_G6LUT_SLICEL_I1_O)
                                                      0.050     6.496 r  BASIC_i/Core_RV32I/RV32I_ID/id_ex_reg/inst/ex_valid_i_1/O
                         net (fo=283, routed)         0.596     7.092    BASIC_i/Core_RV32I/RV32I_ID/id_ex_reg/inst/ex_valid_i_1_n_0
    SLICE_X48Y225        FDRE                                         r  BASIC_i/Core_RV32I/RV32I_ID/id_ex_reg/inst/ex_rs1_data_reg[26]/R
  -------------------------------------------------------------------    -------------------

                         (clock clk_pl_0 rise edge)
                                                      5.250     5.250 r  
    PS8_X0Y0             PS8                          0.000     5.250 r  BASIC_i/zynq_ultra_ps_e_0/inst/PS8_i/PLCLK[0]
                         net (fo=1, routed)           0.135     5.385    BASIC_i/zynq_ultra_ps_e_0/inst/pl_clk_unbuffered[0]
    BUFG_PS_X0Y77        BUFG_PS (Prop_BUFG_PS_I_O)
                                                      0.025     5.410 r  BASIC_i/zynq_ultra_ps_e_0/inst/buffer_pl_clk_0.PL_CLK_0_BUFG/O
    X1Y2 (CLOCK_ROOT)    net (fo=6574, routed)        1.909     7.319    BASIC_i/Core_RV32I/RV32I_ID/id_ex_reg/inst/clk
    SLICE_X48Y225        FDRE                                         r  BASIC_i/Core_RV32I/RV32I_ID/id_ex_reg/inst/ex_rs1_data_reg[26]/C
                         clock pessimism              0.192     7.511    
                         clock uncertainty           -0.119     7.392    
    SLICE_X48Y225        FDRE (Setup_DFF_SLICEL_C_R)
                                                     -0.074     7.318    BASIC_i/Core_RV32I/RV32I_ID/id_ex_reg/inst/ex_rs1_data_reg[26]
  -------------------------------------------------------------------
                         required time                          7.318    
                         arrival time                          -7.092    
  -------------------------------------------------------------------
                         slack                                  0.226    

Slack (MET) :             0.234ns  (required time - arrival time)
  Source:                 BASIC_i/Core_RV32I/RV32I_MEM/mem_wb_reg_0/inst/wb_rd_reg[0]/C
                            (rising edge-triggered cell FDRE clocked by clk_pl_0  {rise@0.000ns fall@2.625ns period=5.250ns})
  Destination:            BASIC_i/Core_RV32I/RV32I_IF/if_id_reg_0/inst/reg_pc4_reg[27]/R
                            (rising edge-triggered cell FDRE clocked by clk_pl_0  {rise@0.000ns fall@2.625ns period=5.250ns})
  Path Group:             clk_pl_0
  Path Type:              Setup (Max at Slow Process Corner)
  Requirement:            5.250ns  (clk_pl_0 rise@5.250ns - clk_pl_0 rise@0.000ns)
  Data Path Delay:        4.748ns  (logic 1.694ns (35.678%)  route 3.054ns (64.322%))
  Logic Levels:           18  (CARRY8=4 LUT2=2 LUT3=2 LUT4=1 LUT5=3 LUT6=6)
  Clock Path Skew:        -0.075ns (DCD - SCD + CPR)
    Destination Clock Delay (DCD):    2.100ns = ( 7.350 - 5.250 ) 
    Source Clock Delay      (SCD):    2.367ns
    Clock Pessimism Removal (CPR):    0.192ns
  Clock Uncertainty:      0.119ns  ((TSJ^2 + DJ^2)^1/2) / 2 + PE
    Total System Jitter     (TSJ):    0.071ns
    Discrete Jitter          (DJ):    0.228ns
    Phase Error              (PE):    0.000ns
  Clock Net Delay (Source):      2.168ns (routing 0.998ns, distribution 1.170ns)
  Clock Net Delay (Destination): 1.940ns (routing 0.905ns, distribution 1.035ns)

    Location             Delay type                Incr(ns)  Path(ns)    Netlist Resource(s)
  -------------------------------------------------------------------    -------------------
                         (clock clk_pl_0 rise edge)
                                                      0.000     0.000 r  
    PS8_X0Y0             PS8                          0.000     0.000 r  BASIC_i/zynq_ultra_ps_e_0/inst/PS8_i/PLCLK[0]
                         net (fo=1, routed)           0.171     0.171    BASIC_i/zynq_ultra_ps_e_0/inst/pl_clk_unbuffered[0]
    BUFG_PS_X0Y77        BUFG_PS (Prop_BUFG_PS_I_O)
                                                      0.028     0.199 r  BASIC_i/zynq_ultra_ps_e_0/inst/buffer_pl_clk_0.PL_CLK_0_BUFG/O
    X1Y2 (CLOCK_ROOT)    net (fo=6574, routed)        2.168     2.367    BASIC_i/Core_RV32I/RV32I_MEM/mem_wb_reg_0/inst/clk
    SLICE_X52Y217        FDRE                                         r  BASIC_i/Core_RV32I/RV32I_MEM/mem_wb_reg_0/inst/wb_rd_reg[0]/C
  -------------------------------------------------------------------    -------------------
    SLICE_X52Y217        FDRE (Prop_DFF2_SLICEL_C_Q)
                                                      0.081     2.448 r  BASIC_i/Core_RV32I/RV32I_MEM/mem_wb_reg_0/inst/wb_rd_reg[0]/Q
                         net (fo=5, routed)           0.247     2.695    BASIC_i/Core_RV32I/RV32I_MEM/regfile_we_gen_0/inst/wb_rd[0]
    SLICE_X52Y217        LUT6 (Prop_F6LUT_SLICEL_I2_O)
                                                      0.123     2.818 r  BASIC_i/Core_RV32I/RV32I_MEM/regfile_we_gen_0/inst/regfile_we_INST_0_i_1/O
                         net (fo=1, routed)           0.040     2.858    BASIC_i/Core_RV32I/RV32I_MEM/regfile_we_gen_0/inst/regfile_we_INST_0_i_1_n_0
    SLICE_X52Y217        LUT2 (Prop_E6LUT_SLICEL_I1_O)
                                                      0.090     2.948 r  BASIC_i/Core_RV32I/RV32I_MEM/regfile_we_gen_0/inst/regfile_we_INST_0/O
                         net (fo=3, routed)           0.148     3.096    BASIC_i/Core_RV32I/RV32I_EX/forwarding_0/wb_rd_we
    SLICE_X52Y218        LUT5 (Prop_F6LUT_SLICEL_I4_O)
                                                      0.089     3.185 r  BASIC_i/Core_RV32I/RV32I_EX/forwarding_0/forward_a[1]_INST_0_i_3/O
                         net (fo=2, routed)           0.144     3.329    BASIC_i/Core_RV32I/RV32I_EX/forwarding_0/inst/p_0_in9_out
    SLICE_X52Y221        LUT3 (Prop_F6LUT_SLICEL_I1_O)
                                                      0.097     3.426 r  BASIC_i/Core_RV32I/RV32I_EX/forwarding_0/forward_a[0]_INST_0/O
                         net (fo=32, routed)          0.293     3.719    BASIC_i/Core_RV32I/RV32I_EX/forward_mux_0/inst/forward_sel[0]
    SLICE_X54Y220        LUT6 (Prop_C6LUT_SLICEM_I4_O)
                                                      0.098     3.817 r  BASIC_i/Core_RV32I/RV32I_EX/forward_mux_0/inst/out_data[6]_INST_0/O
                         net (fo=12, routed)          0.336     4.153    BASIC_i/Core_RV32I/RV32I_EX/branch_0/ex_rs1_data[6]
    SLICE_X56Y223        LUT6 (Prop_C6LUT_SLICEL_I2_O)
                                                      0.146     4.299 r  BASIC_i/Core_RV32I/RV32I_EX/branch_0/branch_taken_INST_0_i_26/O
                         net (fo=1, routed)           0.010     4.309    BASIC_i/Core_RV32I/RV32I_EX/branch_0/branch_taken_INST_0_i_26_n_0
    SLICE_X56Y223        CARRY8 (Prop_CARRY8_SLICEL_S[2]_CO[7])
                                                      0.155     4.464 f  BASIC_i/Core_RV32I/RV32I_EX/branch_0/branch_taken_INST_0_i_9/CO[7]
                         net (fo=1, routed)           0.026     4.490    BASIC_i/Core_RV32I/RV32I_EX/branch_0/branch_taken_INST_0_i_9_n_0
    SLICE_X56Y224        CARRY8 (Prop_CARRY8_SLICEL_CI_CO[2])
                                                      0.057     4.547 f  BASIC_i/Core_RV32I/RV32I_EX/branch_0/branch_taken_INST_0_i_4/CO[2]
                         net (fo=1, routed)           0.176     4.723    BASIC_i/Core_RV32I/RV32I_EX/branch_0/inst/ex_exception_valid_INST_0_i_1_0[0]
    SLICE_X57Y225        LUT5 (Prop_E6LUT_SLICEL_I4_O)
                                                      0.123     4.846 r  BASIC_i/Core_RV32I/RV32I_EX/branch_0/inst/branch_taken_INST_0_i_2/O
                         net (fo=1, routed)           0.095     4.941    BASIC_i/Core_RV32I/RV32I_EX/branch_0/inst/branch_taken_INST_0_i_2_n_0
    SLICE_X57Y227        LUT5 (Prop_A6LUT_SLICEL_I3_O)
                                                      0.090     5.031 r  BASIC_i/Core_RV32I/RV32I_EX/branch_0/inst/ex_exception_valid_INST_0_i_1/O
                         net (fo=67, routed)          0.148     5.179    BASIC_i/Core_RV32I/RV32I_EX/branch_0/inst/ex_exception_valid_INST_0_i_1_n_0
    SLICE_X57Y226        LUT6 (Prop_C6LUT_SLICEL_I4_O)
                                                      0.035     5.214 r  BASIC_i/Core_RV32I/RV32I_EX/branch_0/inst/pc_redirect_target[10]_INST_0_i_1/O
                         net (fo=2, routed)           0.299     5.513    BASIC_i/Core_RV32I/RV32I_EX/branch_0/inst/pc_redirect_target[10]_INST_0_i_1_n_0
    SLICE_X54Y227        LUT6 (Prop_D6LUT_SLICEM_I0_O)
                                                      0.088     5.601 r  BASIC_i/Core_RV32I/RV32I_EX/branch_0/inst/ex_mispredict0_carry_i_5/O
                         net (fo=1, routed)           0.025     5.626    BASIC_i/Core_RV32I/RV32I_EX/branch_0/inst/ex_mispredict0_carry_i_5_n_0
    SLICE_X54Y227        CARRY8 (Prop_CARRY8_SLICEM_S[3]_CO[7])
                                                      0.163     5.789 r  BASIC_i/Core_RV32I/RV32I_EX/branch_0/inst/ex_mispredict0_carry/CO[7]
                         net (fo=1, routed)           0.026     5.815    BASIC_i/Core_RV32I/RV32I_EX/branch_0/inst/ex_mispredict0_carry_n_0
    SLICE_X54Y228        CARRY8 (Prop_CARRY8_SLICEM_CI_CO[2])
                                                      0.057     5.872 r  BASIC_i/Core_RV32I/RV32I_EX/branch_0/inst/ex_mispredict0_carry__0/CO[2]
                         net (fo=34, routed)          0.269     6.141    BASIC_i/Core_RV32I/RV32I_EX/branch_0/inst/ex_mispredict0
    SLICE_X52Y228        LUT6 (Prop_A6LUT_SLICEL_I5_O)
                                                      0.035     6.176 r  BASIC_i/Core_RV32I/RV32I_EX/branch_0/inst/ex_flush_req_INST_0/O
                         net (fo=4, routed)           0.048     6.224    BASIC_i/Core_RV32I/priority_branch_OR_l_0/ex_flush_req
    SLICE_X52Y228        LUT3 (Prop_C6LUT_SLICEL_I2_O)
                                                      0.035     6.259 f  BASIC_i/Core_RV32I/priority_branch_OR_l_0/if_id_hold_final_INST_0/O
                         net (fo=1, routed)           0.091     6.350    BASIC_i/Core_RV32I/RV32I_IF/util_vector_or_1/Op2[0]
    SLICE_X52Y230        LUT2 (Prop_A6LUT_SLICEL_I1_O)
                                                      0.035     6.385 r  BASIC_i/Core_RV32I/RV32I_IF/util_vector_or_1/Res[0]_INST_0/O
                         net (fo=230, routed)         0.278     6.663    BASIC_i/Core_RV32I/RV32I_IF/if_id_reg_0/inst/reg_pc[31]_i_2_n_0
    SLICE_X51Y229        LUT4 (Prop_F6LUT_SLICEL_I2_O)
                                                      0.097     6.760 r  BASIC_i/Core_RV32I/RV32I_IF/if_id_reg_0/inst/reg_pc[31]_i_1/O
                         net (fo=129, routed)         0.355     7.115    BASIC_i/Core_RV32I/RV32I_IF/if_id_reg_0/inst/reg_pred_next_pc
    SLICE_X51Y235        FDRE                                         r  BASIC_i/Core_RV32I/RV32I_IF/if_id_reg_0/inst/reg_pc4_reg[27]/R
  -------------------------------------------------------------------    -------------------

                         (clock clk_pl_0 rise edge)
                                                      5.250     5.250 r  
    PS8_X0Y0             PS8                          0.000     5.250 r  BASIC_i/zynq_ultra_ps_e_0/inst/PS8_i/PLCLK[0]
                         net (fo=1, routed)           0.135     5.385    BASIC_i/zynq_ultra_ps_e_0/inst/pl_clk_unbuffered[0]
    BUFG_PS_X0Y77        BUFG_PS (Prop_BUFG_PS_I_O)
                                                      0.025     5.410 r  BASIC_i/zynq_ultra_ps_e_0/inst/buffer_pl_clk_0.PL_CLK_0_BUFG/O
    X1Y2 (CLOCK_ROOT)    net (fo=6574, routed)        1.940     7.350    BASIC_i/Core_RV32I/RV32I_IF/if_id_reg_0/inst/clk
    SLICE_X51Y235        FDRE                                         r  BASIC_i/Core_RV32I/RV32I_IF/if_id_reg_0/inst/reg_pc4_reg[27]/C
                         clock pessimism              0.192     7.542    
                         clock uncertainty           -0.119     7.423    
    SLICE_X51Y235        FDRE (Setup_EFF_SLICEL_C_R)
                                                     -0.074     7.349    BASIC_i/Core_RV32I/RV32I_IF/if_id_reg_0/inst/reg_pc4_reg[27]
  -------------------------------------------------------------------
                         required time                          7.349    
                         arrival time                          -7.115    
  -------------------------------------------------------------------
                         slack                                  0.234    





Min Delay Paths
--------------------------------------------------------------------------------------
Slack (MET) :             0.012ns  (arrival time - required time)
  Source:                 BASIC_i/MMIO/mem_bus_registered_0/inst/addr_q_reg[8]/C
                            (rising edge-triggered cell FDRE clocked by clk_pl_0  {rise@0.000ns fall@2.625ns period=5.250ns})
  Destination:            BASIC_i/RV32I_RAM_MEMORY/ram_data_1/inst/mem3_reg_0_511_3_3/RAMS64E1_A/WADR6
                            (rising edge-triggered cell RAMS64E1 clocked by clk_pl_0  {rise@0.000ns fall@2.625ns period=5.250ns})
  Path Group:             clk_pl_0
  Path Type:              Hold (Min at Slow Process Corner)
  Requirement:            0.000ns  (clk_pl_0 rise@0.000ns - clk_pl_0 rise@0.000ns)
  Data Path Delay:        0.199ns  (logic 0.060ns (30.151%)  route 0.139ns (69.849%))
  Logic Levels:           0  
  Clock Path Skew:        0.122ns (DCD - SCD - CPR)
    Destination Clock Delay (DCD):    2.408ns
    Source Clock Delay      (SCD):    2.094ns
    Clock Pessimism Removal (CPR):    0.192ns
  Clock Net Delay (Source):      1.934ns (routing 0.905ns, distribution 1.029ns)
  Clock Net Delay (Destination): 2.209ns (routing 0.998ns, distribution 1.211ns)

    Location             Delay type                Incr(ns)  Path(ns)    Netlist Resource(s)
  -------------------------------------------------------------------    -------------------
                         (clock clk_pl_0 rise edge)
                                                      0.000     0.000 r  
    PS8_X0Y0             PS8                          0.000     0.000 r  BASIC_i/zynq_ultra_ps_e_0/inst/PS8_i/PLCLK[0]
                         net (fo=1, routed)           0.135     0.135    BASIC_i/zynq_ultra_ps_e_0/inst/pl_clk_unbuffered[0]
    BUFG_PS_X0Y77        BUFG_PS (Prop_BUFG_PS_I_O)
                                                      0.025     0.160 r  BASIC_i/zynq_ultra_ps_e_0/inst/buffer_pl_clk_0.PL_CLK_0_BUFG/O
    X1Y2 (CLOCK_ROOT)    net (fo=6574, routed)        1.934     2.094    BASIC_i/MMIO/mem_bus_registered_0/inst/clk
    SLICE_X52Y202        FDRE                                         r  BASIC_i/MMIO/mem_bus_registered_0/inst/addr_q_reg[8]/C
  -------------------------------------------------------------------    -------------------
    SLICE_X52Y202        FDRE (Prop_BFF2_SLICEL_C_Q)
                                                      0.060     2.154 r  BASIC_i/MMIO/mem_bus_registered_0/inst/addr_q_reg[8]/Q
                         net (fo=768, routed)         0.139     2.293    BASIC_i/RV32I_RAM_MEMORY/ram_data_1/inst/mem3_reg_0_511_3_3/A6
    SLICE_X53Y198        RAMS64E1                                     r  BASIC_i/RV32I_RAM_MEMORY/ram_data_1/inst/mem3_reg_0_511_3_3/RAMS64E1_A/WADR6
  -------------------------------------------------------------------    -------------------

                         (clock clk_pl_0 rise edge)
                                                      0.000     0.000 r  
    PS8_X0Y0             PS8                          0.000     0.000 r  BASIC_i/zynq_ultra_ps_e_0/inst/PS8_i/PLCLK[0]
                         net (fo=1, routed)           0.171     0.171    BASIC_i/zynq_ultra_ps_e_0/inst/pl_clk_unbuffered[0]
    BUFG_PS_X0Y77        BUFG_PS (Prop_BUFG_PS_I_O)
                                                      0.028     0.199 r  BASIC_i/zynq_ultra_ps_e_0/inst/buffer_pl_clk_0.PL_CLK_0_BUFG/O
    X1Y2 (CLOCK_ROOT)    net (fo=6574, routed)        2.209     2.408    BASIC_i/RV32I_RAM_MEMORY/ram_data_1/inst/mem3_reg_0_511_3_3/WCLK
    SLICE_X53Y198        RAMS64E1                                     r  BASIC_i/RV32I_RAM_MEMORY/ram_data_1/inst/mem3_reg_0_511_3_3/RAMS64E1_A/CLK
                         clock pessimism             -0.192     2.216    
    SLICE_X53Y198        RAMS64E1 (Hold_A6LUT_SLICEM_CLK_WADR6)
                                                      0.065     2.281    BASIC_i/RV32I_RAM_MEMORY/ram_data_1/inst/mem3_reg_0_511_3_3/RAMS64E1_A
  -------------------------------------------------------------------
                         required time                         -2.281    
                         arrival time                           2.293    
  -------------------------------------------------------------------
                         slack                                  0.012    

Slack (MET) :             0.012ns  (arrival time - required time)
  Source:                 BASIC_i/MMIO/mem_bus_registered_0/inst/addr_q_reg[8]/C
                            (rising edge-triggered cell FDRE clocked by clk_pl_0  {rise@0.000ns fall@2.625ns period=5.250ns})
  Destination:            BASIC_i/RV32I_RAM_MEMORY/ram_data_1/inst/mem3_reg_0_511_3_3/RAMS64E1_B/WADR6
                            (rising edge-triggered cell RAMS64E1 clocked by clk_pl_0  {rise@0.000ns fall@2.625ns period=5.250ns})
  Path Group:             clk_pl_0
  Path Type:              Hold (Min at Slow Process Corner)
  Requirement:            0.000ns  (clk_pl_0 rise@0.000ns - clk_pl_0 rise@0.000ns)
  Data Path Delay:        0.199ns  (logic 0.060ns (30.151%)  route 0.139ns (69.849%))
  Logic Levels:           0  
  Clock Path Skew:        0.122ns (DCD - SCD - CPR)
    Destination Clock Delay (DCD):    2.408ns
    Source Clock Delay      (SCD):    2.094ns
    Clock Pessimism Removal (CPR):    0.192ns
  Clock Net Delay (Source):      1.934ns (routing 0.905ns, distribution 1.029ns)
  Clock Net Delay (Destination): 2.209ns (routing 0.998ns, distribution 1.211ns)

    Location             Delay type                Incr(ns)  Path(ns)    Netlist Resource(s)
  -------------------------------------------------------------------    -------------------
                         (clock clk_pl_0 rise edge)
                                                      0.000     0.000 r  
    PS8_X0Y0             PS8                          0.000     0.000 r  BASIC_i/zynq_ultra_ps_e_0/inst/PS8_i/PLCLK[0]
                         net (fo=1, routed)           0.135     0.135    BASIC_i/zynq_ultra_ps_e_0/inst/pl_clk_unbuffered[0]
    BUFG_PS_X0Y77        BUFG_PS (Prop_BUFG_PS_I_O)
                                                      0.025     0.160 r  BASIC_i/zynq_ultra_ps_e_0/inst/buffer_pl_clk_0.PL_CLK_0_BUFG/O
    X1Y2 (CLOCK_ROOT)    net (fo=6574, routed)        1.934     2.094    BASIC_i/MMIO/mem_bus_registered_0/inst/clk
    SLICE_X52Y202        FDRE                                         r  BASIC_i/MMIO/mem_bus_registered_0/inst/addr_q_reg[8]/C
  -------------------------------------------------------------------    -------------------
    SLICE_X52Y202        FDRE (Prop_BFF2_SLICEL_C_Q)
                                                      0.060     2.154 r  BASIC_i/MMIO/mem_bus_registered_0/inst/addr_q_reg[8]/Q
                         net (fo=768, routed)         0.139     2.293    BASIC_i/RV32I_RAM_MEMORY/ram_data_1/inst/mem3_reg_0_511_3_3/A6
    SLICE_X53Y198        RAMS64E1                                     r  BASIC_i/RV32I_RAM_MEMORY/ram_data_1/inst/mem3_reg_0_511_3_3/RAMS64E1_B/WADR6
  -------------------------------------------------------------------    -------------------

                         (clock clk_pl_0 rise edge)
                                                      0.000     0.000 r  
    PS8_X0Y0             PS8                          0.000     0.000 r  BASIC_i/zynq_ultra_ps_e_0/inst/PS8_i/PLCLK[0]
                         net (fo=1, routed)           0.171     0.171    BASIC_i/zynq_ultra_ps_e_0/inst/pl_clk_unbuffered[0]
    BUFG_PS_X0Y77        BUFG_PS (Prop_BUFG_PS_I_O)
                                                      0.028     0.199 r  BASIC_i/zynq_ultra_ps_e_0/inst/buffer_pl_clk_0.PL_CLK_0_BUFG/O
    X1Y2 (CLOCK_ROOT)    net (fo=6574, routed)        2.209     2.408    BASIC_i/RV32I_RAM_MEMORY/ram_data_1/inst/mem3_reg_0_511_3_3/WCLK
    SLICE_X53Y198        RAMS64E1                                     r  BASIC_i/RV32I_RAM_MEMORY/ram_data_1/inst/mem3_reg_0_511_3_3/RAMS64E1_B/CLK
                         clock pessimism             -0.192     2.216    
    SLICE_X53Y198        RAMS64E1 (Hold_B6LUT_SLICEM_CLK_WADR6)
                                                      0.065     2.281    BASIC_i/RV32I_RAM_MEMORY/ram_data_1/inst/mem3_reg_0_511_3_3/RAMS64E1_B
  -------------------------------------------------------------------
                         required time                         -2.281    
                         arrival time                           2.293    
  -------------------------------------------------------------------
                         slack                                  0.012    

Slack (MET) :             0.012ns  (arrival time - required time)
  Source:                 BASIC_i/MMIO/mem_bus_registered_0/inst/addr_q_reg[8]/C
                            (rising edge-triggered cell FDRE clocked by clk_pl_0  {rise@0.000ns fall@2.625ns period=5.250ns})
  Destination:            BASIC_i/RV32I_RAM_MEMORY/ram_data_1/inst/mem3_reg_0_511_3_3/RAMS64E1_C/WADR6
                            (rising edge-triggered cell RAMS64E1 clocked by clk_pl_0  {rise@0.000ns fall@2.625ns period=5.250ns})
  Path Group:             clk_pl_0
  Path Type:              Hold (Min at Slow Process Corner)
  Requirement:            0.000ns  (clk_pl_0 rise@0.000ns - clk_pl_0 rise@0.000ns)
  Data Path Delay:        0.199ns  (logic 0.060ns (30.151%)  route 0.139ns (69.849%))
  Logic Levels:           0  
  Clock Path Skew:        0.122ns (DCD - SCD - CPR)
    Destination Clock Delay (DCD):    2.408ns
    Source Clock Delay      (SCD):    2.094ns
    Clock Pessimism Removal (CPR):    0.192ns
  Clock Net Delay (Source):      1.934ns (routing 0.905ns, distribution 1.029ns)
  Clock Net Delay (Destination): 2.209ns (routing 0.998ns, distribution 1.211ns)

    Location             Delay type                Incr(ns)  Path(ns)    Netlist Resource(s)
  -------------------------------------------------------------------    -------------------
                         (clock clk_pl_0 rise edge)
                                                      0.000     0.000 r  
    PS8_X0Y0             PS8                          0.000     0.000 r  BASIC_i/zynq_ultra_ps_e_0/inst/PS8_i/PLCLK[0]
                         net (fo=1, routed)           0.135     0.135    BASIC_i/zynq_ultra_ps_e_0/inst/pl_clk_unbuffered[0]
    BUFG_PS_X0Y77        BUFG_PS (Prop_BUFG_PS_I_O)
                                                      0.025     0.160 r  BASIC_i/zynq_ultra_ps_e_0/inst/buffer_pl_clk_0.PL_CLK_0_BUFG/O
    X1Y2 (CLOCK_ROOT)    net (fo=6574, routed)        1.934     2.094    BASIC_i/MMIO/mem_bus_registered_0/inst/clk
    SLICE_X52Y202        FDRE                                         r  BASIC_i/MMIO/mem_bus_registered_0/inst/addr_q_reg[8]/C
  -------------------------------------------------------------------    -------------------
    SLICE_X52Y202        FDRE (Prop_BFF2_SLICEL_C_Q)
                                                      0.060     2.154 r  BASIC_i/MMIO/mem_bus_registered_0/inst/addr_q_reg[8]/Q
                         net (fo=768, routed)         0.139     2.293    BASIC_i/RV32I_RAM_MEMORY/ram_data_1/inst/mem3_reg_0_511_3_3/A6
    SLICE_X53Y198        RAMS64E1                                     r  BASIC_i/RV32I_RAM_MEMORY/ram_data_1/inst/mem3_reg_0_511_3_3/RAMS64E1_C/WADR6
  -------------------------------------------------------------------    -------------------

                         (clock clk_pl_0 rise edge)
                                                      0.000     0.000 r  
    PS8_X0Y0             PS8                          0.000     0.000 r  BASIC_i/zynq_ultra_ps_e_0/inst/PS8_i/PLCLK[0]
                         net (fo=1, routed)           0.171     0.171    BASIC_i/zynq_ultra_ps_e_0/inst/pl_clk_unbuffered[0]
    BUFG_PS_X0Y77        BUFG_PS (Prop_BUFG_PS_I_O)
                                                      0.028     0.199 r  BASIC_i/zynq_ultra_ps_e_0/inst/buffer_pl_clk_0.PL_CLK_0_BUFG/O
    X1Y2 (CLOCK_ROOT)    net (fo=6574, routed)        2.209     2.408    BASIC_i/RV32I_RAM_MEMORY/ram_data_1/inst/mem3_reg_0_511_3_3/WCLK
    SLICE_X53Y198        RAMS64E1                                     r  BASIC_i/RV32I_RAM_MEMORY/ram_data_1/inst/mem3_reg_0_511_3_3/RAMS64E1_C/CLK
                         clock pessimism             -0.192     2.216    
    SLICE_X53Y198        RAMS64E1 (Hold_C6LUT_SLICEM_CLK_WADR6)
                                                      0.065     2.281    BASIC_i/RV32I_RAM_MEMORY/ram_data_1/inst/mem3_reg_0_511_3_3/RAMS64E1_C
  -------------------------------------------------------------------
                         required time                         -2.281    
                         arrival time                           2.293    
  -------------------------------------------------------------------
                         slack                                  0.012    

Slack (MET) :             0.012ns  (arrival time - required time)
  Source:                 BASIC_i/MMIO/mem_bus_registered_0/inst/addr_q_reg[8]/C
                            (rising edge-triggered cell FDRE clocked by clk_pl_0  {rise@0.000ns fall@2.625ns period=5.250ns})
  Destination:            BASIC_i/RV32I_RAM_MEMORY/ram_data_1/inst/mem3_reg_0_511_3_3/RAMS64E1_D/WADR6
                            (rising edge-triggered cell RAMS64E1 clocked by clk_pl_0  {rise@0.000ns fall@2.625ns period=5.250ns})
  Path Group:             clk_pl_0
  Path Type:              Hold (Min at Slow Process Corner)
  Requirement:            0.000ns  (clk_pl_0 rise@0.000ns - clk_pl_0 rise@0.000ns)
  Data Path Delay:        0.199ns  (logic 0.060ns (30.151%)  route 0.139ns (69.849%))
  Logic Levels:           0  
  Clock Path Skew:        0.122ns (DCD - SCD - CPR)
    Destination Clock Delay (DCD):    2.408ns
    Source Clock Delay      (SCD):    2.094ns
    Clock Pessimism Removal (CPR):    0.192ns
  Clock Net Delay (Source):      1.934ns (routing 0.905ns, distribution 1.029ns)
  Clock Net Delay (Destination): 2.209ns (routing 0.998ns, distribution 1.211ns)

    Location             Delay type                Incr(ns)  Path(ns)    Netlist Resource(s)
  -------------------------------------------------------------------    -------------------
                         (clock clk_pl_0 rise edge)
                                                      0.000     0.000 r  
    PS8_X0Y0             PS8                          0.000     0.000 r  BASIC_i/zynq_ultra_ps_e_0/inst/PS8_i/PLCLK[0]
                         net (fo=1, routed)           0.135     0.135    BASIC_i/zynq_ultra_ps_e_0/inst/pl_clk_unbuffered[0]
    BUFG_PS_X0Y77        BUFG_PS (Prop_BUFG_PS_I_O)
                                                      0.025     0.160 r  BASIC_i/zynq_ultra_ps_e_0/inst/buffer_pl_clk_0.PL_CLK_0_BUFG/O
    X1Y2 (CLOCK_ROOT)    net (fo=6574, routed)        1.934     2.094    BASIC_i/MMIO/mem_bus_registered_0/inst/clk
    SLICE_X52Y202        FDRE                                         r  BASIC_i/MMIO/mem_bus_registered_0/inst/addr_q_reg[8]/C
  -------------------------------------------------------------------    -------------------
    SLICE_X52Y202        FDRE (Prop_BFF2_SLICEL_C_Q)
                                                      0.060     2.154 r  BASIC_i/MMIO/mem_bus_registered_0/inst/addr_q_reg[8]/Q
                         net (fo=768, routed)         0.139     2.293    BASIC_i/RV32I_RAM_MEMORY/ram_data_1/inst/mem3_reg_0_511_3_3/A6
    SLICE_X53Y198        RAMS64E1                                     r  BASIC_i/RV32I_RAM_MEMORY/ram_data_1/inst/mem3_reg_0_511_3_3/RAMS64E1_D/WADR6
  -------------------------------------------------------------------    -------------------

                         (clock clk_pl_0 rise edge)
                                                      0.000     0.000 r  
    PS8_X0Y0             PS8                          0.000     0.000 r  BASIC_i/zynq_ultra_ps_e_0/inst/PS8_i/PLCLK[0]
                         net (fo=1, routed)           0.171     0.171    BASIC_i/zynq_ultra_ps_e_0/inst/pl_clk_unbuffered[0]
    BUFG_PS_X0Y77        BUFG_PS (Prop_BUFG_PS_I_O)
                                                      0.028     0.199 r  BASIC_i/zynq_ultra_ps_e_0/inst/buffer_pl_clk_0.PL_CLK_0_BUFG/O
    X1Y2 (CLOCK_ROOT)    net (fo=6574, routed)        2.209     2.408    BASIC_i/RV32I_RAM_MEMORY/ram_data_1/inst/mem3_reg_0_511_3_3/WCLK
    SLICE_X53Y198        RAMS64E1                                     r  BASIC_i/RV32I_RAM_MEMORY/ram_data_1/inst/mem3_reg_0_511_3_3/RAMS64E1_D/CLK
                         clock pessimism             -0.192     2.216    
    SLICE_X53Y198        RAMS64E1 (Hold_D6LUT_SLICEM_CLK_WADR6)
                                                      0.065     2.281    BASIC_i/RV32I_RAM_MEMORY/ram_data_1/inst/mem3_reg_0_511_3_3/RAMS64E1_D
  -------------------------------------------------------------------
                         required time                         -2.281    
                         arrival time                           2.293    
  -------------------------------------------------------------------
                         slack                                  0.012    

Slack (MET) :             0.012ns  (arrival time - required time)
  Source:                 BASIC_i/MMIO/mem_bus_registered_0/inst/addr_q_reg[8]/C
                            (rising edge-triggered cell FDRE clocked by clk_pl_0  {rise@0.000ns fall@2.625ns period=5.250ns})
  Destination:            BASIC_i/RV32I_RAM_MEMORY/ram_data_1/inst/mem3_reg_0_511_3_3/RAMS64E1_E/WADR6
                            (rising edge-triggered cell RAMS64E1 clocked by clk_pl_0  {rise@0.000ns fall@2.625ns period=5.250ns})
  Path Group:             clk_pl_0
  Path Type:              Hold (Min at Slow Process Corner)
  Requirement:            0.000ns  (clk_pl_0 rise@0.000ns - clk_pl_0 rise@0.000ns)
  Data Path Delay:        0.199ns  (logic 0.060ns (30.151%)  route 0.139ns (69.849%))
  Logic Levels:           0  
  Clock Path Skew:        0.122ns (DCD - SCD - CPR)
    Destination Clock Delay (DCD):    2.408ns
    Source Clock Delay      (SCD):    2.094ns
    Clock Pessimism Removal (CPR):    0.192ns
  Clock Net Delay (Source):      1.934ns (routing 0.905ns, distribution 1.029ns)
  Clock Net Delay (Destination): 2.209ns (routing 0.998ns, distribution 1.211ns)

    Location             Delay type                Incr(ns)  Path(ns)    Netlist Resource(s)
  -------------------------------------------------------------------    -------------------
                         (clock clk_pl_0 rise edge)
                                                      0.000     0.000 r  
    PS8_X0Y0             PS8                          0.000     0.000 r  BASIC_i/zynq_ultra_ps_e_0/inst/PS8_i/PLCLK[0]
                         net (fo=1, routed)           0.135     0.135    BASIC_i/zynq_ultra_ps_e_0/inst/pl_clk_unbuffered[0]
    BUFG_PS_X0Y77        BUFG_PS (Prop_BUFG_PS_I_O)
                                                      0.025     0.160 r  BASIC_i/zynq_ultra_ps_e_0/inst/buffer_pl_clk_0.PL_CLK_0_BUFG/O
    X1Y2 (CLOCK_ROOT)    net (fo=6574, routed)        1.934     2.094    BASIC_i/MMIO/mem_bus_registered_0/inst/clk
    SLICE_X52Y202        FDRE                                         r  BASIC_i/MMIO/mem_bus_registered_0/inst/addr_q_reg[8]/C
  -------------------------------------------------------------------    -------------------
    SLICE_X52Y202        FDRE (Prop_BFF2_SLICEL_C_Q)
                                                      0.060     2.154 r  BASIC_i/MMIO/mem_bus_registered_0/inst/addr_q_reg[8]/Q
                         net (fo=768, routed)         0.139     2.293    BASIC_i/RV32I_RAM_MEMORY/ram_data_1/inst/mem3_reg_0_511_3_3/A6
    SLICE_X53Y198        RAMS64E1                                     r  BASIC_i/RV32I_RAM_MEMORY/ram_data_1/inst/mem3_reg_0_511_3_3/RAMS64E1_E/WADR6
  -------------------------------------------------------------------    -------------------

                         (clock clk_pl_0 rise edge)
                                                      0.000     0.000 r  
    PS8_X0Y0             PS8                          0.000     0.000 r  BASIC_i/zynq_ultra_ps_e_0/inst/PS8_i/PLCLK[0]
                         net (fo=1, routed)           0.171     0.171    BASIC_i/zynq_ultra_ps_e_0/inst/pl_clk_unbuffered[0]
    BUFG_PS_X0Y77        BUFG_PS (Prop_BUFG_PS_I_O)
                                                      0.028     0.199 r  BASIC_i/zynq_ultra_ps_e_0/inst/buffer_pl_clk_0.PL_CLK_0_BUFG/O
    X1Y2 (CLOCK_ROOT)    net (fo=6574, routed)        2.209     2.408    BASIC_i/RV32I_RAM_MEMORY/ram_data_1/inst/mem3_reg_0_511_3_3/WCLK
    SLICE_X53Y198        RAMS64E1                                     r  BASIC_i/RV32I_RAM_MEMORY/ram_data_1/inst/mem3_reg_0_511_3_3/RAMS64E1_E/CLK
                         clock pessimism             -0.192     2.216    
    SLICE_X53Y198        RAMS64E1 (Hold_E6LUT_SLICEM_CLK_WADR6)
                                                      0.065     2.281    BASIC_i/RV32I_RAM_MEMORY/ram_data_1/inst/mem3_reg_0_511_3_3/RAMS64E1_E
  -------------------------------------------------------------------
                         required time                         -2.281    
                         arrival time                           2.293    
  -------------------------------------------------------------------
                         slack                                  0.012    

Slack (MET) :             0.012ns  (arrival time - required time)
  Source:                 BASIC_i/MMIO/mem_bus_registered_0/inst/addr_q_reg[8]/C
                            (rising edge-triggered cell FDRE clocked by clk_pl_0  {rise@0.000ns fall@2.625ns period=5.250ns})
  Destination:            BASIC_i/RV32I_RAM_MEMORY/ram_data_1/inst/mem3_reg_0_511_3_3/RAMS64E1_F/WADR6
                            (rising edge-triggered cell RAMS64E1 clocked by clk_pl_0  {rise@0.000ns fall@2.625ns period=5.250ns})
  Path Group:             clk_pl_0
  Path Type:              Hold (Min at Slow Process Corner)
  Requirement:            0.000ns  (clk_pl_0 rise@0.000ns - clk_pl_0 rise@0.000ns)
  Data Path Delay:        0.199ns  (logic 0.060ns (30.151%)  route 0.139ns (69.849%))
  Logic Levels:           0  
  Clock Path Skew:        0.122ns (DCD - SCD - CPR)
    Destination Clock Delay (DCD):    2.408ns
    Source Clock Delay      (SCD):    2.094ns
    Clock Pessimism Removal (CPR):    0.192ns
  Clock Net Delay (Source):      1.934ns (routing 0.905ns, distribution 1.029ns)
  Clock Net Delay (Destination): 2.209ns (routing 0.998ns, distribution 1.211ns)

    Location             Delay type                Incr(ns)  Path(ns)    Netlist Resource(s)
  -------------------------------------------------------------------    -------------------
                         (clock clk_pl_0 rise edge)
                                                      0.000     0.000 r  
    PS8_X0Y0             PS8                          0.000     0.000 r  BASIC_i/zynq_ultra_ps_e_0/inst/PS8_i/PLCLK[0]
                         net (fo=1, routed)           0.135     0.135    BASIC_i/zynq_ultra_ps_e_0/inst/pl_clk_unbuffered[0]
    BUFG_PS_X0Y77        BUFG_PS (Prop_BUFG_PS_I_O)
                                                      0.025     0.160 r  BASIC_i/zynq_ultra_ps_e_0/inst/buffer_pl_clk_0.PL_CLK_0_BUFG/O
    X1Y2 (CLOCK_ROOT)    net (fo=6574, routed)        1.934     2.094    BASIC_i/MMIO/mem_bus_registered_0/inst/clk
    SLICE_X52Y202        FDRE                                         r  BASIC_i/MMIO/mem_bus_registered_0/inst/addr_q_reg[8]/C
  -------------------------------------------------------------------    -------------------
    SLICE_X52Y202        FDRE (Prop_BFF2_SLICEL_C_Q)
                                                      0.060     2.154 r  BASIC_i/MMIO/mem_bus_registered_0/inst/addr_q_reg[8]/Q
                         net (fo=768, routed)         0.139     2.293    BASIC_i/RV32I_RAM_MEMORY/ram_data_1/inst/mem3_reg_0_511_3_3/A6
    SLICE_X53Y198        RAMS64E1                                     r  BASIC_i/RV32I_RAM_MEMORY/ram_data_1/inst/mem3_reg_0_511_3_3/RAMS64E1_F/WADR6
  -------------------------------------------------------------------    -------------------

                         (clock clk_pl_0 rise edge)
                                                      0.000     0.000 r  
    PS8_X0Y0             PS8                          0.000     0.000 r  BASIC_i/zynq_ultra_ps_e_0/inst/PS8_i/PLCLK[0]
                         net (fo=1, routed)           0.171     0.171    BASIC_i/zynq_ultra_ps_e_0/inst/pl_clk_unbuffered[0]
    BUFG_PS_X0Y77        BUFG_PS (Prop_BUFG_PS_I_O)
                                                      0.028     0.199 r  BASIC_i/zynq_ultra_ps_e_0/inst/buffer_pl_clk_0.PL_CLK_0_BUFG/O
    X1Y2 (CLOCK_ROOT)    net (fo=6574, routed)        2.209     2.408    BASIC_i/RV32I_RAM_MEMORY/ram_data_1/inst/mem3_reg_0_511_3_3/WCLK
    SLICE_X53Y198        RAMS64E1                                     r  BASIC_i/RV32I_RAM_MEMORY/ram_data_1/inst/mem3_reg_0_511_3_3/RAMS64E1_F/CLK
                         clock pessimism             -0.192     2.216    
    SLICE_X53Y198        RAMS64E1 (Hold_F6LUT_SLICEM_CLK_WADR6)
                                                      0.065     2.281    BASIC_i/RV32I_RAM_MEMORY/ram_data_1/inst/mem3_reg_0_511_3_3/RAMS64E1_F
  -------------------------------------------------------------------
                         required time                         -2.281    
                         arrival time                           2.293    
  -------------------------------------------------------------------
                         slack                                  0.012    

Slack (MET) :             0.012ns  (arrival time - required time)
  Source:                 BASIC_i/MMIO/mem_bus_registered_0/inst/addr_q_reg[8]/C
                            (rising edge-triggered cell FDRE clocked by clk_pl_0  {rise@0.000ns fall@2.625ns period=5.250ns})
  Destination:            BASIC_i/RV32I_RAM_MEMORY/ram_data_1/inst/mem3_reg_0_511_3_3/RAMS64E1_G/WADR6
                            (rising edge-triggered cell RAMS64E1 clocked by clk_pl_0  {rise@0.000ns fall@2.625ns period=5.250ns})
  Path Group:             clk_pl_0
  Path Type:              Hold (Min at Slow Process Corner)
  Requirement:            0.000ns  (clk_pl_0 rise@0.000ns - clk_pl_0 rise@0.000ns)
  Data Path Delay:        0.199ns  (logic 0.060ns (30.151%)  route 0.139ns (69.849%))
  Logic Levels:           0  
  Clock Path Skew:        0.122ns (DCD - SCD - CPR)
    Destination Clock Delay (DCD):    2.408ns
    Source Clock Delay      (SCD):    2.094ns
    Clock Pessimism Removal (CPR):    0.192ns
  Clock Net Delay (Source):      1.934ns (routing 0.905ns, distribution 1.029ns)
  Clock Net Delay (Destination): 2.209ns (routing 0.998ns, distribution 1.211ns)

    Location             Delay type                Incr(ns)  Path(ns)    Netlist Resource(s)
  -------------------------------------------------------------------    -------------------
                         (clock clk_pl_0 rise edge)
                                                      0.000     0.000 r  
    PS8_X0Y0             PS8                          0.000     0.000 r  BASIC_i/zynq_ultra_ps_e_0/inst/PS8_i/PLCLK[0]
                         net (fo=1, routed)           0.135     0.135    BASIC_i/zynq_ultra_ps_e_0/inst/pl_clk_unbuffered[0]
    BUFG_PS_X0Y77        BUFG_PS (Prop_BUFG_PS_I_O)
                                                      0.025     0.160 r  BASIC_i/zynq_ultra_ps_e_0/inst/buffer_pl_clk_0.PL_CLK_0_BUFG/O
    X1Y2 (CLOCK_ROOT)    net (fo=6574, routed)        1.934     2.094    BASIC_i/MMIO/mem_bus_registered_0/inst/clk
    SLICE_X52Y202        FDRE                                         r  BASIC_i/MMIO/mem_bus_registered_0/inst/addr_q_reg[8]/C
  -------------------------------------------------------------------    -------------------
    SLICE_X52Y202        FDRE (Prop_BFF2_SLICEL_C_Q)
                                                      0.060     2.154 r  BASIC_i/MMIO/mem_bus_registered_0/inst/addr_q_reg[8]/Q
                         net (fo=768, routed)         0.139     2.293    BASIC_i/RV32I_RAM_MEMORY/ram_data_1/inst/mem3_reg_0_511_3_3/A6
    SLICE_X53Y198        RAMS64E1                                     r  BASIC_i/RV32I_RAM_MEMORY/ram_data_1/inst/mem3_reg_0_511_3_3/RAMS64E1_G/WADR6
  -------------------------------------------------------------------    -------------------

                         (clock clk_pl_0 rise edge)
                                                      0.000     0.000 r  
    PS8_X0Y0             PS8                          0.000     0.000 r  BASIC_i/zynq_ultra_ps_e_0/inst/PS8_i/PLCLK[0]
                         net (fo=1, routed)           0.171     0.171    BASIC_i/zynq_ultra_ps_e_0/inst/pl_clk_unbuffered[0]
    BUFG_PS_X0Y77        BUFG_PS (Prop_BUFG_PS_I_O)
                                                      0.028     0.199 r  BASIC_i/zynq_ultra_ps_e_0/inst/buffer_pl_clk_0.PL_CLK_0_BUFG/O
    X1Y2 (CLOCK_ROOT)    net (fo=6574, routed)        2.209     2.408    BASIC_i/RV32I_RAM_MEMORY/ram_data_1/inst/mem3_reg_0_511_3_3/WCLK
    SLICE_X53Y198        RAMS64E1                                     r  BASIC_i/RV32I_RAM_MEMORY/ram_data_1/inst/mem3_reg_0_511_3_3/RAMS64E1_G/CLK
                         clock pessimism             -0.192     2.216    
    SLICE_X53Y198        RAMS64E1 (Hold_G6LUT_SLICEM_CLK_WADR6)
                                                      0.065     2.281    BASIC_i/RV32I_RAM_MEMORY/ram_data_1/inst/mem3_reg_0_511_3_3/RAMS64E1_G
  -------------------------------------------------------------------
                         required time                         -2.281    
                         arrival time                           2.293    
  -------------------------------------------------------------------
                         slack                                  0.012    

Slack (MET) :             0.012ns  (arrival time - required time)
  Source:                 BASIC_i/MMIO/mem_bus_registered_0/inst/addr_q_reg[8]/C
                            (rising edge-triggered cell FDRE clocked by clk_pl_0  {rise@0.000ns fall@2.625ns period=5.250ns})
  Destination:            BASIC_i/RV32I_RAM_MEMORY/ram_data_1/inst/mem3_reg_0_511_3_3/RAMS64E1_H/WADR6
                            (rising edge-triggered cell RAMS64E1 clocked by clk_pl_0  {rise@0.000ns fall@2.625ns period=5.250ns})
  Path Group:             clk_pl_0
  Path Type:              Hold (Min at Slow Process Corner)
  Requirement:            0.000ns  (clk_pl_0 rise@0.000ns - clk_pl_0 rise@0.000ns)
  Data Path Delay:        0.199ns  (logic 0.060ns (30.151%)  route 0.139ns (69.849%))
  Logic Levels:           0  
  Clock Path Skew:        0.122ns (DCD - SCD - CPR)
    Destination Clock Delay (DCD):    2.408ns
    Source Clock Delay      (SCD):    2.094ns
    Clock Pessimism Removal (CPR):    0.192ns
  Clock Net Delay (Source):      1.934ns (routing 0.905ns, distribution 1.029ns)
  Clock Net Delay (Destination): 2.209ns (routing 0.998ns, distribution 1.211ns)

    Location             Delay type                Incr(ns)  Path(ns)    Netlist Resource(s)
  -------------------------------------------------------------------    -------------------
                         (clock clk_pl_0 rise edge)
                                                      0.000     0.000 r  
    PS8_X0Y0             PS8                          0.000     0.000 r  BASIC_i/zynq_ultra_ps_e_0/inst/PS8_i/PLCLK[0]
                         net (fo=1, routed)           0.135     0.135    BASIC_i/zynq_ultra_ps_e_0/inst/pl_clk_unbuffered[0]
    BUFG_PS_X0Y77        BUFG_PS (Prop_BUFG_PS_I_O)
                                                      0.025     0.160 r  BASIC_i/zynq_ultra_ps_e_0/inst/buffer_pl_clk_0.PL_CLK_0_BUFG/O
    X1Y2 (CLOCK_ROOT)    net (fo=6574, routed)        1.934     2.094    BASIC_i/MMIO/mem_bus_registered_0/inst/clk
    SLICE_X52Y202        FDRE                                         r  BASIC_i/MMIO/mem_bus_registered_0/inst/addr_q_reg[8]/C
  -------------------------------------------------------------------    -------------------
    SLICE_X52Y202        FDRE (Prop_BFF2_SLICEL_C_Q)
                                                      0.060     2.154 r  BASIC_i/MMIO/mem_bus_registered_0/inst/addr_q_reg[8]/Q
                         net (fo=768, routed)         0.139     2.293    BASIC_i/RV32I_RAM_MEMORY/ram_data_1/inst/mem3_reg_0_511_3_3/A6
    SLICE_X53Y198        RAMS64E1                                     r  BASIC_i/RV32I_RAM_MEMORY/ram_data_1/inst/mem3_reg_0_511_3_3/RAMS64E1_H/WADR6
  -------------------------------------------------------------------    -------------------

                         (clock clk_pl_0 rise edge)
                                                      0.000     0.000 r  
    PS8_X0Y0             PS8                          0.000     0.000 r  BASIC_i/zynq_ultra_ps_e_0/inst/PS8_i/PLCLK[0]
                         net (fo=1, routed)           0.171     0.171    BASIC_i/zynq_ultra_ps_e_0/inst/pl_clk_unbuffered[0]
    BUFG_PS_X0Y77        BUFG_PS (Prop_BUFG_PS_I_O)
                                                      0.028     0.199 r  BASIC_i/zynq_ultra_ps_e_0/inst/buffer_pl_clk_0.PL_CLK_0_BUFG/O
    X1Y2 (CLOCK_ROOT)    net (fo=6574, routed)        2.209     2.408    BASIC_i/RV32I_RAM_MEMORY/ram_data_1/inst/mem3_reg_0_511_3_3/WCLK
    SLICE_X53Y198        RAMS64E1                                     r  BASIC_i/RV32I_RAM_MEMORY/ram_data_1/inst/mem3_reg_0_511_3_3/RAMS64E1_H/CLK
                         clock pessimism             -0.192     2.216    
    SLICE_X53Y198        RAMS64E1 (Hold_H6LUT_SLICEM_CLK_WADR6)
                                                      0.065     2.281    BASIC_i/RV32I_RAM_MEMORY/ram_data_1/inst/mem3_reg_0_511_3_3/RAMS64E1_H
  -------------------------------------------------------------------
                         required time                         -2.281    
                         arrival time                           2.293    
  -------------------------------------------------------------------
                         slack                                  0.012    

Slack (MET) :             0.016ns  (arrival time - required time)
  Source:                 BASIC_i/Core_RV32I/RV32I_IF/if_id_reg_0/inst/pc_align_reg[17]/C
                            (rising edge-triggered cell FDRE clocked by clk_pl_0  {rise@0.000ns fall@2.625ns period=5.250ns})
  Destination:            BASIC_i/Core_RV32I/RV32I_IF/if_id_reg_0/inst/reg_pc_reg[17]/D
                            (rising edge-triggered cell FDRE clocked by clk_pl_0  {rise@0.000ns fall@2.625ns period=5.250ns})
  Path Group:             clk_pl_0
  Path Type:              Hold (Min at Slow Process Corner)
  Requirement:            0.000ns  (clk_pl_0 rise@0.000ns - clk_pl_0 rise@0.000ns)
  Data Path Delay:        0.125ns  (logic 0.060ns (48.000%)  route 0.065ns (52.000%))
  Logic Levels:           0  
  Clock Path Skew:        0.047ns (DCD - SCD - CPR)
    Destination Clock Delay (DCD):    2.397ns
    Source Clock Delay      (SCD):    2.105ns
    Clock Pessimism Removal (CPR):    0.245ns
  Clock Net Delay (Source):      1.945ns (routing 0.905ns, distribution 1.040ns)
  Clock Net Delay (Destination): 2.198ns (routing 0.998ns, distribution 1.200ns)

    Location             Delay type                Incr(ns)  Path(ns)    Netlist Resource(s)
  -------------------------------------------------------------------    -------------------
                         (clock clk_pl_0 rise edge)
                                                      0.000     0.000 r  
    PS8_X0Y0             PS8                          0.000     0.000 r  BASIC_i/zynq_ultra_ps_e_0/inst/PS8_i/PLCLK[0]
                         net (fo=1, routed)           0.135     0.135    BASIC_i/zynq_ultra_ps_e_0/inst/pl_clk_unbuffered[0]
    BUFG_PS_X0Y77        BUFG_PS (Prop_BUFG_PS_I_O)
                                                      0.025     0.160 r  BASIC_i/zynq_ultra_ps_e_0/inst/buffer_pl_clk_0.PL_CLK_0_BUFG/O
    X1Y2 (CLOCK_ROOT)    net (fo=6574, routed)        1.945     2.105    BASIC_i/Core_RV32I/RV32I_IF/if_id_reg_0/inst/clk
    SLICE_X50Y230        FDRE                                         r  BASIC_i/Core_RV32I/RV32I_IF/if_id_reg_0/inst/pc_align_reg[17]/C
  -------------------------------------------------------------------    -------------------
    SLICE_X50Y230        FDRE (Prop_BFF2_SLICEL_C_Q)
                                                      0.060     2.165 r  BASIC_i/Core_RV32I/RV32I_IF/if_id_reg_0/inst/pc_align_reg[17]/Q
                         net (fo=1, routed)           0.065     2.230    BASIC_i/Core_RV32I/RV32I_IF/if_id_reg_0/inst/pc_align[17]
    SLICE_X50Y231        FDRE                                         r  BASIC_i/Core_RV32I/RV32I_IF/if_id_reg_0/inst/reg_pc_reg[17]/D
  -------------------------------------------------------------------    -------------------

                         (clock clk_pl_0 rise edge)
                                                      0.000     0.000 r  
    PS8_X0Y0             PS8                          0.000     0.000 r  BASIC_i/zynq_ultra_ps_e_0/inst/PS8_i/PLCLK[0]
                         net (fo=1, routed)           0.171     0.171    BASIC_i/zynq_ultra_ps_e_0/inst/pl_clk_unbuffered[0]
    BUFG_PS_X0Y77        BUFG_PS (Prop_BUFG_PS_I_O)
                                                      0.028     0.199 r  BASIC_i/zynq_ultra_ps_e_0/inst/buffer_pl_clk_0.PL_CLK_0_BUFG/O
    X1Y2 (CLOCK_ROOT)    net (fo=6574, routed)        2.198     2.397    BASIC_i/Core_RV32I/RV32I_IF/if_id_reg_0/inst/clk
    SLICE_X50Y231        FDRE                                         r  BASIC_i/Core_RV32I/RV32I_IF/if_id_reg_0/inst/reg_pc_reg[17]/C
                         clock pessimism             -0.245     2.152    
    SLICE_X50Y231        FDRE (Hold_CFF2_SLICEL_C_D)
                                                      0.062     2.214    BASIC_i/Core_RV32I/RV32I_IF/if_id_reg_0/inst/reg_pc_reg[17]
  -------------------------------------------------------------------
                         required time                         -2.214    
                         arrival time                           2.230    
  -------------------------------------------------------------------
                         slack                                  0.016    

Slack (MET) :             0.027ns  (arrival time - required time)
  Source:                 BASIC_i/Core_RV32I/RV32I_IF/if_id_reg_0/inst/pc4_align_reg[9]/C
                            (rising edge-triggered cell FDRE clocked by clk_pl_0  {rise@0.000ns fall@2.625ns period=5.250ns})
  Destination:            BASIC_i/Core_RV32I/RV32I_IF/if_id_reg_0/inst/reg_pc4_reg[9]/D
                            (rising edge-triggered cell FDRE clocked by clk_pl_0  {rise@0.000ns fall@2.625ns period=5.250ns})
  Path Group:             clk_pl_0
  Path Type:              Hold (Min at Slow Process Corner)
  Requirement:            0.000ns  (clk_pl_0 rise@0.000ns - clk_pl_0 rise@0.000ns)
  Data Path Delay:        0.137ns  (logic 0.058ns (42.336%)  route 0.079ns (57.664%))
  Logic Levels:           0  
  Clock Path Skew:        0.050ns (DCD - SCD - CPR)
    Destination Clock Delay (DCD):    2.399ns
    Source Clock Delay      (SCD):    2.104ns
    Clock Pessimism Removal (CPR):    0.245ns
  Clock Net Delay (Source):      1.944ns (routing 0.905ns, distribution 1.039ns)
  Clock Net Delay (Destination): 2.200ns (routing 0.998ns, distribution 1.202ns)

    Location             Delay type                Incr(ns)  Path(ns)    Netlist Resource(s)
  -------------------------------------------------------------------    -------------------
                         (clock clk_pl_0 rise edge)
                                                      0.000     0.000 r  
    PS8_X0Y0             PS8                          0.000     0.000 r  BASIC_i/zynq_ultra_ps_e_0/inst/PS8_i/PLCLK[0]
                         net (fo=1, routed)           0.135     0.135    BASIC_i/zynq_ultra_ps_e_0/inst/pl_clk_unbuffered[0]
    BUFG_PS_X0Y77        BUFG_PS (Prop_BUFG_PS_I_O)
                                                      0.025     0.160 r  BASIC_i/zynq_ultra_ps_e_0/inst/buffer_pl_clk_0.PL_CLK_0_BUFG/O
    X1Y2 (CLOCK_ROOT)    net (fo=6574, routed)        1.944     2.104    BASIC_i/Core_RV32I/RV32I_IF/if_id_reg_0/inst/clk
    SLICE_X50Y228        FDRE                                         r  BASIC_i/Core_RV32I/RV32I_IF/if_id_reg_0/inst/pc4_align_reg[9]/C
  -------------------------------------------------------------------    -------------------
    SLICE_X50Y228        FDRE (Prop_AFF_SLICEL_C_Q)
                                                      0.058     2.162 r  BASIC_i/Core_RV32I/RV32I_IF/if_id_reg_0/inst/pc4_align_reg[9]/Q
                         net (fo=1, routed)           0.079     2.241    BASIC_i/Core_RV32I/RV32I_IF/if_id_reg_0/inst/pc4_align[9]
    SLICE_X50Y226        FDRE                                         r  BASIC_i/Core_RV32I/RV32I_IF/if_id_reg_0/inst/reg_pc4_reg[9]/D
  -------------------------------------------------------------------    -------------------

                         (clock clk_pl_0 rise edge)
                                                      0.000     0.000 r  
    PS8_X0Y0             PS8                          0.000     0.000 r  BASIC_i/zynq_ultra_ps_e_0/inst/PS8_i/PLCLK[0]
                         net (fo=1, routed)           0.171     0.171    BASIC_i/zynq_ultra_ps_e_0/inst/pl_clk_unbuffered[0]
    BUFG_PS_X0Y77        BUFG_PS (Prop_BUFG_PS_I_O)
                                                      0.028     0.199 r  BASIC_i/zynq_ultra_ps_e_0/inst/buffer_pl_clk_0.PL_CLK_0_BUFG/O
    X1Y2 (CLOCK_ROOT)    net (fo=6574, routed)        2.200     2.399    BASIC_i/Core_RV32I/RV32I_IF/if_id_reg_0/inst/clk
    SLICE_X50Y226        FDRE                                         r  BASIC_i/Core_RV32I/RV32I_IF/if_id_reg_0/inst/reg_pc4_reg[9]/C
                         clock pessimism             -0.245     2.154    
    SLICE_X50Y226        FDRE (Hold_GFF_SLICEL_C_D)
                                                      0.060     2.214    BASIC_i/Core_RV32I/RV32I_IF/if_id_reg_0/inst/reg_pc4_reg[9]
  -------------------------------------------------------------------
                         required time                         -2.214    
                         arrival time                           2.241    
  -------------------------------------------------------------------
                         slack                                  0.027    





Pulse Width Checks
--------------------------------------------------------------------------------------
Clock Name:         clk_pl_0
Waveform(ns):       { 0.000 2.625 }
Period(ns):         5.250
Sources:            { BASIC_i/zynq_ultra_ps_e_0/inst/PS8_i/PLCLK[0] }

Check Type        Corner  Lib Pin             Reference Pin  Required(ns)  Actual(ns)  Slack(ns)  Location       Pin
Min Period        n/a     PS8/MAXIGP0ACLK     n/a            3.000         5.250       2.250      PS8_X0Y0       BASIC_i/zynq_ultra_ps_e_0/inst/PS8_i/MAXIGP0ACLK
Min Period        n/a     RAMB36E2/CLKARDCLK  n/a            1.355         5.250       3.895      RAMB36_X2Y46   BASIC_i/Core_RV32I/RV32I_IF/RV32I_ROM_MEMORY/blk_mem_gen_0/U0/inst_blk_mem_gen/gnbram.gnativebmg.native_blk_mem_gen/valid.cstr/ramloop[0].ram.r/prim_init.ram/DEVICE_8SERIES.NO_BMM_INFO.SP.SIMPLE_PRIM36.ram/CLKARDCLK
Min Period        n/a     RAMB36E2/CLKBWRCLK  n/a            1.355         5.250       3.895      RAMB36_X2Y46   BASIC_i/Core_RV32I/RV32I_IF/RV32I_ROM_MEMORY/blk_mem_gen_0/U0/inst_blk_mem_gen/gnbram.gnativebmg.native_blk_mem_gen/valid.cstr/ramloop[0].ram.r/prim_init.ram/DEVICE_8SERIES.NO_BMM_INFO.SP.SIMPLE_PRIM36.ram/CLKBWRCLK
Min Period        n/a     RAMB36E2/CLKARDCLK  n/a            1.355         5.250       3.895      RAMB36_X2Y45   BASIC_i/Core_RV32I/RV32I_IF/RV32I_ROM_MEMORY/blk_mem_gen_0/U0/inst_blk_mem_gen/gnbram.gnativebmg.native_blk_mem_gen/valid.cstr/ramloop[1].ram.r/prim_init.ram/DEVICE_8SERIES.NO_BMM_INFO.SP.SIMPLE_PRIM36.ram/CLKARDCLK
Min Period        n/a     RAMB36E2/CLKBWRCLK  n/a            1.355         5.250       3.895      RAMB36_X2Y45   BASIC_i/Core_RV32I/RV32I_IF/RV32I_ROM_MEMORY/blk_mem_gen_0/U0/inst_blk_mem_gen/gnbram.gnativebmg.native_blk_mem_gen/valid.cstr/ramloop[1].ram.r/prim_init.ram/DEVICE_8SERIES.NO_BMM_INFO.SP.SIMPLE_PRIM36.ram/CLKBWRCLK
Min Period        n/a     RAMD32/CLK          n/a            1.064         5.250       4.186      SLICE_X53Y221  BASIC_i/Core_RV32I/RV32I_ID/regfile_0/inst/regs_reg_r1_0_31_0_13/RAMB/CLK
Min Period        n/a     RAMD32/CLK          n/a            1.064         5.250       4.186      SLICE_X53Y221  BASIC_i/Core_RV32I/RV32I_ID/regfile_0/inst/regs_reg_r1_0_31_0_13/RAMB_D1/CLK
Min Period        n/a     RAMD32/CLK          n/a            1.064         5.250       4.186      SLICE_X53Y221  BASIC_i/Core_RV32I/RV32I_ID/regfile_0/inst/regs_reg_r1_0_31_0_13/RAMC/CLK
Min Period        n/a     RAMD32/CLK          n/a            1.064         5.250       4.186      SLICE_X53Y221  BASIC_i/Core_RV32I/RV32I_ID/regfile_0/inst/regs_reg_r1_0_31_0_13/RAMC_D1/CLK
Min Period        n/a     RAMD32/CLK          n/a            1.064         5.250       4.186      SLICE_X53Y221  BASIC_i/Core_RV32I/RV32I_ID/regfile_0/inst/regs_reg_r1_0_31_0_13/RAMD/CLK
Low Pulse Width   Slow    PS8/MAXIGP0ACLK     n/a            1.500         2.625       1.125      PS8_X0Y0       BASIC_i/zynq_ultra_ps_e_0/inst/PS8_i/MAXIGP0ACLK
Low Pulse Width   Fast    PS8/MAXIGP0ACLK     n/a            1.500         2.625       1.125      PS8_X0Y0       BASIC_i/zynq_ultra_ps_e_0/inst/PS8_i/MAXIGP0ACLK
Low Pulse Width   Slow    RAMB36E2/CLKARDCLK  n/a            0.542         2.625       2.083      RAMB36_X2Y46   BASIC_i/Core_RV32I/RV32I_IF/RV32I_ROM_MEMORY/blk_mem_gen_0/U0/inst_blk_mem_gen/gnbram.gnativebmg.native_blk_mem_gen/valid.cstr/ramloop[0].ram.r/prim_init.ram/DEVICE_8SERIES.NO_BMM_INFO.SP.SIMPLE_PRIM36.ram/CLKARDCLK
Low Pulse Width   Fast    RAMB36E2/CLKARDCLK  n/a            0.542         2.625       2.083      RAMB36_X2Y45   BASIC_i/Core_RV32I/RV32I_IF/RV32I_ROM_MEMORY/blk_mem_gen_0/U0/inst_blk_mem_gen/gnbram.gnativebmg.native_blk_mem_gen/valid.cstr/ramloop[1].ram.r/prim_init.ram/DEVICE_8SERIES.NO_BMM_INFO.SP.SIMPLE_PRIM36.ram/CLKARDCLK
Low Pulse Width   Slow    RAMB36E2/CLKBWRCLK  n/a            0.542         2.625       2.083      RAMB36_X2Y45   BASIC_i/Core_RV32I/RV32I_IF/RV32I_ROM_MEMORY/blk_mem_gen_0/U0/inst_blk_mem_gen/gnbram.gnativebmg.native_blk_mem_gen/valid.cstr/ramloop[1].ram.r/prim_init.ram/DEVICE_8SERIES.NO_BMM_INFO.SP.SIMPLE_PRIM36.ram/CLKBWRCLK
Low Pulse Width   Fast    RAMB36E2/CLKARDCLK  n/a            0.542         2.625       2.083      RAMB36_X2Y46   BASIC_i/Core_RV32I/RV32I_IF/RV32I_ROM_MEMORY/blk_mem_gen_0/U0/inst_blk_mem_gen/gnbram.gnativebmg.native_blk_mem_gen/valid.cstr/ramloop[0].ram.r/prim_init.ram/DEVICE_8SERIES.NO_BMM_INFO.SP.SIMPLE_PRIM36.ram/CLKARDCLK
Low Pulse Width   Slow    RAMB36E2/CLKARDCLK  n/a            0.542         2.625       2.083      RAMB36_X2Y45   BASIC_i/Core_RV32I/RV32I_IF/RV32I_ROM_MEMORY/blk_mem_gen_0/U0/inst_blk_mem_gen/gnbram.gnativebmg.native_blk_mem_gen/valid.cstr/ramloop[1].ram.r/prim_init.ram/DEVICE_8SERIES.NO_BMM_INFO.SP.SIMPLE_PRIM36.ram/CLKARDCLK
Low Pulse Width   Fast    RAMB36E2/CLKBWRCLK  n/a            0.542         2.625       2.083      RAMB36_X2Y45   BASIC_i/Core_RV32I/RV32I_IF/RV32I_ROM_MEMORY/blk_mem_gen_0/U0/inst_blk_mem_gen/gnbram.gnativebmg.native_blk_mem_gen/valid.cstr/ramloop[1].ram.r/prim_init.ram/DEVICE_8SERIES.NO_BMM_INFO.SP.SIMPLE_PRIM36.ram/CLKBWRCLK
Low Pulse Width   Slow    RAMB36E2/CLKBWRCLK  n/a            0.542         2.625       2.083      RAMB36_X2Y46   BASIC_i/Core_RV32I/RV32I_IF/RV32I_ROM_MEMORY/blk_mem_gen_0/U0/inst_blk_mem_gen/gnbram.gnativebmg.native_blk_mem_gen/valid.cstr/ramloop[0].ram.r/prim_init.ram/DEVICE_8SERIES.NO_BMM_INFO.SP.SIMPLE_PRIM36.ram/CLKBWRCLK
Low Pulse Width   Fast    RAMB36E2/CLKBWRCLK  n/a            0.542         2.625       2.083      RAMB36_X2Y46   BASIC_i/Core_RV32I/RV32I_IF/RV32I_ROM_MEMORY/blk_mem_gen_0/U0/inst_blk_mem_gen/gnbram.gnativebmg.native_blk_mem_gen/valid.cstr/ramloop[0].ram.r/prim_init.ram/DEVICE_8SERIES.NO_BMM_INFO.SP.SIMPLE_PRIM36.ram/CLKBWRCLK
High Pulse Width  Slow    PS8/MAXIGP0ACLK     n/a            1.500         2.625       1.125      PS8_X0Y0       BASIC_i/zynq_ultra_ps_e_0/inst/PS8_i/MAXIGP0ACLK
High Pulse Width  Fast    PS8/MAXIGP0ACLK     n/a            1.500         2.625       1.125      PS8_X0Y0       BASIC_i/zynq_ultra_ps_e_0/inst/PS8_i/MAXIGP0ACLK
High Pulse Width  Fast    RAMB36E2/CLKARDCLK  n/a            0.542         2.625       2.083      RAMB36_X2Y46   BASIC_i/Core_RV32I/RV32I_IF/RV32I_ROM_MEMORY/blk_mem_gen_0/U0/inst_blk_mem_gen/gnbram.gnativebmg.native_blk_mem_gen/valid.cstr/ramloop[0].ram.r/prim_init.ram/DEVICE_8SERIES.NO_BMM_INFO.SP.SIMPLE_PRIM36.ram/CLKARDCLK
High Pulse Width  Slow    RAMB36E2/CLKBWRCLK  n/a            0.542         2.625       2.083      RAMB36_X2Y46   BASIC_i/Core_RV32I/RV32I_IF/RV32I_ROM_MEMORY/blk_mem_gen_0/U0/inst_blk_mem_gen/gnbram.gnativebmg.native_blk_mem_gen/valid.cstr/ramloop[0].ram.r/prim_init.ram/DEVICE_8SERIES.NO_BMM_INFO.SP.SIMPLE_PRIM36.ram/CLKBWRCLK
High Pulse Width  Fast    RAMB36E2/CLKBWRCLK  n/a            0.542         2.625       2.083      RAMB36_X2Y46   BASIC_i/Core_RV32I/RV32I_IF/RV32I_ROM_MEMORY/blk_mem_gen_0/U0/inst_blk_mem_gen/gnbram.gnativebmg.native_blk_mem_gen/valid.cstr/ramloop[0].ram.r/prim_init.ram/DEVICE_8SERIES.NO_BMM_INFO.SP.SIMPLE_PRIM36.ram/CLKBWRCLK
High Pulse Width  Slow    RAMB36E2/CLKARDCLK  n/a            0.542         2.625       2.083      RAMB36_X2Y46   BASIC_i/Core_RV32I/RV32I_IF/RV32I_ROM_MEMORY/blk_mem_gen_0/U0/inst_blk_mem_gen/gnbram.gnativebmg.native_blk_mem_gen/valid.cstr/ramloop[0].ram.r/prim_init.ram/DEVICE_8SERIES.NO_BMM_INFO.SP.SIMPLE_PRIM36.ram/CLKARDCLK
High Pulse Width  Slow    RAMB36E2/CLKARDCLK  n/a            0.542         2.625       2.083      RAMB36_X2Y45   BASIC_i/Core_RV32I/RV32I_IF/RV32I_ROM_MEMORY/blk_mem_gen_0/U0/inst_blk_mem_gen/gnbram.gnativebmg.native_blk_mem_gen/valid.cstr/ramloop[1].ram.r/prim_init.ram/DEVICE_8SERIES.NO_BMM_INFO.SP.SIMPLE_PRIM36.ram/CLKARDCLK
High Pulse Width  Fast    RAMB36E2/CLKARDCLK  n/a            0.542         2.625       2.083      RAMB36_X2Y45   BASIC_i/Core_RV32I/RV32I_IF/RV32I_ROM_MEMORY/blk_mem_gen_0/U0/inst_blk_mem_gen/gnbram.gnativebmg.native_blk_mem_gen/valid.cstr/ramloop[1].ram.r/prim_init.ram/DEVICE_8SERIES.NO_BMM_INFO.SP.SIMPLE_PRIM36.ram/CLKARDCLK
High Pulse Width  Slow    RAMB36E2/CLKBWRCLK  n/a            0.542         2.625       2.083      RAMB36_X2Y45   BASIC_i/Core_RV32I/RV32I_IF/RV32I_ROM_MEMORY/blk_mem_gen_0/U0/inst_blk_mem_gen/gnbram.gnativebmg.native_blk_mem_gen/valid.cstr/ramloop[1].ram.r/prim_init.ram/DEVICE_8SERIES.NO_BMM_INFO.SP.SIMPLE_PRIM36.ram/CLKBWRCLK
High Pulse Width  Fast    RAMB36E2/CLKBWRCLK  n/a            0.542         2.625       2.083      RAMB36_X2Y45   BASIC_i/Core_RV32I/RV32I_IF/RV32I_ROM_MEMORY/blk_mem_gen_0/U0/inst_blk_mem_gen/gnbram.gnativebmg.native_blk_mem_gen/valid.cstr/ramloop[1].ram.r/prim_init.ram/DEVICE_8SERIES.NO_BMM_INFO.SP.SIMPLE_PRIM36.ram/CLKBWRCLK



---------------------------------------------------------------------------------------------------
From Clock:  dbg_hub/inst/BSCANID.u_xsdbm_id/SWITCH_N_EXT_BSCAN.bscan_inst/SERIES7_BSCAN.bscan_inst/INTERNAL_TCK
  To Clock:  dbg_hub/inst/BSCANID.u_xsdbm_id/SWITCH_N_EXT_BSCAN.bscan_inst/SERIES7_BSCAN.bscan_inst/INTERNAL_TCK

Setup :            0  Failing Endpoints,  Worst Slack       16.430ns,  Total Violation        0.000ns
Hold  :            0  Failing Endpoints,  Worst Slack        0.014ns,  Total Violation        0.000ns
PW    :            0  Failing Endpoints,  Worst Slack       24.468ns,  Total Violation        0.000ns
---------------------------------------------------------------------------------------------------


Max Delay Paths
--------------------------------------------------------------------------------------
Slack (MET) :             16.430ns  (required time - arrival time)
  Source:                 dbg_hub/inst/BSCANID.u_xsdbm_id/SWITCH_N_EXT_BSCAN.bscan_switch/state_reg[2]/C
                            (rising edge-triggered cell FDRE clocked by dbg_hub/inst/BSCANID.u_xsdbm_id/SWITCH_N_EXT_BSCAN.bscan_inst/SERIES7_BSCAN.bscan_inst/INTERNAL_TCK  {rise@0.000ns fall@25.000ns period=50.000ns})
  Destination:            dbg_hub/inst/BSCANID.u_xsdbm_id/SWITCH_N_EXT_BSCAN.bscan_inst/SERIES7_BSCAN.bscan_inst/TDO
                            (falling edge-triggered cell BSCANE2 clocked by dbg_hub/inst/BSCANID.u_xsdbm_id/SWITCH_N_EXT_BSCAN.bscan_inst/SERIES7_BSCAN.bscan_inst/INTERNAL_TCK  {rise@0.000ns fall@25.000ns period=50.000ns})
  Path Group:             dbg_hub/inst/BSCANID.u_xsdbm_id/SWITCH_N_EXT_BSCAN.bscan_inst/SERIES7_BSCAN.bscan_inst/INTERNAL_TCK
  Path Type:              Setup (Max at Slow Process Corner)
  Requirement:            25.000ns  (dbg_hub/inst/BSCANID.u_xsdbm_id/SWITCH_N_EXT_BSCAN.bscan_inst/SERIES7_BSCAN.bscan_inst/INTERNAL_TCK fall@25.000ns - dbg_hub/inst/BSCANID.u_xsdbm_id/SWITCH_N_EXT_BSCAN.bscan_inst/SERIES7_BSCAN.bscan_inst/INTERNAL_TCK rise@0.000ns)
  Data Path Delay:        1.501ns  (logic 0.307ns (20.453%)  route 1.194ns (79.547%))
  Logic Levels:           3  (LUT3=1 LUT5=1 LUT6=1)
  Clock Path Skew:        -6.834ns (DCD - SCD + CPR)
    Destination Clock Delay (DCD):    0.000ns = ( 25.000 - 25.000 ) 
    Source Clock Delay      (SCD):    6.834ns
    Clock Pessimism Removal (CPR):    0.000ns
  Clock Uncertainty:      0.235ns  ((TSJ^2 + TIJ^2)^1/2 + DJ) / 2 + PE + DCD
    Total System Jitter     (TSJ):    0.071ns
    Total Input Jitter      (TIJ):    0.000ns
    Discrete Jitter          (DJ):    0.000ns
    Phase Error              (PE):    0.000ns
    Duty Cycle Distortion   (DCD):    0.200ns
  Clock Net Delay (Source):      1.366ns (routing 0.505ns, distribution 0.861ns)

    Location             Delay type                Incr(ns)  Path(ns)    Netlist Resource(s)
  -------------------------------------------------------------------    -------------------
                         (clock dbg_hub/inst/BSCANID.u_xsdbm_id/SWITCH_N_EXT_BSCAN.bscan_inst/SERIES7_BSCAN.bscan_inst/INTERNAL_TCK rise edge)
                                                      0.000     0.000 r  
    CONFIG_SITE_X0Y0     BSCANE2                      0.000     0.000 r  dbg_hub/inst/BSCANID.u_xsdbm_id/SWITCH_N_EXT_BSCAN.bscan_inst/SERIES7_BSCAN.bscan_inst/INTERNAL_TCK
    CONFIG_SITE_X0Y0     BSCANE2 (Prop_BSCAN1_CONFIG_SITE_INTERNAL_TCK_TCK)
                                                      4.300     4.300 r  dbg_hub/inst/BSCANID.u_xsdbm_id/SWITCH_N_EXT_BSCAN.bscan_inst/SERIES7_BSCAN.bscan_inst/TCK
                         net (fo=1, routed)           1.140     5.440    dbg_hub/inst/BSCANID.u_xsdbm_id/tck_bs
    BUFGCE_X0Y50         BUFGCE (Prop_BUFCE_BUFGCE_I_O)
                                                      0.028     5.468 r  dbg_hub/inst/BSCANID.u_xsdbm_id/SWITCH_N_EXT_BSCAN.u_bufg_icon_tck/O
    X2Y2 (CLOCK_ROOT)    net (fo=490, routed)         1.366     6.834    dbg_hub/inst/BSCANID.u_xsdbm_id/SWITCH_N_EXT_BSCAN.bscan_switch/s_bscan_tck
    SLICE_X49Y163        FDRE                                         r  dbg_hub/inst/BSCANID.u_xsdbm_id/SWITCH_N_EXT_BSCAN.bscan_switch/state_reg[2]/C
  -------------------------------------------------------------------    -------------------
    SLICE_X49Y163        FDRE (Prop_FFF_SLICEL_C_Q)
                                                      0.079     6.913 f  dbg_hub/inst/BSCANID.u_xsdbm_id/SWITCH_N_EXT_BSCAN.bscan_switch/state_reg[2]/Q
                         net (fo=50, routed)          0.380     7.293    dbg_hub/inst/BSCANID.u_xsdbm_id/SWITCH_N_EXT_BSCAN.bscan_switch/state[2]
    SLICE_X49Y164        LUT5 (Prop_A6LUT_SLICEL_I3_O)
                                                      0.090     7.383 r  dbg_hub/inst/BSCANID.u_xsdbm_id/SWITCH_N_EXT_BSCAN.bscan_switch/m_bscan_bscanid_en_INST_0/O
                         net (fo=35, routed)          0.098     7.481    dbg_hub/inst/BSCANID.u_xsdbm_id/bscanid_en_int
    SLICE_X49Y161        LUT3 (Prop_F6LUT_SLICEL_I1_O)
                                                      0.049     7.530 r  dbg_hub/inst/BSCANID.u_xsdbm_id/SWITCH_N_EXT_BSCAN.bscan_switch_i_1/O
                         net (fo=2, routed)           0.133     7.663    dbg_hub/inst/BSCANID.u_xsdbm_id/SWITCH_N_EXT_BSCAN.bscan_switch/m_bscan_tdo[0]
    SLICE_X49Y164        LUT6 (Prop_G6LUT_SLICEL_I5_O)
                                                      0.089     7.752 r  dbg_hub/inst/BSCANID.u_xsdbm_id/SWITCH_N_EXT_BSCAN.bscan_switch/s_bscan_tdo_INST_0/O
                         net (fo=1, routed)           0.583     8.335    dbg_hub/inst/BSCANID.u_xsdbm_id/SWITCH_N_EXT_BSCAN.bscan_inst/s_bscan_tdo
    CONFIG_SITE_X0Y0     BSCANE2                                      r  dbg_hub/inst/BSCANID.u_xsdbm_id/SWITCH_N_EXT_BSCAN.bscan_inst/SERIES7_BSCAN.bscan_inst/TDO
  -------------------------------------------------------------------    -------------------

                         (clock dbg_hub/inst/BSCANID.u_xsdbm_id/SWITCH_N_EXT_BSCAN.bscan_inst/SERIES7_BSCAN.bscan_inst/INTERNAL_TCK fall edge)
                                                     25.000    25.000 f  
    CONFIG_SITE_X0Y0     BSCANE2                      0.000    25.000 f  dbg_hub/inst/BSCANID.u_xsdbm_id/SWITCH_N_EXT_BSCAN.bscan_inst/SERIES7_BSCAN.bscan_inst/INTERNAL_TCK
                         clock pessimism              0.000    25.000    
                         clock uncertainty           -0.235    24.765    
    CONFIG_SITE_X0Y0     BSCANE2 (Setup_BSCAN1_CONFIG_SITE_INTERNAL_TCK_TDO)
                                                      0.000    24.765    dbg_hub/inst/BSCANID.u_xsdbm_id/SWITCH_N_EXT_BSCAN.bscan_inst/SERIES7_BSCAN.bscan_inst
  -------------------------------------------------------------------
                         required time                         24.765    
                         arrival time                          -8.335    
  -------------------------------------------------------------------
                         slack                                 16.430    

Slack (MET) :             20.204ns  (required time - arrival time)
  Source:                 dbg_hub/inst/BSCANID.u_xsdbm_id/SWITCH_N_EXT_BSCAN.bscan_inst/SERIES7_BSCAN.bscan_inst/INTERNAL_TCK
                            (falling edge-triggered cell BSCANE2 clocked by dbg_hub/inst/BSCANID.u_xsdbm_id/SWITCH_N_EXT_BSCAN.bscan_inst/SERIES7_BSCAN.bscan_inst/INTERNAL_TCK  {rise@0.000ns fall@25.000ns period=50.000ns})
  Destination:            dbg_hub/inst/BSCANID.u_xsdbm_id/CORE_XSDB.UUT_MASTER/U_ICON_INTERFACE/icn_cmd_en_reg[4]/R
                            (rising edge-triggered cell FDRE clocked by dbg_hub/inst/BSCANID.u_xsdbm_id/SWITCH_N_EXT_BSCAN.bscan_inst/SERIES7_BSCAN.bscan_inst/INTERNAL_TCK  {rise@0.000ns fall@25.000ns period=50.000ns})
  Path Group:             dbg_hub/inst/BSCANID.u_xsdbm_id/SWITCH_N_EXT_BSCAN.bscan_inst/SERIES7_BSCAN.bscan_inst/INTERNAL_TCK
  Path Type:              Setup (Max at Fast Process Corner)
  Requirement:            25.000ns  (dbg_hub/inst/BSCANID.u_xsdbm_id/SWITCH_N_EXT_BSCAN.bscan_inst/SERIES7_BSCAN.bscan_inst/INTERNAL_TCK rise@50.000ns - dbg_hub/inst/BSCANID.u_xsdbm_id/SWITCH_N_EXT_BSCAN.bscan_inst/SERIES7_BSCAN.bscan_inst/INTERNAL_TCK fall@25.000ns)
  Data Path Delay:        6.353ns  (logic 5.198ns (81.820%)  route 1.155ns (18.180%))
  Logic Levels:           2  (LUT4=1 LUT5=1)
  Clock Path Skew:        1.836ns (DCD - SCD + CPR)
    Destination Clock Delay (DCD):    1.836ns = ( 51.836 - 50.000 ) 
    Source Clock Delay      (SCD):    0.000ns = ( 25.000 - 25.000 ) 
    Clock Pessimism Removal (CPR):    0.000ns
  Clock Uncertainty:      0.235ns  ((TSJ^2 + TIJ^2)^1/2 + DJ) / 2 + PE + DCD
    Total System Jitter     (TSJ):    0.071ns
    Total Input Jitter      (TIJ):    0.000ns
    Discrete Jitter          (DJ):    0.000ns
    Phase Error              (PE):    0.000ns
    Duty Cycle Distortion   (DCD):    0.200ns
  Clock Net Delay (Destination): 0.751ns (routing 0.277ns, distribution 0.474ns)

    Location             Delay type                Incr(ns)  Path(ns)    Netlist Resource(s)
  -------------------------------------------------------------------    -------------------
                         (clock dbg_hub/inst/BSCANID.u_xsdbm_id/SWITCH_N_EXT_BSCAN.bscan_inst/SERIES7_BSCAN.bscan_inst/INTERNAL_TCK fall edge)
                                                     25.000    25.000 f  
    CONFIG_SITE_X0Y0     BSCANE2                      0.000    25.000 f  dbg_hub/inst/BSCANID.u_xsdbm_id/SWITCH_N_EXT_BSCAN.bscan_inst/SERIES7_BSCAN.bscan_inst/INTERNAL_TCK
  -------------------------------------------------------------------    -------------------
    CONFIG_SITE_X0Y0     BSCANE2 (Prop_BSCAN1_CONFIG_SITE_INTERNAL_TCK_SHIFT)
                                                      5.100    30.100 f  dbg_hub/inst/BSCANID.u_xsdbm_id/SWITCH_N_EXT_BSCAN.bscan_inst/SERIES7_BSCAN.bscan_inst/SHIFT
                         net (fo=36, routed)          0.369    30.469    dbg_hub/inst/BSCANID.u_xsdbm_id/SWITCH_N_EXT_BSCAN.bscan_switch/s_bscan_shift
    SLICE_X49Y161        LUT5 (Prop_G6LUT_SLICEL_I4_O)
                                                      0.052    30.521 f  dbg_hub/inst/BSCANID.u_xsdbm_id/SWITCH_N_EXT_BSCAN.bscan_switch/m_bscan_shift[0]_INST_0/O
                         net (fo=4, routed)           0.260    30.781    dbg_hub/inst/BSCANID.u_xsdbm_id/CORE_XSDB.U_ICON/U_CMD/icn_cmd_en_reg[7]
    SLICE_X49Y147        LUT4 (Prop_D5LUT_SLICEL_I0_O)
                                                      0.046    30.827 r  dbg_hub/inst/BSCANID.u_xsdbm_id/CORE_XSDB.U_ICON/U_CMD/icn_cmd_en[7]_i_1/O
                         net (fo=4, routed)           0.526    31.353    dbg_hub/inst/BSCANID.u_xsdbm_id/CORE_XSDB.UUT_MASTER/U_ICON_INTERFACE/icn_cmd_en_reg[7]_0
    SLICE_X49Y145        FDRE                                         r  dbg_hub/inst/BSCANID.u_xsdbm_id/CORE_XSDB.UUT_MASTER/U_ICON_INTERFACE/icn_cmd_en_reg[4]/R
  -------------------------------------------------------------------    -------------------

                         (clock dbg_hub/inst/BSCANID.u_xsdbm_id/SWITCH_N_EXT_BSCAN.bscan_inst/SERIES7_BSCAN.bscan_inst/INTERNAL_TCK rise edge)
                                                     50.000    50.000 r  
    CONFIG_SITE_X0Y0     BSCANE2                      0.000    50.000 r  dbg_hub/inst/BSCANID.u_xsdbm_id/SWITCH_N_EXT_BSCAN.bscan_inst/SERIES7_BSCAN.bscan_inst/INTERNAL_TCK
    CONFIG_SITE_X0Y0     BSCANE2 (Prop_BSCAN1_CONFIG_SITE_INTERNAL_TCK_TCK)
                                                      0.465    50.465 r  dbg_hub/inst/BSCANID.u_xsdbm_id/SWITCH_N_EXT_BSCAN.bscan_inst/SERIES7_BSCAN.bscan_inst/TCK
                         net (fo=1, routed)           0.603    51.068    dbg_hub/inst/BSCANID.u_xsdbm_id/tck_bs
    BUFGCE_X0Y50         BUFGCE (Prop_BUFCE_BUFGCE_I_O)
                                                      0.017    51.085 r  dbg_hub/inst/BSCANID.u_xsdbm_id/SWITCH_N_EXT_BSCAN.u_bufg_icon_tck/O
    X2Y2 (CLOCK_ROOT)    net (fo=490, routed)         0.751    51.836    dbg_hub/inst/BSCANID.u_xsdbm_id/CORE_XSDB.UUT_MASTER/U_ICON_INTERFACE/m_bscan_tck[0]
    SLICE_X49Y145        FDRE                                         r  dbg_hub/inst/BSCANID.u_xsdbm_id/CORE_XSDB.UUT_MASTER/U_ICON_INTERFACE/icn_cmd_en_reg[4]/C
                         clock pessimism              0.000    51.836    
                         clock uncertainty           -0.235    51.601    
    SLICE_X49Y145        FDRE (Setup_EFF_SLICEL_C_R)
                                                     -0.044    51.557    dbg_hub/inst/BSCANID.u_xsdbm_id/CORE_XSDB.UUT_MASTER/U_ICON_INTERFACE/icn_cmd_en_reg[4]
  -------------------------------------------------------------------
                         required time                         51.557    
                         arrival time                         -31.353    
  -------------------------------------------------------------------
                         slack                                 20.204    

Slack (MET) :             20.204ns  (required time - arrival time)
  Source:                 dbg_hub/inst/BSCANID.u_xsdbm_id/SWITCH_N_EXT_BSCAN.bscan_inst/SERIES7_BSCAN.bscan_inst/INTERNAL_TCK
                            (falling edge-triggered cell BSCANE2 clocked by dbg_hub/inst/BSCANID.u_xsdbm_id/SWITCH_N_EXT_BSCAN.bscan_inst/SERIES7_BSCAN.bscan_inst/INTERNAL_TCK  {rise@0.000ns fall@25.000ns period=50.000ns})
  Destination:            dbg_hub/inst/BSCANID.u_xsdbm_id/CORE_XSDB.UUT_MASTER/U_ICON_INTERFACE/icn_cmd_en_reg[5]/R
                            (rising edge-triggered cell FDRE clocked by dbg_hub/inst/BSCANID.u_xsdbm_id/SWITCH_N_EXT_BSCAN.bscan_inst/SERIES7_BSCAN.bscan_inst/INTERNAL_TCK  {rise@0.000ns fall@25.000ns period=50.000ns})
  Path Group:             dbg_hub/inst/BSCANID.u_xsdbm_id/SWITCH_N_EXT_BSCAN.bscan_inst/SERIES7_BSCAN.bscan_inst/INTERNAL_TCK
  Path Type:              Setup (Max at Fast Process Corner)
  Requirement:            25.000ns  (dbg_hub/inst/BSCANID.u_xsdbm_id/SWITCH_N_EXT_BSCAN.bscan_inst/SERIES7_BSCAN.bscan_inst/INTERNAL_TCK rise@50.000ns - dbg_hub/inst/BSCANID.u_xsdbm_id/SWITCH_N_EXT_BSCAN.bscan_inst/SERIES7_BSCAN.bscan_inst/INTERNAL_TCK fall@25.000ns)
  Data Path Delay:        6.353ns  (logic 5.198ns (81.820%)  route 1.155ns (18.180%))
  Logic Levels:           2  (LUT4=1 LUT5=1)
  Clock Path Skew:        1.836ns (DCD - SCD + CPR)
    Destination Clock Delay (DCD):    1.836ns = ( 51.836 - 50.000 ) 
    Source Clock Delay      (SCD):    0.000ns = ( 25.000 - 25.000 ) 
    Clock Pessimism Removal (CPR):    0.000ns
  Clock Uncertainty:      0.235ns  ((TSJ^2 + TIJ^2)^1/2 + DJ) / 2 + PE + DCD
    Total System Jitter     (TSJ):    0.071ns
    Total Input Jitter      (TIJ):    0.000ns
    Discrete Jitter          (DJ):    0.000ns
    Phase Error              (PE):    0.000ns
    Duty Cycle Distortion   (DCD):    0.200ns
  Clock Net Delay (Destination): 0.751ns (routing 0.277ns, distribution 0.474ns)

    Location             Delay type                Incr(ns)  Path(ns)    Netlist Resource(s)
  -------------------------------------------------------------------    -------------------
                         (clock dbg_hub/inst/BSCANID.u_xsdbm_id/SWITCH_N_EXT_BSCAN.bscan_inst/SERIES7_BSCAN.bscan_inst/INTERNAL_TCK fall edge)
                                                     25.000    25.000 f  
    CONFIG_SITE_X0Y0     BSCANE2                      0.000    25.000 f  dbg_hub/inst/BSCANID.u_xsdbm_id/SWITCH_N_EXT_BSCAN.bscan_inst/SERIES7_BSCAN.bscan_inst/INTERNAL_TCK
  -------------------------------------------------------------------    -------------------
    CONFIG_SITE_X0Y0     BSCANE2 (Prop_BSCAN1_CONFIG_SITE_INTERNAL_TCK_SHIFT)
                                                      5.100    30.100 f  dbg_hub/inst/BSCANID.u_xsdbm_id/SWITCH_N_EXT_BSCAN.bscan_inst/SERIES7_BSCAN.bscan_inst/SHIFT
                         net (fo=36, routed)          0.369    30.469    dbg_hub/inst/BSCANID.u_xsdbm_id/SWITCH_N_EXT_BSCAN.bscan_switch/s_bscan_shift
    SLICE_X49Y161        LUT5 (Prop_G6LUT_SLICEL_I4_O)
                                                      0.052    30.521 f  dbg_hub/inst/BSCANID.u_xsdbm_id/SWITCH_N_EXT_BSCAN.bscan_switch/m_bscan_shift[0]_INST_0/O
                         net (fo=4, routed)           0.260    30.781    dbg_hub/inst/BSCANID.u_xsdbm_id/CORE_XSDB.U_ICON/U_CMD/icn_cmd_en_reg[7]
    SLICE_X49Y147        LUT4 (Prop_D5LUT_SLICEL_I0_O)
                                                      0.046    30.827 r  dbg_hub/inst/BSCANID.u_xsdbm_id/CORE_XSDB.U_ICON/U_CMD/icn_cmd_en[7]_i_1/O
                         net (fo=4, routed)           0.526    31.353    dbg_hub/inst/BSCANID.u_xsdbm_id/CORE_XSDB.UUT_MASTER/U_ICON_INTERFACE/icn_cmd_en_reg[7]_0
    SLICE_X49Y145        FDRE                                         r  dbg_hub/inst/BSCANID.u_xsdbm_id/CORE_XSDB.UUT_MASTER/U_ICON_INTERFACE/icn_cmd_en_reg[5]/R
  -------------------------------------------------------------------    -------------------

                         (clock dbg_hub/inst/BSCANID.u_xsdbm_id/SWITCH_N_EXT_BSCAN.bscan_inst/SERIES7_BSCAN.bscan_inst/INTERNAL_TCK rise edge)
                                                     50.000    50.000 r  
    CONFIG_SITE_X0Y0     BSCANE2                      0.000    50.000 r  dbg_hub/inst/BSCANID.u_xsdbm_id/SWITCH_N_EXT_BSCAN.bscan_inst/SERIES7_BSCAN.bscan_inst/INTERNAL_TCK
    CONFIG_SITE_X0Y0     BSCANE2 (Prop_BSCAN1_CONFIG_SITE_INTERNAL_TCK_TCK)
                                                      0.465    50.465 r  dbg_hub/inst/BSCANID.u_xsdbm_id/SWITCH_N_EXT_BSCAN.bscan_inst/SERIES7_BSCAN.bscan_inst/TCK
                         net (fo=1, routed)           0.603    51.068    dbg_hub/inst/BSCANID.u_xsdbm_id/tck_bs
    BUFGCE_X0Y50         BUFGCE (Prop_BUFCE_BUFGCE_I_O)
                                                      0.017    51.085 r  dbg_hub/inst/BSCANID.u_xsdbm_id/SWITCH_N_EXT_BSCAN.u_bufg_icon_tck/O
    X2Y2 (CLOCK_ROOT)    net (fo=490, routed)         0.751    51.836    dbg_hub/inst/BSCANID.u_xsdbm_id/CORE_XSDB.UUT_MASTER/U_ICON_INTERFACE/m_bscan_tck[0]
    SLICE_X49Y145        FDRE                                         r  dbg_hub/inst/BSCANID.u_xsdbm_id/CORE_XSDB.UUT_MASTER/U_ICON_INTERFACE/icn_cmd_en_reg[5]/C
                         clock pessimism              0.000    51.836    
                         clock uncertainty           -0.235    51.601    
    SLICE_X49Y145        FDRE (Setup_EFF2_SLICEL_C_R)
                                                     -0.044    51.557    dbg_hub/inst/BSCANID.u_xsdbm_id/CORE_XSDB.UUT_MASTER/U_ICON_INTERFACE/icn_cmd_en_reg[5]
  -------------------------------------------------------------------
                         required time                         51.557    
                         arrival time                         -31.353    
  -------------------------------------------------------------------
                         slack                                 20.204    

Slack (MET) :             20.204ns  (required time - arrival time)
  Source:                 dbg_hub/inst/BSCANID.u_xsdbm_id/SWITCH_N_EXT_BSCAN.bscan_inst/SERIES7_BSCAN.bscan_inst/INTERNAL_TCK
                            (falling edge-triggered cell BSCANE2 clocked by dbg_hub/inst/BSCANID.u_xsdbm_id/SWITCH_N_EXT_BSCAN.bscan_inst/SERIES7_BSCAN.bscan_inst/INTERNAL_TCK  {rise@0.000ns fall@25.000ns period=50.000ns})
  Destination:            dbg_hub/inst/BSCANID.u_xsdbm_id/CORE_XSDB.UUT_MASTER/U_ICON_INTERFACE/icn_cmd_en_reg[6]/R
                            (rising edge-triggered cell FDRE clocked by dbg_hub/inst/BSCANID.u_xsdbm_id/SWITCH_N_EXT_BSCAN.bscan_inst/SERIES7_BSCAN.bscan_inst/INTERNAL_TCK  {rise@0.000ns fall@25.000ns period=50.000ns})
  Path Group:             dbg_hub/inst/BSCANID.u_xsdbm_id/SWITCH_N_EXT_BSCAN.bscan_inst/SERIES7_BSCAN.bscan_inst/INTERNAL_TCK
  Path Type:              Setup (Max at Fast Process Corner)
  Requirement:            25.000ns  (dbg_hub/inst/BSCANID.u_xsdbm_id/SWITCH_N_EXT_BSCAN.bscan_inst/SERIES7_BSCAN.bscan_inst/INTERNAL_TCK rise@50.000ns - dbg_hub/inst/BSCANID.u_xsdbm_id/SWITCH_N_EXT_BSCAN.bscan_inst/SERIES7_BSCAN.bscan_inst/INTERNAL_TCK fall@25.000ns)
  Data Path Delay:        6.353ns  (logic 5.198ns (81.820%)  route 1.155ns (18.180%))
  Logic Levels:           2  (LUT4=1 LUT5=1)
  Clock Path Skew:        1.836ns (DCD - SCD + CPR)
    Destination Clock Delay (DCD):    1.836ns = ( 51.836 - 50.000 ) 
    Source Clock Delay      (SCD):    0.000ns = ( 25.000 - 25.000 ) 
    Clock Pessimism Removal (CPR):    0.000ns
  Clock Uncertainty:      0.235ns  ((TSJ^2 + TIJ^2)^1/2 + DJ) / 2 + PE + DCD
    Total System Jitter     (TSJ):    0.071ns
    Total Input Jitter      (TIJ):    0.000ns
    Discrete Jitter          (DJ):    0.000ns
    Phase Error              (PE):    0.000ns
    Duty Cycle Distortion   (DCD):    0.200ns
  Clock Net Delay (Destination): 0.751ns (routing 0.277ns, distribution 0.474ns)

    Location             Delay type                Incr(ns)  Path(ns)    Netlist Resource(s)
  -------------------------------------------------------------------    -------------------
                         (clock dbg_hub/inst/BSCANID.u_xsdbm_id/SWITCH_N_EXT_BSCAN.bscan_inst/SERIES7_BSCAN.bscan_inst/INTERNAL_TCK fall edge)
                                                     25.000    25.000 f  
    CONFIG_SITE_X0Y0     BSCANE2                      0.000    25.000 f  dbg_hub/inst/BSCANID.u_xsdbm_id/SWITCH_N_EXT_BSCAN.bscan_inst/SERIES7_BSCAN.bscan_inst/INTERNAL_TCK
  -------------------------------------------------------------------    -------------------
    CONFIG_SITE_X0Y0     BSCANE2 (Prop_BSCAN1_CONFIG_SITE_INTERNAL_TCK_SHIFT)
                                                      5.100    30.100 f  dbg_hub/inst/BSCANID.u_xsdbm_id/SWITCH_N_EXT_BSCAN.bscan_inst/SERIES7_BSCAN.bscan_inst/SHIFT
                         net (fo=36, routed)          0.369    30.469    dbg_hub/inst/BSCANID.u_xsdbm_id/SWITCH_N_EXT_BSCAN.bscan_switch/s_bscan_shift
    SLICE_X49Y161        LUT5 (Prop_G6LUT_SLICEL_I4_O)
                                                      0.052    30.521 f  dbg_hub/inst/BSCANID.u_xsdbm_id/SWITCH_N_EXT_BSCAN.bscan_switch/m_bscan_shift[0]_INST_0/O
                         net (fo=4, routed)           0.260    30.781    dbg_hub/inst/BSCANID.u_xsdbm_id/CORE_XSDB.U_ICON/U_CMD/icn_cmd_en_reg[7]
    SLICE_X49Y147        LUT4 (Prop_D5LUT_SLICEL_I0_O)
                                                      0.046    30.827 r  dbg_hub/inst/BSCANID.u_xsdbm_id/CORE_XSDB.U_ICON/U_CMD/icn_cmd_en[7]_i_1/O
                         net (fo=4, routed)           0.526    31.353    dbg_hub/inst/BSCANID.u_xsdbm_id/CORE_XSDB.UUT_MASTER/U_ICON_INTERFACE/icn_cmd_en_reg[7]_0
    SLICE_X49Y145        FDRE                                         r  dbg_hub/inst/BSCANID.u_xsdbm_id/CORE_XSDB.UUT_MASTER/U_ICON_INTERFACE/icn_cmd_en_reg[6]/R
  -------------------------------------------------------------------    -------------------

                         (clock dbg_hub/inst/BSCANID.u_xsdbm_id/SWITCH_N_EXT_BSCAN.bscan_inst/SERIES7_BSCAN.bscan_inst/INTERNAL_TCK rise edge)
                                                     50.000    50.000 r  
    CONFIG_SITE_X0Y0     BSCANE2                      0.000    50.000 r  dbg_hub/inst/BSCANID.u_xsdbm_id/SWITCH_N_EXT_BSCAN.bscan_inst/SERIES7_BSCAN.bscan_inst/INTERNAL_TCK
    CONFIG_SITE_X0Y0     BSCANE2 (Prop_BSCAN1_CONFIG_SITE_INTERNAL_TCK_TCK)
                                                      0.465    50.465 r  dbg_hub/inst/BSCANID.u_xsdbm_id/SWITCH_N_EXT_BSCAN.bscan_inst/SERIES7_BSCAN.bscan_inst/TCK
                         net (fo=1, routed)           0.603    51.068    dbg_hub/inst/BSCANID.u_xsdbm_id/tck_bs
    BUFGCE_X0Y50         BUFGCE (Prop_BUFCE_BUFGCE_I_O)
                                                      0.017    51.085 r  dbg_hub/inst/BSCANID.u_xsdbm_id/SWITCH_N_EXT_BSCAN.u_bufg_icon_tck/O
    X2Y2 (CLOCK_ROOT)    net (fo=490, routed)         0.751    51.836    dbg_hub/inst/BSCANID.u_xsdbm_id/CORE_XSDB.UUT_MASTER/U_ICON_INTERFACE/m_bscan_tck[0]
    SLICE_X49Y145        FDRE                                         r  dbg_hub/inst/BSCANID.u_xsdbm_id/CORE_XSDB.UUT_MASTER/U_ICON_INTERFACE/icn_cmd_en_reg[6]/C
                         clock pessimism              0.000    51.836    
                         clock uncertainty           -0.235    51.601    
    SLICE_X49Y145        FDRE (Setup_FFF_SLICEL_C_R)
                                                     -0.044    51.557    dbg_hub/inst/BSCANID.u_xsdbm_id/CORE_XSDB.UUT_MASTER/U_ICON_INTERFACE/icn_cmd_en_reg[6]
  -------------------------------------------------------------------
                         required time                         51.557    
                         arrival time                         -31.353    
  -------------------------------------------------------------------
                         slack                                 20.204    

Slack (MET) :             20.204ns  (required time - arrival time)
  Source:                 dbg_hub/inst/BSCANID.u_xsdbm_id/SWITCH_N_EXT_BSCAN.bscan_inst/SERIES7_BSCAN.bscan_inst/INTERNAL_TCK
                            (falling edge-triggered cell BSCANE2 clocked by dbg_hub/inst/BSCANID.u_xsdbm_id/SWITCH_N_EXT_BSCAN.bscan_inst/SERIES7_BSCAN.bscan_inst/INTERNAL_TCK  {rise@0.000ns fall@25.000ns period=50.000ns})
  Destination:            dbg_hub/inst/BSCANID.u_xsdbm_id/CORE_XSDB.UUT_MASTER/U_ICON_INTERFACE/icn_cmd_en_reg[7]/R
                            (rising edge-triggered cell FDRE clocked by dbg_hub/inst/BSCANID.u_xsdbm_id/SWITCH_N_EXT_BSCAN.bscan_inst/SERIES7_BSCAN.bscan_inst/INTERNAL_TCK  {rise@0.000ns fall@25.000ns period=50.000ns})
  Path Group:             dbg_hub/inst/BSCANID.u_xsdbm_id/SWITCH_N_EXT_BSCAN.bscan_inst/SERIES7_BSCAN.bscan_inst/INTERNAL_TCK
  Path Type:              Setup (Max at Fast Process Corner)
  Requirement:            25.000ns  (dbg_hub/inst/BSCANID.u_xsdbm_id/SWITCH_N_EXT_BSCAN.bscan_inst/SERIES7_BSCAN.bscan_inst/INTERNAL_TCK rise@50.000ns - dbg_hub/inst/BSCANID.u_xsdbm_id/SWITCH_N_EXT_BSCAN.bscan_inst/SERIES7_BSCAN.bscan_inst/INTERNAL_TCK fall@25.000ns)
  Data Path Delay:        6.353ns  (logic 5.198ns (81.820%)  route 1.155ns (18.180%))
  Logic Levels:           2  (LUT4=1 LUT5=1)
  Clock Path Skew:        1.836ns (DCD - SCD + CPR)
    Destination Clock Delay (DCD):    1.836ns = ( 51.836 - 50.000 ) 
    Source Clock Delay      (SCD):    0.000ns = ( 25.000 - 25.000 ) 
    Clock Pessimism Removal (CPR):    0.000ns
  Clock Uncertainty:      0.235ns  ((TSJ^2 + TIJ^2)^1/2 + DJ) / 2 + PE + DCD
    Total System Jitter     (TSJ):    0.071ns
    Total Input Jitter      (TIJ):    0.000ns
    Discrete Jitter          (DJ):    0.000ns
    Phase Error              (PE):    0.000ns
    Duty Cycle Distortion   (DCD):    0.200ns
  Clock Net Delay (Destination): 0.751ns (routing 0.277ns, distribution 0.474ns)

    Location             Delay type                Incr(ns)  Path(ns)    Netlist Resource(s)
  -------------------------------------------------------------------    -------------------
                         (clock dbg_hub/inst/BSCANID.u_xsdbm_id/SWITCH_N_EXT_BSCAN.bscan_inst/SERIES7_BSCAN.bscan_inst/INTERNAL_TCK fall edge)
                                                     25.000    25.000 f  
    CONFIG_SITE_X0Y0     BSCANE2                      0.000    25.000 f  dbg_hub/inst/BSCANID.u_xsdbm_id/SWITCH_N_EXT_BSCAN.bscan_inst/SERIES7_BSCAN.bscan_inst/INTERNAL_TCK
  -------------------------------------------------------------------    -------------------
    CONFIG_SITE_X0Y0     BSCANE2 (Prop_BSCAN1_CONFIG_SITE_INTERNAL_TCK_SHIFT)
                                                      5.100    30.100 f  dbg_hub/inst/BSCANID.u_xsdbm_id/SWITCH_N_EXT_BSCAN.bscan_inst/SERIES7_BSCAN.bscan_inst/SHIFT
                         net (fo=36, routed)          0.369    30.469    dbg_hub/inst/BSCANID.u_xsdbm_id/SWITCH_N_EXT_BSCAN.bscan_switch/s_bscan_shift
    SLICE_X49Y161        LUT5 (Prop_G6LUT_SLICEL_I4_O)
                                                      0.052    30.521 f  dbg_hub/inst/BSCANID.u_xsdbm_id/SWITCH_N_EXT_BSCAN.bscan_switch/m_bscan_shift[0]_INST_0/O
                         net (fo=4, routed)           0.260    30.781    dbg_hub/inst/BSCANID.u_xsdbm_id/CORE_XSDB.U_ICON/U_CMD/icn_cmd_en_reg[7]
    SLICE_X49Y147        LUT4 (Prop_D5LUT_SLICEL_I0_O)
                                                      0.046    30.827 r  dbg_hub/inst/BSCANID.u_xsdbm_id/CORE_XSDB.U_ICON/U_CMD/icn_cmd_en[7]_i_1/O
                         net (fo=4, routed)           0.526    31.353    dbg_hub/inst/BSCANID.u_xsdbm_id/CORE_XSDB.UUT_MASTER/U_ICON_INTERFACE/icn_cmd_en_reg[7]_0
    SLICE_X49Y145        FDRE                                         r  dbg_hub/inst/BSCANID.u_xsdbm_id/CORE_XSDB.UUT_MASTER/U_ICON_INTERFACE/icn_cmd_en_reg[7]/R
  -------------------------------------------------------------------    -------------------

                         (clock dbg_hub/inst/BSCANID.u_xsdbm_id/SWITCH_N_EXT_BSCAN.bscan_inst/SERIES7_BSCAN.bscan_inst/INTERNAL_TCK rise edge)
                                                     50.000    50.000 r  
    CONFIG_SITE_X0Y0     BSCANE2                      0.000    50.000 r  dbg_hub/inst/BSCANID.u_xsdbm_id/SWITCH_N_EXT_BSCAN.bscan_inst/SERIES7_BSCAN.bscan_inst/INTERNAL_TCK
    CONFIG_SITE_X0Y0     BSCANE2 (Prop_BSCAN1_CONFIG_SITE_INTERNAL_TCK_TCK)
                                                      0.465    50.465 r  dbg_hub/inst/BSCANID.u_xsdbm_id/SWITCH_N_EXT_BSCAN.bscan_inst/SERIES7_BSCAN.bscan_inst/TCK
                         net (fo=1, routed)           0.603    51.068    dbg_hub/inst/BSCANID.u_xsdbm_id/tck_bs
    BUFGCE_X0Y50         BUFGCE (Prop_BUFCE_BUFGCE_I_O)
                                                      0.017    51.085 r  dbg_hub/inst/BSCANID.u_xsdbm_id/SWITCH_N_EXT_BSCAN.u_bufg_icon_tck/O
    X2Y2 (CLOCK_ROOT)    net (fo=490, routed)         0.751    51.836    dbg_hub/inst/BSCANID.u_xsdbm_id/CORE_XSDB.UUT_MASTER/U_ICON_INTERFACE/m_bscan_tck[0]
    SLICE_X49Y145        FDRE                                         r  dbg_hub/inst/BSCANID.u_xsdbm_id/CORE_XSDB.UUT_MASTER/U_ICON_INTERFACE/icn_cmd_en_reg[7]/C
                         clock pessimism              0.000    51.836    
                         clock uncertainty           -0.235    51.601    
    SLICE_X49Y145        FDRE (Setup_FFF2_SLICEL_C_R)
                                                     -0.044    51.557    dbg_hub/inst/BSCANID.u_xsdbm_id/CORE_XSDB.UUT_MASTER/U_ICON_INTERFACE/icn_cmd_en_reg[7]
  -------------------------------------------------------------------
                         required time                         51.557    
                         arrival time                         -31.353    
  -------------------------------------------------------------------
                         slack                                 20.204    

Slack (MET) :             20.277ns  (required time - arrival time)
  Source:                 dbg_hub/inst/BSCANID.u_xsdbm_id/SWITCH_N_EXT_BSCAN.bscan_inst/SERIES7_BSCAN.bscan_inst/INTERNAL_TCK
                            (falling edge-triggered cell BSCANE2 clocked by dbg_hub/inst/BSCANID.u_xsdbm_id/SWITCH_N_EXT_BSCAN.bscan_inst/SERIES7_BSCAN.bscan_inst/INTERNAL_TCK  {rise@0.000ns fall@25.000ns period=50.000ns})
  Destination:            dbg_hub/inst/BSCANID.u_xsdbm_id/SWITCH_N_EXT_BSCAN.bscan_switch/temp_curid_reg[1]/CE
                            (rising edge-triggered cell FDRE clocked by dbg_hub/inst/BSCANID.u_xsdbm_id/SWITCH_N_EXT_BSCAN.bscan_inst/SERIES7_BSCAN.bscan_inst/INTERNAL_TCK  {rise@0.000ns fall@25.000ns period=50.000ns})
  Path Group:             dbg_hub/inst/BSCANID.u_xsdbm_id/SWITCH_N_EXT_BSCAN.bscan_inst/SERIES7_BSCAN.bscan_inst/INTERNAL_TCK
  Path Type:              Setup (Max at Slow Process Corner)
  Requirement:            25.000ns  (dbg_hub/inst/BSCANID.u_xsdbm_id/SWITCH_N_EXT_BSCAN.bscan_inst/SERIES7_BSCAN.bscan_inst/INTERNAL_TCK rise@50.000ns - dbg_hub/inst/BSCANID.u_xsdbm_id/SWITCH_N_EXT_BSCAN.bscan_inst/SERIES7_BSCAN.bscan_inst/INTERNAL_TCK fall@25.000ns)
  Data Path Delay:        6.929ns  (logic 5.196ns (74.989%)  route 1.733ns (25.011%))
  Logic Levels:           1  (LUT5=1)
  Clock Path Skew:        2.501ns (DCD - SCD + CPR)
    Destination Clock Delay (DCD):    2.501ns = ( 52.501 - 50.000 ) 
    Source Clock Delay      (SCD):    0.000ns = ( 25.000 - 25.000 ) 
    Clock Pessimism Removal (CPR):    0.000ns
  Clock Uncertainty:      0.235ns  ((TSJ^2 + TIJ^2)^1/2 + DJ) / 2 + PE + DCD
    Total System Jitter     (TSJ):    0.071ns
    Total Input Jitter      (TIJ):    0.000ns
    Discrete Jitter          (DJ):    0.000ns
    Phase Error              (PE):    0.000ns
    Duty Cycle Distortion   (DCD):    0.200ns
  Clock Net Delay (Destination): 1.204ns (routing 0.460ns, distribution 0.744ns)

    Location             Delay type                Incr(ns)  Path(ns)    Netlist Resource(s)
  -------------------------------------------------------------------    -------------------
                         (clock dbg_hub/inst/BSCANID.u_xsdbm_id/SWITCH_N_EXT_BSCAN.bscan_inst/SERIES7_BSCAN.bscan_inst/INTERNAL_TCK fall edge)
                                                     25.000    25.000 f  
    CONFIG_SITE_X0Y0     BSCANE2                      0.000    25.000 f  dbg_hub/inst/BSCANID.u_xsdbm_id/SWITCH_N_EXT_BSCAN.bscan_inst/SERIES7_BSCAN.bscan_inst/INTERNAL_TCK
  -------------------------------------------------------------------    -------------------
    CONFIG_SITE_X0Y0     BSCANE2 (Prop_BSCAN1_CONFIG_SITE_INTERNAL_TCK_SHIFT)
                                                      5.100    30.100 r  dbg_hub/inst/BSCANID.u_xsdbm_id/SWITCH_N_EXT_BSCAN.bscan_inst/SERIES7_BSCAN.bscan_inst/SHIFT
                         net (fo=36, routed)          0.630    30.730    dbg_hub/inst/BSCANID.u_xsdbm_id/SWITCH_N_EXT_BSCAN.bscan_switch/s_bscan_shift
    SLICE_X49Y164        LUT5 (Prop_H5LUT_SLICEL_I4_O)
                                                      0.096    30.826 r  dbg_hub/inst/BSCANID.u_xsdbm_id/SWITCH_N_EXT_BSCAN.bscan_switch/temp_curid[28]_i_1/O
                         net (fo=32, routed)          1.103    31.929    dbg_hub/inst/BSCANID.u_xsdbm_id/SWITCH_N_EXT_BSCAN.bscan_switch/temp_curid[28]_i_1_n_0
    SLICE_X51Y164        FDRE                                         r  dbg_hub/inst/BSCANID.u_xsdbm_id/SWITCH_N_EXT_BSCAN.bscan_switch/temp_curid_reg[1]/CE
  -------------------------------------------------------------------    -------------------

                         (clock dbg_hub/inst/BSCANID.u_xsdbm_id/SWITCH_N_EXT_BSCAN.bscan_inst/SERIES7_BSCAN.bscan_inst/INTERNAL_TCK rise edge)
                                                     50.000    50.000 r  
    CONFIG_SITE_X0Y0     BSCANE2                      0.000    50.000 r  dbg_hub/inst/BSCANID.u_xsdbm_id/SWITCH_N_EXT_BSCAN.bscan_inst/SERIES7_BSCAN.bscan_inst/INTERNAL_TCK
    CONFIG_SITE_X0Y0     BSCANE2 (Prop_BSCAN1_CONFIG_SITE_INTERNAL_TCK_TCK)
                                                      0.465    50.465 r  dbg_hub/inst/BSCANID.u_xsdbm_id/SWITCH_N_EXT_BSCAN.bscan_inst/SERIES7_BSCAN.bscan_inst/TCK
                         net (fo=1, routed)           0.808    51.273    dbg_hub/inst/BSCANID.u_xsdbm_id/tck_bs
    BUFGCE_X0Y50         BUFGCE (Prop_BUFCE_BUFGCE_I_O)
                                                      0.024    51.297 r  dbg_hub/inst/BSCANID.u_xsdbm_id/SWITCH_N_EXT_BSCAN.u_bufg_icon_tck/O
    X2Y2 (CLOCK_ROOT)    net (fo=490, routed)         1.204    52.501    dbg_hub/inst/BSCANID.u_xsdbm_id/SWITCH_N_EXT_BSCAN.bscan_switch/s_bscan_tck
    SLICE_X51Y164        FDRE                                         r  dbg_hub/inst/BSCANID.u_xsdbm_id/SWITCH_N_EXT_BSCAN.bscan_switch/temp_curid_reg[1]/C
                         clock pessimism              0.000    52.501    
                         clock uncertainty           -0.235    52.266    
    SLICE_X51Y164        FDRE (Setup_EFF2_SLICEL_C_CE)
                                                     -0.060    52.206    dbg_hub/inst/BSCANID.u_xsdbm_id/SWITCH_N_EXT_BSCAN.bscan_switch/temp_curid_reg[1]
  -------------------------------------------------------------------
                         required time                         52.206    
                         arrival time                         -31.929    
  -------------------------------------------------------------------
                         slack                                 20.277    

Slack (MET) :             20.277ns  (required time - arrival time)
  Source:                 dbg_hub/inst/BSCANID.u_xsdbm_id/SWITCH_N_EXT_BSCAN.bscan_inst/SERIES7_BSCAN.bscan_inst/INTERNAL_TCK
                            (falling edge-triggered cell BSCANE2 clocked by dbg_hub/inst/BSCANID.u_xsdbm_id/SWITCH_N_EXT_BSCAN.bscan_inst/SERIES7_BSCAN.bscan_inst/INTERNAL_TCK  {rise@0.000ns fall@25.000ns period=50.000ns})
  Destination:            dbg_hub/inst/BSCANID.u_xsdbm_id/SWITCH_N_EXT_BSCAN.bscan_switch/temp_curid_reg[3]/CE
                            (rising edge-triggered cell FDRE clocked by dbg_hub/inst/BSCANID.u_xsdbm_id/SWITCH_N_EXT_BSCAN.bscan_inst/SERIES7_BSCAN.bscan_inst/INTERNAL_TCK  {rise@0.000ns fall@25.000ns period=50.000ns})
  Path Group:             dbg_hub/inst/BSCANID.u_xsdbm_id/SWITCH_N_EXT_BSCAN.bscan_inst/SERIES7_BSCAN.bscan_inst/INTERNAL_TCK
  Path Type:              Setup (Max at Slow Process Corner)
  Requirement:            25.000ns  (dbg_hub/inst/BSCANID.u_xsdbm_id/SWITCH_N_EXT_BSCAN.bscan_inst/SERIES7_BSCAN.bscan_inst/INTERNAL_TCK rise@50.000ns - dbg_hub/inst/BSCANID.u_xsdbm_id/SWITCH_N_EXT_BSCAN.bscan_inst/SERIES7_BSCAN.bscan_inst/INTERNAL_TCK fall@25.000ns)
  Data Path Delay:        6.929ns  (logic 5.196ns (74.989%)  route 1.733ns (25.011%))
  Logic Levels:           1  (LUT5=1)
  Clock Path Skew:        2.501ns (DCD - SCD + CPR)
    Destination Clock Delay (DCD):    2.501ns = ( 52.501 - 50.000 ) 
    Source Clock Delay      (SCD):    0.000ns = ( 25.000 - 25.000 ) 
    Clock Pessimism Removal (CPR):    0.000ns
  Clock Uncertainty:      0.235ns  ((TSJ^2 + TIJ^2)^1/2 + DJ) / 2 + PE + DCD
    Total System Jitter     (TSJ):    0.071ns
    Total Input Jitter      (TIJ):    0.000ns
    Discrete Jitter          (DJ):    0.000ns
    Phase Error              (PE):    0.000ns
    Duty Cycle Distortion   (DCD):    0.200ns
  Clock Net Delay (Destination): 1.204ns (routing 0.460ns, distribution 0.744ns)

    Location             Delay type                Incr(ns)  Path(ns)    Netlist Resource(s)
  -------------------------------------------------------------------    -------------------
                         (clock dbg_hub/inst/BSCANID.u_xsdbm_id/SWITCH_N_EXT_BSCAN.bscan_inst/SERIES7_BSCAN.bscan_inst/INTERNAL_TCK fall edge)
                                                     25.000    25.000 f  
    CONFIG_SITE_X0Y0     BSCANE2                      0.000    25.000 f  dbg_hub/inst/BSCANID.u_xsdbm_id/SWITCH_N_EXT_BSCAN.bscan_inst/SERIES7_BSCAN.bscan_inst/INTERNAL_TCK
  -------------------------------------------------------------------    -------------------
    CONFIG_SITE_X0Y0     BSCANE2 (Prop_BSCAN1_CONFIG_SITE_INTERNAL_TCK_SHIFT)
                                                      5.100    30.100 r  dbg_hub/inst/BSCANID.u_xsdbm_id/SWITCH_N_EXT_BSCAN.bscan_inst/SERIES7_BSCAN.bscan_inst/SHIFT
                         net (fo=36, routed)          0.630    30.730    dbg_hub/inst/BSCANID.u_xsdbm_id/SWITCH_N_EXT_BSCAN.bscan_switch/s_bscan_shift
    SLICE_X49Y164        LUT5 (Prop_H5LUT_SLICEL_I4_O)
                                                      0.096    30.826 r  dbg_hub/inst/BSCANID.u_xsdbm_id/SWITCH_N_EXT_BSCAN.bscan_switch/temp_curid[28]_i_1/O
                         net (fo=32, routed)          1.103    31.929    dbg_hub/inst/BSCANID.u_xsdbm_id/SWITCH_N_EXT_BSCAN.bscan_switch/temp_curid[28]_i_1_n_0
    SLICE_X50Y164        FDRE                                         r  dbg_hub/inst/BSCANID.u_xsdbm_id/SWITCH_N_EXT_BSCAN.bscan_switch/temp_curid_reg[3]/CE
  -------------------------------------------------------------------    -------------------

                         (clock dbg_hub/inst/BSCANID.u_xsdbm_id/SWITCH_N_EXT_BSCAN.bscan_inst/SERIES7_BSCAN.bscan_inst/INTERNAL_TCK rise edge)
                                                     50.000    50.000 r  
    CONFIG_SITE_X0Y0     BSCANE2                      0.000    50.000 r  dbg_hub/inst/BSCANID.u_xsdbm_id/SWITCH_N_EXT_BSCAN.bscan_inst/SERIES7_BSCAN.bscan_inst/INTERNAL_TCK
    CONFIG_SITE_X0Y0     BSCANE2 (Prop_BSCAN1_CONFIG_SITE_INTERNAL_TCK_TCK)
                                                      0.465    50.465 r  dbg_hub/inst/BSCANID.u_xsdbm_id/SWITCH_N_EXT_BSCAN.bscan_inst/SERIES7_BSCAN.bscan_inst/TCK
                         net (fo=1, routed)           0.808    51.273    dbg_hub/inst/BSCANID.u_xsdbm_id/tck_bs
    BUFGCE_X0Y50         BUFGCE (Prop_BUFCE_BUFGCE_I_O)
                                                      0.024    51.297 r  dbg_hub/inst/BSCANID.u_xsdbm_id/SWITCH_N_EXT_BSCAN.u_bufg_icon_tck/O
    X2Y2 (CLOCK_ROOT)    net (fo=490, routed)         1.204    52.501    dbg_hub/inst/BSCANID.u_xsdbm_id/SWITCH_N_EXT_BSCAN.bscan_switch/s_bscan_tck
    SLICE_X50Y164        FDRE                                         r  dbg_hub/inst/BSCANID.u_xsdbm_id/SWITCH_N_EXT_BSCAN.bscan_switch/temp_curid_reg[3]/C
                         clock pessimism              0.000    52.501    
                         clock uncertainty           -0.235    52.266    
    SLICE_X50Y164        FDRE (Setup_EFF2_SLICEL_C_CE)
                                                     -0.060    52.206    dbg_hub/inst/BSCANID.u_xsdbm_id/SWITCH_N_EXT_BSCAN.bscan_switch/temp_curid_reg[3]
  -------------------------------------------------------------------
                         required time                         52.206    
                         arrival time                         -31.929    
  -------------------------------------------------------------------
                         slack                                 20.277    

Slack (MET) :             20.277ns  (required time - arrival time)
  Source:                 dbg_hub/inst/BSCANID.u_xsdbm_id/SWITCH_N_EXT_BSCAN.bscan_inst/SERIES7_BSCAN.bscan_inst/INTERNAL_TCK
                            (falling edge-triggered cell BSCANE2 clocked by dbg_hub/inst/BSCANID.u_xsdbm_id/SWITCH_N_EXT_BSCAN.bscan_inst/SERIES7_BSCAN.bscan_inst/INTERNAL_TCK  {rise@0.000ns fall@25.000ns period=50.000ns})
  Destination:            dbg_hub/inst/BSCANID.u_xsdbm_id/SWITCH_N_EXT_BSCAN.bscan_switch/temp_curid_reg[5]/CE
                            (rising edge-triggered cell FDRE clocked by dbg_hub/inst/BSCANID.u_xsdbm_id/SWITCH_N_EXT_BSCAN.bscan_inst/SERIES7_BSCAN.bscan_inst/INTERNAL_TCK  {rise@0.000ns fall@25.000ns period=50.000ns})
  Path Group:             dbg_hub/inst/BSCANID.u_xsdbm_id/SWITCH_N_EXT_BSCAN.bscan_inst/SERIES7_BSCAN.bscan_inst/INTERNAL_TCK
  Path Type:              Setup (Max at Slow Process Corner)
  Requirement:            25.000ns  (dbg_hub/inst/BSCANID.u_xsdbm_id/SWITCH_N_EXT_BSCAN.bscan_inst/SERIES7_BSCAN.bscan_inst/INTERNAL_TCK rise@50.000ns - dbg_hub/inst/BSCANID.u_xsdbm_id/SWITCH_N_EXT_BSCAN.bscan_inst/SERIES7_BSCAN.bscan_inst/INTERNAL_TCK fall@25.000ns)
  Data Path Delay:        6.929ns  (logic 5.196ns (74.989%)  route 1.733ns (25.011%))
  Logic Levels:           1  (LUT5=1)
  Clock Path Skew:        2.501ns (DCD - SCD + CPR)
    Destination Clock Delay (DCD):    2.501ns = ( 52.501 - 50.000 ) 
    Source Clock Delay      (SCD):    0.000ns = ( 25.000 - 25.000 ) 
    Clock Pessimism Removal (CPR):    0.000ns
  Clock Uncertainty:      0.235ns  ((TSJ^2 + TIJ^2)^1/2 + DJ) / 2 + PE + DCD
    Total System Jitter     (TSJ):    0.071ns
    Total Input Jitter      (TIJ):    0.000ns
    Discrete Jitter          (DJ):    0.000ns
    Phase Error              (PE):    0.000ns
    Duty Cycle Distortion   (DCD):    0.200ns
  Clock Net Delay (Destination): 1.204ns (routing 0.460ns, distribution 0.744ns)

    Location             Delay type                Incr(ns)  Path(ns)    Netlist Resource(s)
  -------------------------------------------------------------------    -------------------
                         (clock dbg_hub/inst/BSCANID.u_xsdbm_id/SWITCH_N_EXT_BSCAN.bscan_inst/SERIES7_BSCAN.bscan_inst/INTERNAL_TCK fall edge)
                                                     25.000    25.000 f  
    CONFIG_SITE_X0Y0     BSCANE2                      0.000    25.000 f  dbg_hub/inst/BSCANID.u_xsdbm_id/SWITCH_N_EXT_BSCAN.bscan_inst/SERIES7_BSCAN.bscan_inst/INTERNAL_TCK
  -------------------------------------------------------------------    -------------------
    CONFIG_SITE_X0Y0     BSCANE2 (Prop_BSCAN1_CONFIG_SITE_INTERNAL_TCK_SHIFT)
                                                      5.100    30.100 r  dbg_hub/inst/BSCANID.u_xsdbm_id/SWITCH_N_EXT_BSCAN.bscan_inst/SERIES7_BSCAN.bscan_inst/SHIFT
                         net (fo=36, routed)          0.630    30.730    dbg_hub/inst/BSCANID.u_xsdbm_id/SWITCH_N_EXT_BSCAN.bscan_switch/s_bscan_shift
    SLICE_X49Y164        LUT5 (Prop_H5LUT_SLICEL_I4_O)
                                                      0.096    30.826 r  dbg_hub/inst/BSCANID.u_xsdbm_id/SWITCH_N_EXT_BSCAN.bscan_switch/temp_curid[28]_i_1/O
                         net (fo=32, routed)          1.103    31.929    dbg_hub/inst/BSCANID.u_xsdbm_id/SWITCH_N_EXT_BSCAN.bscan_switch/temp_curid[28]_i_1_n_0
    SLICE_X50Y164        FDRE                                         r  dbg_hub/inst/BSCANID.u_xsdbm_id/SWITCH_N_EXT_BSCAN.bscan_switch/temp_curid_reg[5]/CE
  -------------------------------------------------------------------    -------------------

                         (clock dbg_hub/inst/BSCANID.u_xsdbm_id/SWITCH_N_EXT_BSCAN.bscan_inst/SERIES7_BSCAN.bscan_inst/INTERNAL_TCK rise edge)
                                                     50.000    50.000 r  
    CONFIG_SITE_X0Y0     BSCANE2                      0.000    50.000 r  dbg_hub/inst/BSCANID.u_xsdbm_id/SWITCH_N_EXT_BSCAN.bscan_inst/SERIES7_BSCAN.bscan_inst/INTERNAL_TCK
    CONFIG_SITE_X0Y0     BSCANE2 (Prop_BSCAN1_CONFIG_SITE_INTERNAL_TCK_TCK)
                                                      0.465    50.465 r  dbg_hub/inst/BSCANID.u_xsdbm_id/SWITCH_N_EXT_BSCAN.bscan_inst/SERIES7_BSCAN.bscan_inst/TCK
                         net (fo=1, routed)           0.808    51.273    dbg_hub/inst/BSCANID.u_xsdbm_id/tck_bs
    BUFGCE_X0Y50         BUFGCE (Prop_BUFCE_BUFGCE_I_O)
                                                      0.024    51.297 r  dbg_hub/inst/BSCANID.u_xsdbm_id/SWITCH_N_EXT_BSCAN.u_bufg_icon_tck/O
    X2Y2 (CLOCK_ROOT)    net (fo=490, routed)         1.204    52.501    dbg_hub/inst/BSCANID.u_xsdbm_id/SWITCH_N_EXT_BSCAN.bscan_switch/s_bscan_tck
    SLICE_X50Y164        FDRE                                         r  dbg_hub/inst/BSCANID.u_xsdbm_id/SWITCH_N_EXT_BSCAN.bscan_switch/temp_curid_reg[5]/C
                         clock pessimism              0.000    52.501    
                         clock uncertainty           -0.235    52.266    
    SLICE_X50Y164        FDRE (Setup_FFF2_SLICEL_C_CE)
                                                     -0.060    52.206    dbg_hub/inst/BSCANID.u_xsdbm_id/SWITCH_N_EXT_BSCAN.bscan_switch/temp_curid_reg[5]
  -------------------------------------------------------------------
                         required time                         52.206    
                         arrival time                         -31.929    
  -------------------------------------------------------------------
                         slack                                 20.277    

Slack (MET) :             20.279ns  (required time - arrival time)
  Source:                 dbg_hub/inst/BSCANID.u_xsdbm_id/SWITCH_N_EXT_BSCAN.bscan_inst/SERIES7_BSCAN.bscan_inst/INTERNAL_TCK
                            (falling edge-triggered cell BSCANE2 clocked by dbg_hub/inst/BSCANID.u_xsdbm_id/SWITCH_N_EXT_BSCAN.bscan_inst/SERIES7_BSCAN.bscan_inst/INTERNAL_TCK  {rise@0.000ns fall@25.000ns period=50.000ns})
  Destination:            dbg_hub/inst/BSCANID.u_xsdbm_id/SWITCH_N_EXT_BSCAN.bscan_switch/temp_curid_reg[0]/CE
                            (rising edge-triggered cell FDRE clocked by dbg_hub/inst/BSCANID.u_xsdbm_id/SWITCH_N_EXT_BSCAN.bscan_inst/SERIES7_BSCAN.bscan_inst/INTERNAL_TCK  {rise@0.000ns fall@25.000ns period=50.000ns})
  Path Group:             dbg_hub/inst/BSCANID.u_xsdbm_id/SWITCH_N_EXT_BSCAN.bscan_inst/SERIES7_BSCAN.bscan_inst/INTERNAL_TCK
  Path Type:              Setup (Max at Slow Process Corner)
  Requirement:            25.000ns  (dbg_hub/inst/BSCANID.u_xsdbm_id/SWITCH_N_EXT_BSCAN.bscan_inst/SERIES7_BSCAN.bscan_inst/INTERNAL_TCK rise@50.000ns - dbg_hub/inst/BSCANID.u_xsdbm_id/SWITCH_N_EXT_BSCAN.bscan_inst/SERIES7_BSCAN.bscan_inst/INTERNAL_TCK fall@25.000ns)
  Data Path Delay:        6.927ns  (logic 5.196ns (75.011%)  route 1.731ns (24.989%))
  Logic Levels:           1  (LUT5=1)
  Clock Path Skew:        2.501ns (DCD - SCD + CPR)
    Destination Clock Delay (DCD):    2.501ns = ( 52.501 - 50.000 ) 
    Source Clock Delay      (SCD):    0.000ns = ( 25.000 - 25.000 ) 
    Clock Pessimism Removal (CPR):    0.000ns
  Clock Uncertainty:      0.235ns  ((TSJ^2 + TIJ^2)^1/2 + DJ) / 2 + PE + DCD
    Total System Jitter     (TSJ):    0.071ns
    Total Input Jitter      (TIJ):    0.000ns
    Discrete Jitter          (DJ):    0.000ns
    Phase Error              (PE):    0.000ns
    Duty Cycle Distortion   (DCD):    0.200ns
  Clock Net Delay (Destination): 1.204ns (routing 0.460ns, distribution 0.744ns)

    Location             Delay type                Incr(ns)  Path(ns)    Netlist Resource(s)
  -------------------------------------------------------------------    -------------------
                         (clock dbg_hub/inst/BSCANID.u_xsdbm_id/SWITCH_N_EXT_BSCAN.bscan_inst/SERIES7_BSCAN.bscan_inst/INTERNAL_TCK fall edge)
                                                     25.000    25.000 f  
    CONFIG_SITE_X0Y0     BSCANE2                      0.000    25.000 f  dbg_hub/inst/BSCANID.u_xsdbm_id/SWITCH_N_EXT_BSCAN.bscan_inst/SERIES7_BSCAN.bscan_inst/INTERNAL_TCK
  -------------------------------------------------------------------    -------------------
    CONFIG_SITE_X0Y0     BSCANE2 (Prop_BSCAN1_CONFIG_SITE_INTERNAL_TCK_SHIFT)
                                                      5.100    30.100 r  dbg_hub/inst/BSCANID.u_xsdbm_id/SWITCH_N_EXT_BSCAN.bscan_inst/SERIES7_BSCAN.bscan_inst/SHIFT
                         net (fo=36, routed)          0.630    30.730    dbg_hub/inst/BSCANID.u_xsdbm_id/SWITCH_N_EXT_BSCAN.bscan_switch/s_bscan_shift
    SLICE_X49Y164        LUT5 (Prop_H5LUT_SLICEL_I4_O)
                                                      0.096    30.826 r  dbg_hub/inst/BSCANID.u_xsdbm_id/SWITCH_N_EXT_BSCAN.bscan_switch/temp_curid[28]_i_1/O
                         net (fo=32, routed)          1.101    31.927    dbg_hub/inst/BSCANID.u_xsdbm_id/SWITCH_N_EXT_BSCAN.bscan_switch/temp_curid[28]_i_1_n_0
    SLICE_X51Y164        FDRE                                         r  dbg_hub/inst/BSCANID.u_xsdbm_id/SWITCH_N_EXT_BSCAN.bscan_switch/temp_curid_reg[0]/CE
  -------------------------------------------------------------------    -------------------

                         (clock dbg_hub/inst/BSCANID.u_xsdbm_id/SWITCH_N_EXT_BSCAN.bscan_inst/SERIES7_BSCAN.bscan_inst/INTERNAL_TCK rise edge)
                                                     50.000    50.000 r  
    CONFIG_SITE_X0Y0     BSCANE2                      0.000    50.000 r  dbg_hub/inst/BSCANID.u_xsdbm_id/SWITCH_N_EXT_BSCAN.bscan_inst/SERIES7_BSCAN.bscan_inst/INTERNAL_TCK
    CONFIG_SITE_X0Y0     BSCANE2 (Prop_BSCAN1_CONFIG_SITE_INTERNAL_TCK_TCK)
                                                      0.465    50.465 r  dbg_hub/inst/BSCANID.u_xsdbm_id/SWITCH_N_EXT_BSCAN.bscan_inst/SERIES7_BSCAN.bscan_inst/TCK
                         net (fo=1, routed)           0.808    51.273    dbg_hub/inst/BSCANID.u_xsdbm_id/tck_bs
    BUFGCE_X0Y50         BUFGCE (Prop_BUFCE_BUFGCE_I_O)
                                                      0.024    51.297 r  dbg_hub/inst/BSCANID.u_xsdbm_id/SWITCH_N_EXT_BSCAN.u_bufg_icon_tck/O
    X2Y2 (CLOCK_ROOT)    net (fo=490, routed)         1.204    52.501    dbg_hub/inst/BSCANID.u_xsdbm_id/SWITCH_N_EXT_BSCAN.bscan_switch/s_bscan_tck
    SLICE_X51Y164        FDRE                                         r  dbg_hub/inst/BSCANID.u_xsdbm_id/SWITCH_N_EXT_BSCAN.bscan_switch/temp_curid_reg[0]/C
                         clock pessimism              0.000    52.501    
                         clock uncertainty           -0.235    52.266    
    SLICE_X51Y164        FDRE (Setup_EFF_SLICEL_C_CE)
                                                     -0.060    52.206    dbg_hub/inst/BSCANID.u_xsdbm_id/SWITCH_N_EXT_BSCAN.bscan_switch/temp_curid_reg[0]
  -------------------------------------------------------------------
                         required time                         52.206    
                         arrival time                         -31.927    
  -------------------------------------------------------------------
                         slack                                 20.279    

Slack (MET) :             20.279ns  (required time - arrival time)
  Source:                 dbg_hub/inst/BSCANID.u_xsdbm_id/SWITCH_N_EXT_BSCAN.bscan_inst/SERIES7_BSCAN.bscan_inst/INTERNAL_TCK
                            (falling edge-triggered cell BSCANE2 clocked by dbg_hub/inst/BSCANID.u_xsdbm_id/SWITCH_N_EXT_BSCAN.bscan_inst/SERIES7_BSCAN.bscan_inst/INTERNAL_TCK  {rise@0.000ns fall@25.000ns period=50.000ns})
  Destination:            dbg_hub/inst/BSCANID.u_xsdbm_id/SWITCH_N_EXT_BSCAN.bscan_switch/temp_curid_reg[2]/CE
                            (rising edge-triggered cell FDRE clocked by dbg_hub/inst/BSCANID.u_xsdbm_id/SWITCH_N_EXT_BSCAN.bscan_inst/SERIES7_BSCAN.bscan_inst/INTERNAL_TCK  {rise@0.000ns fall@25.000ns period=50.000ns})
  Path Group:             dbg_hub/inst/BSCANID.u_xsdbm_id/SWITCH_N_EXT_BSCAN.bscan_inst/SERIES7_BSCAN.bscan_inst/INTERNAL_TCK
  Path Type:              Setup (Max at Slow Process Corner)
  Requirement:            25.000ns  (dbg_hub/inst/BSCANID.u_xsdbm_id/SWITCH_N_EXT_BSCAN.bscan_inst/SERIES7_BSCAN.bscan_inst/INTERNAL_TCK rise@50.000ns - dbg_hub/inst/BSCANID.u_xsdbm_id/SWITCH_N_EXT_BSCAN.bscan_inst/SERIES7_BSCAN.bscan_inst/INTERNAL_TCK fall@25.000ns)
  Data Path Delay:        6.927ns  (logic 5.196ns (75.011%)  route 1.731ns (24.989%))
  Logic Levels:           1  (LUT5=1)
  Clock Path Skew:        2.501ns (DCD - SCD + CPR)
    Destination Clock Delay (DCD):    2.501ns = ( 52.501 - 50.000 ) 
    Source Clock Delay      (SCD):    0.000ns = ( 25.000 - 25.000 ) 
    Clock Pessimism Removal (CPR):    0.000ns
  Clock Uncertainty:      0.235ns  ((TSJ^2 + TIJ^2)^1/2 + DJ) / 2 + PE + DCD
    Total System Jitter     (TSJ):    0.071ns
    Total Input Jitter      (TIJ):    0.000ns
    Discrete Jitter          (DJ):    0.000ns
    Phase Error              (PE):    0.000ns
    Duty Cycle Distortion   (DCD):    0.200ns
  Clock Net Delay (Destination): 1.204ns (routing 0.460ns, distribution 0.744ns)

    Location             Delay type                Incr(ns)  Path(ns)    Netlist Resource(s)
  -------------------------------------------------------------------    -------------------
                         (clock dbg_hub/inst/BSCANID.u_xsdbm_id/SWITCH_N_EXT_BSCAN.bscan_inst/SERIES7_BSCAN.bscan_inst/INTERNAL_TCK fall edge)
                                                     25.000    25.000 f  
    CONFIG_SITE_X0Y0     BSCANE2                      0.000    25.000 f  dbg_hub/inst/BSCANID.u_xsdbm_id/SWITCH_N_EXT_BSCAN.bscan_inst/SERIES7_BSCAN.bscan_inst/INTERNAL_TCK
  -------------------------------------------------------------------    -------------------
    CONFIG_SITE_X0Y0     BSCANE2 (Prop_BSCAN1_CONFIG_SITE_INTERNAL_TCK_SHIFT)
                                                      5.100    30.100 r  dbg_hub/inst/BSCANID.u_xsdbm_id/SWITCH_N_EXT_BSCAN.bscan_inst/SERIES7_BSCAN.bscan_inst/SHIFT
                         net (fo=36, routed)          0.630    30.730    dbg_hub/inst/BSCANID.u_xsdbm_id/SWITCH_N_EXT_BSCAN.bscan_switch/s_bscan_shift
    SLICE_X49Y164        LUT5 (Prop_H5LUT_SLICEL_I4_O)
                                                      0.096    30.826 r  dbg_hub/inst/BSCANID.u_xsdbm_id/SWITCH_N_EXT_BSCAN.bscan_switch/temp_curid[28]_i_1/O
                         net (fo=32, routed)          1.101    31.927    dbg_hub/inst/BSCANID.u_xsdbm_id/SWITCH_N_EXT_BSCAN.bscan_switch/temp_curid[28]_i_1_n_0
    SLICE_X50Y164        FDRE                                         r  dbg_hub/inst/BSCANID.u_xsdbm_id/SWITCH_N_EXT_BSCAN.bscan_switch/temp_curid_reg[2]/CE
  -------------------------------------------------------------------    -------------------

                         (clock dbg_hub/inst/BSCANID.u_xsdbm_id/SWITCH_N_EXT_BSCAN.bscan_inst/SERIES7_BSCAN.bscan_inst/INTERNAL_TCK rise edge)
                                                     50.000    50.000 r  
    CONFIG_SITE_X0Y0     BSCANE2                      0.000    50.000 r  dbg_hub/inst/BSCANID.u_xsdbm_id/SWITCH_N_EXT_BSCAN.bscan_inst/SERIES7_BSCAN.bscan_inst/INTERNAL_TCK
    CONFIG_SITE_X0Y0     BSCANE2 (Prop_BSCAN1_CONFIG_SITE_INTERNAL_TCK_TCK)
                                                      0.465    50.465 r  dbg_hub/inst/BSCANID.u_xsdbm_id/SWITCH_N_EXT_BSCAN.bscan_inst/SERIES7_BSCAN.bscan_inst/TCK
                         net (fo=1, routed)           0.808    51.273    dbg_hub/inst/BSCANID.u_xsdbm_id/tck_bs
    BUFGCE_X0Y50         BUFGCE (Prop_BUFCE_BUFGCE_I_O)
                                                      0.024    51.297 r  dbg_hub/inst/BSCANID.u_xsdbm_id/SWITCH_N_EXT_BSCAN.u_bufg_icon_tck/O
    X2Y2 (CLOCK_ROOT)    net (fo=490, routed)         1.204    52.501    dbg_hub/inst/BSCANID.u_xsdbm_id/SWITCH_N_EXT_BSCAN.bscan_switch/s_bscan_tck
    SLICE_X50Y164        FDRE                                         r  dbg_hub/inst/BSCANID.u_xsdbm_id/SWITCH_N_EXT_BSCAN.bscan_switch/temp_curid_reg[2]/C
                         clock pessimism              0.000    52.501    
                         clock uncertainty           -0.235    52.266    
    SLICE_X50Y164        FDRE (Setup_EFF_SLICEL_C_CE)
                                                     -0.060    52.206    dbg_hub/inst/BSCANID.u_xsdbm_id/SWITCH_N_EXT_BSCAN.bscan_switch/temp_curid_reg[2]
  -------------------------------------------------------------------
                         required time                         52.206    
                         arrival time                         -31.927    
  -------------------------------------------------------------------
                         slack                                 20.279    





Min Delay Paths
--------------------------------------------------------------------------------------
Slack (MET) :             0.014ns  (arrival time - required time)
  Source:                 dbg_hub/inst/BSCANID.u_xsdbm_id/CORE_XSDB.UUT_MASTER/U_ICON_INTERFACE/U_CMD6_WR/shift_reg_in_reg[8]/C
                            (rising edge-triggered cell FDCE clocked by dbg_hub/inst/BSCANID.u_xsdbm_id/SWITCH_N_EXT_BSCAN.bscan_inst/SERIES7_BSCAN.bscan_inst/INTERNAL_TCK  {rise@0.000ns fall@25.000ns period=50.000ns})
  Destination:            dbg_hub/inst/BSCANID.u_xsdbm_id/CORE_XSDB.UUT_MASTER/U_ICON_INTERFACE/U_CMD6_WR/U_WR_FIFO/SUBCORE_FIFO.xsdbm_v3_0_0_wrfifo_inst/inst_fifo_gen/gconvfifo.rf/grf.rf/gntv_or_sync_fifo.mem/gdm.dm_gen.dm/RAM_reg_0_15_0_13/RAMD_D1/I
                            (rising edge-triggered cell RAMD32 clocked by dbg_hub/inst/BSCANID.u_xsdbm_id/SWITCH_N_EXT_BSCAN.bscan_inst/SERIES7_BSCAN.bscan_inst/INTERNAL_TCK  {rise@0.000ns fall@25.000ns period=50.000ns})
  Path Group:             dbg_hub/inst/BSCANID.u_xsdbm_id/SWITCH_N_EXT_BSCAN.bscan_inst/SERIES7_BSCAN.bscan_inst/INTERNAL_TCK
  Path Type:              Hold (Min at Slow Process Corner)
  Requirement:            0.000ns  (dbg_hub/inst/BSCANID.u_xsdbm_id/SWITCH_N_EXT_BSCAN.bscan_inst/SERIES7_BSCAN.bscan_inst/INTERNAL_TCK rise@0.000ns - dbg_hub/inst/BSCANID.u_xsdbm_id/SWITCH_N_EXT_BSCAN.bscan_inst/SERIES7_BSCAN.bscan_inst/INTERNAL_TCK rise@0.000ns)
  Data Path Delay:        0.135ns  (logic 0.058ns (42.963%)  route 0.077ns (57.037%))
  Logic Levels:           0  
  Clock Path Skew:        0.062ns (DCD - SCD - CPR)
    Destination Clock Delay (DCD):    6.833ns
    Source Clock Delay      (SCD):    2.469ns
    Clock Pessimism Removal (CPR):    4.302ns
  Clock Net Delay (Source):      1.172ns (routing 0.460ns, distribution 0.712ns)
  Clock Net Delay (Destination): 1.365ns (routing 0.505ns, distribution 0.860ns)

    Location             Delay type                Incr(ns)  Path(ns)    Netlist Resource(s)
  -------------------------------------------------------------------    -------------------
                         (clock dbg_hub/inst/BSCANID.u_xsdbm_id/SWITCH_N_EXT_BSCAN.bscan_inst/SERIES7_BSCAN.bscan_inst/INTERNAL_TCK rise edge)
                                                      0.000     0.000 r  
    CONFIG_SITE_X0Y0     BSCANE2                      0.000     0.000 r  dbg_hub/inst/BSCANID.u_xsdbm_id/SWITCH_N_EXT_BSCAN.bscan_inst/SERIES7_BSCAN.bscan_inst/INTERNAL_TCK
    CONFIG_SITE_X0Y0     BSCANE2 (Prop_BSCAN1_CONFIG_SITE_INTERNAL_TCK_TCK)
                                                      0.465     0.465 r  dbg_hub/inst/BSCANID.u_xsdbm_id/SWITCH_N_EXT_BSCAN.bscan_inst/SERIES7_BSCAN.bscan_inst/TCK
                         net (fo=1, routed)           0.808     1.273    dbg_hub/inst/BSCANID.u_xsdbm_id/tck_bs
    BUFGCE_X0Y50         BUFGCE (Prop_BUFCE_BUFGCE_I_O)
                                                      0.024     1.297 r  dbg_hub/inst/BSCANID.u_xsdbm_id/SWITCH_N_EXT_BSCAN.u_bufg_icon_tck/O
    X2Y2 (CLOCK_ROOT)    net (fo=490, routed)         1.172     2.469    dbg_hub/inst/BSCANID.u_xsdbm_id/CORE_XSDB.UUT_MASTER/U_ICON_INTERFACE/U_CMD6_WR/m_bscan_tck[0]
    SLICE_X46Y126        FDCE                                         r  dbg_hub/inst/BSCANID.u_xsdbm_id/CORE_XSDB.UUT_MASTER/U_ICON_INTERFACE/U_CMD6_WR/shift_reg_in_reg[8]/C
  -------------------------------------------------------------------    -------------------
    SLICE_X46Y126        FDCE (Prop_CFF_SLICEL_C_Q)
                                                      0.058     2.527 r  dbg_hub/inst/BSCANID.u_xsdbm_id/CORE_XSDB.UUT_MASTER/U_ICON_INTERFACE/U_CMD6_WR/shift_reg_in_reg[8]/Q
                         net (fo=2, routed)           0.077     2.604    dbg_hub/inst/BSCANID.u_xsdbm_id/CORE_XSDB.UUT_MASTER/U_ICON_INTERFACE/U_CMD6_WR/U_WR_FIFO/SUBCORE_FIFO.xsdbm_v3_0_0_wrfifo_inst/inst_fifo_gen/gconvfifo.rf/grf.rf/gntv_or_sync_fifo.mem/gdm.dm_gen.dm/RAM_reg_0_15_0_13/DID1
    SLICE_X45Y126        RAMD32                                       r  dbg_hub/inst/BSCANID.u_xsdbm_id/CORE_XSDB.UUT_MASTER/U_ICON_INTERFACE/U_CMD6_WR/U_WR_FIFO/SUBCORE_FIFO.xsdbm_v3_0_0_wrfifo_inst/inst_fifo_gen/gconvfifo.rf/grf.rf/gntv_or_sync_fifo.mem/gdm.dm_gen.dm/RAM_reg_0_15_0_13/RAMD_D1/I
  -------------------------------------------------------------------    -------------------

                         (clock dbg_hub/inst/BSCANID.u_xsdbm_id/SWITCH_N_EXT_BSCAN.bscan_inst/SERIES7_BSCAN.bscan_inst/INTERNAL_TCK rise edge)
                                                      0.000     0.000 r  
    CONFIG_SITE_X0Y0     BSCANE2                      0.000     0.000 r  dbg_hub/inst/BSCANID.u_xsdbm_id/SWITCH_N_EXT_BSCAN.bscan_inst/SERIES7_BSCAN.bscan_inst/INTERNAL_TCK
    CONFIG_SITE_X0Y0     BSCANE2 (Prop_BSCAN1_CONFIG_SITE_INTERNAL_TCK_TCK)
                                                      4.300     4.300 r  dbg_hub/inst/BSCANID.u_xsdbm_id/SWITCH_N_EXT_BSCAN.bscan_inst/SERIES7_BSCAN.bscan_inst/TCK
                         net (fo=1, routed)           1.140     5.440    dbg_hub/inst/BSCANID.u_xsdbm_id/tck_bs
    BUFGCE_X0Y50         BUFGCE (Prop_BUFCE_BUFGCE_I_O)
                                                      0.028     5.468 r  dbg_hub/inst/BSCANID.u_xsdbm_id/SWITCH_N_EXT_BSCAN.u_bufg_icon_tck/O
    X2Y2 (CLOCK_ROOT)    net (fo=490, routed)         1.365     6.833    dbg_hub/inst/BSCANID.u_xsdbm_id/CORE_XSDB.UUT_MASTER/U_ICON_INTERFACE/U_CMD6_WR/U_WR_FIFO/SUBCORE_FIFO.xsdbm_v3_0_0_wrfifo_inst/inst_fifo_gen/gconvfifo.rf/grf.rf/gntv_or_sync_fifo.mem/gdm.dm_gen.dm/RAM_reg_0_15_0_13/WCLK
    SLICE_X45Y126        RAMD32                                       r  dbg_hub/inst/BSCANID.u_xsdbm_id/CORE_XSDB.UUT_MASTER/U_ICON_INTERFACE/U_CMD6_WR/U_WR_FIFO/SUBCORE_FIFO.xsdbm_v3_0_0_wrfifo_inst/inst_fifo_gen/gconvfifo.rf/grf.rf/gntv_or_sync_fifo.mem/gdm.dm_gen.dm/RAM_reg_0_15_0_13/RAMD_D1/CLK
                         clock pessimism             -4.302     2.531    
    SLICE_X45Y126        RAMD32 (Hold_D6LUT_SLICEM_CLK_I)
                                                      0.059     2.590    dbg_hub/inst/BSCANID.u_xsdbm_id/CORE_XSDB.UUT_MASTER/U_ICON_INTERFACE/U_CMD6_WR/U_WR_FIFO/SUBCORE_FIFO.xsdbm_v3_0_0_wrfifo_inst/inst_fifo_gen/gconvfifo.rf/grf.rf/gntv_or_sync_fifo.mem/gdm.dm_gen.dm/RAM_reg_0_15_0_13/RAMD_D1
  -------------------------------------------------------------------
                         required time                         -2.590    
                         arrival time                           2.604    
  -------------------------------------------------------------------
                         slack                                  0.014    

Slack (MET) :             0.015ns  (arrival time - required time)
  Source:                 dbg_hub/inst/BSCANID.u_xsdbm_id/CORE_XSDB.UUT_MASTER/U_ICON_INTERFACE/U_CMD6_WR/shift_reg_in_reg[13]/C
                            (rising edge-triggered cell FDCE clocked by dbg_hub/inst/BSCANID.u_xsdbm_id/SWITCH_N_EXT_BSCAN.bscan_inst/SERIES7_BSCAN.bscan_inst/INTERNAL_TCK  {rise@0.000ns fall@25.000ns period=50.000ns})
  Destination:            dbg_hub/inst/BSCANID.u_xsdbm_id/CORE_XSDB.UUT_MASTER/U_ICON_INTERFACE/U_CMD6_WR/U_WR_FIFO/SUBCORE_FIFO.xsdbm_v3_0_0_wrfifo_inst/inst_fifo_gen/gconvfifo.rf/grf.rf/gntv_or_sync_fifo.mem/gdm.dm_gen.dm/RAM_reg_0_15_0_13/RAMG/I
                            (rising edge-triggered cell RAMD32 clocked by dbg_hub/inst/BSCANID.u_xsdbm_id/SWITCH_N_EXT_BSCAN.bscan_inst/SERIES7_BSCAN.bscan_inst/INTERNAL_TCK  {rise@0.000ns fall@25.000ns period=50.000ns})
  Path Group:             dbg_hub/inst/BSCANID.u_xsdbm_id/SWITCH_N_EXT_BSCAN.bscan_inst/SERIES7_BSCAN.bscan_inst/INTERNAL_TCK
  Path Type:              Hold (Min at Slow Process Corner)
  Requirement:            0.000ns  (dbg_hub/inst/BSCANID.u_xsdbm_id/SWITCH_N_EXT_BSCAN.bscan_inst/SERIES7_BSCAN.bscan_inst/INTERNAL_TCK rise@0.000ns - dbg_hub/inst/BSCANID.u_xsdbm_id/SWITCH_N_EXT_BSCAN.bscan_inst/SERIES7_BSCAN.bscan_inst/INTERNAL_TCK rise@0.000ns)
  Data Path Delay:        0.155ns  (logic 0.060ns (38.710%)  route 0.095ns (61.290%))
  Logic Levels:           0  
  Clock Path Skew:        0.062ns (DCD - SCD - CPR)
    Destination Clock Delay (DCD):    6.833ns
    Source Clock Delay      (SCD):    2.469ns
    Clock Pessimism Removal (CPR):    4.302ns
  Clock Net Delay (Source):      1.172ns (routing 0.460ns, distribution 0.712ns)
  Clock Net Delay (Destination): 1.365ns (routing 0.505ns, distribution 0.860ns)

    Location             Delay type                Incr(ns)  Path(ns)    Netlist Resource(s)
  -------------------------------------------------------------------    -------------------
                         (clock dbg_hub/inst/BSCANID.u_xsdbm_id/SWITCH_N_EXT_BSCAN.bscan_inst/SERIES7_BSCAN.bscan_inst/INTERNAL_TCK rise edge)
                                                      0.000     0.000 r  
    CONFIG_SITE_X0Y0     BSCANE2                      0.000     0.000 r  dbg_hub/inst/BSCANID.u_xsdbm_id/SWITCH_N_EXT_BSCAN.bscan_inst/SERIES7_BSCAN.bscan_inst/INTERNAL_TCK
    CONFIG_SITE_X0Y0     BSCANE2 (Prop_BSCAN1_CONFIG_SITE_INTERNAL_TCK_TCK)
                                                      0.465     0.465 r  dbg_hub/inst/BSCANID.u_xsdbm_id/SWITCH_N_EXT_BSCAN.bscan_inst/SERIES7_BSCAN.bscan_inst/TCK
                         net (fo=1, routed)           0.808     1.273    dbg_hub/inst/BSCANID.u_xsdbm_id/tck_bs
    BUFGCE_X0Y50         BUFGCE (Prop_BUFCE_BUFGCE_I_O)
                                                      0.024     1.297 r  dbg_hub/inst/BSCANID.u_xsdbm_id/SWITCH_N_EXT_BSCAN.u_bufg_icon_tck/O
    X2Y2 (CLOCK_ROOT)    net (fo=490, routed)         1.172     2.469    dbg_hub/inst/BSCANID.u_xsdbm_id/CORE_XSDB.UUT_MASTER/U_ICON_INTERFACE/U_CMD6_WR/m_bscan_tck[0]
    SLICE_X46Y126        FDCE                                         r  dbg_hub/inst/BSCANID.u_xsdbm_id/CORE_XSDB.UUT_MASTER/U_ICON_INTERFACE/U_CMD6_WR/shift_reg_in_reg[13]/C
  -------------------------------------------------------------------    -------------------
    SLICE_X46Y126        FDCE (Prop_BFF2_SLICEL_C_Q)
                                                      0.060     2.529 r  dbg_hub/inst/BSCANID.u_xsdbm_id/CORE_XSDB.UUT_MASTER/U_ICON_INTERFACE/U_CMD6_WR/shift_reg_in_reg[13]/Q
                         net (fo=2, routed)           0.095     2.624    dbg_hub/inst/BSCANID.u_xsdbm_id/CORE_XSDB.UUT_MASTER/U_ICON_INTERFACE/U_CMD6_WR/U_WR_FIFO/SUBCORE_FIFO.xsdbm_v3_0_0_wrfifo_inst/inst_fifo_gen/gconvfifo.rf/grf.rf/gntv_or_sync_fifo.mem/gdm.dm_gen.dm/RAM_reg_0_15_0_13/DIG0
    SLICE_X45Y126        RAMD32                                       r  dbg_hub/inst/BSCANID.u_xsdbm_id/CORE_XSDB.UUT_MASTER/U_ICON_INTERFACE/U_CMD6_WR/U_WR_FIFO/SUBCORE_FIFO.xsdbm_v3_0_0_wrfifo_inst/inst_fifo_gen/gconvfifo.rf/grf.rf/gntv_or_sync_fifo.mem/gdm.dm_gen.dm/RAM_reg_0_15_0_13/RAMG/I
  -------------------------------------------------------------------    -------------------

                         (clock dbg_hub/inst/BSCANID.u_xsdbm_id/SWITCH_N_EXT_BSCAN.bscan_inst/SERIES7_BSCAN.bscan_inst/INTERNAL_TCK rise edge)
                                                      0.000     0.000 r  
    CONFIG_SITE_X0Y0     BSCANE2                      0.000     0.000 r  dbg_hub/inst/BSCANID.u_xsdbm_id/SWITCH_N_EXT_BSCAN.bscan_inst/SERIES7_BSCAN.bscan_inst/INTERNAL_TCK
    CONFIG_SITE_X0Y0     BSCANE2 (Prop_BSCAN1_CONFIG_SITE_INTERNAL_TCK_TCK)
                                                      4.300     4.300 r  dbg_hub/inst/BSCANID.u_xsdbm_id/SWITCH_N_EXT_BSCAN.bscan_inst/SERIES7_BSCAN.bscan_inst/TCK
                         net (fo=1, routed)           1.140     5.440    dbg_hub/inst/BSCANID.u_xsdbm_id/tck_bs
    BUFGCE_X0Y50         BUFGCE (Prop_BUFCE_BUFGCE_I_O)
                                                      0.028     5.468 r  dbg_hub/inst/BSCANID.u_xsdbm_id/SWITCH_N_EXT_BSCAN.u_bufg_icon_tck/O
    X2Y2 (CLOCK_ROOT)    net (fo=490, routed)         1.365     6.833    dbg_hub/inst/BSCANID.u_xsdbm_id/CORE_XSDB.UUT_MASTER/U_ICON_INTERFACE/U_CMD6_WR/U_WR_FIFO/SUBCORE_FIFO.xsdbm_v3_0_0_wrfifo_inst/inst_fifo_gen/gconvfifo.rf/grf.rf/gntv_or_sync_fifo.mem/gdm.dm_gen.dm/RAM_reg_0_15_0_13/WCLK
    SLICE_X45Y126        RAMD32                                       r  dbg_hub/inst/BSCANID.u_xsdbm_id/CORE_XSDB.UUT_MASTER/U_ICON_INTERFACE/U_CMD6_WR/U_WR_FIFO/SUBCORE_FIFO.xsdbm_v3_0_0_wrfifo_inst/inst_fifo_gen/gconvfifo.rf/grf.rf/gntv_or_sync_fifo.mem/gdm.dm_gen.dm/RAM_reg_0_15_0_13/RAMG/CLK
                         clock pessimism             -4.302     2.531    
    SLICE_X45Y126        RAMD32 (Hold_G5LUT_SLICEM_CLK_I)
                                                      0.078     2.609    dbg_hub/inst/BSCANID.u_xsdbm_id/CORE_XSDB.UUT_MASTER/U_ICON_INTERFACE/U_CMD6_WR/U_WR_FIFO/SUBCORE_FIFO.xsdbm_v3_0_0_wrfifo_inst/inst_fifo_gen/gconvfifo.rf/grf.rf/gntv_or_sync_fifo.mem/gdm.dm_gen.dm/RAM_reg_0_15_0_13/RAMG
  -------------------------------------------------------------------
                         required time                         -2.609    
                         arrival time                           2.624    
  -------------------------------------------------------------------
                         slack                                  0.015    

Slack (MET) :             0.026ns  (arrival time - required time)
  Source:                 dbg_hub/inst/BSCANID.u_xsdbm_id/CORE_XSDB.U_ICON/U_CMD/iTARGET_reg[10]/C
                            (rising edge-triggered cell FDCE clocked by dbg_hub/inst/BSCANID.u_xsdbm_id/SWITCH_N_EXT_BSCAN.bscan_inst/SERIES7_BSCAN.bscan_inst/INTERNAL_TCK  {rise@0.000ns fall@25.000ns period=50.000ns})
  Destination:            dbg_hub/inst/BSCANID.u_xsdbm_id/CORE_XSDB.U_ICON/U_CMD/iTARGET_reg[9]/D
                            (rising edge-triggered cell FDCE clocked by dbg_hub/inst/BSCANID.u_xsdbm_id/SWITCH_N_EXT_BSCAN.bscan_inst/SERIES7_BSCAN.bscan_inst/INTERNAL_TCK  {rise@0.000ns fall@25.000ns period=50.000ns})
  Path Group:             dbg_hub/inst/BSCANID.u_xsdbm_id/SWITCH_N_EXT_BSCAN.bscan_inst/SERIES7_BSCAN.bscan_inst/INTERNAL_TCK
  Path Type:              Hold (Min at Slow Process Corner)
  Requirement:            0.000ns  (dbg_hub/inst/BSCANID.u_xsdbm_id/SWITCH_N_EXT_BSCAN.bscan_inst/SERIES7_BSCAN.bscan_inst/INTERNAL_TCK rise@0.000ns - dbg_hub/inst/BSCANID.u_xsdbm_id/SWITCH_N_EXT_BSCAN.bscan_inst/SERIES7_BSCAN.bscan_inst/INTERNAL_TCK rise@0.000ns)
  Data Path Delay:        0.127ns  (logic 0.059ns (46.457%)  route 0.068ns (53.543%))
  Logic Levels:           0  
  Clock Path Skew:        0.039ns (DCD - SCD - CPR)
    Destination Clock Delay (DCD):    6.826ns
    Source Clock Delay      (SCD):    2.482ns
    Clock Pessimism Removal (CPR):    4.305ns
  Clock Net Delay (Source):      1.185ns (routing 0.460ns, distribution 0.725ns)
  Clock Net Delay (Destination): 1.358ns (routing 0.505ns, distribution 0.853ns)

    Location             Delay type                Incr(ns)  Path(ns)    Netlist Resource(s)
  -------------------------------------------------------------------    -------------------
                         (clock dbg_hub/inst/BSCANID.u_xsdbm_id/SWITCH_N_EXT_BSCAN.bscan_inst/SERIES7_BSCAN.bscan_inst/INTERNAL_TCK rise edge)
                                                      0.000     0.000 r  
    CONFIG_SITE_X0Y0     BSCANE2                      0.000     0.000 r  dbg_hub/inst/BSCANID.u_xsdbm_id/SWITCH_N_EXT_BSCAN.bscan_inst/SERIES7_BSCAN.bscan_inst/INTERNAL_TCK
    CONFIG_SITE_X0Y0     BSCANE2 (Prop_BSCAN1_CONFIG_SITE_INTERNAL_TCK_TCK)
                                                      0.465     0.465 r  dbg_hub/inst/BSCANID.u_xsdbm_id/SWITCH_N_EXT_BSCAN.bscan_inst/SERIES7_BSCAN.bscan_inst/TCK
                         net (fo=1, routed)           0.808     1.273    dbg_hub/inst/BSCANID.u_xsdbm_id/tck_bs
    BUFGCE_X0Y50         BUFGCE (Prop_BUFCE_BUFGCE_I_O)
                                                      0.024     1.297 r  dbg_hub/inst/BSCANID.u_xsdbm_id/SWITCH_N_EXT_BSCAN.u_bufg_icon_tck/O
    X2Y2 (CLOCK_ROOT)    net (fo=490, routed)         1.185     2.482    dbg_hub/inst/BSCANID.u_xsdbm_id/CORE_XSDB.U_ICON/U_CMD/m_bscan_tck[0]
    SLICE_X49Y147        FDCE                                         r  dbg_hub/inst/BSCANID.u_xsdbm_id/CORE_XSDB.U_ICON/U_CMD/iTARGET_reg[10]/C
  -------------------------------------------------------------------    -------------------
    SLICE_X49Y147        FDCE (Prop_EFF_SLICEL_C_Q)
                                                      0.059     2.541 r  dbg_hub/inst/BSCANID.u_xsdbm_id/CORE_XSDB.U_ICON/U_CMD/iTARGET_reg[10]/Q
                         net (fo=4, routed)           0.068     2.609    dbg_hub/inst/BSCANID.u_xsdbm_id/CORE_XSDB.U_ICON/U_CMD/Q[0]
    SLICE_X49Y146        FDCE                                         r  dbg_hub/inst/BSCANID.u_xsdbm_id/CORE_XSDB.U_ICON/U_CMD/iTARGET_reg[9]/D
  -------------------------------------------------------------------    -------------------

                         (clock dbg_hub/inst/BSCANID.u_xsdbm_id/SWITCH_N_EXT_BSCAN.bscan_inst/SERIES7_BSCAN.bscan_inst/INTERNAL_TCK rise edge)
                                                      0.000     0.000 r  
    CONFIG_SITE_X0Y0     BSCANE2                      0.000     0.000 r  dbg_hub/inst/BSCANID.u_xsdbm_id/SWITCH_N_EXT_BSCAN.bscan_inst/SERIES7_BSCAN.bscan_inst/INTERNAL_TCK
    CONFIG_SITE_X0Y0     BSCANE2 (Prop_BSCAN1_CONFIG_SITE_INTERNAL_TCK_TCK)
                                                      4.300     4.300 r  dbg_hub/inst/BSCANID.u_xsdbm_id/SWITCH_N_EXT_BSCAN.bscan_inst/SERIES7_BSCAN.bscan_inst/TCK
                         net (fo=1, routed)           1.140     5.440    dbg_hub/inst/BSCANID.u_xsdbm_id/tck_bs
    BUFGCE_X0Y50         BUFGCE (Prop_BUFCE_BUFGCE_I_O)
                                                      0.028     5.468 r  dbg_hub/inst/BSCANID.u_xsdbm_id/SWITCH_N_EXT_BSCAN.u_bufg_icon_tck/O
    X2Y2 (CLOCK_ROOT)    net (fo=490, routed)         1.358     6.826    dbg_hub/inst/BSCANID.u_xsdbm_id/CORE_XSDB.U_ICON/U_CMD/m_bscan_tck[0]
    SLICE_X49Y146        FDCE                                         r  dbg_hub/inst/BSCANID.u_xsdbm_id/CORE_XSDB.U_ICON/U_CMD/iTARGET_reg[9]/C
                         clock pessimism             -4.305     2.521    
    SLICE_X49Y146        FDCE (Hold_HFF2_SLICEL_C_D)
                                                      0.062     2.583    dbg_hub/inst/BSCANID.u_xsdbm_id/CORE_XSDB.U_ICON/U_CMD/iTARGET_reg[9]
  -------------------------------------------------------------------
                         required time                         -2.583    
                         arrival time                           2.609    
  -------------------------------------------------------------------
                         slack                                  0.026    

Slack (MET) :             0.027ns  (arrival time - required time)
  Source:                 dbg_hub/inst/BSCANID.u_xsdbm_id/CORE_XSDB.UUT_MASTER/U_ICON_INTERFACE/U_CMD6_RD/shift_reg_in_reg[4]/C
                            (rising edge-triggered cell FDCE clocked by dbg_hub/inst/BSCANID.u_xsdbm_id/SWITCH_N_EXT_BSCAN.bscan_inst/SERIES7_BSCAN.bscan_inst/INTERNAL_TCK  {rise@0.000ns fall@25.000ns period=50.000ns})
  Destination:            dbg_hub/inst/BSCANID.u_xsdbm_id/CORE_XSDB.UUT_MASTER/U_ICON_INTERFACE/U_CMD6_RD/shift_reg_in_reg[3]/D
                            (rising edge-triggered cell FDCE clocked by dbg_hub/inst/BSCANID.u_xsdbm_id/SWITCH_N_EXT_BSCAN.bscan_inst/SERIES7_BSCAN.bscan_inst/INTERNAL_TCK  {rise@0.000ns fall@25.000ns period=50.000ns})
  Path Group:             dbg_hub/inst/BSCANID.u_xsdbm_id/SWITCH_N_EXT_BSCAN.bscan_inst/SERIES7_BSCAN.bscan_inst/INTERNAL_TCK
  Path Type:              Hold (Min at Slow Process Corner)
  Requirement:            0.000ns  (dbg_hub/inst/BSCANID.u_xsdbm_id/SWITCH_N_EXT_BSCAN.bscan_inst/SERIES7_BSCAN.bscan_inst/INTERNAL_TCK rise@0.000ns - dbg_hub/inst/BSCANID.u_xsdbm_id/SWITCH_N_EXT_BSCAN.bscan_inst/SERIES7_BSCAN.bscan_inst/INTERNAL_TCK rise@0.000ns)
  Data Path Delay:        0.167ns  (logic 0.080ns (47.904%)  route 0.087ns (52.096%))
  Logic Levels:           1  (LUT5=1)
  Clock Path Skew:        0.080ns (DCD - SCD - CPR)
    Destination Clock Delay (DCD):    6.839ns
    Source Clock Delay      (SCD):    2.509ns
    Clock Pessimism Removal (CPR):    4.250ns
  Clock Net Delay (Source):      1.212ns (routing 0.460ns, distribution 0.752ns)
  Clock Net Delay (Destination): 1.371ns (routing 0.505ns, distribution 0.866ns)

    Location             Delay type                Incr(ns)  Path(ns)    Netlist Resource(s)
  -------------------------------------------------------------------    -------------------
                         (clock dbg_hub/inst/BSCANID.u_xsdbm_id/SWITCH_N_EXT_BSCAN.bscan_inst/SERIES7_BSCAN.bscan_inst/INTERNAL_TCK rise edge)
                                                      0.000     0.000 r  
    CONFIG_SITE_X0Y0     BSCANE2                      0.000     0.000 r  dbg_hub/inst/BSCANID.u_xsdbm_id/SWITCH_N_EXT_BSCAN.bscan_inst/SERIES7_BSCAN.bscan_inst/INTERNAL_TCK
    CONFIG_SITE_X0Y0     BSCANE2 (Prop_BSCAN1_CONFIG_SITE_INTERNAL_TCK_TCK)
                                                      0.465     0.465 r  dbg_hub/inst/BSCANID.u_xsdbm_id/SWITCH_N_EXT_BSCAN.bscan_inst/SERIES7_BSCAN.bscan_inst/TCK
                         net (fo=1, routed)           0.808     1.273    dbg_hub/inst/BSCANID.u_xsdbm_id/tck_bs
    BUFGCE_X0Y50         BUFGCE (Prop_BUFCE_BUFGCE_I_O)
                                                      0.024     1.297 r  dbg_hub/inst/BSCANID.u_xsdbm_id/SWITCH_N_EXT_BSCAN.u_bufg_icon_tck/O
    X2Y2 (CLOCK_ROOT)    net (fo=490, routed)         1.212     2.509    dbg_hub/inst/BSCANID.u_xsdbm_id/CORE_XSDB.UUT_MASTER/U_ICON_INTERFACE/U_CMD6_RD/m_bscan_tck[0]
    SLICE_X53Y135        FDCE                                         r  dbg_hub/inst/BSCANID.u_xsdbm_id/CORE_XSDB.UUT_MASTER/U_ICON_INTERFACE/U_CMD6_RD/shift_reg_in_reg[4]/C
  -------------------------------------------------------------------    -------------------
    SLICE_X53Y135        FDCE (Prop_CFF_SLICEM_C_Q)
                                                      0.058     2.567 r  dbg_hub/inst/BSCANID.u_xsdbm_id/CORE_XSDB.UUT_MASTER/U_ICON_INTERFACE/U_CMD6_RD/shift_reg_in_reg[4]/Q
                         net (fo=1, routed)           0.063     2.630    dbg_hub/inst/BSCANID.u_xsdbm_id/CORE_XSDB.UUT_MASTER/U_ICON_INTERFACE/U_CMD6_RD/U_RD_FIFO/Q[4]
    SLICE_X52Y135        LUT5 (Prop_C6LUT_SLICEL_I4_O)
                                                      0.022     2.652 r  dbg_hub/inst/BSCANID.u_xsdbm_id/CORE_XSDB.UUT_MASTER/U_ICON_INTERFACE/U_CMD6_RD/U_RD_FIFO/shift_reg_in[3]_i_1/O
                         net (fo=1, routed)           0.024     2.676    dbg_hub/inst/BSCANID.u_xsdbm_id/CORE_XSDB.UUT_MASTER/U_ICON_INTERFACE/U_CMD6_RD/U_RD_FIFO_n_12
    SLICE_X52Y135        FDCE                                         r  dbg_hub/inst/BSCANID.u_xsdbm_id/CORE_XSDB.UUT_MASTER/U_ICON_INTERFACE/U_CMD6_RD/shift_reg_in_reg[3]/D
  -------------------------------------------------------------------    -------------------

                         (clock dbg_hub/inst/BSCANID.u_xsdbm_id/SWITCH_N_EXT_BSCAN.bscan_inst/SERIES7_BSCAN.bscan_inst/INTERNAL_TCK rise edge)
                                                      0.000     0.000 r  
    CONFIG_SITE_X0Y0     BSCANE2                      0.000     0.000 r  dbg_hub/inst/BSCANID.u_xsdbm_id/SWITCH_N_EXT_BSCAN.bscan_inst/SERIES7_BSCAN.bscan_inst/INTERNAL_TCK
    CONFIG_SITE_X0Y0     BSCANE2 (Prop_BSCAN1_CONFIG_SITE_INTERNAL_TCK_TCK)
                                                      4.300     4.300 r  dbg_hub/inst/BSCANID.u_xsdbm_id/SWITCH_N_EXT_BSCAN.bscan_inst/SERIES7_BSCAN.bscan_inst/TCK
                         net (fo=1, routed)           1.140     5.440    dbg_hub/inst/BSCANID.u_xsdbm_id/tck_bs
    BUFGCE_X0Y50         BUFGCE (Prop_BUFCE_BUFGCE_I_O)
                                                      0.028     5.468 r  dbg_hub/inst/BSCANID.u_xsdbm_id/SWITCH_N_EXT_BSCAN.u_bufg_icon_tck/O
    X2Y2 (CLOCK_ROOT)    net (fo=490, routed)         1.371     6.839    dbg_hub/inst/BSCANID.u_xsdbm_id/CORE_XSDB.UUT_MASTER/U_ICON_INTERFACE/U_CMD6_RD/m_bscan_tck[0]
    SLICE_X52Y135        FDCE                                         r  dbg_hub/inst/BSCANID.u_xsdbm_id/CORE_XSDB.UUT_MASTER/U_ICON_INTERFACE/U_CMD6_RD/shift_reg_in_reg[3]/C
                         clock pessimism             -4.250     2.589    
    SLICE_X52Y135        FDCE (Hold_CFF_SLICEL_C_D)
                                                      0.060     2.649    dbg_hub/inst/BSCANID.u_xsdbm_id/CORE_XSDB.UUT_MASTER/U_ICON_INTERFACE/U_CMD6_RD/shift_reg_in_reg[3]
  -------------------------------------------------------------------
                         required time                         -2.649    
                         arrival time                           2.676    
  -------------------------------------------------------------------
                         slack                                  0.027    

Slack (MET) :             0.029ns  (arrival time - required time)
  Source:                 dbg_hub/inst/BSCANID.u_xsdbm_id/CORE_XSDB.UUT_MASTER/U_ICON_INTERFACE/U_CMD7_CTL/icn_cmd_din_temp_reg/C
                            (rising edge-triggered cell FDRE clocked by dbg_hub/inst/BSCANID.u_xsdbm_id/SWITCH_N_EXT_BSCAN.bscan_inst/SERIES7_BSCAN.bscan_inst/INTERNAL_TCK  {rise@0.000ns fall@25.000ns period=50.000ns})
  Destination:            dbg_hub/inst/BSCANID.u_xsdbm_id/CORE_XSDB.UUT_MASTER/U_ICON_INTERFACE/U_CMD7_CTL/shift_reg_in_reg[2]/D
                            (rising edge-triggered cell FDRE clocked by dbg_hub/inst/BSCANID.u_xsdbm_id/SWITCH_N_EXT_BSCAN.bscan_inst/SERIES7_BSCAN.bscan_inst/INTERNAL_TCK  {rise@0.000ns fall@25.000ns period=50.000ns})
  Path Group:             dbg_hub/inst/BSCANID.u_xsdbm_id/SWITCH_N_EXT_BSCAN.bscan_inst/SERIES7_BSCAN.bscan_inst/INTERNAL_TCK
  Path Type:              Hold (Min at Fast Process Corner)
  Requirement:            0.000ns  (dbg_hub/inst/BSCANID.u_xsdbm_id/SWITCH_N_EXT_BSCAN.bscan_inst/SERIES7_BSCAN.bscan_inst/INTERNAL_TCK rise@0.000ns - dbg_hub/inst/BSCANID.u_xsdbm_id/SWITCH_N_EXT_BSCAN.bscan_inst/SERIES7_BSCAN.bscan_inst/INTERNAL_TCK rise@0.000ns)
  Data Path Delay:        0.096ns  (logic 0.039ns (40.625%)  route 0.057ns (59.375%))
  Logic Levels:           0  
  Clock Path Skew:        0.020ns (DCD - SCD - CPR)
    Destination Clock Delay (DCD):    5.972ns
    Source Clock Delay      (SCD):    1.831ns
    Clock Pessimism Removal (CPR):    4.121ns
  Clock Net Delay (Source):      0.746ns (routing 0.277ns, distribution 0.469ns)
  Clock Net Delay (Destination): 0.853ns (routing 0.309ns, distribution 0.544ns)

    Location             Delay type                Incr(ns)  Path(ns)    Netlist Resource(s)
  -------------------------------------------------------------------    -------------------
                         (clock dbg_hub/inst/BSCANID.u_xsdbm_id/SWITCH_N_EXT_BSCAN.bscan_inst/SERIES7_BSCAN.bscan_inst/INTERNAL_TCK rise edge)
                                                      0.000     0.000 r  
    CONFIG_SITE_X0Y0     BSCANE2                      0.000     0.000 r  dbg_hub/inst/BSCANID.u_xsdbm_id/SWITCH_N_EXT_BSCAN.bscan_inst/SERIES7_BSCAN.bscan_inst/INTERNAL_TCK
    CONFIG_SITE_X0Y0     BSCANE2 (Prop_BSCAN1_CONFIG_SITE_INTERNAL_TCK_TCK)
                                                      0.465     0.465 r  dbg_hub/inst/BSCANID.u_xsdbm_id/SWITCH_N_EXT_BSCAN.bscan_inst/SERIES7_BSCAN.bscan_inst/TCK
                         net (fo=1, routed)           0.603     1.068    dbg_hub/inst/BSCANID.u_xsdbm_id/tck_bs
    BUFGCE_X0Y50         BUFGCE (Prop_BUFCE_BUFGCE_I_O)
                                                      0.017     1.085 r  dbg_hub/inst/BSCANID.u_xsdbm_id/SWITCH_N_EXT_BSCAN.u_bufg_icon_tck/O
    X2Y2 (CLOCK_ROOT)    net (fo=490, routed)         0.746     1.831    dbg_hub/inst/BSCANID.u_xsdbm_id/CORE_XSDB.UUT_MASTER/U_ICON_INTERFACE/U_CMD7_CTL/m_bscan_tck[0]
    SLICE_X50Y143        FDRE                                         r  dbg_hub/inst/BSCANID.u_xsdbm_id/CORE_XSDB.UUT_MASTER/U_ICON_INTERFACE/U_CMD7_CTL/icn_cmd_din_temp_reg/C
  -------------------------------------------------------------------    -------------------
    SLICE_X50Y143        FDRE (Prop_AFF_SLICEL_C_Q)
                                                      0.039     1.870 r  dbg_hub/inst/BSCANID.u_xsdbm_id/CORE_XSDB.UUT_MASTER/U_ICON_INTERFACE/U_CMD7_CTL/icn_cmd_din_temp_reg/Q
                         net (fo=1, routed)           0.057     1.927    dbg_hub/inst/BSCANID.u_xsdbm_id/CORE_XSDB.UUT_MASTER/U_ICON_INTERFACE/U_CMD7_CTL/icn_cmd_din_temp
    SLICE_X50Y144        FDRE                                         r  dbg_hub/inst/BSCANID.u_xsdbm_id/CORE_XSDB.UUT_MASTER/U_ICON_INTERFACE/U_CMD7_CTL/shift_reg_in_reg[2]/D
  -------------------------------------------------------------------    -------------------

                         (clock dbg_hub/inst/BSCANID.u_xsdbm_id/SWITCH_N_EXT_BSCAN.bscan_inst/SERIES7_BSCAN.bscan_inst/INTERNAL_TCK rise edge)
                                                      0.000     0.000 r  
    CONFIG_SITE_X0Y0     BSCANE2                      0.000     0.000 r  dbg_hub/inst/BSCANID.u_xsdbm_id/SWITCH_N_EXT_BSCAN.bscan_inst/SERIES7_BSCAN.bscan_inst/INTERNAL_TCK
    CONFIG_SITE_X0Y0     BSCANE2 (Prop_BSCAN1_CONFIG_SITE_INTERNAL_TCK_TCK)
                                                      4.300     4.300 r  dbg_hub/inst/BSCANID.u_xsdbm_id/SWITCH_N_EXT_BSCAN.bscan_inst/SERIES7_BSCAN.bscan_inst/TCK
                         net (fo=1, routed)           0.800     5.100    dbg_hub/inst/BSCANID.u_xsdbm_id/tck_bs
    BUFGCE_X0Y50         BUFGCE (Prop_BUFCE_BUFGCE_I_O)
                                                      0.019     5.119 r  dbg_hub/inst/BSCANID.u_xsdbm_id/SWITCH_N_EXT_BSCAN.u_bufg_icon_tck/O
    X2Y2 (CLOCK_ROOT)    net (fo=490, routed)         0.853     5.972    dbg_hub/inst/BSCANID.u_xsdbm_id/CORE_XSDB.UUT_MASTER/U_ICON_INTERFACE/U_CMD7_CTL/m_bscan_tck[0]
    SLICE_X50Y144        FDRE                                         r  dbg_hub/inst/BSCANID.u_xsdbm_id/CORE_XSDB.UUT_MASTER/U_ICON_INTERFACE/U_CMD7_CTL/shift_reg_in_reg[2]/C
                         clock pessimism             -4.121     1.851    
    SLICE_X50Y144        FDRE (Hold_CFF2_SLICEL_C_D)
                                                      0.047     1.898    dbg_hub/inst/BSCANID.u_xsdbm_id/CORE_XSDB.UUT_MASTER/U_ICON_INTERFACE/U_CMD7_CTL/shift_reg_in_reg[2]
  -------------------------------------------------------------------
                         required time                         -1.898    
                         arrival time                           1.927    
  -------------------------------------------------------------------
                         slack                                  0.029    

Slack (MET) :             0.032ns  (arrival time - required time)
  Source:                 dbg_hub/inst/BSCANID.u_xsdbm_id/CORE_XSDB.UUT_MASTER/U_ICON_INTERFACE/icn_cmd_en_reg[7]/C
                            (rising edge-triggered cell FDRE clocked by dbg_hub/inst/BSCANID.u_xsdbm_id/SWITCH_N_EXT_BSCAN.bscan_inst/SERIES7_BSCAN.bscan_inst/INTERNAL_TCK  {rise@0.000ns fall@25.000ns period=50.000ns})
  Destination:            dbg_hub/inst/BSCANID.u_xsdbm_id/CORE_XSDB.UUT_MASTER/U_ICON_INTERFACE/U_CMD7_STAT/icn_cmd_en_temp_reg/D
                            (rising edge-triggered cell FDRE clocked by dbg_hub/inst/BSCANID.u_xsdbm_id/SWITCH_N_EXT_BSCAN.bscan_inst/SERIES7_BSCAN.bscan_inst/INTERNAL_TCK  {rise@0.000ns fall@25.000ns period=50.000ns})
  Path Group:             dbg_hub/inst/BSCANID.u_xsdbm_id/SWITCH_N_EXT_BSCAN.bscan_inst/SERIES7_BSCAN.bscan_inst/INTERNAL_TCK
  Path Type:              Hold (Min at Slow Process Corner)
  Requirement:            0.000ns  (dbg_hub/inst/BSCANID.u_xsdbm_id/SWITCH_N_EXT_BSCAN.bscan_inst/SERIES7_BSCAN.bscan_inst/INTERNAL_TCK rise@0.000ns - dbg_hub/inst/BSCANID.u_xsdbm_id/SWITCH_N_EXT_BSCAN.bscan_inst/SERIES7_BSCAN.bscan_inst/INTERNAL_TCK rise@0.000ns)
  Data Path Delay:        0.172ns  (logic 0.060ns (34.884%)  route 0.112ns (65.116%))
  Logic Levels:           0  
  Clock Path Skew:        0.078ns (DCD - SCD - CPR)
    Destination Clock Delay (DCD):    6.818ns
    Source Clock Delay      (SCD):    2.490ns
    Clock Pessimism Removal (CPR):    4.250ns
  Clock Net Delay (Source):      1.193ns (routing 0.460ns, distribution 0.733ns)
  Clock Net Delay (Destination): 1.350ns (routing 0.505ns, distribution 0.845ns)

    Location             Delay type                Incr(ns)  Path(ns)    Netlist Resource(s)
  -------------------------------------------------------------------    -------------------
                         (clock dbg_hub/inst/BSCANID.u_xsdbm_id/SWITCH_N_EXT_BSCAN.bscan_inst/SERIES7_BSCAN.bscan_inst/INTERNAL_TCK rise edge)
                                                      0.000     0.000 r  
    CONFIG_SITE_X0Y0     BSCANE2                      0.000     0.000 r  dbg_hub/inst/BSCANID.u_xsdbm_id/SWITCH_N_EXT_BSCAN.bscan_inst/SERIES7_BSCAN.bscan_inst/INTERNAL_TCK
    CONFIG_SITE_X0Y0     BSCANE2 (Prop_BSCAN1_CONFIG_SITE_INTERNAL_TCK_TCK)
                                                      0.465     0.465 r  dbg_hub/inst/BSCANID.u_xsdbm_id/SWITCH_N_EXT_BSCAN.bscan_inst/SERIES7_BSCAN.bscan_inst/TCK
                         net (fo=1, routed)           0.808     1.273    dbg_hub/inst/BSCANID.u_xsdbm_id/tck_bs
    BUFGCE_X0Y50         BUFGCE (Prop_BUFCE_BUFGCE_I_O)
                                                      0.024     1.297 r  dbg_hub/inst/BSCANID.u_xsdbm_id/SWITCH_N_EXT_BSCAN.u_bufg_icon_tck/O
    X2Y2 (CLOCK_ROOT)    net (fo=490, routed)         1.193     2.490    dbg_hub/inst/BSCANID.u_xsdbm_id/CORE_XSDB.UUT_MASTER/U_ICON_INTERFACE/m_bscan_tck[0]
    SLICE_X49Y145        FDRE                                         r  dbg_hub/inst/BSCANID.u_xsdbm_id/CORE_XSDB.UUT_MASTER/U_ICON_INTERFACE/icn_cmd_en_reg[7]/C
  -------------------------------------------------------------------    -------------------
    SLICE_X49Y145        FDRE (Prop_FFF2_SLICEL_C_Q)
                                                      0.060     2.550 r  dbg_hub/inst/BSCANID.u_xsdbm_id/CORE_XSDB.UUT_MASTER/U_ICON_INTERFACE/icn_cmd_en_reg[7]/Q
                         net (fo=5, routed)           0.112     2.662    dbg_hub/inst/BSCANID.u_xsdbm_id/CORE_XSDB.UUT_MASTER/U_ICON_INTERFACE/U_CMD7_STAT/icn_cmd_en_temp_reg_0
    SLICE_X50Y145        FDRE                                         r  dbg_hub/inst/BSCANID.u_xsdbm_id/CORE_XSDB.UUT_MASTER/U_ICON_INTERFACE/U_CMD7_STAT/icn_cmd_en_temp_reg/D
  -------------------------------------------------------------------    -------------------

                         (clock dbg_hub/inst/BSCANID.u_xsdbm_id/SWITCH_N_EXT_BSCAN.bscan_inst/SERIES7_BSCAN.bscan_inst/INTERNAL_TCK rise edge)
                                                      0.000     0.000 r  
    CONFIG_SITE_X0Y0     BSCANE2                      0.000     0.000 r  dbg_hub/inst/BSCANID.u_xsdbm_id/SWITCH_N_EXT_BSCAN.bscan_inst/SERIES7_BSCAN.bscan_inst/INTERNAL_TCK
    CONFIG_SITE_X0Y0     BSCANE2 (Prop_BSCAN1_CONFIG_SITE_INTERNAL_TCK_TCK)
                                                      4.300     4.300 r  dbg_hub/inst/BSCANID.u_xsdbm_id/SWITCH_N_EXT_BSCAN.bscan_inst/SERIES7_BSCAN.bscan_inst/TCK
                         net (fo=1, routed)           1.140     5.440    dbg_hub/inst/BSCANID.u_xsdbm_id/tck_bs
    BUFGCE_X0Y50         BUFGCE (Prop_BUFCE_BUFGCE_I_O)
                                                      0.028     5.468 r  dbg_hub/inst/BSCANID.u_xsdbm_id/SWITCH_N_EXT_BSCAN.u_bufg_icon_tck/O
    X2Y2 (CLOCK_ROOT)    net (fo=490, routed)         1.350     6.818    dbg_hub/inst/BSCANID.u_xsdbm_id/CORE_XSDB.UUT_MASTER/U_ICON_INTERFACE/U_CMD7_STAT/m_bscan_tck[0]
    SLICE_X50Y145        FDRE                                         r  dbg_hub/inst/BSCANID.u_xsdbm_id/CORE_XSDB.UUT_MASTER/U_ICON_INTERFACE/U_CMD7_STAT/icn_cmd_en_temp_reg/C
                         clock pessimism             -4.250     2.568    
    SLICE_X50Y145        FDRE (Hold_FFF2_SLICEL_C_D)
                                                      0.062     2.630    dbg_hub/inst/BSCANID.u_xsdbm_id/CORE_XSDB.UUT_MASTER/U_ICON_INTERFACE/U_CMD7_STAT/icn_cmd_en_temp_reg
  -------------------------------------------------------------------
                         required time                         -2.630    
                         arrival time                           2.662    
  -------------------------------------------------------------------
                         slack                                  0.032    

Slack (MET) :             0.033ns  (arrival time - required time)
  Source:                 dbg_hub/inst/BSCANID.u_xsdbm_id/CORE_XSDB.UUT_MASTER/U_ICON_INTERFACE/U_CMD4/shift_reg_in_reg[25]/C
                            (rising edge-triggered cell FDRE clocked by dbg_hub/inst/BSCANID.u_xsdbm_id/SWITCH_N_EXT_BSCAN.bscan_inst/SERIES7_BSCAN.bscan_inst/INTERNAL_TCK  {rise@0.000ns fall@25.000ns period=50.000ns})
  Destination:            dbg_hub/inst/BSCANID.u_xsdbm_id/CORE_XSDB.UUT_MASTER/U_ICON_INTERFACE/U_CMD4/shift_reg_in_reg[24]/D
                            (rising edge-triggered cell FDRE clocked by dbg_hub/inst/BSCANID.u_xsdbm_id/SWITCH_N_EXT_BSCAN.bscan_inst/SERIES7_BSCAN.bscan_inst/INTERNAL_TCK  {rise@0.000ns fall@25.000ns period=50.000ns})
  Path Group:             dbg_hub/inst/BSCANID.u_xsdbm_id/SWITCH_N_EXT_BSCAN.bscan_inst/SERIES7_BSCAN.bscan_inst/INTERNAL_TCK
  Path Type:              Hold (Min at Fast Process Corner)
  Requirement:            0.000ns  (dbg_hub/inst/BSCANID.u_xsdbm_id/SWITCH_N_EXT_BSCAN.bscan_inst/SERIES7_BSCAN.bscan_inst/INTERNAL_TCK rise@0.000ns - dbg_hub/inst/BSCANID.u_xsdbm_id/SWITCH_N_EXT_BSCAN.bscan_inst/SERIES7_BSCAN.bscan_inst/INTERNAL_TCK rise@0.000ns)
  Data Path Delay:        0.085ns  (logic 0.039ns (45.882%)  route 0.046ns (54.118%))
  Logic Levels:           0  
  Clock Path Skew:        0.006ns (DCD - SCD - CPR)
    Destination Clock Delay (DCD):    5.955ns
    Source Clock Delay      (SCD):    1.817ns
    Clock Pessimism Removal (CPR):    4.132ns
  Clock Net Delay (Source):      0.732ns (routing 0.277ns, distribution 0.455ns)
  Clock Net Delay (Destination): 0.836ns (routing 0.309ns, distribution 0.527ns)

    Location             Delay type                Incr(ns)  Path(ns)    Netlist Resource(s)
  -------------------------------------------------------------------    -------------------
                         (clock dbg_hub/inst/BSCANID.u_xsdbm_id/SWITCH_N_EXT_BSCAN.bscan_inst/SERIES7_BSCAN.bscan_inst/INTERNAL_TCK rise edge)
                                                      0.000     0.000 r  
    CONFIG_SITE_X0Y0     BSCANE2                      0.000     0.000 r  dbg_hub/inst/BSCANID.u_xsdbm_id/SWITCH_N_EXT_BSCAN.bscan_inst/SERIES7_BSCAN.bscan_inst/INTERNAL_TCK
    CONFIG_SITE_X0Y0     BSCANE2 (Prop_BSCAN1_CONFIG_SITE_INTERNAL_TCK_TCK)
                                                      0.465     0.465 r  dbg_hub/inst/BSCANID.u_xsdbm_id/SWITCH_N_EXT_BSCAN.bscan_inst/SERIES7_BSCAN.bscan_inst/TCK
                         net (fo=1, routed)           0.603     1.068    dbg_hub/inst/BSCANID.u_xsdbm_id/tck_bs
    BUFGCE_X0Y50         BUFGCE (Prop_BUFCE_BUFGCE_I_O)
                                                      0.017     1.085 r  dbg_hub/inst/BSCANID.u_xsdbm_id/SWITCH_N_EXT_BSCAN.u_bufg_icon_tck/O
    X2Y2 (CLOCK_ROOT)    net (fo=490, routed)         0.732     1.817    dbg_hub/inst/BSCANID.u_xsdbm_id/CORE_XSDB.UUT_MASTER/U_ICON_INTERFACE/U_CMD4/m_bscan_tck[0]
    SLICE_X46Y143        FDRE                                         r  dbg_hub/inst/BSCANID.u_xsdbm_id/CORE_XSDB.UUT_MASTER/U_ICON_INTERFACE/U_CMD4/shift_reg_in_reg[25]/C
  -------------------------------------------------------------------    -------------------
    SLICE_X46Y143        FDRE (Prop_FFF_SLICEL_C_Q)
                                                      0.039     1.856 r  dbg_hub/inst/BSCANID.u_xsdbm_id/CORE_XSDB.UUT_MASTER/U_ICON_INTERFACE/U_CMD4/shift_reg_in_reg[25]/Q
                         net (fo=2, routed)           0.046     1.902    dbg_hub/inst/BSCANID.u_xsdbm_id/CORE_XSDB.UUT_MASTER/U_ICON_INTERFACE/U_CMD4/shift_reg_in[25]
    SLICE_X46Y143        FDRE                                         r  dbg_hub/inst/BSCANID.u_xsdbm_id/CORE_XSDB.UUT_MASTER/U_ICON_INTERFACE/U_CMD4/shift_reg_in_reg[24]/D
  -------------------------------------------------------------------    -------------------

                         (clock dbg_hub/inst/BSCANID.u_xsdbm_id/SWITCH_N_EXT_BSCAN.bscan_inst/SERIES7_BSCAN.bscan_inst/INTERNAL_TCK rise edge)
                                                      0.000     0.000 r  
    CONFIG_SITE_X0Y0     BSCANE2                      0.000     0.000 r  dbg_hub/inst/BSCANID.u_xsdbm_id/SWITCH_N_EXT_BSCAN.bscan_inst/SERIES7_BSCAN.bscan_inst/INTERNAL_TCK
    CONFIG_SITE_X0Y0     BSCANE2 (Prop_BSCAN1_CONFIG_SITE_INTERNAL_TCK_TCK)
                                                      4.300     4.300 r  dbg_hub/inst/BSCANID.u_xsdbm_id/SWITCH_N_EXT_BSCAN.bscan_inst/SERIES7_BSCAN.bscan_inst/TCK
                         net (fo=1, routed)           0.800     5.100    dbg_hub/inst/BSCANID.u_xsdbm_id/tck_bs
    BUFGCE_X0Y50         BUFGCE (Prop_BUFCE_BUFGCE_I_O)
                                                      0.019     5.119 r  dbg_hub/inst/BSCANID.u_xsdbm_id/SWITCH_N_EXT_BSCAN.u_bufg_icon_tck/O
    X2Y2 (CLOCK_ROOT)    net (fo=490, routed)         0.836     5.955    dbg_hub/inst/BSCANID.u_xsdbm_id/CORE_XSDB.UUT_MASTER/U_ICON_INTERFACE/U_CMD4/m_bscan_tck[0]
    SLICE_X46Y143        FDRE                                         r  dbg_hub/inst/BSCANID.u_xsdbm_id/CORE_XSDB.UUT_MASTER/U_ICON_INTERFACE/U_CMD4/shift_reg_in_reg[24]/C
                         clock pessimism             -4.132     1.823    
    SLICE_X46Y143        FDRE (Hold_EFF_SLICEL_C_D)
                                                      0.046     1.869    dbg_hub/inst/BSCANID.u_xsdbm_id/CORE_XSDB.UUT_MASTER/U_ICON_INTERFACE/U_CMD4/shift_reg_in_reg[24]
  -------------------------------------------------------------------
                         required time                         -1.869    
                         arrival time                           1.902    
  -------------------------------------------------------------------
                         slack                                  0.033    

Slack (MET) :             0.034ns  (arrival time - required time)
  Source:                 dbg_hub/inst/BSCANID.u_xsdbm_id/CORE_XSDB.UUT_MASTER/U_ICON_INTERFACE/U_CMD6_RD/shift_reg_in_reg[2]/C
                            (rising edge-triggered cell FDCE clocked by dbg_hub/inst/BSCANID.u_xsdbm_id/SWITCH_N_EXT_BSCAN.bscan_inst/SERIES7_BSCAN.bscan_inst/INTERNAL_TCK  {rise@0.000ns fall@25.000ns period=50.000ns})
  Destination:            dbg_hub/inst/BSCANID.u_xsdbm_id/CORE_XSDB.UUT_MASTER/U_ICON_INTERFACE/U_CMD6_RD/shift_reg_in_reg[1]/D
                            (rising edge-triggered cell FDCE clocked by dbg_hub/inst/BSCANID.u_xsdbm_id/SWITCH_N_EXT_BSCAN.bscan_inst/SERIES7_BSCAN.bscan_inst/INTERNAL_TCK  {rise@0.000ns fall@25.000ns period=50.000ns})
  Path Group:             dbg_hub/inst/BSCANID.u_xsdbm_id/SWITCH_N_EXT_BSCAN.bscan_inst/SERIES7_BSCAN.bscan_inst/INTERNAL_TCK
  Path Type:              Hold (Min at Fast Process Corner)
  Requirement:            0.000ns  (dbg_hub/inst/BSCANID.u_xsdbm_id/SWITCH_N_EXT_BSCAN.bscan_inst/SERIES7_BSCAN.bscan_inst/INTERNAL_TCK rise@0.000ns - dbg_hub/inst/BSCANID.u_xsdbm_id/SWITCH_N_EXT_BSCAN.bscan_inst/SERIES7_BSCAN.bscan_inst/INTERNAL_TCK rise@0.000ns)
  Data Path Delay:        0.136ns  (logic 0.061ns (44.853%)  route 0.075ns (55.147%))
  Logic Levels:           1  (LUT5=1)
  Clock Path Skew:        0.056ns (DCD - SCD - CPR)
    Destination Clock Delay (DCD):    5.986ns
    Source Clock Delay      (SCD):    1.841ns
    Clock Pessimism Removal (CPR):    4.089ns
  Clock Net Delay (Source):      0.756ns (routing 0.277ns, distribution 0.479ns)
  Clock Net Delay (Destination): 0.867ns (routing 0.309ns, distribution 0.558ns)

    Location             Delay type                Incr(ns)  Path(ns)    Netlist Resource(s)
  -------------------------------------------------------------------    -------------------
                         (clock dbg_hub/inst/BSCANID.u_xsdbm_id/SWITCH_N_EXT_BSCAN.bscan_inst/SERIES7_BSCAN.bscan_inst/INTERNAL_TCK rise edge)
                                                      0.000     0.000 r  
    CONFIG_SITE_X0Y0     BSCANE2                      0.000     0.000 r  dbg_hub/inst/BSCANID.u_xsdbm_id/SWITCH_N_EXT_BSCAN.bscan_inst/SERIES7_BSCAN.bscan_inst/INTERNAL_TCK
    CONFIG_SITE_X0Y0     BSCANE2 (Prop_BSCAN1_CONFIG_SITE_INTERNAL_TCK_TCK)
                                                      0.465     0.465 r  dbg_hub/inst/BSCANID.u_xsdbm_id/SWITCH_N_EXT_BSCAN.bscan_inst/SERIES7_BSCAN.bscan_inst/TCK
                         net (fo=1, routed)           0.603     1.068    dbg_hub/inst/BSCANID.u_xsdbm_id/tck_bs
    BUFGCE_X0Y50         BUFGCE (Prop_BUFCE_BUFGCE_I_O)
                                                      0.017     1.085 r  dbg_hub/inst/BSCANID.u_xsdbm_id/SWITCH_N_EXT_BSCAN.u_bufg_icon_tck/O
    X2Y2 (CLOCK_ROOT)    net (fo=490, routed)         0.756     1.841    dbg_hub/inst/BSCANID.u_xsdbm_id/CORE_XSDB.UUT_MASTER/U_ICON_INTERFACE/U_CMD6_RD/m_bscan_tck[0]
    SLICE_X52Y135        FDCE                                         r  dbg_hub/inst/BSCANID.u_xsdbm_id/CORE_XSDB.UUT_MASTER/U_ICON_INTERFACE/U_CMD6_RD/shift_reg_in_reg[2]/C
  -------------------------------------------------------------------    -------------------
    SLICE_X52Y135        FDCE (Prop_DFF_SLICEL_C_Q)
                                                      0.039     1.880 r  dbg_hub/inst/BSCANID.u_xsdbm_id/CORE_XSDB.UUT_MASTER/U_ICON_INTERFACE/U_CMD6_RD/shift_reg_in_reg[2]/Q
                         net (fo=1, routed)           0.049     1.929    dbg_hub/inst/BSCANID.u_xsdbm_id/CORE_XSDB.UUT_MASTER/U_ICON_INTERFACE/U_CMD6_RD/U_RD_FIFO/Q[2]
    SLICE_X53Y135        LUT5 (Prop_D6LUT_SLICEM_I4_O)
                                                      0.022     1.951 r  dbg_hub/inst/BSCANID.u_xsdbm_id/CORE_XSDB.UUT_MASTER/U_ICON_INTERFACE/U_CMD6_RD/U_RD_FIFO/shift_reg_in[1]_i_1__2/O
                         net (fo=1, routed)           0.026     1.977    dbg_hub/inst/BSCANID.u_xsdbm_id/CORE_XSDB.UUT_MASTER/U_ICON_INTERFACE/U_CMD6_RD/U_RD_FIFO_n_14
    SLICE_X53Y135        FDCE                                         r  dbg_hub/inst/BSCANID.u_xsdbm_id/CORE_XSDB.UUT_MASTER/U_ICON_INTERFACE/U_CMD6_RD/shift_reg_in_reg[1]/D
  -------------------------------------------------------------------    -------------------

                         (clock dbg_hub/inst/BSCANID.u_xsdbm_id/SWITCH_N_EXT_BSCAN.bscan_inst/SERIES7_BSCAN.bscan_inst/INTERNAL_TCK rise edge)
                                                      0.000     0.000 r  
    CONFIG_SITE_X0Y0     BSCANE2                      0.000     0.000 r  dbg_hub/inst/BSCANID.u_xsdbm_id/SWITCH_N_EXT_BSCAN.bscan_inst/SERIES7_BSCAN.bscan_inst/INTERNAL_TCK
    CONFIG_SITE_X0Y0     BSCANE2 (Prop_BSCAN1_CONFIG_SITE_INTERNAL_TCK_TCK)
                                                      4.300     4.300 r  dbg_hub/inst/BSCANID.u_xsdbm_id/SWITCH_N_EXT_BSCAN.bscan_inst/SERIES7_BSCAN.bscan_inst/TCK
                         net (fo=1, routed)           0.800     5.100    dbg_hub/inst/BSCANID.u_xsdbm_id/tck_bs
    BUFGCE_X0Y50         BUFGCE (Prop_BUFCE_BUFGCE_I_O)
                                                      0.019     5.119 r  dbg_hub/inst/BSCANID.u_xsdbm_id/SWITCH_N_EXT_BSCAN.u_bufg_icon_tck/O
    X2Y2 (CLOCK_ROOT)    net (fo=490, routed)         0.867     5.986    dbg_hub/inst/BSCANID.u_xsdbm_id/CORE_XSDB.UUT_MASTER/U_ICON_INTERFACE/U_CMD6_RD/m_bscan_tck[0]
    SLICE_X53Y135        FDCE                                         r  dbg_hub/inst/BSCANID.u_xsdbm_id/CORE_XSDB.UUT_MASTER/U_ICON_INTERFACE/U_CMD6_RD/shift_reg_in_reg[1]/C
                         clock pessimism             -4.089     1.897    
    SLICE_X53Y135        FDCE (Hold_DFF_SLICEM_C_D)
                                                      0.046     1.943    dbg_hub/inst/BSCANID.u_xsdbm_id/CORE_XSDB.UUT_MASTER/U_ICON_INTERFACE/U_CMD6_RD/shift_reg_in_reg[1]
  -------------------------------------------------------------------
                         required time                         -1.943    
                         arrival time                           1.977    
  -------------------------------------------------------------------
                         slack                                  0.034    

Slack (MET) :             0.034ns  (arrival time - required time)
  Source:                 dbg_hub/inst/BSCANID.u_xsdbm_id/SWITCH_N_EXT_BSCAN.bscan_switch/id_state_reg[0]/C
                            (rising edge-triggered cell FDRE clocked by dbg_hub/inst/BSCANID.u_xsdbm_id/SWITCH_N_EXT_BSCAN.bscan_inst/SERIES7_BSCAN.bscan_inst/INTERNAL_TCK  {rise@0.000ns fall@25.000ns period=50.000ns})
  Destination:            dbg_hub/inst/BSCANID.u_xsdbm_id/SWITCH_N_EXT_BSCAN.bscan_switch/bscanid_reg[31]/D
                            (rising edge-triggered cell FDRE clocked by dbg_hub/inst/BSCANID.u_xsdbm_id/SWITCH_N_EXT_BSCAN.bscan_inst/SERIES7_BSCAN.bscan_inst/INTERNAL_TCK  {rise@0.000ns fall@25.000ns period=50.000ns})
  Path Group:             dbg_hub/inst/BSCANID.u_xsdbm_id/SWITCH_N_EXT_BSCAN.bscan_inst/SERIES7_BSCAN.bscan_inst/INTERNAL_TCK
  Path Type:              Hold (Min at Slow Process Corner)
  Requirement:            0.000ns  (dbg_hub/inst/BSCANID.u_xsdbm_id/SWITCH_N_EXT_BSCAN.bscan_inst/SERIES7_BSCAN.bscan_inst/INTERNAL_TCK rise@0.000ns - dbg_hub/inst/BSCANID.u_xsdbm_id/SWITCH_N_EXT_BSCAN.bscan_inst/SERIES7_BSCAN.bscan_inst/INTERNAL_TCK rise@0.000ns)
  Data Path Delay:        0.183ns  (logic 0.081ns (44.262%)  route 0.102ns (55.738%))
  Logic Levels:           1  (LUT2=1)
  Clock Path Skew:        0.089ns (DCD - SCD - CPR)
    Destination Clock Delay (DCD):    6.800ns
    Source Clock Delay      (SCD):    2.461ns
    Clock Pessimism Removal (CPR):    4.250ns
  Clock Net Delay (Source):      1.164ns (routing 0.460ns, distribution 0.704ns)
  Clock Net Delay (Destination): 1.332ns (routing 0.505ns, distribution 0.827ns)

    Location             Delay type                Incr(ns)  Path(ns)    Netlist Resource(s)
  -------------------------------------------------------------------    -------------------
                         (clock dbg_hub/inst/BSCANID.u_xsdbm_id/SWITCH_N_EXT_BSCAN.bscan_inst/SERIES7_BSCAN.bscan_inst/INTERNAL_TCK rise edge)
                                                      0.000     0.000 r  
    CONFIG_SITE_X0Y0     BSCANE2                      0.000     0.000 r  dbg_hub/inst/BSCANID.u_xsdbm_id/SWITCH_N_EXT_BSCAN.bscan_inst/SERIES7_BSCAN.bscan_inst/INTERNAL_TCK
    CONFIG_SITE_X0Y0     BSCANE2 (Prop_BSCAN1_CONFIG_SITE_INTERNAL_TCK_TCK)
                                                      0.465     0.465 r  dbg_hub/inst/BSCANID.u_xsdbm_id/SWITCH_N_EXT_BSCAN.bscan_inst/SERIES7_BSCAN.bscan_inst/TCK
                         net (fo=1, routed)           0.808     1.273    dbg_hub/inst/BSCANID.u_xsdbm_id/tck_bs
    BUFGCE_X0Y50         BUFGCE (Prop_BUFCE_BUFGCE_I_O)
                                                      0.024     1.297 r  dbg_hub/inst/BSCANID.u_xsdbm_id/SWITCH_N_EXT_BSCAN.u_bufg_icon_tck/O
    X2Y2 (CLOCK_ROOT)    net (fo=490, routed)         1.164     2.461    dbg_hub/inst/BSCANID.u_xsdbm_id/SWITCH_N_EXT_BSCAN.bscan_switch/s_bscan_tck
    SLICE_X44Y167        FDRE                                         r  dbg_hub/inst/BSCANID.u_xsdbm_id/SWITCH_N_EXT_BSCAN.bscan_switch/id_state_reg[0]/C
  -------------------------------------------------------------------    -------------------
    SLICE_X44Y167        FDRE (Prop_HFF2_SLICEL_C_Q)
                                                      0.059     2.520 r  dbg_hub/inst/BSCANID.u_xsdbm_id/SWITCH_N_EXT_BSCAN.bscan_switch/id_state_reg[0]/Q
                         net (fo=34, routed)          0.076     2.596    dbg_hub/inst/BSCANID.u_xsdbm_id/SWITCH_N_EXT_BSCAN.bscan_switch/id_state[0]
    SLICE_X45Y167        LUT2 (Prop_E6LUT_SLICEM_I0_O)
                                                      0.022     2.618 r  dbg_hub/inst/BSCANID.u_xsdbm_id/SWITCH_N_EXT_BSCAN.bscan_switch/bscanid[31]_i_2/O
                         net (fo=1, routed)           0.026     2.644    dbg_hub/inst/BSCANID.u_xsdbm_id/SWITCH_N_EXT_BSCAN.bscan_switch/bscanid[31]_i_2_n_0
    SLICE_X45Y167        FDRE                                         r  dbg_hub/inst/BSCANID.u_xsdbm_id/SWITCH_N_EXT_BSCAN.bscan_switch/bscanid_reg[31]/D
  -------------------------------------------------------------------    -------------------

                         (clock dbg_hub/inst/BSCANID.u_xsdbm_id/SWITCH_N_EXT_BSCAN.bscan_inst/SERIES7_BSCAN.bscan_inst/INTERNAL_TCK rise edge)
                                                      0.000     0.000 r  
    CONFIG_SITE_X0Y0     BSCANE2                      0.000     0.000 r  dbg_hub/inst/BSCANID.u_xsdbm_id/SWITCH_N_EXT_BSCAN.bscan_inst/SERIES7_BSCAN.bscan_inst/INTERNAL_TCK
    CONFIG_SITE_X0Y0     BSCANE2 (Prop_BSCAN1_CONFIG_SITE_INTERNAL_TCK_TCK)
                                                      4.300     4.300 r  dbg_hub/inst/BSCANID.u_xsdbm_id/SWITCH_N_EXT_BSCAN.bscan_inst/SERIES7_BSCAN.bscan_inst/TCK
                         net (fo=1, routed)           1.140     5.440    dbg_hub/inst/BSCANID.u_xsdbm_id/tck_bs
    BUFGCE_X0Y50         BUFGCE (Prop_BUFCE_BUFGCE_I_O)
                                                      0.028     5.468 r  dbg_hub/inst/BSCANID.u_xsdbm_id/SWITCH_N_EXT_BSCAN.u_bufg_icon_tck/O
    X2Y2 (CLOCK_ROOT)    net (fo=490, routed)         1.332     6.800    dbg_hub/inst/BSCANID.u_xsdbm_id/SWITCH_N_EXT_BSCAN.bscan_switch/s_bscan_tck
    SLICE_X45Y167        FDRE                                         r  dbg_hub/inst/BSCANID.u_xsdbm_id/SWITCH_N_EXT_BSCAN.bscan_switch/bscanid_reg[31]/C
                         clock pessimism             -4.250     2.550    
    SLICE_X45Y167        FDRE (Hold_EFF_SLICEM_C_D)
                                                      0.060     2.610    dbg_hub/inst/BSCANID.u_xsdbm_id/SWITCH_N_EXT_BSCAN.bscan_switch/bscanid_reg[31]
  -------------------------------------------------------------------
                         required time                         -2.610    
                         arrival time                           2.644    
  -------------------------------------------------------------------
                         slack                                  0.034    

Slack (MET) :             0.038ns  (arrival time - required time)
  Source:                 dbg_hub/inst/BSCANID.u_xsdbm_id/CORE_XSDB.UUT_MASTER/U_ICON_INTERFACE/U_CMD6_RD/shift_bit_count_reg[2]/C
                            (rising edge-triggered cell FDRE clocked by dbg_hub/inst/BSCANID.u_xsdbm_id/SWITCH_N_EXT_BSCAN.bscan_inst/SERIES7_BSCAN.bscan_inst/INTERNAL_TCK  {rise@0.000ns fall@25.000ns period=50.000ns})
  Destination:            dbg_hub/inst/BSCANID.u_xsdbm_id/CORE_XSDB.UUT_MASTER/U_ICON_INTERFACE/U_CMD6_RD/shift_bit_count_reg[3]/D
                            (rising edge-triggered cell FDRE clocked by dbg_hub/inst/BSCANID.u_xsdbm_id/SWITCH_N_EXT_BSCAN.bscan_inst/SERIES7_BSCAN.bscan_inst/INTERNAL_TCK  {rise@0.000ns fall@25.000ns period=50.000ns})
  Path Group:             dbg_hub/inst/BSCANID.u_xsdbm_id/SWITCH_N_EXT_BSCAN.bscan_inst/SERIES7_BSCAN.bscan_inst/INTERNAL_TCK
  Path Type:              Hold (Min at Fast Process Corner)
  Requirement:            0.000ns  (dbg_hub/inst/BSCANID.u_xsdbm_id/SWITCH_N_EXT_BSCAN.bscan_inst/SERIES7_BSCAN.bscan_inst/INTERNAL_TCK rise@0.000ns - dbg_hub/inst/BSCANID.u_xsdbm_id/SWITCH_N_EXT_BSCAN.bscan_inst/SERIES7_BSCAN.bscan_inst/INTERNAL_TCK rise@0.000ns)
  Data Path Delay:        0.091ns  (logic 0.059ns (64.835%)  route 0.032ns (35.165%))
  Logic Levels:           1  (LUT4=1)
  Clock Path Skew:        0.006ns (DCD - SCD - CPR)
    Destination Clock Delay (DCD):    5.977ns
    Source Clock Delay      (SCD):    1.838ns
    Clock Pessimism Removal (CPR):    4.133ns
  Clock Net Delay (Source):      0.753ns (routing 0.277ns, distribution 0.476ns)
  Clock Net Delay (Destination): 0.858ns (routing 0.309ns, distribution 0.549ns)

    Location             Delay type                Incr(ns)  Path(ns)    Netlist Resource(s)
  -------------------------------------------------------------------    -------------------
                         (clock dbg_hub/inst/BSCANID.u_xsdbm_id/SWITCH_N_EXT_BSCAN.bscan_inst/SERIES7_BSCAN.bscan_inst/INTERNAL_TCK rise edge)
                                                      0.000     0.000 r  
    CONFIG_SITE_X0Y0     BSCANE2                      0.000     0.000 r  dbg_hub/inst/BSCANID.u_xsdbm_id/SWITCH_N_EXT_BSCAN.bscan_inst/SERIES7_BSCAN.bscan_inst/INTERNAL_TCK
    CONFIG_SITE_X0Y0     BSCANE2 (Prop_BSCAN1_CONFIG_SITE_INTERNAL_TCK_TCK)
                                                      0.465     0.465 r  dbg_hub/inst/BSCANID.u_xsdbm_id/SWITCH_N_EXT_BSCAN.bscan_inst/SERIES7_BSCAN.bscan_inst/TCK
                         net (fo=1, routed)           0.603     1.068    dbg_hub/inst/BSCANID.u_xsdbm_id/tck_bs
    BUFGCE_X0Y50         BUFGCE (Prop_BUFCE_BUFGCE_I_O)
                                                      0.017     1.085 r  dbg_hub/inst/BSCANID.u_xsdbm_id/SWITCH_N_EXT_BSCAN.u_bufg_icon_tck/O
    X2Y2 (CLOCK_ROOT)    net (fo=490, routed)         0.753     1.838    dbg_hub/inst/BSCANID.u_xsdbm_id/CORE_XSDB.UUT_MASTER/U_ICON_INTERFACE/U_CMD6_RD/m_bscan_tck[0]
    SLICE_X51Y136        FDRE                                         r  dbg_hub/inst/BSCANID.u_xsdbm_id/CORE_XSDB.UUT_MASTER/U_ICON_INTERFACE/U_CMD6_RD/shift_bit_count_reg[2]/C
  -------------------------------------------------------------------    -------------------
    SLICE_X51Y136        FDRE (Prop_GFF_SLICEL_C_Q)
                                                      0.039     1.877 r  dbg_hub/inst/BSCANID.u_xsdbm_id/CORE_XSDB.UUT_MASTER/U_ICON_INTERFACE/U_CMD6_RD/shift_bit_count_reg[2]/Q
                         net (fo=3, routed)           0.026     1.903    dbg_hub/inst/BSCANID.u_xsdbm_id/CORE_XSDB.UUT_MASTER/U_ICON_INTERFACE/U_CMD6_RD/shift_bit_count_reg[2]
    SLICE_X51Y136        LUT4 (Prop_G5LUT_SLICEL_I3_O)
                                                      0.020     1.923 r  dbg_hub/inst/BSCANID.u_xsdbm_id/CORE_XSDB.UUT_MASTER/U_ICON_INTERFACE/U_CMD6_RD/shift_bit_count[3]_i_2__0/O
                         net (fo=1, routed)           0.006     1.929    dbg_hub/inst/BSCANID.u_xsdbm_id/CORE_XSDB.UUT_MASTER/U_ICON_INTERFACE/U_CMD6_RD/p_0_in__1[3]
    SLICE_X51Y136        FDRE                                         r  dbg_hub/inst/BSCANID.u_xsdbm_id/CORE_XSDB.UUT_MASTER/U_ICON_INTERFACE/U_CMD6_RD/shift_bit_count_reg[3]/D
  -------------------------------------------------------------------    -------------------

                         (clock dbg_hub/inst/BSCANID.u_xsdbm_id/SWITCH_N_EXT_BSCAN.bscan_inst/SERIES7_BSCAN.bscan_inst/INTERNAL_TCK rise edge)
                                                      0.000     0.000 r  
    CONFIG_SITE_X0Y0     BSCANE2                      0.000     0.000 r  dbg_hub/inst/BSCANID.u_xsdbm_id/SWITCH_N_EXT_BSCAN.bscan_inst/SERIES7_BSCAN.bscan_inst/INTERNAL_TCK
    CONFIG_SITE_X0Y0     BSCANE2 (Prop_BSCAN1_CONFIG_SITE_INTERNAL_TCK_TCK)
                                                      4.300     4.300 r  dbg_hub/inst/BSCANID.u_xsdbm_id/SWITCH_N_EXT_BSCAN.bscan_inst/SERIES7_BSCAN.bscan_inst/TCK
                         net (fo=1, routed)           0.800     5.100    dbg_hub/inst/BSCANID.u_xsdbm_id/tck_bs
    BUFGCE_X0Y50         BUFGCE (Prop_BUFCE_BUFGCE_I_O)
                                                      0.019     5.119 r  dbg_hub/inst/BSCANID.u_xsdbm_id/SWITCH_N_EXT_BSCAN.u_bufg_icon_tck/O
    X2Y2 (CLOCK_ROOT)    net (fo=490, routed)         0.858     5.977    dbg_hub/inst/BSCANID.u_xsdbm_id/CORE_XSDB.UUT_MASTER/U_ICON_INTERFACE/U_CMD6_RD/m_bscan_tck[0]
    SLICE_X51Y136        FDRE                                         r  dbg_hub/inst/BSCANID.u_xsdbm_id/CORE_XSDB.UUT_MASTER/U_ICON_INTERFACE/U_CMD6_RD/shift_bit_count_reg[3]/C
                         clock pessimism             -4.133     1.844    
    SLICE_X51Y136        FDRE (Hold_GFF2_SLICEL_C_D)
                                                      0.047     1.891    dbg_hub/inst/BSCANID.u_xsdbm_id/CORE_XSDB.UUT_MASTER/U_ICON_INTERFACE/U_CMD6_RD/shift_bit_count_reg[3]
  -------------------------------------------------------------------
                         required time                         -1.891    
                         arrival time                           1.929    
  -------------------------------------------------------------------
                         slack                                  0.038    





Pulse Width Checks
--------------------------------------------------------------------------------------
Clock Name:         dbg_hub/inst/BSCANID.u_xsdbm_id/SWITCH_N_EXT_BSCAN.bscan_inst/SERIES7_BSCAN.bscan_inst/INTERNAL_TCK
Waveform(ns):       { 0.000 25.000 }
Period(ns):         50.000
Sources:            { dbg_hub/inst/BSCANID.u_xsdbm_id/SWITCH_N_EXT_BSCAN.bscan_inst/SERIES7_BSCAN.bscan_inst/INTERNAL_TCK }

Check Type        Corner  Lib Pin     Reference Pin  Required(ns)  Actual(ns)  Slack(ns)  Location       Pin
Min Period        n/a     BUFGCE/I    n/a            1.290         50.000      48.710     BUFGCE_X0Y50   dbg_hub/inst/BSCANID.u_xsdbm_id/SWITCH_N_EXT_BSCAN.u_bufg_icon_tck/I
Min Period        n/a     RAMD32/CLK  n/a            1.064         50.000      48.936     SLICE_X45Y126  dbg_hub/inst/BSCANID.u_xsdbm_id/CORE_XSDB.UUT_MASTER/U_ICON_INTERFACE/U_CMD6_WR/U_WR_FIFO/SUBCORE_FIFO.xsdbm_v3_0_0_wrfifo_inst/inst_fifo_gen/gconvfifo.rf/grf.rf/gntv_or_sync_fifo.mem/gdm.dm_gen.dm/RAM_reg_0_15_0_13/RAMA/CLK
Min Period        n/a     RAMD32/CLK  n/a            1.064         50.000      48.936     SLICE_X45Y126  dbg_hub/inst/BSCANID.u_xsdbm_id/CORE_XSDB.UUT_MASTER/U_ICON_INTERFACE/U_CMD6_WR/U_WR_FIFO/SUBCORE_FIFO.xsdbm_v3_0_0_wrfifo_inst/inst_fifo_gen/gconvfifo.rf/grf.rf/gntv_or_sync_fifo.mem/gdm.dm_gen.dm/RAM_reg_0_15_0_13/RAMA_D1/CLK
Min Period        n/a     RAMD32/CLK  n/a            1.064         50.000      48.936     SLICE_X45Y126  dbg_hub/inst/BSCANID.u_xsdbm_id/CORE_XSDB.UUT_MASTER/U_ICON_INTERFACE/U_CMD6_WR/U_WR_FIFO/SUBCORE_FIFO.xsdbm_v3_0_0_wrfifo_inst/inst_fifo_gen/gconvfifo.rf/grf.rf/gntv_or_sync_fifo.mem/gdm.dm_gen.dm/RAM_reg_0_15_0_13/RAMB/CLK
Min Period        n/a     RAMD32/CLK  n/a            1.064         50.000      48.936     SLICE_X45Y126  dbg_hub/inst/BSCANID.u_xsdbm_id/CORE_XSDB.UUT_MASTER/U_ICON_INTERFACE/U_CMD6_WR/U_WR_FIFO/SUBCORE_FIFO.xsdbm_v3_0_0_wrfifo_inst/inst_fifo_gen/gconvfifo.rf/grf.rf/gntv_or_sync_fifo.mem/gdm.dm_gen.dm/RAM_reg_0_15_0_13/RAMB_D1/CLK
Min Period        n/a     RAMD32/CLK  n/a            1.064         50.000      48.936     SLICE_X45Y126  dbg_hub/inst/BSCANID.u_xsdbm_id/CORE_XSDB.UUT_MASTER/U_ICON_INTERFACE/U_CMD6_WR/U_WR_FIFO/SUBCORE_FIFO.xsdbm_v3_0_0_wrfifo_inst/inst_fifo_gen/gconvfifo.rf/grf.rf/gntv_or_sync_fifo.mem/gdm.dm_gen.dm/RAM_reg_0_15_0_13/RAMC/CLK
Min Period        n/a     RAMD32/CLK  n/a            1.064         50.000      48.936     SLICE_X45Y126  dbg_hub/inst/BSCANID.u_xsdbm_id/CORE_XSDB.UUT_MASTER/U_ICON_INTERFACE/U_CMD6_WR/U_WR_FIFO/SUBCORE_FIFO.xsdbm_v3_0_0_wrfifo_inst/inst_fifo_gen/gconvfifo.rf/grf.rf/gntv_or_sync_fifo.mem/gdm.dm_gen.dm/RAM_reg_0_15_0_13/RAMC_D1/CLK
Min Period        n/a     RAMD32/CLK  n/a            1.064         50.000      48.936     SLICE_X45Y126  dbg_hub/inst/BSCANID.u_xsdbm_id/CORE_XSDB.UUT_MASTER/U_ICON_INTERFACE/U_CMD6_WR/U_WR_FIFO/SUBCORE_FIFO.xsdbm_v3_0_0_wrfifo_inst/inst_fifo_gen/gconvfifo.rf/grf.rf/gntv_or_sync_fifo.mem/gdm.dm_gen.dm/RAM_reg_0_15_0_13/RAMD/CLK
Min Period        n/a     RAMD32/CLK  n/a            1.064         50.000      48.936     SLICE_X45Y126  dbg_hub/inst/BSCANID.u_xsdbm_id/CORE_XSDB.UUT_MASTER/U_ICON_INTERFACE/U_CMD6_WR/U_WR_FIFO/SUBCORE_FIFO.xsdbm_v3_0_0_wrfifo_inst/inst_fifo_gen/gconvfifo.rf/grf.rf/gntv_or_sync_fifo.mem/gdm.dm_gen.dm/RAM_reg_0_15_0_13/RAMD_D1/CLK
Min Period        n/a     RAMD32/CLK  n/a            1.064         50.000      48.936     SLICE_X45Y126  dbg_hub/inst/BSCANID.u_xsdbm_id/CORE_XSDB.UUT_MASTER/U_ICON_INTERFACE/U_CMD6_WR/U_WR_FIFO/SUBCORE_FIFO.xsdbm_v3_0_0_wrfifo_inst/inst_fifo_gen/gconvfifo.rf/grf.rf/gntv_or_sync_fifo.mem/gdm.dm_gen.dm/RAM_reg_0_15_0_13/RAME/CLK
Low Pulse Width   Fast    RAMD32/CLK  n/a            0.532         25.000      24.468     SLICE_X45Y126  dbg_hub/inst/BSCANID.u_xsdbm_id/CORE_XSDB.UUT_MASTER/U_ICON_INTERFACE/U_CMD6_WR/U_WR_FIFO/SUBCORE_FIFO.xsdbm_v3_0_0_wrfifo_inst/inst_fifo_gen/gconvfifo.rf/grf.rf/gntv_or_sync_fifo.mem/gdm.dm_gen.dm/RAM_reg_0_15_0_13/RAMA/CLK
Low Pulse Width   Fast    RAMD32/CLK  n/a            0.532         25.000      24.468     SLICE_X45Y126  dbg_hub/inst/BSCANID.u_xsdbm_id/CORE_XSDB.UUT_MASTER/U_ICON_INTERFACE/U_CMD6_WR/U_WR_FIFO/SUBCORE_FIFO.xsdbm_v3_0_0_wrfifo_inst/inst_fifo_gen/gconvfifo.rf/grf.rf/gntv_or_sync_fifo.mem/gdm.dm_gen.dm/RAM_reg_0_15_0_13/RAMA_D1/CLK
Low Pulse Width   Fast    RAMD32/CLK  n/a            0.532         25.000      24.468     SLICE_X45Y126  dbg_hub/inst/BSCANID.u_xsdbm_id/CORE_XSDB.UUT_MASTER/U_ICON_INTERFACE/U_CMD6_WR/U_WR_FIFO/SUBCORE_FIFO.xsdbm_v3_0_0_wrfifo_inst/inst_fifo_gen/gconvfifo.rf/grf.rf/gntv_or_sync_fifo.mem/gdm.dm_gen.dm/RAM_reg_0_15_0_13/RAMB/CLK
Low Pulse Width   Fast    RAMD32/CLK  n/a            0.532         25.000      24.468     SLICE_X45Y126  dbg_hub/inst/BSCANID.u_xsdbm_id/CORE_XSDB.UUT_MASTER/U_ICON_INTERFACE/U_CMD6_WR/U_WR_FIFO/SUBCORE_FIFO.xsdbm_v3_0_0_wrfifo_inst/inst_fifo_gen/gconvfifo.rf/grf.rf/gntv_or_sync_fifo.mem/gdm.dm_gen.dm/RAM_reg_0_15_0_13/RAMB_D1/CLK
Low Pulse Width   Fast    RAMD32/CLK  n/a            0.532         25.000      24.468     SLICE_X45Y126  dbg_hub/inst/BSCANID.u_xsdbm_id/CORE_XSDB.UUT_MASTER/U_ICON_INTERFACE/U_CMD6_WR/U_WR_FIFO/SUBCORE_FIFO.xsdbm_v3_0_0_wrfifo_inst/inst_fifo_gen/gconvfifo.rf/grf.rf/gntv_or_sync_fifo.mem/gdm.dm_gen.dm/RAM_reg_0_15_0_13/RAMC/CLK
Low Pulse Width   Fast    RAMD32/CLK  n/a            0.532         25.000      24.468     SLICE_X45Y126  dbg_hub/inst/BSCANID.u_xsdbm_id/CORE_XSDB.UUT_MASTER/U_ICON_INTERFACE/U_CMD6_WR/U_WR_FIFO/SUBCORE_FIFO.xsdbm_v3_0_0_wrfifo_inst/inst_fifo_gen/gconvfifo.rf/grf.rf/gntv_or_sync_fifo.mem/gdm.dm_gen.dm/RAM_reg_0_15_0_13/RAMC_D1/CLK
Low Pulse Width   Fast    RAMD32/CLK  n/a            0.532         25.000      24.468     SLICE_X45Y126  dbg_hub/inst/BSCANID.u_xsdbm_id/CORE_XSDB.UUT_MASTER/U_ICON_INTERFACE/U_CMD6_WR/U_WR_FIFO/SUBCORE_FIFO.xsdbm_v3_0_0_wrfifo_inst/inst_fifo_gen/gconvfifo.rf/grf.rf/gntv_or_sync_fifo.mem/gdm.dm_gen.dm/RAM_reg_0_15_0_13/RAMD/CLK
Low Pulse Width   Fast    RAMD32/CLK  n/a            0.532         25.000      24.468     SLICE_X45Y126  dbg_hub/inst/BSCANID.u_xsdbm_id/CORE_XSDB.UUT_MASTER/U_ICON_INTERFACE/U_CMD6_WR/U_WR_FIFO/SUBCORE_FIFO.xsdbm_v3_0_0_wrfifo_inst/inst_fifo_gen/gconvfifo.rf/grf.rf/gntv_or_sync_fifo.mem/gdm.dm_gen.dm/RAM_reg_0_15_0_13/RAMD_D1/CLK
Low Pulse Width   Fast    RAMD32/CLK  n/a            0.532         25.000      24.468     SLICE_X45Y126  dbg_hub/inst/BSCANID.u_xsdbm_id/CORE_XSDB.UUT_MASTER/U_ICON_INTERFACE/U_CMD6_WR/U_WR_FIFO/SUBCORE_FIFO.xsdbm_v3_0_0_wrfifo_inst/inst_fifo_gen/gconvfifo.rf/grf.rf/gntv_or_sync_fifo.mem/gdm.dm_gen.dm/RAM_reg_0_15_0_13/RAME/CLK
Low Pulse Width   Fast    RAMD32/CLK  n/a            0.532         25.000      24.468     SLICE_X45Y126  dbg_hub/inst/BSCANID.u_xsdbm_id/CORE_XSDB.UUT_MASTER/U_ICON_INTERFACE/U_CMD6_WR/U_WR_FIFO/SUBCORE_FIFO.xsdbm_v3_0_0_wrfifo_inst/inst_fifo_gen/gconvfifo.rf/grf.rf/gntv_or_sync_fifo.mem/gdm.dm_gen.dm/RAM_reg_0_15_0_13/RAME_D1/CLK
High Pulse Width  Slow    RAMD32/CLK  n/a            0.532         25.000      24.468     SLICE_X45Y126  dbg_hub/inst/BSCANID.u_xsdbm_id/CORE_XSDB.UUT_MASTER/U_ICON_INTERFACE/U_CMD6_WR/U_WR_FIFO/SUBCORE_FIFO.xsdbm_v3_0_0_wrfifo_inst/inst_fifo_gen/gconvfifo.rf/grf.rf/gntv_or_sync_fifo.mem/gdm.dm_gen.dm/RAM_reg_0_15_0_13/RAMA/CLK
High Pulse Width  Slow    RAMD32/CLK  n/a            0.532         25.000      24.468     SLICE_X45Y126  dbg_hub/inst/BSCANID.u_xsdbm_id/CORE_XSDB.UUT_MASTER/U_ICON_INTERFACE/U_CMD6_WR/U_WR_FIFO/SUBCORE_FIFO.xsdbm_v3_0_0_wrfifo_inst/inst_fifo_gen/gconvfifo.rf/grf.rf/gntv_or_sync_fifo.mem/gdm.dm_gen.dm/RAM_reg_0_15_0_13/RAMA_D1/CLK
High Pulse Width  Slow    RAMD32/CLK  n/a            0.532         25.000      24.468     SLICE_X45Y126  dbg_hub/inst/BSCANID.u_xsdbm_id/CORE_XSDB.UUT_MASTER/U_ICON_INTERFACE/U_CMD6_WR/U_WR_FIFO/SUBCORE_FIFO.xsdbm_v3_0_0_wrfifo_inst/inst_fifo_gen/gconvfifo.rf/grf.rf/gntv_or_sync_fifo.mem/gdm.dm_gen.dm/RAM_reg_0_15_0_13/RAMB/CLK
High Pulse Width  Slow    RAMD32/CLK  n/a            0.532         25.000      24.468     SLICE_X45Y126  dbg_hub/inst/BSCANID.u_xsdbm_id/CORE_XSDB.UUT_MASTER/U_ICON_INTERFACE/U_CMD6_WR/U_WR_FIFO/SUBCORE_FIFO.xsdbm_v3_0_0_wrfifo_inst/inst_fifo_gen/gconvfifo.rf/grf.rf/gntv_or_sync_fifo.mem/gdm.dm_gen.dm/RAM_reg_0_15_0_13/RAMB_D1/CLK
High Pulse Width  Slow    RAMD32/CLK  n/a            0.532         25.000      24.468     SLICE_X45Y126  dbg_hub/inst/BSCANID.u_xsdbm_id/CORE_XSDB.UUT_MASTER/U_ICON_INTERFACE/U_CMD6_WR/U_WR_FIFO/SUBCORE_FIFO.xsdbm_v3_0_0_wrfifo_inst/inst_fifo_gen/gconvfifo.rf/grf.rf/gntv_or_sync_fifo.mem/gdm.dm_gen.dm/RAM_reg_0_15_0_13/RAMC/CLK
High Pulse Width  Slow    RAMD32/CLK  n/a            0.532         25.000      24.468     SLICE_X45Y126  dbg_hub/inst/BSCANID.u_xsdbm_id/CORE_XSDB.UUT_MASTER/U_ICON_INTERFACE/U_CMD6_WR/U_WR_FIFO/SUBCORE_FIFO.xsdbm_v3_0_0_wrfifo_inst/inst_fifo_gen/gconvfifo.rf/grf.rf/gntv_or_sync_fifo.mem/gdm.dm_gen.dm/RAM_reg_0_15_0_13/RAMC_D1/CLK
High Pulse Width  Slow    RAMD32/CLK  n/a            0.532         25.000      24.468     SLICE_X45Y126  dbg_hub/inst/BSCANID.u_xsdbm_id/CORE_XSDB.UUT_MASTER/U_ICON_INTERFACE/U_CMD6_WR/U_WR_FIFO/SUBCORE_FIFO.xsdbm_v3_0_0_wrfifo_inst/inst_fifo_gen/gconvfifo.rf/grf.rf/gntv_or_sync_fifo.mem/gdm.dm_gen.dm/RAM_reg_0_15_0_13/RAMD/CLK
High Pulse Width  Slow    RAMD32/CLK  n/a            0.532         25.000      24.468     SLICE_X45Y126  dbg_hub/inst/BSCANID.u_xsdbm_id/CORE_XSDB.UUT_MASTER/U_ICON_INTERFACE/U_CMD6_WR/U_WR_FIFO/SUBCORE_FIFO.xsdbm_v3_0_0_wrfifo_inst/inst_fifo_gen/gconvfifo.rf/grf.rf/gntv_or_sync_fifo.mem/gdm.dm_gen.dm/RAM_reg_0_15_0_13/RAMD_D1/CLK
High Pulse Width  Slow    RAMD32/CLK  n/a            0.532         25.000      24.468     SLICE_X45Y126  dbg_hub/inst/BSCANID.u_xsdbm_id/CORE_XSDB.UUT_MASTER/U_ICON_INTERFACE/U_CMD6_WR/U_WR_FIFO/SUBCORE_FIFO.xsdbm_v3_0_0_wrfifo_inst/inst_fifo_gen/gconvfifo.rf/grf.rf/gntv_or_sync_fifo.mem/gdm.dm_gen.dm/RAM_reg_0_15_0_13/RAME/CLK
High Pulse Width  Slow    RAMD32/CLK  n/a            0.532         25.000      24.468     SLICE_X45Y126  dbg_hub/inst/BSCANID.u_xsdbm_id/CORE_XSDB.UUT_MASTER/U_ICON_INTERFACE/U_CMD6_WR/U_WR_FIFO/SUBCORE_FIFO.xsdbm_v3_0_0_wrfifo_inst/inst_fifo_gen/gconvfifo.rf/grf.rf/gntv_or_sync_fifo.mem/gdm.dm_gen.dm/RAM_reg_0_15_0_13/RAME_D1/CLK



---------------------------------------------------------------------------------------------------
From Clock:  dbg_hub/inst/BSCANID.u_xsdbm_id/SWITCH_N_EXT_BSCAN.bscan_inst/SERIES7_BSCAN.bscan_inst/INTERNAL_TCK
  To Clock:  clk_pl_0

Setup :            0  Failing Endpoints,  Worst Slack       49.141ns,  Total Violation        0.000ns
Hold  :           NA  Failing Endpoints,  Worst Slack           NA  ,  Total Violation           NA
---------------------------------------------------------------------------------------------------


Max Delay Paths
--------------------------------------------------------------------------------------
Slack (MET) :             49.141ns  (required time - arrival time)
  Source:                 dbg_hub/inst/BSCANID.u_xsdbm_id/CORE_XSDB.UUT_MASTER/U_ICON_INTERFACE/U_CMD6_WR/U_WR_FIFO/SUBCORE_FIFO.xsdbm_v3_0_0_wrfifo_inst/inst_fifo_gen/gconvfifo.rf/grf.rf/gntv_or_sync_fifo.gcx.clkx/gnxpm_cdc.wr_pntr_gc_reg[2]/C
                            (rising edge-triggered cell FDCE clocked by dbg_hub/inst/BSCANID.u_xsdbm_id/SWITCH_N_EXT_BSCAN.bscan_inst/SERIES7_BSCAN.bscan_inst/INTERNAL_TCK  {rise@0.000ns fall@25.000ns period=50.000ns})
  Destination:            dbg_hub/inst/BSCANID.u_xsdbm_id/CORE_XSDB.UUT_MASTER/U_ICON_INTERFACE/U_CMD6_WR/U_WR_FIFO/SUBCORE_FIFO.xsdbm_v3_0_0_wrfifo_inst/inst_fifo_gen/gconvfifo.rf/grf.rf/gntv_or_sync_fifo.gcx.clkx/gnxpm_cdc.gsync_stage[1].rd_stg_inst/Q_reg_reg[2]/D
                            (rising edge-triggered cell FDCE clocked by clk_pl_0  {rise@0.000ns fall@2.625ns period=5.250ns})
  Path Group:             clk_pl_0
  Path Type:              Setup (Max at Slow Process Corner)
  Requirement:            50.000ns  (MaxDelay Path 50.000ns)
  Data Path Delay:        0.884ns  (logic 0.079ns (8.937%)  route 0.805ns (91.063%))
  Logic Levels:           0  
  Timing Exception:       MaxDelay Path 50.000ns -datapath_only

    Location             Delay type                Incr(ns)  Path(ns)    Netlist Resource(s)
  -------------------------------------------------------------------    -------------------
    SLICE_X47Y124                                     0.000     0.000 r  dbg_hub/inst/BSCANID.u_xsdbm_id/CORE_XSDB.UUT_MASTER/U_ICON_INTERFACE/U_CMD6_WR/U_WR_FIFO/SUBCORE_FIFO.xsdbm_v3_0_0_wrfifo_inst/inst_fifo_gen/gconvfifo.rf/grf.rf/gntv_or_sync_fifo.gcx.clkx/gnxpm_cdc.wr_pntr_gc_reg[2]/C
    SLICE_X47Y124        FDCE (Prop_HFF_SLICEL_C_Q)
                                                      0.079     0.079 r  dbg_hub/inst/BSCANID.u_xsdbm_id/CORE_XSDB.UUT_MASTER/U_ICON_INTERFACE/U_CMD6_WR/U_WR_FIFO/SUBCORE_FIFO.xsdbm_v3_0_0_wrfifo_inst/inst_fifo_gen/gconvfifo.rf/grf.rf/gntv_or_sync_fifo.gcx.clkx/gnxpm_cdc.wr_pntr_gc_reg[2]/Q
                         net (fo=1, routed)           0.805     0.884    dbg_hub/inst/BSCANID.u_xsdbm_id/CORE_XSDB.UUT_MASTER/U_ICON_INTERFACE/U_CMD6_WR/U_WR_FIFO/SUBCORE_FIFO.xsdbm_v3_0_0_wrfifo_inst/inst_fifo_gen/gconvfifo.rf/grf.rf/gntv_or_sync_fifo.gcx.clkx/gnxpm_cdc.gsync_stage[1].rd_stg_inst/Q[2]
    SLICE_X47Y124        FDCE                                         r  dbg_hub/inst/BSCANID.u_xsdbm_id/CORE_XSDB.UUT_MASTER/U_ICON_INTERFACE/U_CMD6_WR/U_WR_FIFO/SUBCORE_FIFO.xsdbm_v3_0_0_wrfifo_inst/inst_fifo_gen/gconvfifo.rf/grf.rf/gntv_or_sync_fifo.gcx.clkx/gnxpm_cdc.gsync_stage[1].rd_stg_inst/Q_reg_reg[2]/D
  -------------------------------------------------------------------    -------------------

                         max delay                   50.000    50.000    
    SLICE_X47Y124        FDCE (Setup_CFF2_SLICEL_C_D)
                                                      0.025    50.025    dbg_hub/inst/BSCANID.u_xsdbm_id/CORE_XSDB.UUT_MASTER/U_ICON_INTERFACE/U_CMD6_WR/U_WR_FIFO/SUBCORE_FIFO.xsdbm_v3_0_0_wrfifo_inst/inst_fifo_gen/gconvfifo.rf/grf.rf/gntv_or_sync_fifo.gcx.clkx/gnxpm_cdc.gsync_stage[1].rd_stg_inst/Q_reg_reg[2]
  -------------------------------------------------------------------
                         required time                         50.025    
                         arrival time                          -0.884    
  -------------------------------------------------------------------
                         slack                                 49.141    

Slack (MET) :             49.565ns  (required time - arrival time)
  Source:                 dbg_hub/inst/BSCANID.u_xsdbm_id/CORE_XSDB.UUT_MASTER/U_ICON_INTERFACE/U_CMD6_RD/U_RD_FIFO/SUBCORE_FIFO.xsdbm_v3_0_0_rdfifo_inst/inst_fifo_gen/gconvfifo.rf/grf.rf/gntv_or_sync_fifo.gcx.clkx/gnxpm_cdc.rd_pntr_gc_reg[1]/C
                            (rising edge-triggered cell FDCE clocked by dbg_hub/inst/BSCANID.u_xsdbm_id/SWITCH_N_EXT_BSCAN.bscan_inst/SERIES7_BSCAN.bscan_inst/INTERNAL_TCK  {rise@0.000ns fall@25.000ns period=50.000ns})
  Destination:            dbg_hub/inst/BSCANID.u_xsdbm_id/CORE_XSDB.UUT_MASTER/U_ICON_INTERFACE/U_CMD6_RD/U_RD_FIFO/SUBCORE_FIFO.xsdbm_v3_0_0_rdfifo_inst/inst_fifo_gen/gconvfifo.rf/grf.rf/gntv_or_sync_fifo.gcx.clkx/gnxpm_cdc.gsync_stage[1].wr_stg_inst/Q_reg_reg[1]/D
                            (rising edge-triggered cell FDCE clocked by clk_pl_0  {rise@0.000ns fall@2.625ns period=5.250ns})
  Path Group:             clk_pl_0
  Path Type:              Setup (Max at Slow Process Corner)
  Requirement:            50.000ns  (MaxDelay Path 50.000ns)
  Data Path Delay:        0.460ns  (logic 0.081ns (17.609%)  route 0.379ns (82.391%))
  Logic Levels:           0  
  Timing Exception:       MaxDelay Path 50.000ns -datapath_only

    Location             Delay type                Incr(ns)  Path(ns)    Netlist Resource(s)
  -------------------------------------------------------------------    -------------------
    SLICE_X52Y137                                     0.000     0.000 r  dbg_hub/inst/BSCANID.u_xsdbm_id/CORE_XSDB.UUT_MASTER/U_ICON_INTERFACE/U_CMD6_RD/U_RD_FIFO/SUBCORE_FIFO.xsdbm_v3_0_0_rdfifo_inst/inst_fifo_gen/gconvfifo.rf/grf.rf/gntv_or_sync_fifo.gcx.clkx/gnxpm_cdc.rd_pntr_gc_reg[1]/C
    SLICE_X52Y137        FDCE (Prop_DFF2_SLICEL_C_Q)
                                                      0.081     0.081 r  dbg_hub/inst/BSCANID.u_xsdbm_id/CORE_XSDB.UUT_MASTER/U_ICON_INTERFACE/U_CMD6_RD/U_RD_FIFO/SUBCORE_FIFO.xsdbm_v3_0_0_rdfifo_inst/inst_fifo_gen/gconvfifo.rf/grf.rf/gntv_or_sync_fifo.gcx.clkx/gnxpm_cdc.rd_pntr_gc_reg[1]/Q
                         net (fo=1, routed)           0.379     0.460    dbg_hub/inst/BSCANID.u_xsdbm_id/CORE_XSDB.UUT_MASTER/U_ICON_INTERFACE/U_CMD6_RD/U_RD_FIFO/SUBCORE_FIFO.xsdbm_v3_0_0_rdfifo_inst/inst_fifo_gen/gconvfifo.rf/grf.rf/gntv_or_sync_fifo.gcx.clkx/gnxpm_cdc.gsync_stage[1].wr_stg_inst/Q[1]
    SLICE_X51Y140        FDCE                                         r  dbg_hub/inst/BSCANID.u_xsdbm_id/CORE_XSDB.UUT_MASTER/U_ICON_INTERFACE/U_CMD6_RD/U_RD_FIFO/SUBCORE_FIFO.xsdbm_v3_0_0_rdfifo_inst/inst_fifo_gen/gconvfifo.rf/grf.rf/gntv_or_sync_fifo.gcx.clkx/gnxpm_cdc.gsync_stage[1].wr_stg_inst/Q_reg_reg[1]/D
  -------------------------------------------------------------------    -------------------

                         max delay                   50.000    50.000    
    SLICE_X51Y140        FDCE (Setup_HFF2_SLICEL_C_D)
                                                      0.025    50.025    dbg_hub/inst/BSCANID.u_xsdbm_id/CORE_XSDB.UUT_MASTER/U_ICON_INTERFACE/U_CMD6_RD/U_RD_FIFO/SUBCORE_FIFO.xsdbm_v3_0_0_rdfifo_inst/inst_fifo_gen/gconvfifo.rf/grf.rf/gntv_or_sync_fifo.gcx.clkx/gnxpm_cdc.gsync_stage[1].wr_stg_inst/Q_reg_reg[1]
  -------------------------------------------------------------------
                         required time                         50.025    
                         arrival time                          -0.460    
  -------------------------------------------------------------------
                         slack                                 49.565    

Slack (MET) :             49.579ns  (required time - arrival time)
  Source:                 dbg_hub/inst/BSCANID.u_xsdbm_id/CORE_XSDB.UUT_MASTER/U_ICON_INTERFACE/U_CMD6_WR/U_WR_FIFO/SUBCORE_FIFO.xsdbm_v3_0_0_wrfifo_inst/inst_fifo_gen/gconvfifo.rf/grf.rf/gntv_or_sync_fifo.gcx.clkx/gnxpm_cdc.wr_pntr_gc_reg[1]/C
                            (rising edge-triggered cell FDCE clocked by dbg_hub/inst/BSCANID.u_xsdbm_id/SWITCH_N_EXT_BSCAN.bscan_inst/SERIES7_BSCAN.bscan_inst/INTERNAL_TCK  {rise@0.000ns fall@25.000ns period=50.000ns})
  Destination:            dbg_hub/inst/BSCANID.u_xsdbm_id/CORE_XSDB.UUT_MASTER/U_ICON_INTERFACE/U_CMD6_WR/U_WR_FIFO/SUBCORE_FIFO.xsdbm_v3_0_0_wrfifo_inst/inst_fifo_gen/gconvfifo.rf/grf.rf/gntv_or_sync_fifo.gcx.clkx/gnxpm_cdc.gsync_stage[1].rd_stg_inst/Q_reg_reg[1]/D
                            (rising edge-triggered cell FDCE clocked by clk_pl_0  {rise@0.000ns fall@2.625ns period=5.250ns})
  Path Group:             clk_pl_0
  Path Type:              Setup (Max at Slow Process Corner)
  Requirement:            50.000ns  (MaxDelay Path 50.000ns)
  Data Path Delay:        0.446ns  (logic 0.081ns (18.161%)  route 0.365ns (81.839%))
  Logic Levels:           0  
  Timing Exception:       MaxDelay Path 50.000ns -datapath_only

    Location             Delay type                Incr(ns)  Path(ns)    Netlist Resource(s)
  -------------------------------------------------------------------    -------------------
    SLICE_X47Y123                                     0.000     0.000 r  dbg_hub/inst/BSCANID.u_xsdbm_id/CORE_XSDB.UUT_MASTER/U_ICON_INTERFACE/U_CMD6_WR/U_WR_FIFO/SUBCORE_FIFO.xsdbm_v3_0_0_wrfifo_inst/inst_fifo_gen/gconvfifo.rf/grf.rf/gntv_or_sync_fifo.gcx.clkx/gnxpm_cdc.wr_pntr_gc_reg[1]/C
    SLICE_X47Y123        FDCE (Prop_DFF2_SLICEL_C_Q)
                                                      0.081     0.081 r  dbg_hub/inst/BSCANID.u_xsdbm_id/CORE_XSDB.UUT_MASTER/U_ICON_INTERFACE/U_CMD6_WR/U_WR_FIFO/SUBCORE_FIFO.xsdbm_v3_0_0_wrfifo_inst/inst_fifo_gen/gconvfifo.rf/grf.rf/gntv_or_sync_fifo.gcx.clkx/gnxpm_cdc.wr_pntr_gc_reg[1]/Q
                         net (fo=1, routed)           0.365     0.446    dbg_hub/inst/BSCANID.u_xsdbm_id/CORE_XSDB.UUT_MASTER/U_ICON_INTERFACE/U_CMD6_WR/U_WR_FIFO/SUBCORE_FIFO.xsdbm_v3_0_0_wrfifo_inst/inst_fifo_gen/gconvfifo.rf/grf.rf/gntv_or_sync_fifo.gcx.clkx/gnxpm_cdc.gsync_stage[1].rd_stg_inst/Q[1]
    SLICE_X47Y123        FDCE                                         r  dbg_hub/inst/BSCANID.u_xsdbm_id/CORE_XSDB.UUT_MASTER/U_ICON_INTERFACE/U_CMD6_WR/U_WR_FIFO/SUBCORE_FIFO.xsdbm_v3_0_0_wrfifo_inst/inst_fifo_gen/gconvfifo.rf/grf.rf/gntv_or_sync_fifo.gcx.clkx/gnxpm_cdc.gsync_stage[1].rd_stg_inst/Q_reg_reg[1]/D
  -------------------------------------------------------------------    -------------------

                         max delay                   50.000    50.000    
    SLICE_X47Y123        FDCE (Setup_HFF2_SLICEL_C_D)
                                                      0.025    50.025    dbg_hub/inst/BSCANID.u_xsdbm_id/CORE_XSDB.UUT_MASTER/U_ICON_INTERFACE/U_CMD6_WR/U_WR_FIFO/SUBCORE_FIFO.xsdbm_v3_0_0_wrfifo_inst/inst_fifo_gen/gconvfifo.rf/grf.rf/gntv_or_sync_fifo.gcx.clkx/gnxpm_cdc.gsync_stage[1].rd_stg_inst/Q_reg_reg[1]
  -------------------------------------------------------------------
                         required time                         50.025    
                         arrival time                          -0.446    
  -------------------------------------------------------------------
                         slack                                 49.579    

Slack (MET) :             49.633ns  (required time - arrival time)
  Source:                 dbg_hub/inst/BSCANID.u_xsdbm_id/CORE_XSDB.UUT_MASTER/U_ICON_INTERFACE/U_CMD6_WR/U_WR_FIFO/SUBCORE_FIFO.xsdbm_v3_0_0_wrfifo_inst/inst_fifo_gen/gconvfifo.rf/grf.rf/gntv_or_sync_fifo.gcx.clkx/gnxpm_cdc.wr_pntr_gc_reg[3]/C
                            (rising edge-triggered cell FDCE clocked by dbg_hub/inst/BSCANID.u_xsdbm_id/SWITCH_N_EXT_BSCAN.bscan_inst/SERIES7_BSCAN.bscan_inst/INTERNAL_TCK  {rise@0.000ns fall@25.000ns period=50.000ns})
  Destination:            dbg_hub/inst/BSCANID.u_xsdbm_id/CORE_XSDB.UUT_MASTER/U_ICON_INTERFACE/U_CMD6_WR/U_WR_FIFO/SUBCORE_FIFO.xsdbm_v3_0_0_wrfifo_inst/inst_fifo_gen/gconvfifo.rf/grf.rf/gntv_or_sync_fifo.gcx.clkx/gnxpm_cdc.gsync_stage[1].rd_stg_inst/Q_reg_reg[3]/D
                            (rising edge-triggered cell FDCE clocked by clk_pl_0  {rise@0.000ns fall@2.625ns period=5.250ns})
  Path Group:             clk_pl_0
  Path Type:              Setup (Max at Slow Process Corner)
  Requirement:            50.000ns  (MaxDelay Path 50.000ns)
  Data Path Delay:        0.392ns  (logic 0.079ns (20.153%)  route 0.313ns (79.847%))
  Logic Levels:           0  
  Timing Exception:       MaxDelay Path 50.000ns -datapath_only

    Location             Delay type                Incr(ns)  Path(ns)    Netlist Resource(s)
  -------------------------------------------------------------------    -------------------
    SLICE_X47Y124                                     0.000     0.000 r  dbg_hub/inst/BSCANID.u_xsdbm_id/CORE_XSDB.UUT_MASTER/U_ICON_INTERFACE/U_CMD6_WR/U_WR_FIFO/SUBCORE_FIFO.xsdbm_v3_0_0_wrfifo_inst/inst_fifo_gen/gconvfifo.rf/grf.rf/gntv_or_sync_fifo.gcx.clkx/gnxpm_cdc.wr_pntr_gc_reg[3]/C
    SLICE_X47Y124        FDCE (Prop_EFF_SLICEL_C_Q)
                                                      0.079     0.079 r  dbg_hub/inst/BSCANID.u_xsdbm_id/CORE_XSDB.UUT_MASTER/U_ICON_INTERFACE/U_CMD6_WR/U_WR_FIFO/SUBCORE_FIFO.xsdbm_v3_0_0_wrfifo_inst/inst_fifo_gen/gconvfifo.rf/grf.rf/gntv_or_sync_fifo.gcx.clkx/gnxpm_cdc.wr_pntr_gc_reg[3]/Q
                         net (fo=1, routed)           0.313     0.392    dbg_hub/inst/BSCANID.u_xsdbm_id/CORE_XSDB.UUT_MASTER/U_ICON_INTERFACE/U_CMD6_WR/U_WR_FIFO/SUBCORE_FIFO.xsdbm_v3_0_0_wrfifo_inst/inst_fifo_gen/gconvfifo.rf/grf.rf/gntv_or_sync_fifo.gcx.clkx/gnxpm_cdc.gsync_stage[1].rd_stg_inst/Q[3]
    SLICE_X47Y124        FDCE                                         r  dbg_hub/inst/BSCANID.u_xsdbm_id/CORE_XSDB.UUT_MASTER/U_ICON_INTERFACE/U_CMD6_WR/U_WR_FIFO/SUBCORE_FIFO.xsdbm_v3_0_0_wrfifo_inst/inst_fifo_gen/gconvfifo.rf/grf.rf/gntv_or_sync_fifo.gcx.clkx/gnxpm_cdc.gsync_stage[1].rd_stg_inst/Q_reg_reg[3]/D
  -------------------------------------------------------------------    -------------------

                         max delay                   50.000    50.000    
    SLICE_X47Y124        FDCE (Setup_BFF2_SLICEL_C_D)
                                                      0.025    50.025    dbg_hub/inst/BSCANID.u_xsdbm_id/CORE_XSDB.UUT_MASTER/U_ICON_INTERFACE/U_CMD6_WR/U_WR_FIFO/SUBCORE_FIFO.xsdbm_v3_0_0_wrfifo_inst/inst_fifo_gen/gconvfifo.rf/grf.rf/gntv_or_sync_fifo.gcx.clkx/gnxpm_cdc.gsync_stage[1].rd_stg_inst/Q_reg_reg[3]
  -------------------------------------------------------------------
                         required time                         50.025    
                         arrival time                          -0.392    
  -------------------------------------------------------------------
                         slack                                 49.633    

Slack (MET) :             49.650ns  (required time - arrival time)
  Source:                 dbg_hub/inst/BSCANID.u_xsdbm_id/CORE_XSDB.UUT_MASTER/U_ICON_INTERFACE/U_CMD6_RD/U_RD_FIFO/SUBCORE_FIFO.xsdbm_v3_0_0_rdfifo_inst/inst_fifo_gen/gconvfifo.rf/grf.rf/gntv_or_sync_fifo.gcx.clkx/gnxpm_cdc.rd_pntr_gc_reg[0]/C
                            (rising edge-triggered cell FDCE clocked by dbg_hub/inst/BSCANID.u_xsdbm_id/SWITCH_N_EXT_BSCAN.bscan_inst/SERIES7_BSCAN.bscan_inst/INTERNAL_TCK  {rise@0.000ns fall@25.000ns period=50.000ns})
  Destination:            dbg_hub/inst/BSCANID.u_xsdbm_id/CORE_XSDB.UUT_MASTER/U_ICON_INTERFACE/U_CMD6_RD/U_RD_FIFO/SUBCORE_FIFO.xsdbm_v3_0_0_rdfifo_inst/inst_fifo_gen/gconvfifo.rf/grf.rf/gntv_or_sync_fifo.gcx.clkx/gnxpm_cdc.gsync_stage[1].wr_stg_inst/Q_reg_reg[0]/D
                            (rising edge-triggered cell FDCE clocked by clk_pl_0  {rise@0.000ns fall@2.625ns period=5.250ns})
  Path Group:             clk_pl_0
  Path Type:              Setup (Max at Slow Process Corner)
  Requirement:            50.000ns  (MaxDelay Path 50.000ns)
  Data Path Delay:        0.375ns  (logic 0.079ns (21.067%)  route 0.296ns (78.933%))
  Logic Levels:           0  
  Timing Exception:       MaxDelay Path 50.000ns -datapath_only

    Location             Delay type                Incr(ns)  Path(ns)    Netlist Resource(s)
  -------------------------------------------------------------------    -------------------
    SLICE_X52Y137                                     0.000     0.000 r  dbg_hub/inst/BSCANID.u_xsdbm_id/CORE_XSDB.UUT_MASTER/U_ICON_INTERFACE/U_CMD6_RD/U_RD_FIFO/SUBCORE_FIFO.xsdbm_v3_0_0_rdfifo_inst/inst_fifo_gen/gconvfifo.rf/grf.rf/gntv_or_sync_fifo.gcx.clkx/gnxpm_cdc.rd_pntr_gc_reg[0]/C
    SLICE_X52Y137        FDCE (Prop_AFF_SLICEL_C_Q)
                                                      0.079     0.079 r  dbg_hub/inst/BSCANID.u_xsdbm_id/CORE_XSDB.UUT_MASTER/U_ICON_INTERFACE/U_CMD6_RD/U_RD_FIFO/SUBCORE_FIFO.xsdbm_v3_0_0_rdfifo_inst/inst_fifo_gen/gconvfifo.rf/grf.rf/gntv_or_sync_fifo.gcx.clkx/gnxpm_cdc.rd_pntr_gc_reg[0]/Q
                         net (fo=1, routed)           0.296     0.375    dbg_hub/inst/BSCANID.u_xsdbm_id/CORE_XSDB.UUT_MASTER/U_ICON_INTERFACE/U_CMD6_RD/U_RD_FIFO/SUBCORE_FIFO.xsdbm_v3_0_0_rdfifo_inst/inst_fifo_gen/gconvfifo.rf/grf.rf/gntv_or_sync_fifo.gcx.clkx/gnxpm_cdc.gsync_stage[1].wr_stg_inst/Q[0]
    SLICE_X51Y140        FDCE                                         r  dbg_hub/inst/BSCANID.u_xsdbm_id/CORE_XSDB.UUT_MASTER/U_ICON_INTERFACE/U_CMD6_RD/U_RD_FIFO/SUBCORE_FIFO.xsdbm_v3_0_0_rdfifo_inst/inst_fifo_gen/gconvfifo.rf/grf.rf/gntv_or_sync_fifo.gcx.clkx/gnxpm_cdc.gsync_stage[1].wr_stg_inst/Q_reg_reg[0]/D
  -------------------------------------------------------------------    -------------------

                         max delay                   50.000    50.000    
    SLICE_X51Y140        FDCE (Setup_BFF2_SLICEL_C_D)
                                                      0.025    50.025    dbg_hub/inst/BSCANID.u_xsdbm_id/CORE_XSDB.UUT_MASTER/U_ICON_INTERFACE/U_CMD6_RD/U_RD_FIFO/SUBCORE_FIFO.xsdbm_v3_0_0_rdfifo_inst/inst_fifo_gen/gconvfifo.rf/grf.rf/gntv_or_sync_fifo.gcx.clkx/gnxpm_cdc.gsync_stage[1].wr_stg_inst/Q_reg_reg[0]
  -------------------------------------------------------------------
                         required time                         50.025    
                         arrival time                          -0.375    
  -------------------------------------------------------------------
                         slack                                 49.650    

Slack (MET) :             49.690ns  (required time - arrival time)
  Source:                 dbg_hub/inst/BSCANID.u_xsdbm_id/CORE_XSDB.UUT_MASTER/U_ICON_INTERFACE/U_CMD6_RD/U_RD_FIFO/SUBCORE_FIFO.xsdbm_v3_0_0_rdfifo_inst/inst_fifo_gen/gconvfifo.rf/grf.rf/gntv_or_sync_fifo.gcx.clkx/gnxpm_cdc.rd_pntr_gc_reg[2]/C
                            (rising edge-triggered cell FDCE clocked by dbg_hub/inst/BSCANID.u_xsdbm_id/SWITCH_N_EXT_BSCAN.bscan_inst/SERIES7_BSCAN.bscan_inst/INTERNAL_TCK  {rise@0.000ns fall@25.000ns period=50.000ns})
  Destination:            dbg_hub/inst/BSCANID.u_xsdbm_id/CORE_XSDB.UUT_MASTER/U_ICON_INTERFACE/U_CMD6_RD/U_RD_FIFO/SUBCORE_FIFO.xsdbm_v3_0_0_rdfifo_inst/inst_fifo_gen/gconvfifo.rf/grf.rf/gntv_or_sync_fifo.gcx.clkx/gnxpm_cdc.gsync_stage[1].wr_stg_inst/Q_reg_reg[2]/D
                            (rising edge-triggered cell FDCE clocked by clk_pl_0  {rise@0.000ns fall@2.625ns period=5.250ns})
  Path Group:             clk_pl_0
  Path Type:              Setup (Max at Slow Process Corner)
  Requirement:            50.000ns  (MaxDelay Path 50.000ns)
  Data Path Delay:        0.335ns  (logic 0.079ns (23.582%)  route 0.256ns (76.418%))
  Logic Levels:           0  
  Timing Exception:       MaxDelay Path 50.000ns -datapath_only

    Location             Delay type                Incr(ns)  Path(ns)    Netlist Resource(s)
  -------------------------------------------------------------------    -------------------
    SLICE_X52Y138                                     0.000     0.000 r  dbg_hub/inst/BSCANID.u_xsdbm_id/CORE_XSDB.UUT_MASTER/U_ICON_INTERFACE/U_CMD6_RD/U_RD_FIFO/SUBCORE_FIFO.xsdbm_v3_0_0_rdfifo_inst/inst_fifo_gen/gconvfifo.rf/grf.rf/gntv_or_sync_fifo.gcx.clkx/gnxpm_cdc.rd_pntr_gc_reg[2]/C
    SLICE_X52Y138        FDCE (Prop_EFF_SLICEL_C_Q)
                                                      0.079     0.079 r  dbg_hub/inst/BSCANID.u_xsdbm_id/CORE_XSDB.UUT_MASTER/U_ICON_INTERFACE/U_CMD6_RD/U_RD_FIFO/SUBCORE_FIFO.xsdbm_v3_0_0_rdfifo_inst/inst_fifo_gen/gconvfifo.rf/grf.rf/gntv_or_sync_fifo.gcx.clkx/gnxpm_cdc.rd_pntr_gc_reg[2]/Q
                         net (fo=1, routed)           0.256     0.335    dbg_hub/inst/BSCANID.u_xsdbm_id/CORE_XSDB.UUT_MASTER/U_ICON_INTERFACE/U_CMD6_RD/U_RD_FIFO/SUBCORE_FIFO.xsdbm_v3_0_0_rdfifo_inst/inst_fifo_gen/gconvfifo.rf/grf.rf/gntv_or_sync_fifo.gcx.clkx/gnxpm_cdc.gsync_stage[1].wr_stg_inst/Q[2]
    SLICE_X51Y140        FDCE                                         r  dbg_hub/inst/BSCANID.u_xsdbm_id/CORE_XSDB.UUT_MASTER/U_ICON_INTERFACE/U_CMD6_RD/U_RD_FIFO/SUBCORE_FIFO.xsdbm_v3_0_0_rdfifo_inst/inst_fifo_gen/gconvfifo.rf/grf.rf/gntv_or_sync_fifo.gcx.clkx/gnxpm_cdc.gsync_stage[1].wr_stg_inst/Q_reg_reg[2]/D
  -------------------------------------------------------------------    -------------------

                         max delay                   50.000    50.000    
    SLICE_X51Y140        FDCE (Setup_GFF2_SLICEL_C_D)
                                                      0.025    50.025    dbg_hub/inst/BSCANID.u_xsdbm_id/CORE_XSDB.UUT_MASTER/U_ICON_INTERFACE/U_CMD6_RD/U_RD_FIFO/SUBCORE_FIFO.xsdbm_v3_0_0_rdfifo_inst/inst_fifo_gen/gconvfifo.rf/grf.rf/gntv_or_sync_fifo.gcx.clkx/gnxpm_cdc.gsync_stage[1].wr_stg_inst/Q_reg_reg[2]
  -------------------------------------------------------------------
                         required time                         50.025    
                         arrival time                          -0.335    
  -------------------------------------------------------------------
                         slack                                 49.690    

Slack (MET) :             49.790ns  (required time - arrival time)
  Source:                 dbg_hub/inst/BSCANID.u_xsdbm_id/CORE_XSDB.UUT_MASTER/U_ICON_INTERFACE/U_CMD6_RD/U_RD_FIFO/SUBCORE_FIFO.xsdbm_v3_0_0_rdfifo_inst/inst_fifo_gen/gconvfifo.rf/grf.rf/gntv_or_sync_fifo.gcx.clkx/gnxpm_cdc.rd_pntr_gc_reg[3]/C
                            (rising edge-triggered cell FDCE clocked by dbg_hub/inst/BSCANID.u_xsdbm_id/SWITCH_N_EXT_BSCAN.bscan_inst/SERIES7_BSCAN.bscan_inst/INTERNAL_TCK  {rise@0.000ns fall@25.000ns period=50.000ns})
  Destination:            dbg_hub/inst/BSCANID.u_xsdbm_id/CORE_XSDB.UUT_MASTER/U_ICON_INTERFACE/U_CMD6_RD/U_RD_FIFO/SUBCORE_FIFO.xsdbm_v3_0_0_rdfifo_inst/inst_fifo_gen/gconvfifo.rf/grf.rf/gntv_or_sync_fifo.gcx.clkx/gnxpm_cdc.gsync_stage[1].wr_stg_inst/Q_reg_reg[3]/D
                            (rising edge-triggered cell FDCE clocked by clk_pl_0  {rise@0.000ns fall@2.625ns period=5.250ns})
  Path Group:             clk_pl_0
  Path Type:              Setup (Max at Slow Process Corner)
  Requirement:            50.000ns  (MaxDelay Path 50.000ns)
  Data Path Delay:        0.235ns  (logic 0.081ns (34.468%)  route 0.154ns (65.532%))
  Logic Levels:           0  
  Timing Exception:       MaxDelay Path 50.000ns -datapath_only

    Location             Delay type                Incr(ns)  Path(ns)    Netlist Resource(s)
  -------------------------------------------------------------------    -------------------
    SLICE_X52Y138                                     0.000     0.000 r  dbg_hub/inst/BSCANID.u_xsdbm_id/CORE_XSDB.UUT_MASTER/U_ICON_INTERFACE/U_CMD6_RD/U_RD_FIFO/SUBCORE_FIFO.xsdbm_v3_0_0_rdfifo_inst/inst_fifo_gen/gconvfifo.rf/grf.rf/gntv_or_sync_fifo.gcx.clkx/gnxpm_cdc.rd_pntr_gc_reg[3]/C
    SLICE_X52Y138        FDCE (Prop_EFF2_SLICEL_C_Q)
                                                      0.081     0.081 r  dbg_hub/inst/BSCANID.u_xsdbm_id/CORE_XSDB.UUT_MASTER/U_ICON_INTERFACE/U_CMD6_RD/U_RD_FIFO/SUBCORE_FIFO.xsdbm_v3_0_0_rdfifo_inst/inst_fifo_gen/gconvfifo.rf/grf.rf/gntv_or_sync_fifo.gcx.clkx/gnxpm_cdc.rd_pntr_gc_reg[3]/Q
                         net (fo=1, routed)           0.154     0.235    dbg_hub/inst/BSCANID.u_xsdbm_id/CORE_XSDB.UUT_MASTER/U_ICON_INTERFACE/U_CMD6_RD/U_RD_FIFO/SUBCORE_FIFO.xsdbm_v3_0_0_rdfifo_inst/inst_fifo_gen/gconvfifo.rf/grf.rf/gntv_or_sync_fifo.gcx.clkx/gnxpm_cdc.gsync_stage[1].wr_stg_inst/Q[3]
    SLICE_X52Y139        FDCE                                         r  dbg_hub/inst/BSCANID.u_xsdbm_id/CORE_XSDB.UUT_MASTER/U_ICON_INTERFACE/U_CMD6_RD/U_RD_FIFO/SUBCORE_FIFO.xsdbm_v3_0_0_rdfifo_inst/inst_fifo_gen/gconvfifo.rf/grf.rf/gntv_or_sync_fifo.gcx.clkx/gnxpm_cdc.gsync_stage[1].wr_stg_inst/Q_reg_reg[3]/D
  -------------------------------------------------------------------    -------------------

                         max delay                   50.000    50.000    
    SLICE_X52Y139        FDCE (Setup_CFF2_SLICEL_C_D)
                                                      0.025    50.025    dbg_hub/inst/BSCANID.u_xsdbm_id/CORE_XSDB.UUT_MASTER/U_ICON_INTERFACE/U_CMD6_RD/U_RD_FIFO/SUBCORE_FIFO.xsdbm_v3_0_0_rdfifo_inst/inst_fifo_gen/gconvfifo.rf/grf.rf/gntv_or_sync_fifo.gcx.clkx/gnxpm_cdc.gsync_stage[1].wr_stg_inst/Q_reg_reg[3]
  -------------------------------------------------------------------
                         required time                         50.025    
                         arrival time                          -0.235    
  -------------------------------------------------------------------
                         slack                                 49.790    

Slack (MET) :             49.797ns  (required time - arrival time)
  Source:                 dbg_hub/inst/BSCANID.u_xsdbm_id/CORE_XSDB.UUT_MASTER/U_ICON_INTERFACE/U_CMD6_WR/U_WR_FIFO/SUBCORE_FIFO.xsdbm_v3_0_0_wrfifo_inst/inst_fifo_gen/gconvfifo.rf/grf.rf/gntv_or_sync_fifo.gcx.clkx/gnxpm_cdc.wr_pntr_gc_reg[0]/C
                            (rising edge-triggered cell FDCE clocked by dbg_hub/inst/BSCANID.u_xsdbm_id/SWITCH_N_EXT_BSCAN.bscan_inst/SERIES7_BSCAN.bscan_inst/INTERNAL_TCK  {rise@0.000ns fall@25.000ns period=50.000ns})
  Destination:            dbg_hub/inst/BSCANID.u_xsdbm_id/CORE_XSDB.UUT_MASTER/U_ICON_INTERFACE/U_CMD6_WR/U_WR_FIFO/SUBCORE_FIFO.xsdbm_v3_0_0_wrfifo_inst/inst_fifo_gen/gconvfifo.rf/grf.rf/gntv_or_sync_fifo.gcx.clkx/gnxpm_cdc.gsync_stage[1].rd_stg_inst/Q_reg_reg[0]/D
                            (rising edge-triggered cell FDCE clocked by clk_pl_0  {rise@0.000ns fall@2.625ns period=5.250ns})
  Path Group:             clk_pl_0
  Path Type:              Setup (Max at Slow Process Corner)
  Requirement:            50.000ns  (MaxDelay Path 50.000ns)
  Data Path Delay:        0.228ns  (logic 0.079ns (34.649%)  route 0.149ns (65.351%))
  Logic Levels:           0  
  Timing Exception:       MaxDelay Path 50.000ns -datapath_only

    Location             Delay type                Incr(ns)  Path(ns)    Netlist Resource(s)
  -------------------------------------------------------------------    -------------------
    SLICE_X47Y123                                     0.000     0.000 r  dbg_hub/inst/BSCANID.u_xsdbm_id/CORE_XSDB.UUT_MASTER/U_ICON_INTERFACE/U_CMD6_WR/U_WR_FIFO/SUBCORE_FIFO.xsdbm_v3_0_0_wrfifo_inst/inst_fifo_gen/gconvfifo.rf/grf.rf/gntv_or_sync_fifo.gcx.clkx/gnxpm_cdc.wr_pntr_gc_reg[0]/C
    SLICE_X47Y123        FDCE (Prop_DFF_SLICEL_C_Q)
                                                      0.079     0.079 r  dbg_hub/inst/BSCANID.u_xsdbm_id/CORE_XSDB.UUT_MASTER/U_ICON_INTERFACE/U_CMD6_WR/U_WR_FIFO/SUBCORE_FIFO.xsdbm_v3_0_0_wrfifo_inst/inst_fifo_gen/gconvfifo.rf/grf.rf/gntv_or_sync_fifo.gcx.clkx/gnxpm_cdc.wr_pntr_gc_reg[0]/Q
                         net (fo=1, routed)           0.149     0.228    dbg_hub/inst/BSCANID.u_xsdbm_id/CORE_XSDB.UUT_MASTER/U_ICON_INTERFACE/U_CMD6_WR/U_WR_FIFO/SUBCORE_FIFO.xsdbm_v3_0_0_wrfifo_inst/inst_fifo_gen/gconvfifo.rf/grf.rf/gntv_or_sync_fifo.gcx.clkx/gnxpm_cdc.gsync_stage[1].rd_stg_inst/Q[0]
    SLICE_X48Y123        FDCE                                         r  dbg_hub/inst/BSCANID.u_xsdbm_id/CORE_XSDB.UUT_MASTER/U_ICON_INTERFACE/U_CMD6_WR/U_WR_FIFO/SUBCORE_FIFO.xsdbm_v3_0_0_wrfifo_inst/inst_fifo_gen/gconvfifo.rf/grf.rf/gntv_or_sync_fifo.gcx.clkx/gnxpm_cdc.gsync_stage[1].rd_stg_inst/Q_reg_reg[0]/D
  -------------------------------------------------------------------    -------------------

                         max delay                   50.000    50.000    
    SLICE_X48Y123        FDCE (Setup_DFF2_SLICEL_C_D)
                                                      0.025    50.025    dbg_hub/inst/BSCANID.u_xsdbm_id/CORE_XSDB.UUT_MASTER/U_ICON_INTERFACE/U_CMD6_WR/U_WR_FIFO/SUBCORE_FIFO.xsdbm_v3_0_0_wrfifo_inst/inst_fifo_gen/gconvfifo.rf/grf.rf/gntv_or_sync_fifo.gcx.clkx/gnxpm_cdc.gsync_stage[1].rd_stg_inst/Q_reg_reg[0]
  -------------------------------------------------------------------
                         required time                         50.025    
                         arrival time                          -0.228    
  -------------------------------------------------------------------
                         slack                                 49.797    





---------------------------------------------------------------------------------------------------
From Clock:  clk_pl_0
  To Clock:  dbg_hub/inst/BSCANID.u_xsdbm_id/SWITCH_N_EXT_BSCAN.bscan_inst/SERIES7_BSCAN.bscan_inst/INTERNAL_TCK

Setup :            0  Failing Endpoints,  Worst Slack        4.657ns,  Total Violation        0.000ns
Hold  :           NA  Failing Endpoints,  Worst Slack           NA  ,  Total Violation           NA
---------------------------------------------------------------------------------------------------


Max Delay Paths
--------------------------------------------------------------------------------------
Slack (MET) :             4.657ns  (required time - arrival time)
  Source:                 dbg_hub/inst/BSCANID.u_xsdbm_id/CORE_XSDB.UUT_MASTER/U_ICON_INTERFACE/U_CMD6_WR/U_WR_FIFO/SUBCORE_FIFO.xsdbm_v3_0_0_wrfifo_inst/inst_fifo_gen/gconvfifo.rf/grf.rf/gntv_or_sync_fifo.gcx.clkx/gnxpm_cdc.rd_pntr_gc_reg[2]/C
                            (rising edge-triggered cell FDCE clocked by clk_pl_0  {rise@0.000ns fall@2.625ns period=5.250ns})
  Destination:            dbg_hub/inst/BSCANID.u_xsdbm_id/CORE_XSDB.UUT_MASTER/U_ICON_INTERFACE/U_CMD6_WR/U_WR_FIFO/SUBCORE_FIFO.xsdbm_v3_0_0_wrfifo_inst/inst_fifo_gen/gconvfifo.rf/grf.rf/gntv_or_sync_fifo.gcx.clkx/gnxpm_cdc.gsync_stage[1].wr_stg_inst/Q_reg_reg[2]/D
                            (rising edge-triggered cell FDCE clocked by dbg_hub/inst/BSCANID.u_xsdbm_id/SWITCH_N_EXT_BSCAN.bscan_inst/SERIES7_BSCAN.bscan_inst/INTERNAL_TCK  {rise@0.000ns fall@25.000ns period=50.000ns})
  Path Group:             dbg_hub/inst/BSCANID.u_xsdbm_id/SWITCH_N_EXT_BSCAN.bscan_inst/SERIES7_BSCAN.bscan_inst/INTERNAL_TCK
  Path Type:              Setup (Max at Slow Process Corner)
  Requirement:            5.250ns  (MaxDelay Path 5.250ns)
  Data Path Delay:        0.618ns  (logic 0.079ns (12.783%)  route 0.539ns (87.217%))
  Logic Levels:           0  
  Timing Exception:       MaxDelay Path 5.250ns -datapath_only

    Location             Delay type                Incr(ns)  Path(ns)    Netlist Resource(s)
  -------------------------------------------------------------------    -------------------
    SLICE_X47Y124                                     0.000     0.000 r  dbg_hub/inst/BSCANID.u_xsdbm_id/CORE_XSDB.UUT_MASTER/U_ICON_INTERFACE/U_CMD6_WR/U_WR_FIFO/SUBCORE_FIFO.xsdbm_v3_0_0_wrfifo_inst/inst_fifo_gen/gconvfifo.rf/grf.rf/gntv_or_sync_fifo.gcx.clkx/gnxpm_cdc.rd_pntr_gc_reg[2]/C
    SLICE_X47Y124        FDCE (Prop_BFF_SLICEL_C_Q)
                                                      0.079     0.079 r  dbg_hub/inst/BSCANID.u_xsdbm_id/CORE_XSDB.UUT_MASTER/U_ICON_INTERFACE/U_CMD6_WR/U_WR_FIFO/SUBCORE_FIFO.xsdbm_v3_0_0_wrfifo_inst/inst_fifo_gen/gconvfifo.rf/grf.rf/gntv_or_sync_fifo.gcx.clkx/gnxpm_cdc.rd_pntr_gc_reg[2]/Q
                         net (fo=1, routed)           0.539     0.618    dbg_hub/inst/BSCANID.u_xsdbm_id/CORE_XSDB.UUT_MASTER/U_ICON_INTERFACE/U_CMD6_WR/U_WR_FIFO/SUBCORE_FIFO.xsdbm_v3_0_0_wrfifo_inst/inst_fifo_gen/gconvfifo.rf/grf.rf/gntv_or_sync_fifo.gcx.clkx/gnxpm_cdc.gsync_stage[1].wr_stg_inst/Q[2]
    SLICE_X47Y124        FDCE                                         r  dbg_hub/inst/BSCANID.u_xsdbm_id/CORE_XSDB.UUT_MASTER/U_ICON_INTERFACE/U_CMD6_WR/U_WR_FIFO/SUBCORE_FIFO.xsdbm_v3_0_0_wrfifo_inst/inst_fifo_gen/gconvfifo.rf/grf.rf/gntv_or_sync_fifo.gcx.clkx/gnxpm_cdc.gsync_stage[1].wr_stg_inst/Q_reg_reg[2]/D
  -------------------------------------------------------------------    -------------------

                         max delay                    5.250     5.250    
    SLICE_X47Y124        FDCE (Setup_GFF2_SLICEL_C_D)
                                                      0.025     5.275    dbg_hub/inst/BSCANID.u_xsdbm_id/CORE_XSDB.UUT_MASTER/U_ICON_INTERFACE/U_CMD6_WR/U_WR_FIFO/SUBCORE_FIFO.xsdbm_v3_0_0_wrfifo_inst/inst_fifo_gen/gconvfifo.rf/grf.rf/gntv_or_sync_fifo.gcx.clkx/gnxpm_cdc.gsync_stage[1].wr_stg_inst/Q_reg_reg[2]
  -------------------------------------------------------------------
                         required time                          5.275    
                         arrival time                          -0.618    
  -------------------------------------------------------------------
                         slack                                  4.657    

Slack (MET) :             4.704ns  (required time - arrival time)
  Source:                 dbg_hub/inst/BSCANID.u_xsdbm_id/CORE_XSDB.UUT_MASTER/U_ICON_INTERFACE/U_CMD6_WR/U_WR_FIFO/SUBCORE_FIFO.xsdbm_v3_0_0_wrfifo_inst/inst_fifo_gen/gconvfifo.rf/grf.rf/gntv_or_sync_fifo.gcx.clkx/gnxpm_cdc.rd_pntr_gc_reg[3]/C
                            (rising edge-triggered cell FDCE clocked by clk_pl_0  {rise@0.000ns fall@2.625ns period=5.250ns})
  Destination:            dbg_hub/inst/BSCANID.u_xsdbm_id/CORE_XSDB.UUT_MASTER/U_ICON_INTERFACE/U_CMD6_WR/U_WR_FIFO/SUBCORE_FIFO.xsdbm_v3_0_0_wrfifo_inst/inst_fifo_gen/gconvfifo.rf/grf.rf/gntv_or_sync_fifo.gcx.clkx/gnxpm_cdc.gsync_stage[1].wr_stg_inst/Q_reg_reg[3]/D
                            (rising edge-triggered cell FDCE clocked by dbg_hub/inst/BSCANID.u_xsdbm_id/SWITCH_N_EXT_BSCAN.bscan_inst/SERIES7_BSCAN.bscan_inst/INTERNAL_TCK  {rise@0.000ns fall@25.000ns period=50.000ns})
  Path Group:             dbg_hub/inst/BSCANID.u_xsdbm_id/SWITCH_N_EXT_BSCAN.bscan_inst/SERIES7_BSCAN.bscan_inst/INTERNAL_TCK
  Path Type:              Setup (Max at Slow Process Corner)
  Requirement:            5.250ns  (MaxDelay Path 5.250ns)
  Data Path Delay:        0.571ns  (logic 0.079ns (13.835%)  route 0.492ns (86.165%))
  Logic Levels:           0  
  Timing Exception:       MaxDelay Path 5.250ns -datapath_only

    Location             Delay type                Incr(ns)  Path(ns)    Netlist Resource(s)
  -------------------------------------------------------------------    -------------------
    SLICE_X47Y124                                     0.000     0.000 r  dbg_hub/inst/BSCANID.u_xsdbm_id/CORE_XSDB.UUT_MASTER/U_ICON_INTERFACE/U_CMD6_WR/U_WR_FIFO/SUBCORE_FIFO.xsdbm_v3_0_0_wrfifo_inst/inst_fifo_gen/gconvfifo.rf/grf.rf/gntv_or_sync_fifo.gcx.clkx/gnxpm_cdc.rd_pntr_gc_reg[3]/C
    SLICE_X47Y124        FDCE (Prop_CFF_SLICEL_C_Q)
                                                      0.079     0.079 r  dbg_hub/inst/BSCANID.u_xsdbm_id/CORE_XSDB.UUT_MASTER/U_ICON_INTERFACE/U_CMD6_WR/U_WR_FIFO/SUBCORE_FIFO.xsdbm_v3_0_0_wrfifo_inst/inst_fifo_gen/gconvfifo.rf/grf.rf/gntv_or_sync_fifo.gcx.clkx/gnxpm_cdc.rd_pntr_gc_reg[3]/Q
                         net (fo=1, routed)           0.492     0.571    dbg_hub/inst/BSCANID.u_xsdbm_id/CORE_XSDB.UUT_MASTER/U_ICON_INTERFACE/U_CMD6_WR/U_WR_FIFO/SUBCORE_FIFO.xsdbm_v3_0_0_wrfifo_inst/inst_fifo_gen/gconvfifo.rf/grf.rf/gntv_or_sync_fifo.gcx.clkx/gnxpm_cdc.gsync_stage[1].wr_stg_inst/Q[3]
    SLICE_X49Y124        FDCE                                         r  dbg_hub/inst/BSCANID.u_xsdbm_id/CORE_XSDB.UUT_MASTER/U_ICON_INTERFACE/U_CMD6_WR/U_WR_FIFO/SUBCORE_FIFO.xsdbm_v3_0_0_wrfifo_inst/inst_fifo_gen/gconvfifo.rf/grf.rf/gntv_or_sync_fifo.gcx.clkx/gnxpm_cdc.gsync_stage[1].wr_stg_inst/Q_reg_reg[3]/D
  -------------------------------------------------------------------    -------------------

                         max delay                    5.250     5.250    
    SLICE_X49Y124        FDCE (Setup_DFF2_SLICEL_C_D)
                                                      0.025     5.275    dbg_hub/inst/BSCANID.u_xsdbm_id/CORE_XSDB.UUT_MASTER/U_ICON_INTERFACE/U_CMD6_WR/U_WR_FIFO/SUBCORE_FIFO.xsdbm_v3_0_0_wrfifo_inst/inst_fifo_gen/gconvfifo.rf/grf.rf/gntv_or_sync_fifo.gcx.clkx/gnxpm_cdc.gsync_stage[1].wr_stg_inst/Q_reg_reg[3]
  -------------------------------------------------------------------
                         required time                          5.275    
                         arrival time                          -0.571    
  -------------------------------------------------------------------
                         slack                                  4.704    

Slack (MET) :             4.717ns  (required time - arrival time)
  Source:                 dbg_hub/inst/BSCANID.u_xsdbm_id/CORE_XSDB.UUT_MASTER/U_ICON_INTERFACE/U_CMD6_RD/U_RD_FIFO/SUBCORE_FIFO.xsdbm_v3_0_0_rdfifo_inst/inst_fifo_gen/gconvfifo.rf/grf.rf/gntv_or_sync_fifo.gcx.clkx/gnxpm_cdc.wr_pntr_gc_reg[1]/C
                            (rising edge-triggered cell FDCE clocked by clk_pl_0  {rise@0.000ns fall@2.625ns period=5.250ns})
  Destination:            dbg_hub/inst/BSCANID.u_xsdbm_id/CORE_XSDB.UUT_MASTER/U_ICON_INTERFACE/U_CMD6_RD/U_RD_FIFO/SUBCORE_FIFO.xsdbm_v3_0_0_rdfifo_inst/inst_fifo_gen/gconvfifo.rf/grf.rf/gntv_or_sync_fifo.gcx.clkx/gnxpm_cdc.gsync_stage[1].rd_stg_inst/Q_reg_reg[1]/D
                            (rising edge-triggered cell FDCE clocked by dbg_hub/inst/BSCANID.u_xsdbm_id/SWITCH_N_EXT_BSCAN.bscan_inst/SERIES7_BSCAN.bscan_inst/INTERNAL_TCK  {rise@0.000ns fall@25.000ns period=50.000ns})
  Path Group:             dbg_hub/inst/BSCANID.u_xsdbm_id/SWITCH_N_EXT_BSCAN.bscan_inst/SERIES7_BSCAN.bscan_inst/INTERNAL_TCK
  Path Type:              Setup (Max at Slow Process Corner)
  Requirement:            5.250ns  (MaxDelay Path 5.250ns)
  Data Path Delay:        0.558ns  (logic 0.081ns (14.516%)  route 0.477ns (85.484%))
  Logic Levels:           0  
  Timing Exception:       MaxDelay Path 5.250ns -datapath_only

    Location             Delay type                Incr(ns)  Path(ns)    Netlist Resource(s)
  -------------------------------------------------------------------    -------------------
    SLICE_X52Y139                                     0.000     0.000 r  dbg_hub/inst/BSCANID.u_xsdbm_id/CORE_XSDB.UUT_MASTER/U_ICON_INTERFACE/U_CMD6_RD/U_RD_FIFO/SUBCORE_FIFO.xsdbm_v3_0_0_rdfifo_inst/inst_fifo_gen/gconvfifo.rf/grf.rf/gntv_or_sync_fifo.gcx.clkx/gnxpm_cdc.wr_pntr_gc_reg[1]/C
    SLICE_X52Y139        FDCE (Prop_DFF2_SLICEL_C_Q)
                                                      0.081     0.081 r  dbg_hub/inst/BSCANID.u_xsdbm_id/CORE_XSDB.UUT_MASTER/U_ICON_INTERFACE/U_CMD6_RD/U_RD_FIFO/SUBCORE_FIFO.xsdbm_v3_0_0_rdfifo_inst/inst_fifo_gen/gconvfifo.rf/grf.rf/gntv_or_sync_fifo.gcx.clkx/gnxpm_cdc.wr_pntr_gc_reg[1]/Q
                         net (fo=1, routed)           0.477     0.558    dbg_hub/inst/BSCANID.u_xsdbm_id/CORE_XSDB.UUT_MASTER/U_ICON_INTERFACE/U_CMD6_RD/U_RD_FIFO/SUBCORE_FIFO.xsdbm_v3_0_0_rdfifo_inst/inst_fifo_gen/gconvfifo.rf/grf.rf/gntv_or_sync_fifo.gcx.clkx/gnxpm_cdc.gsync_stage[1].rd_stg_inst/Q[1]
    SLICE_X52Y139        FDCE                                         r  dbg_hub/inst/BSCANID.u_xsdbm_id/CORE_XSDB.UUT_MASTER/U_ICON_INTERFACE/U_CMD6_RD/U_RD_FIFO/SUBCORE_FIFO.xsdbm_v3_0_0_rdfifo_inst/inst_fifo_gen/gconvfifo.rf/grf.rf/gntv_or_sync_fifo.gcx.clkx/gnxpm_cdc.gsync_stage[1].rd_stg_inst/Q_reg_reg[1]/D
  -------------------------------------------------------------------    -------------------

                         max delay                    5.250     5.250    
    SLICE_X52Y139        FDCE (Setup_GFF2_SLICEL_C_D)
                                                      0.025     5.275    dbg_hub/inst/BSCANID.u_xsdbm_id/CORE_XSDB.UUT_MASTER/U_ICON_INTERFACE/U_CMD6_RD/U_RD_FIFO/SUBCORE_FIFO.xsdbm_v3_0_0_rdfifo_inst/inst_fifo_gen/gconvfifo.rf/grf.rf/gntv_or_sync_fifo.gcx.clkx/gnxpm_cdc.gsync_stage[1].rd_stg_inst/Q_reg_reg[1]
  -------------------------------------------------------------------
                         required time                          5.275    
                         arrival time                          -0.558    
  -------------------------------------------------------------------
                         slack                                  4.717    

Slack (MET) :             4.812ns  (required time - arrival time)
  Source:                 dbg_hub/inst/BSCANID.u_xsdbm_id/CORE_XSDB.UUT_MASTER/U_ICON_INTERFACE/U_CMD6_WR/U_WR_FIFO/SUBCORE_FIFO.xsdbm_v3_0_0_wrfifo_inst/inst_fifo_gen/gconvfifo.rf/grf.rf/gntv_or_sync_fifo.gcx.clkx/gnxpm_cdc.rd_pntr_gc_reg[0]/C
                            (rising edge-triggered cell FDCE clocked by clk_pl_0  {rise@0.000ns fall@2.625ns period=5.250ns})
  Destination:            dbg_hub/inst/BSCANID.u_xsdbm_id/CORE_XSDB.UUT_MASTER/U_ICON_INTERFACE/U_CMD6_WR/U_WR_FIFO/SUBCORE_FIFO.xsdbm_v3_0_0_wrfifo_inst/inst_fifo_gen/gconvfifo.rf/grf.rf/gntv_or_sync_fifo.gcx.clkx/gnxpm_cdc.gsync_stage[1].wr_stg_inst/Q_reg_reg[0]/D
                            (rising edge-triggered cell FDCE clocked by dbg_hub/inst/BSCANID.u_xsdbm_id/SWITCH_N_EXT_BSCAN.bscan_inst/SERIES7_BSCAN.bscan_inst/INTERNAL_TCK  {rise@0.000ns fall@25.000ns period=50.000ns})
  Path Group:             dbg_hub/inst/BSCANID.u_xsdbm_id/SWITCH_N_EXT_BSCAN.bscan_inst/SERIES7_BSCAN.bscan_inst/INTERNAL_TCK
  Path Type:              Setup (Max at Slow Process Corner)
  Requirement:            5.250ns  (MaxDelay Path 5.250ns)
  Data Path Delay:        0.463ns  (logic 0.079ns (17.063%)  route 0.384ns (82.937%))
  Logic Levels:           0  
  Timing Exception:       MaxDelay Path 5.250ns -datapath_only

    Location             Delay type                Incr(ns)  Path(ns)    Netlist Resource(s)
  -------------------------------------------------------------------    -------------------
    SLICE_X47Y123                                     0.000     0.000 r  dbg_hub/inst/BSCANID.u_xsdbm_id/CORE_XSDB.UUT_MASTER/U_ICON_INTERFACE/U_CMD6_WR/U_WR_FIFO/SUBCORE_FIFO.xsdbm_v3_0_0_wrfifo_inst/inst_fifo_gen/gconvfifo.rf/grf.rf/gntv_or_sync_fifo.gcx.clkx/gnxpm_cdc.rd_pntr_gc_reg[0]/C
    SLICE_X47Y123        FDCE (Prop_EFF_SLICEL_C_Q)
                                                      0.079     0.079 r  dbg_hub/inst/BSCANID.u_xsdbm_id/CORE_XSDB.UUT_MASTER/U_ICON_INTERFACE/U_CMD6_WR/U_WR_FIFO/SUBCORE_FIFO.xsdbm_v3_0_0_wrfifo_inst/inst_fifo_gen/gconvfifo.rf/grf.rf/gntv_or_sync_fifo.gcx.clkx/gnxpm_cdc.rd_pntr_gc_reg[0]/Q
                         net (fo=1, routed)           0.384     0.463    dbg_hub/inst/BSCANID.u_xsdbm_id/CORE_XSDB.UUT_MASTER/U_ICON_INTERFACE/U_CMD6_WR/U_WR_FIFO/SUBCORE_FIFO.xsdbm_v3_0_0_wrfifo_inst/inst_fifo_gen/gconvfifo.rf/grf.rf/gntv_or_sync_fifo.gcx.clkx/gnxpm_cdc.gsync_stage[1].wr_stg_inst/Q[0]
    SLICE_X47Y123        FDCE                                         r  dbg_hub/inst/BSCANID.u_xsdbm_id/CORE_XSDB.UUT_MASTER/U_ICON_INTERFACE/U_CMD6_WR/U_WR_FIFO/SUBCORE_FIFO.xsdbm_v3_0_0_wrfifo_inst/inst_fifo_gen/gconvfifo.rf/grf.rf/gntv_or_sync_fifo.gcx.clkx/gnxpm_cdc.gsync_stage[1].wr_stg_inst/Q_reg_reg[0]/D
  -------------------------------------------------------------------    -------------------

                         max delay                    5.250     5.250    
    SLICE_X47Y123        FDCE (Setup_CFF2_SLICEL_C_D)
                                                      0.025     5.275    dbg_hub/inst/BSCANID.u_xsdbm_id/CORE_XSDB.UUT_MASTER/U_ICON_INTERFACE/U_CMD6_WR/U_WR_FIFO/SUBCORE_FIFO.xsdbm_v3_0_0_wrfifo_inst/inst_fifo_gen/gconvfifo.rf/grf.rf/gntv_or_sync_fifo.gcx.clkx/gnxpm_cdc.gsync_stage[1].wr_stg_inst/Q_reg_reg[0]
  -------------------------------------------------------------------
                         required time                          5.275    
                         arrival time                          -0.463    
  -------------------------------------------------------------------
                         slack                                  4.812    

Slack (MET) :             4.829ns  (required time - arrival time)
  Source:                 dbg_hub/inst/BSCANID.u_xsdbm_id/CORE_XSDB.UUT_MASTER/U_ICON_INTERFACE/U_CMD6_WR/U_WR_FIFO/SUBCORE_FIFO.xsdbm_v3_0_0_wrfifo_inst/inst_fifo_gen/gconvfifo.rf/grf.rf/gntv_or_sync_fifo.gcx.clkx/gnxpm_cdc.rd_pntr_gc_reg[1]/C
                            (rising edge-triggered cell FDCE clocked by clk_pl_0  {rise@0.000ns fall@2.625ns period=5.250ns})
  Destination:            dbg_hub/inst/BSCANID.u_xsdbm_id/CORE_XSDB.UUT_MASTER/U_ICON_INTERFACE/U_CMD6_WR/U_WR_FIFO/SUBCORE_FIFO.xsdbm_v3_0_0_wrfifo_inst/inst_fifo_gen/gconvfifo.rf/grf.rf/gntv_or_sync_fifo.gcx.clkx/gnxpm_cdc.gsync_stage[1].wr_stg_inst/Q_reg_reg[1]/D
                            (rising edge-triggered cell FDCE clocked by dbg_hub/inst/BSCANID.u_xsdbm_id/SWITCH_N_EXT_BSCAN.bscan_inst/SERIES7_BSCAN.bscan_inst/INTERNAL_TCK  {rise@0.000ns fall@25.000ns period=50.000ns})
  Path Group:             dbg_hub/inst/BSCANID.u_xsdbm_id/SWITCH_N_EXT_BSCAN.bscan_inst/SERIES7_BSCAN.bscan_inst/INTERNAL_TCK
  Path Type:              Setup (Max at Slow Process Corner)
  Requirement:            5.250ns  (MaxDelay Path 5.250ns)
  Data Path Delay:        0.446ns  (logic 0.081ns (18.161%)  route 0.365ns (81.839%))
  Logic Levels:           0  
  Timing Exception:       MaxDelay Path 5.250ns -datapath_only

    Location             Delay type                Incr(ns)  Path(ns)    Netlist Resource(s)
  -------------------------------------------------------------------    -------------------
    SLICE_X47Y124                                     0.000     0.000 r  dbg_hub/inst/BSCANID.u_xsdbm_id/CORE_XSDB.UUT_MASTER/U_ICON_INTERFACE/U_CMD6_WR/U_WR_FIFO/SUBCORE_FIFO.xsdbm_v3_0_0_wrfifo_inst/inst_fifo_gen/gconvfifo.rf/grf.rf/gntv_or_sync_fifo.gcx.clkx/gnxpm_cdc.rd_pntr_gc_reg[1]/C
    SLICE_X47Y124        FDCE (Prop_DFF2_SLICEL_C_Q)
                                                      0.081     0.081 r  dbg_hub/inst/BSCANID.u_xsdbm_id/CORE_XSDB.UUT_MASTER/U_ICON_INTERFACE/U_CMD6_WR/U_WR_FIFO/SUBCORE_FIFO.xsdbm_v3_0_0_wrfifo_inst/inst_fifo_gen/gconvfifo.rf/grf.rf/gntv_or_sync_fifo.gcx.clkx/gnxpm_cdc.rd_pntr_gc_reg[1]/Q
                         net (fo=1, routed)           0.365     0.446    dbg_hub/inst/BSCANID.u_xsdbm_id/CORE_XSDB.UUT_MASTER/U_ICON_INTERFACE/U_CMD6_WR/U_WR_FIFO/SUBCORE_FIFO.xsdbm_v3_0_0_wrfifo_inst/inst_fifo_gen/gconvfifo.rf/grf.rf/gntv_or_sync_fifo.gcx.clkx/gnxpm_cdc.gsync_stage[1].wr_stg_inst/Q[1]
    SLICE_X47Y124        FDCE                                         r  dbg_hub/inst/BSCANID.u_xsdbm_id/CORE_XSDB.UUT_MASTER/U_ICON_INTERFACE/U_CMD6_WR/U_WR_FIFO/SUBCORE_FIFO.xsdbm_v3_0_0_wrfifo_inst/inst_fifo_gen/gconvfifo.rf/grf.rf/gntv_or_sync_fifo.gcx.clkx/gnxpm_cdc.gsync_stage[1].wr_stg_inst/Q_reg_reg[1]/D
  -------------------------------------------------------------------    -------------------

                         max delay                    5.250     5.250    
    SLICE_X47Y124        FDCE (Setup_HFF2_SLICEL_C_D)
                                                      0.025     5.275    dbg_hub/inst/BSCANID.u_xsdbm_id/CORE_XSDB.UUT_MASTER/U_ICON_INTERFACE/U_CMD6_WR/U_WR_FIFO/SUBCORE_FIFO.xsdbm_v3_0_0_wrfifo_inst/inst_fifo_gen/gconvfifo.rf/grf.rf/gntv_or_sync_fifo.gcx.clkx/gnxpm_cdc.gsync_stage[1].wr_stg_inst/Q_reg_reg[1]
  -------------------------------------------------------------------
                         required time                          5.275    
                         arrival time                          -0.446    
  -------------------------------------------------------------------
                         slack                                  4.829    

Slack (MET) :             4.907ns  (required time - arrival time)
  Source:                 dbg_hub/inst/BSCANID.u_xsdbm_id/CORE_XSDB.UUT_MASTER/U_ICON_INTERFACE/U_CMD6_RD/U_RD_FIFO/SUBCORE_FIFO.xsdbm_v3_0_0_rdfifo_inst/inst_fifo_gen/gconvfifo.rf/grf.rf/gntv_or_sync_fifo.gcx.clkx/gnxpm_cdc.wr_pntr_gc_reg[2]/C
                            (rising edge-triggered cell FDCE clocked by clk_pl_0  {rise@0.000ns fall@2.625ns period=5.250ns})
  Destination:            dbg_hub/inst/BSCANID.u_xsdbm_id/CORE_XSDB.UUT_MASTER/U_ICON_INTERFACE/U_CMD6_RD/U_RD_FIFO/SUBCORE_FIFO.xsdbm_v3_0_0_rdfifo_inst/inst_fifo_gen/gconvfifo.rf/grf.rf/gntv_or_sync_fifo.gcx.clkx/gnxpm_cdc.gsync_stage[1].rd_stg_inst/Q_reg_reg[2]/D
                            (rising edge-triggered cell FDCE clocked by dbg_hub/inst/BSCANID.u_xsdbm_id/SWITCH_N_EXT_BSCAN.bscan_inst/SERIES7_BSCAN.bscan_inst/INTERNAL_TCK  {rise@0.000ns fall@25.000ns period=50.000ns})
  Path Group:             dbg_hub/inst/BSCANID.u_xsdbm_id/SWITCH_N_EXT_BSCAN.bscan_inst/SERIES7_BSCAN.bscan_inst/INTERNAL_TCK
  Path Type:              Setup (Max at Slow Process Corner)
  Requirement:            5.250ns  (MaxDelay Path 5.250ns)
  Data Path Delay:        0.368ns  (logic 0.079ns (21.467%)  route 0.289ns (78.533%))
  Logic Levels:           0  
  Timing Exception:       MaxDelay Path 5.250ns -datapath_only

    Location             Delay type                Incr(ns)  Path(ns)    Netlist Resource(s)
  -------------------------------------------------------------------    -------------------
    SLICE_X53Y139                                     0.000     0.000 r  dbg_hub/inst/BSCANID.u_xsdbm_id/CORE_XSDB.UUT_MASTER/U_ICON_INTERFACE/U_CMD6_RD/U_RD_FIFO/SUBCORE_FIFO.xsdbm_v3_0_0_rdfifo_inst/inst_fifo_gen/gconvfifo.rf/grf.rf/gntv_or_sync_fifo.gcx.clkx/gnxpm_cdc.wr_pntr_gc_reg[2]/C
    SLICE_X53Y139        FDCE (Prop_HFF_SLICEM_C_Q)
                                                      0.079     0.079 r  dbg_hub/inst/BSCANID.u_xsdbm_id/CORE_XSDB.UUT_MASTER/U_ICON_INTERFACE/U_CMD6_RD/U_RD_FIFO/SUBCORE_FIFO.xsdbm_v3_0_0_rdfifo_inst/inst_fifo_gen/gconvfifo.rf/grf.rf/gntv_or_sync_fifo.gcx.clkx/gnxpm_cdc.wr_pntr_gc_reg[2]/Q
                         net (fo=1, routed)           0.289     0.368    dbg_hub/inst/BSCANID.u_xsdbm_id/CORE_XSDB.UUT_MASTER/U_ICON_INTERFACE/U_CMD6_RD/U_RD_FIFO/SUBCORE_FIFO.xsdbm_v3_0_0_rdfifo_inst/inst_fifo_gen/gconvfifo.rf/grf.rf/gntv_or_sync_fifo.gcx.clkx/gnxpm_cdc.gsync_stage[1].rd_stg_inst/Q[2]
    SLICE_X53Y139        FDCE                                         r  dbg_hub/inst/BSCANID.u_xsdbm_id/CORE_XSDB.UUT_MASTER/U_ICON_INTERFACE/U_CMD6_RD/U_RD_FIFO/SUBCORE_FIFO.xsdbm_v3_0_0_rdfifo_inst/inst_fifo_gen/gconvfifo.rf/grf.rf/gntv_or_sync_fifo.gcx.clkx/gnxpm_cdc.gsync_stage[1].rd_stg_inst/Q_reg_reg[2]/D
  -------------------------------------------------------------------    -------------------

                         max delay                    5.250     5.250    
    SLICE_X53Y139        FDCE (Setup_DFF2_SLICEM_C_D)
                                                      0.025     5.275    dbg_hub/inst/BSCANID.u_xsdbm_id/CORE_XSDB.UUT_MASTER/U_ICON_INTERFACE/U_CMD6_RD/U_RD_FIFO/SUBCORE_FIFO.xsdbm_v3_0_0_rdfifo_inst/inst_fifo_gen/gconvfifo.rf/grf.rf/gntv_or_sync_fifo.gcx.clkx/gnxpm_cdc.gsync_stage[1].rd_stg_inst/Q_reg_reg[2]
  -------------------------------------------------------------------
                         required time                          5.275    
                         arrival time                          -0.368    
  -------------------------------------------------------------------
                         slack                                  4.907    

Slack (MET) :             4.972ns  (required time - arrival time)
  Source:                 dbg_hub/inst/BSCANID.u_xsdbm_id/CORE_XSDB.UUT_MASTER/U_ICON_INTERFACE/U_CMD6_RD/U_RD_FIFO/SUBCORE_FIFO.xsdbm_v3_0_0_rdfifo_inst/inst_fifo_gen/gconvfifo.rf/grf.rf/gntv_or_sync_fifo.gcx.clkx/gnxpm_cdc.wr_pntr_gc_reg[3]/C
                            (rising edge-triggered cell FDCE clocked by clk_pl_0  {rise@0.000ns fall@2.625ns period=5.250ns})
  Destination:            dbg_hub/inst/BSCANID.u_xsdbm_id/CORE_XSDB.UUT_MASTER/U_ICON_INTERFACE/U_CMD6_RD/U_RD_FIFO/SUBCORE_FIFO.xsdbm_v3_0_0_rdfifo_inst/inst_fifo_gen/gconvfifo.rf/grf.rf/gntv_or_sync_fifo.gcx.clkx/gnxpm_cdc.gsync_stage[1].rd_stg_inst/Q_reg_reg[3]/D
                            (rising edge-triggered cell FDCE clocked by dbg_hub/inst/BSCANID.u_xsdbm_id/SWITCH_N_EXT_BSCAN.bscan_inst/SERIES7_BSCAN.bscan_inst/INTERNAL_TCK  {rise@0.000ns fall@25.000ns period=50.000ns})
  Path Group:             dbg_hub/inst/BSCANID.u_xsdbm_id/SWITCH_N_EXT_BSCAN.bscan_inst/SERIES7_BSCAN.bscan_inst/INTERNAL_TCK
  Path Type:              Setup (Max at Slow Process Corner)
  Requirement:            5.250ns  (MaxDelay Path 5.250ns)
  Data Path Delay:        0.303ns  (logic 0.076ns (25.083%)  route 0.227ns (74.917%))
  Logic Levels:           0  
  Timing Exception:       MaxDelay Path 5.250ns -datapath_only

    Location             Delay type                Incr(ns)  Path(ns)    Netlist Resource(s)
  -------------------------------------------------------------------    -------------------
    SLICE_X53Y139                                     0.000     0.000 r  dbg_hub/inst/BSCANID.u_xsdbm_id/CORE_XSDB.UUT_MASTER/U_ICON_INTERFACE/U_CMD6_RD/U_RD_FIFO/SUBCORE_FIFO.xsdbm_v3_0_0_rdfifo_inst/inst_fifo_gen/gconvfifo.rf/grf.rf/gntv_or_sync_fifo.gcx.clkx/gnxpm_cdc.wr_pntr_gc_reg[3]/C
    SLICE_X53Y139        FDCE (Prop_EFF_SLICEM_C_Q)
                                                      0.076     0.076 r  dbg_hub/inst/BSCANID.u_xsdbm_id/CORE_XSDB.UUT_MASTER/U_ICON_INTERFACE/U_CMD6_RD/U_RD_FIFO/SUBCORE_FIFO.xsdbm_v3_0_0_rdfifo_inst/inst_fifo_gen/gconvfifo.rf/grf.rf/gntv_or_sync_fifo.gcx.clkx/gnxpm_cdc.wr_pntr_gc_reg[3]/Q
                         net (fo=1, routed)           0.227     0.303    dbg_hub/inst/BSCANID.u_xsdbm_id/CORE_XSDB.UUT_MASTER/U_ICON_INTERFACE/U_CMD6_RD/U_RD_FIFO/SUBCORE_FIFO.xsdbm_v3_0_0_rdfifo_inst/inst_fifo_gen/gconvfifo.rf/grf.rf/gntv_or_sync_fifo.gcx.clkx/gnxpm_cdc.gsync_stage[1].rd_stg_inst/Q[3]
    SLICE_X53Y139        FDCE                                         r  dbg_hub/inst/BSCANID.u_xsdbm_id/CORE_XSDB.UUT_MASTER/U_ICON_INTERFACE/U_CMD6_RD/U_RD_FIFO/SUBCORE_FIFO.xsdbm_v3_0_0_rdfifo_inst/inst_fifo_gen/gconvfifo.rf/grf.rf/gntv_or_sync_fifo.gcx.clkx/gnxpm_cdc.gsync_stage[1].rd_stg_inst/Q_reg_reg[3]/D
  -------------------------------------------------------------------    -------------------

                         max delay                    5.250     5.250    
    SLICE_X53Y139        FDCE (Setup_CFF2_SLICEM_C_D)
                                                      0.025     5.275    dbg_hub/inst/BSCANID.u_xsdbm_id/CORE_XSDB.UUT_MASTER/U_ICON_INTERFACE/U_CMD6_RD/U_RD_FIFO/SUBCORE_FIFO.xsdbm_v3_0_0_rdfifo_inst/inst_fifo_gen/gconvfifo.rf/grf.rf/gntv_or_sync_fifo.gcx.clkx/gnxpm_cdc.gsync_stage[1].rd_stg_inst/Q_reg_reg[3]
  -------------------------------------------------------------------
                         required time                          5.275    
                         arrival time                          -0.303    
  -------------------------------------------------------------------
                         slack                                  4.972    

Slack (MET) :             4.994ns  (required time - arrival time)
  Source:                 dbg_hub/inst/BSCANID.u_xsdbm_id/CORE_XSDB.UUT_MASTER/U_ICON_INTERFACE/U_CMD6_RD/U_RD_FIFO/SUBCORE_FIFO.xsdbm_v3_0_0_rdfifo_inst/inst_fifo_gen/gconvfifo.rf/grf.rf/gntv_or_sync_fifo.gcx.clkx/gnxpm_cdc.wr_pntr_gc_reg[0]/C
                            (rising edge-triggered cell FDCE clocked by clk_pl_0  {rise@0.000ns fall@2.625ns period=5.250ns})
  Destination:            dbg_hub/inst/BSCANID.u_xsdbm_id/CORE_XSDB.UUT_MASTER/U_ICON_INTERFACE/U_CMD6_RD/U_RD_FIFO/SUBCORE_FIFO.xsdbm_v3_0_0_rdfifo_inst/inst_fifo_gen/gconvfifo.rf/grf.rf/gntv_or_sync_fifo.gcx.clkx/gnxpm_cdc.gsync_stage[1].rd_stg_inst/Q_reg_reg[0]/D
                            (rising edge-triggered cell FDCE clocked by dbg_hub/inst/BSCANID.u_xsdbm_id/SWITCH_N_EXT_BSCAN.bscan_inst/SERIES7_BSCAN.bscan_inst/INTERNAL_TCK  {rise@0.000ns fall@25.000ns period=50.000ns})
  Path Group:             dbg_hub/inst/BSCANID.u_xsdbm_id/SWITCH_N_EXT_BSCAN.bscan_inst/SERIES7_BSCAN.bscan_inst/INTERNAL_TCK
  Path Type:              Setup (Max at Slow Process Corner)
  Requirement:            5.250ns  (MaxDelay Path 5.250ns)
  Data Path Delay:        0.281ns  (logic 0.079ns (28.114%)  route 0.202ns (71.886%))
  Logic Levels:           0  
  Timing Exception:       MaxDelay Path 5.250ns -datapath_only

    Location             Delay type                Incr(ns)  Path(ns)    Netlist Resource(s)
  -------------------------------------------------------------------    -------------------
    SLICE_X52Y139                                     0.000     0.000 r  dbg_hub/inst/BSCANID.u_xsdbm_id/CORE_XSDB.UUT_MASTER/U_ICON_INTERFACE/U_CMD6_RD/U_RD_FIFO/SUBCORE_FIFO.xsdbm_v3_0_0_rdfifo_inst/inst_fifo_gen/gconvfifo.rf/grf.rf/gntv_or_sync_fifo.gcx.clkx/gnxpm_cdc.wr_pntr_gc_reg[0]/C
    SLICE_X52Y139        FDCE (Prop_DFF_SLICEL_C_Q)
                                                      0.079     0.079 r  dbg_hub/inst/BSCANID.u_xsdbm_id/CORE_XSDB.UUT_MASTER/U_ICON_INTERFACE/U_CMD6_RD/U_RD_FIFO/SUBCORE_FIFO.xsdbm_v3_0_0_rdfifo_inst/inst_fifo_gen/gconvfifo.rf/grf.rf/gntv_or_sync_fifo.gcx.clkx/gnxpm_cdc.wr_pntr_gc_reg[0]/Q
                         net (fo=1, routed)           0.202     0.281    dbg_hub/inst/BSCANID.u_xsdbm_id/CORE_XSDB.UUT_MASTER/U_ICON_INTERFACE/U_CMD6_RD/U_RD_FIFO/SUBCORE_FIFO.xsdbm_v3_0_0_rdfifo_inst/inst_fifo_gen/gconvfifo.rf/grf.rf/gntv_or_sync_fifo.gcx.clkx/gnxpm_cdc.gsync_stage[1].rd_stg_inst/Q[0]
    SLICE_X52Y139        FDCE                                         r  dbg_hub/inst/BSCANID.u_xsdbm_id/CORE_XSDB.UUT_MASTER/U_ICON_INTERFACE/U_CMD6_RD/U_RD_FIFO/SUBCORE_FIFO.xsdbm_v3_0_0_rdfifo_inst/inst_fifo_gen/gconvfifo.rf/grf.rf/gntv_or_sync_fifo.gcx.clkx/gnxpm_cdc.gsync_stage[1].rd_stg_inst/Q_reg_reg[0]/D
  -------------------------------------------------------------------    -------------------

                         max delay                    5.250     5.250    
    SLICE_X52Y139        FDCE (Setup_HFF2_SLICEL_C_D)
                                                      0.025     5.275    dbg_hub/inst/BSCANID.u_xsdbm_id/CORE_XSDB.UUT_MASTER/U_ICON_INTERFACE/U_CMD6_RD/U_RD_FIFO/SUBCORE_FIFO.xsdbm_v3_0_0_rdfifo_inst/inst_fifo_gen/gconvfifo.rf/grf.rf/gntv_or_sync_fifo.gcx.clkx/gnxpm_cdc.gsync_stage[1].rd_stg_inst/Q_reg_reg[0]
  -------------------------------------------------------------------
                         required time                          5.275    
                         arrival time                          -0.281    
  -------------------------------------------------------------------
                         slack                                  4.994    





---------------------------------------------------------------------------------------------------
Path Group:  **async_default**
From Clock:  clk_pl_0
  To Clock:  clk_pl_0

Setup :            0  Failing Endpoints,  Worst Slack        2.782ns,  Total Violation        0.000ns
Hold  :            0  Failing Endpoints,  Worst Slack        0.121ns,  Total Violation        0.000ns
---------------------------------------------------------------------------------------------------


Max Delay Paths
--------------------------------------------------------------------------------------
Slack (MET) :             2.782ns  (required time - arrival time)
  Source:                 BASIC_i/proc_sys_reset_0/U0/PR_OUT_DFF[0].FDRE_PER/C
                            (rising edge-triggered cell FDRE clocked by clk_pl_0  {rise@0.000ns fall@2.625ns period=5.250ns})
  Destination:            BASIC_i/Core_RV32I/RV32I_IF/pc_unit_0/inst/pc_reg[17]/CLR
                            (recovery check against rising-edge clock clk_pl_0  {rise@0.000ns fall@2.625ns period=5.250ns})
  Path Group:             **async_default**
  Path Type:              Recovery (Max at Slow Process Corner)
  Requirement:            5.250ns  (clk_pl_0 rise@5.250ns - clk_pl_0 rise@0.000ns)
  Data Path Delay:        2.231ns  (logic 0.226ns (10.130%)  route 2.005ns (89.870%))
  Logic Levels:           1  (LUT2=1)
  Clock Path Skew:        -0.052ns (DCD - SCD + CPR)
    Destination Clock Delay (DCD):    2.116ns = ( 7.366 - 5.250 ) 
    Source Clock Delay      (SCD):    2.300ns
    Clock Pessimism Removal (CPR):    0.132ns
  Clock Uncertainty:      0.119ns  ((TSJ^2 + DJ^2)^1/2) / 2 + PE
    Total System Jitter     (TSJ):    0.071ns
    Discrete Jitter          (DJ):    0.228ns
    Phase Error              (PE):    0.000ns
  Clock Net Delay (Source):      2.101ns (routing 0.998ns, distribution 1.103ns)
  Clock Net Delay (Destination): 1.956ns (routing 0.905ns, distribution 1.051ns)

    Location             Delay type                Incr(ns)  Path(ns)    Netlist Resource(s)
  -------------------------------------------------------------------    -------------------
                         (clock clk_pl_0 rise edge)
                                                      0.000     0.000 r  
    PS8_X0Y0             PS8                          0.000     0.000 r  BASIC_i/zynq_ultra_ps_e_0/inst/PS8_i/PLCLK[0]
                         net (fo=1, routed)           0.171     0.171    BASIC_i/zynq_ultra_ps_e_0/inst/pl_clk_unbuffered[0]
    BUFG_PS_X0Y77        BUFG_PS (Prop_BUFG_PS_I_O)
                                                      0.028     0.199 r  BASIC_i/zynq_ultra_ps_e_0/inst/buffer_pl_clk_0.PL_CLK_0_BUFG/O
    X1Y2 (CLOCK_ROOT)    net (fo=6574, routed)        2.101     2.300    BASIC_i/proc_sys_reset_0/U0/slowest_sync_clk
    SLICE_X47Y132        FDRE                                         r  BASIC_i/proc_sys_reset_0/U0/PR_OUT_DFF[0].FDRE_PER/C
  -------------------------------------------------------------------    -------------------
    SLICE_X47Y132        FDRE (Prop_DFF_SLICEL_C_Q)
                                                      0.079     2.379 f  BASIC_i/proc_sys_reset_0/U0/PR_OUT_DFF[0].FDRE_PER/Q
                         net (fo=1, routed)           0.112     2.491    BASIC_i/util_vector_or_1/Op1[0]
    SLICE_X47Y134        LUT2 (Prop_E6LUT_SLICEL_I0_O)
                                                      0.147     2.638 f  BASIC_i/util_vector_or_1/Res[0]_INST_0/O
                         net (fo=4826, routed)        1.893     4.531    BASIC_i/Core_RV32I/RV32I_IF/pc_unit_0/inst/rst
    SLICE_X54Y231        FDCE                                         f  BASIC_i/Core_RV32I/RV32I_IF/pc_unit_0/inst/pc_reg[17]/CLR
  -------------------------------------------------------------------    -------------------

                         (clock clk_pl_0 rise edge)
                                                      5.250     5.250 r  
    PS8_X0Y0             PS8                          0.000     5.250 r  BASIC_i/zynq_ultra_ps_e_0/inst/PS8_i/PLCLK[0]
                         net (fo=1, routed)           0.135     5.385    BASIC_i/zynq_ultra_ps_e_0/inst/pl_clk_unbuffered[0]
    BUFG_PS_X0Y77        BUFG_PS (Prop_BUFG_PS_I_O)
                                                      0.025     5.410 r  BASIC_i/zynq_ultra_ps_e_0/inst/buffer_pl_clk_0.PL_CLK_0_BUFG/O
    X1Y2 (CLOCK_ROOT)    net (fo=6574, routed)        1.956     7.366    BASIC_i/Core_RV32I/RV32I_IF/pc_unit_0/inst/clk
    SLICE_X54Y231        FDCE                                         r  BASIC_i/Core_RV32I/RV32I_IF/pc_unit_0/inst/pc_reg[17]/C
                         clock pessimism              0.132     7.498    
                         clock uncertainty           -0.119     7.379    
    SLICE_X54Y231        FDCE (Recov_DFF_SLICEM_C_CLR)
                                                     -0.066     7.313    BASIC_i/Core_RV32I/RV32I_IF/pc_unit_0/inst/pc_reg[17]
  -------------------------------------------------------------------
                         required time                          7.313    
                         arrival time                          -4.531    
  -------------------------------------------------------------------
                         slack                                  2.782    

Slack (MET) :             2.782ns  (required time - arrival time)
  Source:                 BASIC_i/proc_sys_reset_0/U0/PR_OUT_DFF[0].FDRE_PER/C
                            (rising edge-triggered cell FDRE clocked by clk_pl_0  {rise@0.000ns fall@2.625ns period=5.250ns})
  Destination:            BASIC_i/Core_RV32I/RV32I_IF/pc_unit_0/inst/pc_reg[8]/CLR
                            (recovery check against rising-edge clock clk_pl_0  {rise@0.000ns fall@2.625ns period=5.250ns})
  Path Group:             **async_default**
  Path Type:              Recovery (Max at Slow Process Corner)
  Requirement:            5.250ns  (clk_pl_0 rise@5.250ns - clk_pl_0 rise@0.000ns)
  Data Path Delay:        2.231ns  (logic 0.226ns (10.130%)  route 2.005ns (89.870%))
  Logic Levels:           1  (LUT2=1)
  Clock Path Skew:        -0.052ns (DCD - SCD + CPR)
    Destination Clock Delay (DCD):    2.116ns = ( 7.366 - 5.250 ) 
    Source Clock Delay      (SCD):    2.300ns
    Clock Pessimism Removal (CPR):    0.132ns
  Clock Uncertainty:      0.119ns  ((TSJ^2 + DJ^2)^1/2) / 2 + PE
    Total System Jitter     (TSJ):    0.071ns
    Discrete Jitter          (DJ):    0.228ns
    Phase Error              (PE):    0.000ns
  Clock Net Delay (Source):      2.101ns (routing 0.998ns, distribution 1.103ns)
  Clock Net Delay (Destination): 1.956ns (routing 0.905ns, distribution 1.051ns)

    Location             Delay type                Incr(ns)  Path(ns)    Netlist Resource(s)
  -------------------------------------------------------------------    -------------------
                         (clock clk_pl_0 rise edge)
                                                      0.000     0.000 r  
    PS8_X0Y0             PS8                          0.000     0.000 r  BASIC_i/zynq_ultra_ps_e_0/inst/PS8_i/PLCLK[0]
                         net (fo=1, routed)           0.171     0.171    BASIC_i/zynq_ultra_ps_e_0/inst/pl_clk_unbuffered[0]
    BUFG_PS_X0Y77        BUFG_PS (Prop_BUFG_PS_I_O)
                                                      0.028     0.199 r  BASIC_i/zynq_ultra_ps_e_0/inst/buffer_pl_clk_0.PL_CLK_0_BUFG/O
    X1Y2 (CLOCK_ROOT)    net (fo=6574, routed)        2.101     2.300    BASIC_i/proc_sys_reset_0/U0/slowest_sync_clk
    SLICE_X47Y132        FDRE                                         r  BASIC_i/proc_sys_reset_0/U0/PR_OUT_DFF[0].FDRE_PER/C
  -------------------------------------------------------------------    -------------------
    SLICE_X47Y132        FDRE (Prop_DFF_SLICEL_C_Q)
                                                      0.079     2.379 f  BASIC_i/proc_sys_reset_0/U0/PR_OUT_DFF[0].FDRE_PER/Q
                         net (fo=1, routed)           0.112     2.491    BASIC_i/util_vector_or_1/Op1[0]
    SLICE_X47Y134        LUT2 (Prop_E6LUT_SLICEL_I0_O)
                                                      0.147     2.638 f  BASIC_i/util_vector_or_1/Res[0]_INST_0/O
                         net (fo=4826, routed)        1.893     4.531    BASIC_i/Core_RV32I/RV32I_IF/pc_unit_0/inst/rst
    SLICE_X54Y231        FDCE                                         f  BASIC_i/Core_RV32I/RV32I_IF/pc_unit_0/inst/pc_reg[8]/CLR
  -------------------------------------------------------------------    -------------------

                         (clock clk_pl_0 rise edge)
                                                      5.250     5.250 r  
    PS8_X0Y0             PS8                          0.000     5.250 r  BASIC_i/zynq_ultra_ps_e_0/inst/PS8_i/PLCLK[0]
                         net (fo=1, routed)           0.135     5.385    BASIC_i/zynq_ultra_ps_e_0/inst/pl_clk_unbuffered[0]
    BUFG_PS_X0Y77        BUFG_PS (Prop_BUFG_PS_I_O)
                                                      0.025     5.410 r  BASIC_i/zynq_ultra_ps_e_0/inst/buffer_pl_clk_0.PL_CLK_0_BUFG/O
    X1Y2 (CLOCK_ROOT)    net (fo=6574, routed)        1.956     7.366    BASIC_i/Core_RV32I/RV32I_IF/pc_unit_0/inst/clk
    SLICE_X54Y231        FDCE                                         r  BASIC_i/Core_RV32I/RV32I_IF/pc_unit_0/inst/pc_reg[8]/C
                         clock pessimism              0.132     7.498    
                         clock uncertainty           -0.119     7.379    
    SLICE_X54Y231        FDCE (Recov_CFF_SLICEM_C_CLR)
                                                     -0.066     7.313    BASIC_i/Core_RV32I/RV32I_IF/pc_unit_0/inst/pc_reg[8]
  -------------------------------------------------------------------
                         required time                          7.313    
                         arrival time                          -4.531    
  -------------------------------------------------------------------
                         slack                                  2.782    

Slack (MET) :             2.784ns  (required time - arrival time)
  Source:                 BASIC_i/proc_sys_reset_0/U0/PR_OUT_DFF[0].FDRE_PER/C
                            (rising edge-triggered cell FDRE clocked by clk_pl_0  {rise@0.000ns fall@2.625ns period=5.250ns})
  Destination:            BASIC_i/Core_RV32I/RV32I_IF/pc_unit_0/inst/pc_reg[20]/CLR
                            (recovery check against rising-edge clock clk_pl_0  {rise@0.000ns fall@2.625ns period=5.250ns})
  Path Group:             **async_default**
  Path Type:              Recovery (Max at Slow Process Corner)
  Requirement:            5.250ns  (clk_pl_0 rise@5.250ns - clk_pl_0 rise@0.000ns)
  Data Path Delay:        2.228ns  (logic 0.226ns (10.144%)  route 2.002ns (89.856%))
  Logic Levels:           1  (LUT2=1)
  Clock Path Skew:        -0.053ns (DCD - SCD + CPR)
    Destination Clock Delay (DCD):    2.115ns = ( 7.365 - 5.250 ) 
    Source Clock Delay      (SCD):    2.300ns
    Clock Pessimism Removal (CPR):    0.132ns
  Clock Uncertainty:      0.119ns  ((TSJ^2 + DJ^2)^1/2) / 2 + PE
    Total System Jitter     (TSJ):    0.071ns
    Discrete Jitter          (DJ):    0.228ns
    Phase Error              (PE):    0.000ns
  Clock Net Delay (Source):      2.101ns (routing 0.998ns, distribution 1.103ns)
  Clock Net Delay (Destination): 1.955ns (routing 0.905ns, distribution 1.050ns)

    Location             Delay type                Incr(ns)  Path(ns)    Netlist Resource(s)
  -------------------------------------------------------------------    -------------------
                         (clock clk_pl_0 rise edge)
                                                      0.000     0.000 r  
    PS8_X0Y0             PS8                          0.000     0.000 r  BASIC_i/zynq_ultra_ps_e_0/inst/PS8_i/PLCLK[0]
                         net (fo=1, routed)           0.171     0.171    BASIC_i/zynq_ultra_ps_e_0/inst/pl_clk_unbuffered[0]
    BUFG_PS_X0Y77        BUFG_PS (Prop_BUFG_PS_I_O)
                                                      0.028     0.199 r  BASIC_i/zynq_ultra_ps_e_0/inst/buffer_pl_clk_0.PL_CLK_0_BUFG/O
    X1Y2 (CLOCK_ROOT)    net (fo=6574, routed)        2.101     2.300    BASIC_i/proc_sys_reset_0/U0/slowest_sync_clk
    SLICE_X47Y132        FDRE                                         r  BASIC_i/proc_sys_reset_0/U0/PR_OUT_DFF[0].FDRE_PER/C
  -------------------------------------------------------------------    -------------------
    SLICE_X47Y132        FDRE (Prop_DFF_SLICEL_C_Q)
                                                      0.079     2.379 f  BASIC_i/proc_sys_reset_0/U0/PR_OUT_DFF[0].FDRE_PER/Q
                         net (fo=1, routed)           0.112     2.491    BASIC_i/util_vector_or_1/Op1[0]
    SLICE_X47Y134        LUT2 (Prop_E6LUT_SLICEL_I0_O)
                                                      0.147     2.638 f  BASIC_i/util_vector_or_1/Res[0]_INST_0/O
                         net (fo=4826, routed)        1.890     4.528    BASIC_i/Core_RV32I/RV32I_IF/pc_unit_0/inst/rst
    SLICE_X54Y232        FDCE                                         f  BASIC_i/Core_RV32I/RV32I_IF/pc_unit_0/inst/pc_reg[20]/CLR
  -------------------------------------------------------------------    -------------------

                         (clock clk_pl_0 rise edge)
                                                      5.250     5.250 r  
    PS8_X0Y0             PS8                          0.000     5.250 r  BASIC_i/zynq_ultra_ps_e_0/inst/PS8_i/PLCLK[0]
                         net (fo=1, routed)           0.135     5.385    BASIC_i/zynq_ultra_ps_e_0/inst/pl_clk_unbuffered[0]
    BUFG_PS_X0Y77        BUFG_PS (Prop_BUFG_PS_I_O)
                                                      0.025     5.410 r  BASIC_i/zynq_ultra_ps_e_0/inst/buffer_pl_clk_0.PL_CLK_0_BUFG/O
    X1Y2 (CLOCK_ROOT)    net (fo=6574, routed)        1.955     7.365    BASIC_i/Core_RV32I/RV32I_IF/pc_unit_0/inst/clk
    SLICE_X54Y232        FDCE                                         r  BASIC_i/Core_RV32I/RV32I_IF/pc_unit_0/inst/pc_reg[20]/C
                         clock pessimism              0.132     7.497    
                         clock uncertainty           -0.119     7.378    
    SLICE_X54Y232        FDCE (Recov_HFF_SLICEM_C_CLR)
                                                     -0.066     7.312    BASIC_i/Core_RV32I/RV32I_IF/pc_unit_0/inst/pc_reg[20]
  -------------------------------------------------------------------
                         required time                          7.312    
                         arrival time                          -4.528    
  -------------------------------------------------------------------
                         slack                                  2.784    

Slack (MET) :             2.784ns  (required time - arrival time)
  Source:                 BASIC_i/proc_sys_reset_0/U0/PR_OUT_DFF[0].FDRE_PER/C
                            (rising edge-triggered cell FDRE clocked by clk_pl_0  {rise@0.000ns fall@2.625ns period=5.250ns})
  Destination:            BASIC_i/Core_RV32I/RV32I_IF/pc_unit_0/inst/pc_reg[5]/CLR
                            (recovery check against rising-edge clock clk_pl_0  {rise@0.000ns fall@2.625ns period=5.250ns})
  Path Group:             **async_default**
  Path Type:              Recovery (Max at Slow Process Corner)
  Requirement:            5.250ns  (clk_pl_0 rise@5.250ns - clk_pl_0 rise@0.000ns)
  Data Path Delay:        2.228ns  (logic 0.226ns (10.144%)  route 2.002ns (89.856%))
  Logic Levels:           1  (LUT2=1)
  Clock Path Skew:        -0.053ns (DCD - SCD + CPR)
    Destination Clock Delay (DCD):    2.115ns = ( 7.365 - 5.250 ) 
    Source Clock Delay      (SCD):    2.300ns
    Clock Pessimism Removal (CPR):    0.132ns
  Clock Uncertainty:      0.119ns  ((TSJ^2 + DJ^2)^1/2) / 2 + PE
    Total System Jitter     (TSJ):    0.071ns
    Discrete Jitter          (DJ):    0.228ns
    Phase Error              (PE):    0.000ns
  Clock Net Delay (Source):      2.101ns (routing 0.998ns, distribution 1.103ns)
  Clock Net Delay (Destination): 1.955ns (routing 0.905ns, distribution 1.050ns)

    Location             Delay type                Incr(ns)  Path(ns)    Netlist Resource(s)
  -------------------------------------------------------------------    -------------------
                         (clock clk_pl_0 rise edge)
                                                      0.000     0.000 r  
    PS8_X0Y0             PS8                          0.000     0.000 r  BASIC_i/zynq_ultra_ps_e_0/inst/PS8_i/PLCLK[0]
                         net (fo=1, routed)           0.171     0.171    BASIC_i/zynq_ultra_ps_e_0/inst/pl_clk_unbuffered[0]
    BUFG_PS_X0Y77        BUFG_PS (Prop_BUFG_PS_I_O)
                                                      0.028     0.199 r  BASIC_i/zynq_ultra_ps_e_0/inst/buffer_pl_clk_0.PL_CLK_0_BUFG/O
    X1Y2 (CLOCK_ROOT)    net (fo=6574, routed)        2.101     2.300    BASIC_i/proc_sys_reset_0/U0/slowest_sync_clk
    SLICE_X47Y132        FDRE                                         r  BASIC_i/proc_sys_reset_0/U0/PR_OUT_DFF[0].FDRE_PER/C
  -------------------------------------------------------------------    -------------------
    SLICE_X47Y132        FDRE (Prop_DFF_SLICEL_C_Q)
                                                      0.079     2.379 f  BASIC_i/proc_sys_reset_0/U0/PR_OUT_DFF[0].FDRE_PER/Q
                         net (fo=1, routed)           0.112     2.491    BASIC_i/util_vector_or_1/Op1[0]
    SLICE_X47Y134        LUT2 (Prop_E6LUT_SLICEL_I0_O)
                                                      0.147     2.638 f  BASIC_i/util_vector_or_1/Res[0]_INST_0/O
                         net (fo=4826, routed)        1.890     4.528    BASIC_i/Core_RV32I/RV32I_IF/pc_unit_0/inst/rst
    SLICE_X54Y232        FDCE                                         f  BASIC_i/Core_RV32I/RV32I_IF/pc_unit_0/inst/pc_reg[5]/CLR
  -------------------------------------------------------------------    -------------------

                         (clock clk_pl_0 rise edge)
                                                      5.250     5.250 r  
    PS8_X0Y0             PS8                          0.000     5.250 r  BASIC_i/zynq_ultra_ps_e_0/inst/PS8_i/PLCLK[0]
                         net (fo=1, routed)           0.135     5.385    BASIC_i/zynq_ultra_ps_e_0/inst/pl_clk_unbuffered[0]
    BUFG_PS_X0Y77        BUFG_PS (Prop_BUFG_PS_I_O)
                                                      0.025     5.410 r  BASIC_i/zynq_ultra_ps_e_0/inst/buffer_pl_clk_0.PL_CLK_0_BUFG/O
    X1Y2 (CLOCK_ROOT)    net (fo=6574, routed)        1.955     7.365    BASIC_i/Core_RV32I/RV32I_IF/pc_unit_0/inst/clk
    SLICE_X54Y232        FDCE                                         r  BASIC_i/Core_RV32I/RV32I_IF/pc_unit_0/inst/pc_reg[5]/C
                         clock pessimism              0.132     7.497    
                         clock uncertainty           -0.119     7.378    
    SLICE_X54Y232        FDCE (Recov_EFF_SLICEM_C_CLR)
                                                     -0.066     7.312    BASIC_i/Core_RV32I/RV32I_IF/pc_unit_0/inst/pc_reg[5]
  -------------------------------------------------------------------
                         required time                          7.312    
                         arrival time                          -4.528    
  -------------------------------------------------------------------
                         slack                                  2.784    

Slack (MET) :             2.794ns  (required time - arrival time)
  Source:                 BASIC_i/proc_sys_reset_0/U0/PR_OUT_DFF[0].FDRE_PER/C
                            (rising edge-triggered cell FDRE clocked by clk_pl_0  {rise@0.000ns fall@2.625ns period=5.250ns})
  Destination:            BASIC_i/Core_RV32I/RV32I_IF/pc_unit_0/inst/pc_reg[10]/CLR
                            (recovery check against rising-edge clock clk_pl_0  {rise@0.000ns fall@2.625ns period=5.250ns})
  Path Group:             **async_default**
  Path Type:              Recovery (Max at Slow Process Corner)
  Requirement:            5.250ns  (clk_pl_0 rise@5.250ns - clk_pl_0 rise@0.000ns)
  Data Path Delay:        2.209ns  (logic 0.226ns (10.231%)  route 1.983ns (89.769%))
  Logic Levels:           1  (LUT2=1)
  Clock Path Skew:        -0.062ns (DCD - SCD + CPR)
    Destination Clock Delay (DCD):    2.106ns = ( 7.356 - 5.250 ) 
    Source Clock Delay      (SCD):    2.300ns
    Clock Pessimism Removal (CPR):    0.132ns
  Clock Uncertainty:      0.119ns  ((TSJ^2 + DJ^2)^1/2) / 2 + PE
    Total System Jitter     (TSJ):    0.071ns
    Discrete Jitter          (DJ):    0.228ns
    Phase Error              (PE):    0.000ns
  Clock Net Delay (Source):      2.101ns (routing 0.998ns, distribution 1.103ns)
  Clock Net Delay (Destination): 1.946ns (routing 0.905ns, distribution 1.041ns)

    Location             Delay type                Incr(ns)  Path(ns)    Netlist Resource(s)
  -------------------------------------------------------------------    -------------------
                         (clock clk_pl_0 rise edge)
                                                      0.000     0.000 r  
    PS8_X0Y0             PS8                          0.000     0.000 r  BASIC_i/zynq_ultra_ps_e_0/inst/PS8_i/PLCLK[0]
                         net (fo=1, routed)           0.171     0.171    BASIC_i/zynq_ultra_ps_e_0/inst/pl_clk_unbuffered[0]
    BUFG_PS_X0Y77        BUFG_PS (Prop_BUFG_PS_I_O)
                                                      0.028     0.199 r  BASIC_i/zynq_ultra_ps_e_0/inst/buffer_pl_clk_0.PL_CLK_0_BUFG/O
    X1Y2 (CLOCK_ROOT)    net (fo=6574, routed)        2.101     2.300    BASIC_i/proc_sys_reset_0/U0/slowest_sync_clk
    SLICE_X47Y132        FDRE                                         r  BASIC_i/proc_sys_reset_0/U0/PR_OUT_DFF[0].FDRE_PER/C
  -------------------------------------------------------------------    -------------------
    SLICE_X47Y132        FDRE (Prop_DFF_SLICEL_C_Q)
                                                      0.079     2.379 f  BASIC_i/proc_sys_reset_0/U0/PR_OUT_DFF[0].FDRE_PER/Q
                         net (fo=1, routed)           0.112     2.491    BASIC_i/util_vector_or_1/Op1[0]
    SLICE_X47Y134        LUT2 (Prop_E6LUT_SLICEL_I0_O)
                                                      0.147     2.638 f  BASIC_i/util_vector_or_1/Res[0]_INST_0/O
                         net (fo=4826, routed)        1.871     4.509    BASIC_i/Core_RV32I/RV32I_IF/pc_unit_0/inst/rst
    SLICE_X53Y233        FDCE                                         f  BASIC_i/Core_RV32I/RV32I_IF/pc_unit_0/inst/pc_reg[10]/CLR
  -------------------------------------------------------------------    -------------------

                         (clock clk_pl_0 rise edge)
                                                      5.250     5.250 r  
    PS8_X0Y0             PS8                          0.000     5.250 r  BASIC_i/zynq_ultra_ps_e_0/inst/PS8_i/PLCLK[0]
                         net (fo=1, routed)           0.135     5.385    BASIC_i/zynq_ultra_ps_e_0/inst/pl_clk_unbuffered[0]
    BUFG_PS_X0Y77        BUFG_PS (Prop_BUFG_PS_I_O)
                                                      0.025     5.410 r  BASIC_i/zynq_ultra_ps_e_0/inst/buffer_pl_clk_0.PL_CLK_0_BUFG/O
    X1Y2 (CLOCK_ROOT)    net (fo=6574, routed)        1.946     7.356    BASIC_i/Core_RV32I/RV32I_IF/pc_unit_0/inst/clk
    SLICE_X53Y233        FDCE                                         r  BASIC_i/Core_RV32I/RV32I_IF/pc_unit_0/inst/pc_reg[10]/C
                         clock pessimism              0.132     7.488    
                         clock uncertainty           -0.119     7.369    
    SLICE_X53Y233        FDCE (Recov_DFF_SLICEM_C_CLR)
                                                     -0.066     7.303    BASIC_i/Core_RV32I/RV32I_IF/pc_unit_0/inst/pc_reg[10]
  -------------------------------------------------------------------
                         required time                          7.303    
                         arrival time                          -4.509    
  -------------------------------------------------------------------
                         slack                                  2.794    

Slack (MET) :             2.795ns  (required time - arrival time)
  Source:                 BASIC_i/proc_sys_reset_0/U0/PR_OUT_DFF[0].FDRE_PER/C
                            (rising edge-triggered cell FDRE clocked by clk_pl_0  {rise@0.000ns fall@2.625ns period=5.250ns})
  Destination:            BASIC_i/Core_RV32I/RV32I_IF/pc_unit_0/inst/pc_reg[23]/CLR
                            (recovery check against rising-edge clock clk_pl_0  {rise@0.000ns fall@2.625ns period=5.250ns})
  Path Group:             **async_default**
  Path Type:              Recovery (Max at Slow Process Corner)
  Requirement:            5.250ns  (clk_pl_0 rise@5.250ns - clk_pl_0 rise@0.000ns)
  Data Path Delay:        2.209ns  (logic 0.226ns (10.231%)  route 1.983ns (89.769%))
  Logic Levels:           1  (LUT2=1)
  Clock Path Skew:        -0.061ns (DCD - SCD + CPR)
    Destination Clock Delay (DCD):    2.107ns = ( 7.357 - 5.250 ) 
    Source Clock Delay      (SCD):    2.300ns
    Clock Pessimism Removal (CPR):    0.132ns
  Clock Uncertainty:      0.119ns  ((TSJ^2 + DJ^2)^1/2) / 2 + PE
    Total System Jitter     (TSJ):    0.071ns
    Discrete Jitter          (DJ):    0.228ns
    Phase Error              (PE):    0.000ns
  Clock Net Delay (Source):      2.101ns (routing 0.998ns, distribution 1.103ns)
  Clock Net Delay (Destination): 1.947ns (routing 0.905ns, distribution 1.042ns)

    Location             Delay type                Incr(ns)  Path(ns)    Netlist Resource(s)
  -------------------------------------------------------------------    -------------------
                         (clock clk_pl_0 rise edge)
                                                      0.000     0.000 r  
    PS8_X0Y0             PS8                          0.000     0.000 r  BASIC_i/zynq_ultra_ps_e_0/inst/PS8_i/PLCLK[0]
                         net (fo=1, routed)           0.171     0.171    BASIC_i/zynq_ultra_ps_e_0/inst/pl_clk_unbuffered[0]
    BUFG_PS_X0Y77        BUFG_PS (Prop_BUFG_PS_I_O)
                                                      0.028     0.199 r  BASIC_i/zynq_ultra_ps_e_0/inst/buffer_pl_clk_0.PL_CLK_0_BUFG/O
    X1Y2 (CLOCK_ROOT)    net (fo=6574, routed)        2.101     2.300    BASIC_i/proc_sys_reset_0/U0/slowest_sync_clk
    SLICE_X47Y132        FDRE                                         r  BASIC_i/proc_sys_reset_0/U0/PR_OUT_DFF[0].FDRE_PER/C
  -------------------------------------------------------------------    -------------------
    SLICE_X47Y132        FDRE (Prop_DFF_SLICEL_C_Q)
                                                      0.079     2.379 f  BASIC_i/proc_sys_reset_0/U0/PR_OUT_DFF[0].FDRE_PER/Q
                         net (fo=1, routed)           0.112     2.491    BASIC_i/util_vector_or_1/Op1[0]
    SLICE_X47Y134        LUT2 (Prop_E6LUT_SLICEL_I0_O)
                                                      0.147     2.638 f  BASIC_i/util_vector_or_1/Res[0]_INST_0/O
                         net (fo=4826, routed)        1.871     4.509    BASIC_i/Core_RV32I/RV32I_IF/pc_unit_0/inst/rst
    SLICE_X53Y234        FDCE                                         f  BASIC_i/Core_RV32I/RV32I_IF/pc_unit_0/inst/pc_reg[23]/CLR
  -------------------------------------------------------------------    -------------------

                         (clock clk_pl_0 rise edge)
                                                      5.250     5.250 r  
    PS8_X0Y0             PS8                          0.000     5.250 r  BASIC_i/zynq_ultra_ps_e_0/inst/PS8_i/PLCLK[0]
                         net (fo=1, routed)           0.135     5.385    BASIC_i/zynq_ultra_ps_e_0/inst/pl_clk_unbuffered[0]
    BUFG_PS_X0Y77        BUFG_PS (Prop_BUFG_PS_I_O)
                                                      0.025     5.410 r  BASIC_i/zynq_ultra_ps_e_0/inst/buffer_pl_clk_0.PL_CLK_0_BUFG/O
    X1Y2 (CLOCK_ROOT)    net (fo=6574, routed)        1.947     7.357    BASIC_i/Core_RV32I/RV32I_IF/pc_unit_0/inst/clk
    SLICE_X53Y234        FDCE                                         r  BASIC_i/Core_RV32I/RV32I_IF/pc_unit_0/inst/pc_reg[23]/C
                         clock pessimism              0.132     7.489    
                         clock uncertainty           -0.119     7.370    
    SLICE_X53Y234        FDCE (Recov_DFF_SLICEM_C_CLR)
                                                     -0.066     7.304    BASIC_i/Core_RV32I/RV32I_IF/pc_unit_0/inst/pc_reg[23]
  -------------------------------------------------------------------
                         required time                          7.304    
                         arrival time                          -4.509    
  -------------------------------------------------------------------
                         slack                                  2.795    

Slack (MET) :             2.801ns  (required time - arrival time)
  Source:                 BASIC_i/proc_sys_reset_0/U0/PR_OUT_DFF[0].FDRE_PER/C
                            (rising edge-triggered cell FDRE clocked by clk_pl_0  {rise@0.000ns fall@2.625ns period=5.250ns})
  Destination:            BASIC_i/Core_RV32I/RV32I_IF/pc_unit_0/inst/pc_reg[25]/CLR
                            (recovery check against rising-edge clock clk_pl_0  {rise@0.000ns fall@2.625ns period=5.250ns})
  Path Group:             **async_default**
  Path Type:              Recovery (Max at Slow Process Corner)
  Requirement:            5.250ns  (clk_pl_0 rise@5.250ns - clk_pl_0 rise@0.000ns)
  Data Path Delay:        2.197ns  (logic 0.226ns (10.287%)  route 1.971ns (89.713%))
  Logic Levels:           1  (LUT2=1)
  Clock Path Skew:        -0.067ns (DCD - SCD + CPR)
    Destination Clock Delay (DCD):    2.101ns = ( 7.351 - 5.250 ) 
    Source Clock Delay      (SCD):    2.300ns
    Clock Pessimism Removal (CPR):    0.132ns
  Clock Uncertainty:      0.119ns  ((TSJ^2 + DJ^2)^1/2) / 2 + PE
    Total System Jitter     (TSJ):    0.071ns
    Discrete Jitter          (DJ):    0.228ns
    Phase Error              (PE):    0.000ns
  Clock Net Delay (Source):      2.101ns (routing 0.998ns, distribution 1.103ns)
  Clock Net Delay (Destination): 1.941ns (routing 0.905ns, distribution 1.036ns)

    Location             Delay type                Incr(ns)  Path(ns)    Netlist Resource(s)
  -------------------------------------------------------------------    -------------------
                         (clock clk_pl_0 rise edge)
                                                      0.000     0.000 r  
    PS8_X0Y0             PS8                          0.000     0.000 r  BASIC_i/zynq_ultra_ps_e_0/inst/PS8_i/PLCLK[0]
                         net (fo=1, routed)           0.171     0.171    BASIC_i/zynq_ultra_ps_e_0/inst/pl_clk_unbuffered[0]
    BUFG_PS_X0Y77        BUFG_PS (Prop_BUFG_PS_I_O)
                                                      0.028     0.199 r  BASIC_i/zynq_ultra_ps_e_0/inst/buffer_pl_clk_0.PL_CLK_0_BUFG/O
    X1Y2 (CLOCK_ROOT)    net (fo=6574, routed)        2.101     2.300    BASIC_i/proc_sys_reset_0/U0/slowest_sync_clk
    SLICE_X47Y132        FDRE                                         r  BASIC_i/proc_sys_reset_0/U0/PR_OUT_DFF[0].FDRE_PER/C
  -------------------------------------------------------------------    -------------------
    SLICE_X47Y132        FDRE (Prop_DFF_SLICEL_C_Q)
                                                      0.079     2.379 f  BASIC_i/proc_sys_reset_0/U0/PR_OUT_DFF[0].FDRE_PER/Q
                         net (fo=1, routed)           0.112     2.491    BASIC_i/util_vector_or_1/Op1[0]
    SLICE_X47Y134        LUT2 (Prop_E6LUT_SLICEL_I0_O)
                                                      0.147     2.638 f  BASIC_i/util_vector_or_1/Res[0]_INST_0/O
                         net (fo=4826, routed)        1.859     4.497    BASIC_i/Core_RV32I/RV32I_IF/pc_unit_0/inst/rst
    SLICE_X53Y232        FDCE                                         f  BASIC_i/Core_RV32I/RV32I_IF/pc_unit_0/inst/pc_reg[25]/CLR
  -------------------------------------------------------------------    -------------------

                         (clock clk_pl_0 rise edge)
                                                      5.250     5.250 r  
    PS8_X0Y0             PS8                          0.000     5.250 r  BASIC_i/zynq_ultra_ps_e_0/inst/PS8_i/PLCLK[0]
                         net (fo=1, routed)           0.135     5.385    BASIC_i/zynq_ultra_ps_e_0/inst/pl_clk_unbuffered[0]
    BUFG_PS_X0Y77        BUFG_PS (Prop_BUFG_PS_I_O)
                                                      0.025     5.410 r  BASIC_i/zynq_ultra_ps_e_0/inst/buffer_pl_clk_0.PL_CLK_0_BUFG/O
    X1Y2 (CLOCK_ROOT)    net (fo=6574, routed)        1.941     7.351    BASIC_i/Core_RV32I/RV32I_IF/pc_unit_0/inst/clk
    SLICE_X53Y232        FDCE                                         r  BASIC_i/Core_RV32I/RV32I_IF/pc_unit_0/inst/pc_reg[25]/C
                         clock pessimism              0.132     7.483    
                         clock uncertainty           -0.119     7.364    
    SLICE_X53Y232        FDCE (Recov_DFF_SLICEM_C_CLR)
                                                     -0.066     7.298    BASIC_i/Core_RV32I/RV32I_IF/pc_unit_0/inst/pc_reg[25]
  -------------------------------------------------------------------
                         required time                          7.298    
                         arrival time                          -4.497    
  -------------------------------------------------------------------
                         slack                                  2.801    

Slack (MET) :             2.801ns  (required time - arrival time)
  Source:                 BASIC_i/proc_sys_reset_0/U0/PR_OUT_DFF[0].FDRE_PER/C
                            (rising edge-triggered cell FDRE clocked by clk_pl_0  {rise@0.000ns fall@2.625ns period=5.250ns})
  Destination:            BASIC_i/Core_RV32I/RV32I_IF/pc_unit_0/inst/pc_reg[3]/CLR
                            (recovery check against rising-edge clock clk_pl_0  {rise@0.000ns fall@2.625ns period=5.250ns})
  Path Group:             **async_default**
  Path Type:              Recovery (Max at Slow Process Corner)
  Requirement:            5.250ns  (clk_pl_0 rise@5.250ns - clk_pl_0 rise@0.000ns)
  Data Path Delay:        2.197ns  (logic 0.226ns (10.287%)  route 1.971ns (89.713%))
  Logic Levels:           1  (LUT2=1)
  Clock Path Skew:        -0.067ns (DCD - SCD + CPR)
    Destination Clock Delay (DCD):    2.101ns = ( 7.351 - 5.250 ) 
    Source Clock Delay      (SCD):    2.300ns
    Clock Pessimism Removal (CPR):    0.132ns
  Clock Uncertainty:      0.119ns  ((TSJ^2 + DJ^2)^1/2) / 2 + PE
    Total System Jitter     (TSJ):    0.071ns
    Discrete Jitter          (DJ):    0.228ns
    Phase Error              (PE):    0.000ns
  Clock Net Delay (Source):      2.101ns (routing 0.998ns, distribution 1.103ns)
  Clock Net Delay (Destination): 1.941ns (routing 0.905ns, distribution 1.036ns)

    Location             Delay type                Incr(ns)  Path(ns)    Netlist Resource(s)
  -------------------------------------------------------------------    -------------------
                         (clock clk_pl_0 rise edge)
                                                      0.000     0.000 r  
    PS8_X0Y0             PS8                          0.000     0.000 r  BASIC_i/zynq_ultra_ps_e_0/inst/PS8_i/PLCLK[0]
                         net (fo=1, routed)           0.171     0.171    BASIC_i/zynq_ultra_ps_e_0/inst/pl_clk_unbuffered[0]
    BUFG_PS_X0Y77        BUFG_PS (Prop_BUFG_PS_I_O)
                                                      0.028     0.199 r  BASIC_i/zynq_ultra_ps_e_0/inst/buffer_pl_clk_0.PL_CLK_0_BUFG/O
    X1Y2 (CLOCK_ROOT)    net (fo=6574, routed)        2.101     2.300    BASIC_i/proc_sys_reset_0/U0/slowest_sync_clk
    SLICE_X47Y132        FDRE                                         r  BASIC_i/proc_sys_reset_0/U0/PR_OUT_DFF[0].FDRE_PER/C
  -------------------------------------------------------------------    -------------------
    SLICE_X47Y132        FDRE (Prop_DFF_SLICEL_C_Q)
                                                      0.079     2.379 f  BASIC_i/proc_sys_reset_0/U0/PR_OUT_DFF[0].FDRE_PER/Q
                         net (fo=1, routed)           0.112     2.491    BASIC_i/util_vector_or_1/Op1[0]
    SLICE_X47Y134        LUT2 (Prop_E6LUT_SLICEL_I0_O)
                                                      0.147     2.638 f  BASIC_i/util_vector_or_1/Res[0]_INST_0/O
                         net (fo=4826, routed)        1.859     4.497    BASIC_i/Core_RV32I/RV32I_IF/pc_unit_0/inst/rst
    SLICE_X53Y232        FDCE                                         f  BASIC_i/Core_RV32I/RV32I_IF/pc_unit_0/inst/pc_reg[3]/CLR
  -------------------------------------------------------------------    -------------------

                         (clock clk_pl_0 rise edge)
                                                      5.250     5.250 r  
    PS8_X0Y0             PS8                          0.000     5.250 r  BASIC_i/zynq_ultra_ps_e_0/inst/PS8_i/PLCLK[0]
                         net (fo=1, routed)           0.135     5.385    BASIC_i/zynq_ultra_ps_e_0/inst/pl_clk_unbuffered[0]
    BUFG_PS_X0Y77        BUFG_PS (Prop_BUFG_PS_I_O)
                                                      0.025     5.410 r  BASIC_i/zynq_ultra_ps_e_0/inst/buffer_pl_clk_0.PL_CLK_0_BUFG/O
    X1Y2 (CLOCK_ROOT)    net (fo=6574, routed)        1.941     7.351    BASIC_i/Core_RV32I/RV32I_IF/pc_unit_0/inst/clk
    SLICE_X53Y232        FDCE                                         r  BASIC_i/Core_RV32I/RV32I_IF/pc_unit_0/inst/pc_reg[3]/C
                         clock pessimism              0.132     7.483    
                         clock uncertainty           -0.119     7.364    
    SLICE_X53Y232        FDCE (Recov_AFF_SLICEM_C_CLR)
                                                     -0.066     7.298    BASIC_i/Core_RV32I/RV32I_IF/pc_unit_0/inst/pc_reg[3]
  -------------------------------------------------------------------
                         required time                          7.298    
                         arrival time                          -4.497    
  -------------------------------------------------------------------
                         slack                                  2.801    

Slack (MET) :             2.801ns  (required time - arrival time)
  Source:                 BASIC_i/proc_sys_reset_0/U0/PR_OUT_DFF[0].FDRE_PER/C
                            (rising edge-triggered cell FDRE clocked by clk_pl_0  {rise@0.000ns fall@2.625ns period=5.250ns})
  Destination:            BASIC_i/Core_RV32I/RV32I_IF/pc_unit_0/inst/pc_reg[7]/CLR
                            (recovery check against rising-edge clock clk_pl_0  {rise@0.000ns fall@2.625ns period=5.250ns})
  Path Group:             **async_default**
  Path Type:              Recovery (Max at Slow Process Corner)
  Requirement:            5.250ns  (clk_pl_0 rise@5.250ns - clk_pl_0 rise@0.000ns)
  Data Path Delay:        2.197ns  (logic 0.226ns (10.287%)  route 1.971ns (89.713%))
  Logic Levels:           1  (LUT2=1)
  Clock Path Skew:        -0.067ns (DCD - SCD + CPR)
    Destination Clock Delay (DCD):    2.101ns = ( 7.351 - 5.250 ) 
    Source Clock Delay      (SCD):    2.300ns
    Clock Pessimism Removal (CPR):    0.132ns
  Clock Uncertainty:      0.119ns  ((TSJ^2 + DJ^2)^1/2) / 2 + PE
    Total System Jitter     (TSJ):    0.071ns
    Discrete Jitter          (DJ):    0.228ns
    Phase Error              (PE):    0.000ns
  Clock Net Delay (Source):      2.101ns (routing 0.998ns, distribution 1.103ns)
  Clock Net Delay (Destination): 1.941ns (routing 0.905ns, distribution 1.036ns)

    Location             Delay type                Incr(ns)  Path(ns)    Netlist Resource(s)
  -------------------------------------------------------------------    -------------------
                         (clock clk_pl_0 rise edge)
                                                      0.000     0.000 r  
    PS8_X0Y0             PS8                          0.000     0.000 r  BASIC_i/zynq_ultra_ps_e_0/inst/PS8_i/PLCLK[0]
                         net (fo=1, routed)           0.171     0.171    BASIC_i/zynq_ultra_ps_e_0/inst/pl_clk_unbuffered[0]
    BUFG_PS_X0Y77        BUFG_PS (Prop_BUFG_PS_I_O)
                                                      0.028     0.199 r  BASIC_i/zynq_ultra_ps_e_0/inst/buffer_pl_clk_0.PL_CLK_0_BUFG/O
    X1Y2 (CLOCK_ROOT)    net (fo=6574, routed)        2.101     2.300    BASIC_i/proc_sys_reset_0/U0/slowest_sync_clk
    SLICE_X47Y132        FDRE                                         r  BASIC_i/proc_sys_reset_0/U0/PR_OUT_DFF[0].FDRE_PER/C
  -------------------------------------------------------------------    -------------------
    SLICE_X47Y132        FDRE (Prop_DFF_SLICEL_C_Q)
                                                      0.079     2.379 f  BASIC_i/proc_sys_reset_0/U0/PR_OUT_DFF[0].FDRE_PER/Q
                         net (fo=1, routed)           0.112     2.491    BASIC_i/util_vector_or_1/Op1[0]
    SLICE_X47Y134        LUT2 (Prop_E6LUT_SLICEL_I0_O)
                                                      0.147     2.638 f  BASIC_i/util_vector_or_1/Res[0]_INST_0/O
                         net (fo=4826, routed)        1.859     4.497    BASIC_i/Core_RV32I/RV32I_IF/pc_unit_0/inst/rst
    SLICE_X53Y231        FDCE                                         f  BASIC_i/Core_RV32I/RV32I_IF/pc_unit_0/inst/pc_reg[7]/CLR
  -------------------------------------------------------------------    -------------------

                         (clock clk_pl_0 rise edge)
                                                      5.250     5.250 r  
    PS8_X0Y0             PS8                          0.000     5.250 r  BASIC_i/zynq_ultra_ps_e_0/inst/PS8_i/PLCLK[0]
                         net (fo=1, routed)           0.135     5.385    BASIC_i/zynq_ultra_ps_e_0/inst/pl_clk_unbuffered[0]
    BUFG_PS_X0Y77        BUFG_PS (Prop_BUFG_PS_I_O)
                                                      0.025     5.410 r  BASIC_i/zynq_ultra_ps_e_0/inst/buffer_pl_clk_0.PL_CLK_0_BUFG/O
    X1Y2 (CLOCK_ROOT)    net (fo=6574, routed)        1.941     7.351    BASIC_i/Core_RV32I/RV32I_IF/pc_unit_0/inst/clk
    SLICE_X53Y231        FDCE                                         r  BASIC_i/Core_RV32I/RV32I_IF/pc_unit_0/inst/pc_reg[7]/C
                         clock pessimism              0.132     7.483    
                         clock uncertainty           -0.119     7.364    
    SLICE_X53Y231        FDCE (Recov_BFF_SLICEM_C_CLR)
                                                     -0.066     7.298    BASIC_i/Core_RV32I/RV32I_IF/pc_unit_0/inst/pc_reg[7]
  -------------------------------------------------------------------
                         required time                          7.298    
                         arrival time                          -4.497    
  -------------------------------------------------------------------
                         slack                                  2.801    

Slack (MET) :             2.805ns  (required time - arrival time)
  Source:                 BASIC_i/proc_sys_reset_0/U0/PR_OUT_DFF[0].FDRE_PER/C
                            (rising edge-triggered cell FDRE clocked by clk_pl_0  {rise@0.000ns fall@2.625ns period=5.250ns})
  Destination:            BASIC_i/Core_RV32I/RV32I_IF/pc_unit_0/inst/pc_reg[13]/CLR
                            (recovery check against rising-edge clock clk_pl_0  {rise@0.000ns fall@2.625ns period=5.250ns})
  Path Group:             **async_default**
  Path Type:              Recovery (Max at Slow Process Corner)
  Requirement:            5.250ns  (clk_pl_0 rise@5.250ns - clk_pl_0 rise@0.000ns)
  Data Path Delay:        2.188ns  (logic 0.226ns (10.329%)  route 1.962ns (89.671%))
  Logic Levels:           1  (LUT2=1)
  Clock Path Skew:        -0.072ns (DCD - SCD + CPR)
    Destination Clock Delay (DCD):    2.096ns = ( 7.346 - 5.250 ) 
    Source Clock Delay      (SCD):    2.300ns
    Clock Pessimism Removal (CPR):    0.132ns
  Clock Uncertainty:      0.119ns  ((TSJ^2 + DJ^2)^1/2) / 2 + PE
    Total System Jitter     (TSJ):    0.071ns
    Discrete Jitter          (DJ):    0.228ns
    Phase Error              (PE):    0.000ns
  Clock Net Delay (Source):      2.101ns (routing 0.998ns, distribution 1.103ns)
  Clock Net Delay (Destination): 1.936ns (routing 0.905ns, distribution 1.031ns)

    Location             Delay type                Incr(ns)  Path(ns)    Netlist Resource(s)
  -------------------------------------------------------------------    -------------------
                         (clock clk_pl_0 rise edge)
                                                      0.000     0.000 r  
    PS8_X0Y0             PS8                          0.000     0.000 r  BASIC_i/zynq_ultra_ps_e_0/inst/PS8_i/PLCLK[0]
                         net (fo=1, routed)           0.171     0.171    BASIC_i/zynq_ultra_ps_e_0/inst/pl_clk_unbuffered[0]
    BUFG_PS_X0Y77        BUFG_PS (Prop_BUFG_PS_I_O)
                                                      0.028     0.199 r  BASIC_i/zynq_ultra_ps_e_0/inst/buffer_pl_clk_0.PL_CLK_0_BUFG/O
    X1Y2 (CLOCK_ROOT)    net (fo=6574, routed)        2.101     2.300    BASIC_i/proc_sys_reset_0/U0/slowest_sync_clk
    SLICE_X47Y132        FDRE                                         r  BASIC_i/proc_sys_reset_0/U0/PR_OUT_DFF[0].FDRE_PER/C
  -------------------------------------------------------------------    -------------------
    SLICE_X47Y132        FDRE (Prop_DFF_SLICEL_C_Q)
                                                      0.079     2.379 f  BASIC_i/proc_sys_reset_0/U0/PR_OUT_DFF[0].FDRE_PER/Q
                         net (fo=1, routed)           0.112     2.491    BASIC_i/util_vector_or_1/Op1[0]
    SLICE_X47Y134        LUT2 (Prop_E6LUT_SLICEL_I0_O)
                                                      0.147     2.638 f  BASIC_i/util_vector_or_1/Res[0]_INST_0/O
                         net (fo=4826, routed)        1.850     4.488    BASIC_i/Core_RV32I/RV32I_IF/pc_unit_0/inst/rst
    SLICE_X49Y233        FDCE                                         f  BASIC_i/Core_RV32I/RV32I_IF/pc_unit_0/inst/pc_reg[13]/CLR
  -------------------------------------------------------------------    -------------------

                         (clock clk_pl_0 rise edge)
                                                      5.250     5.250 r  
    PS8_X0Y0             PS8                          0.000     5.250 r  BASIC_i/zynq_ultra_ps_e_0/inst/PS8_i/PLCLK[0]
                         net (fo=1, routed)           0.135     5.385    BASIC_i/zynq_ultra_ps_e_0/inst/pl_clk_unbuffered[0]
    BUFG_PS_X0Y77        BUFG_PS (Prop_BUFG_PS_I_O)
                                                      0.025     5.410 r  BASIC_i/zynq_ultra_ps_e_0/inst/buffer_pl_clk_0.PL_CLK_0_BUFG/O
    X1Y2 (CLOCK_ROOT)    net (fo=6574, routed)        1.936     7.346    BASIC_i/Core_RV32I/RV32I_IF/pc_unit_0/inst/clk
    SLICE_X49Y233        FDCE                                         r  BASIC_i/Core_RV32I/RV32I_IF/pc_unit_0/inst/pc_reg[13]/C
                         clock pessimism              0.132     7.478    
                         clock uncertainty           -0.119     7.359    
    SLICE_X49Y233        FDCE (Recov_DFF_SLICEL_C_CLR)
                                                     -0.066     7.293    BASIC_i/Core_RV32I/RV32I_IF/pc_unit_0/inst/pc_reg[13]
  -------------------------------------------------------------------
                         required time                          7.293    
                         arrival time                          -4.488    
  -------------------------------------------------------------------
                         slack                                  2.805    





Min Delay Paths
--------------------------------------------------------------------------------------
Slack (MET) :             0.121ns  (arrival time - required time)
  Source:                 dbg_hub/inst/BSCANID.u_xsdbm_id/CORE_XSDB.UUT_MASTER/U_ICON_INTERFACE/rddata_rst_reg/C
                            (rising edge-triggered cell FDRE clocked by clk_pl_0  {rise@0.000ns fall@2.625ns period=5.250ns})
  Destination:            dbg_hub/inst/BSCANID.u_xsdbm_id/CORE_XSDB.UUT_MASTER/U_ICON_INTERFACE/U_CMD6_RD/U_RD_FIFO/SUBCORE_FIFO.xsdbm_v3_0_0_rdfifo_inst/inst_fifo_gen/gconvfifo.rf/grf.rf/rstblk/ngwrdrst.grst.g7serrst.rst_wr_reg1_reg/PRE
                            (removal check against rising-edge clock clk_pl_0  {rise@0.000ns fall@2.625ns period=5.250ns})
  Path Group:             **async_default**
  Path Type:              Removal (Min at Fast Process Corner)
  Requirement:            0.000ns  (clk_pl_0 rise@0.000ns - clk_pl_0 rise@0.000ns)
  Data Path Delay:        0.163ns  (logic 0.039ns (23.926%)  route 0.124ns (76.074%))
  Logic Levels:           0  
  Clock Path Skew:        0.062ns (DCD - SCD - CPR)
    Destination Clock Delay (DCD):    1.449ns
    Source Clock Delay      (SCD):    1.265ns
    Clock Pessimism Removal (CPR):    0.122ns
  Clock Net Delay (Source):      1.154ns (routing 0.539ns, distribution 0.615ns)
  Clock Net Delay (Destination): 1.311ns (routing 0.601ns, distribution 0.710ns)

    Location             Delay type                Incr(ns)  Path(ns)    Netlist Resource(s)
  -------------------------------------------------------------------    -------------------
                         (clock clk_pl_0 rise edge)
                                                      0.000     0.000 r  
    PS8_X0Y0             PS8                          0.000     0.000 r  BASIC_i/zynq_ultra_ps_e_0/inst/PS8_i/PLCLK[0]
                         net (fo=1, routed)           0.094     0.094    BASIC_i/zynq_ultra_ps_e_0/inst/pl_clk_unbuffered[0]
    BUFG_PS_X0Y77        BUFG_PS (Prop_BUFG_PS_I_O)
                                                      0.017     0.111 r  BASIC_i/zynq_ultra_ps_e_0/inst/buffer_pl_clk_0.PL_CLK_0_BUFG/O
    X1Y2 (CLOCK_ROOT)    net (fo=6574, routed)        1.154     1.265    dbg_hub/inst/BSCANID.u_xsdbm_id/CORE_XSDB.UUT_MASTER/U_ICON_INTERFACE/clk
    SLICE_X50Y138        FDRE                                         r  dbg_hub/inst/BSCANID.u_xsdbm_id/CORE_XSDB.UUT_MASTER/U_ICON_INTERFACE/rddata_rst_reg/C
  -------------------------------------------------------------------    -------------------
    SLICE_X50Y138        FDRE (Prop_DFF_SLICEL_C_Q)
                                                      0.039     1.304 f  dbg_hub/inst/BSCANID.u_xsdbm_id/CORE_XSDB.UUT_MASTER/U_ICON_INTERFACE/rddata_rst_reg/Q
                         net (fo=20, routed)          0.124     1.428    dbg_hub/inst/BSCANID.u_xsdbm_id/CORE_XSDB.UUT_MASTER/U_ICON_INTERFACE/U_CMD6_RD/U_RD_FIFO/SUBCORE_FIFO.xsdbm_v3_0_0_rdfifo_inst/inst_fifo_gen/gconvfifo.rf/grf.rf/rstblk/rst
    SLICE_X53Y138        FDPE                                         f  dbg_hub/inst/BSCANID.u_xsdbm_id/CORE_XSDB.UUT_MASTER/U_ICON_INTERFACE/U_CMD6_RD/U_RD_FIFO/SUBCORE_FIFO.xsdbm_v3_0_0_rdfifo_inst/inst_fifo_gen/gconvfifo.rf/grf.rf/rstblk/ngwrdrst.grst.g7serrst.rst_wr_reg1_reg/PRE
  -------------------------------------------------------------------    -------------------

                         (clock clk_pl_0 rise edge)
                                                      0.000     0.000 r  
    PS8_X0Y0             PS8                          0.000     0.000 r  BASIC_i/zynq_ultra_ps_e_0/inst/PS8_i/PLCLK[0]
                         net (fo=1, routed)           0.120     0.120    BASIC_i/zynq_ultra_ps_e_0/inst/pl_clk_unbuffered[0]
    BUFG_PS_X0Y77        BUFG_PS (Prop_BUFG_PS_I_O)
                                                      0.018     0.138 r  BASIC_i/zynq_ultra_ps_e_0/inst/buffer_pl_clk_0.PL_CLK_0_BUFG/O
    X1Y2 (CLOCK_ROOT)    net (fo=6574, routed)        1.311     1.449    dbg_hub/inst/BSCANID.u_xsdbm_id/CORE_XSDB.UUT_MASTER/U_ICON_INTERFACE/U_CMD6_RD/U_RD_FIFO/SUBCORE_FIFO.xsdbm_v3_0_0_rdfifo_inst/inst_fifo_gen/gconvfifo.rf/grf.rf/rstblk/wr_clk
    SLICE_X53Y138        FDPE                                         r  dbg_hub/inst/BSCANID.u_xsdbm_id/CORE_XSDB.UUT_MASTER/U_ICON_INTERFACE/U_CMD6_RD/U_RD_FIFO/SUBCORE_FIFO.xsdbm_v3_0_0_rdfifo_inst/inst_fifo_gen/gconvfifo.rf/grf.rf/rstblk/ngwrdrst.grst.g7serrst.rst_wr_reg1_reg/C
                         clock pessimism             -0.122     1.327    
    SLICE_X53Y138        FDPE (Remov_DFF2_SLICEM_C_PRE)
                                                     -0.020     1.307    dbg_hub/inst/BSCANID.u_xsdbm_id/CORE_XSDB.UUT_MASTER/U_ICON_INTERFACE/U_CMD6_RD/U_RD_FIFO/SUBCORE_FIFO.xsdbm_v3_0_0_rdfifo_inst/inst_fifo_gen/gconvfifo.rf/grf.rf/rstblk/ngwrdrst.grst.g7serrst.rst_wr_reg1_reg
  -------------------------------------------------------------------
                         required time                         -1.307    
                         arrival time                           1.428    
  -------------------------------------------------------------------
                         slack                                  0.121    

Slack (MET) :             0.121ns  (arrival time - required time)
  Source:                 dbg_hub/inst/BSCANID.u_xsdbm_id/CORE_XSDB.UUT_MASTER/U_ICON_INTERFACE/rddata_rst_reg/C
                            (rising edge-triggered cell FDRE clocked by clk_pl_0  {rise@0.000ns fall@2.625ns period=5.250ns})
  Destination:            dbg_hub/inst/BSCANID.u_xsdbm_id/CORE_XSDB.UUT_MASTER/U_ICON_INTERFACE/U_CMD6_RD/U_RD_FIFO/SUBCORE_FIFO.xsdbm_v3_0_0_rdfifo_inst/inst_fifo_gen/gconvfifo.rf/grf.rf/rstblk/ngwrdrst.grst.g7serrst.rst_wr_reg2_reg/PRE
                            (removal check against rising-edge clock clk_pl_0  {rise@0.000ns fall@2.625ns period=5.250ns})
  Path Group:             **async_default**
  Path Type:              Removal (Min at Fast Process Corner)
  Requirement:            0.000ns  (clk_pl_0 rise@0.000ns - clk_pl_0 rise@0.000ns)
  Data Path Delay:        0.163ns  (logic 0.039ns (23.926%)  route 0.124ns (76.074%))
  Logic Levels:           0  
  Clock Path Skew:        0.062ns (DCD - SCD - CPR)
    Destination Clock Delay (DCD):    1.449ns
    Source Clock Delay      (SCD):    1.265ns
    Clock Pessimism Removal (CPR):    0.122ns
  Clock Net Delay (Source):      1.154ns (routing 0.539ns, distribution 0.615ns)
  Clock Net Delay (Destination): 1.311ns (routing 0.601ns, distribution 0.710ns)

    Location             Delay type                Incr(ns)  Path(ns)    Netlist Resource(s)
  -------------------------------------------------------------------    -------------------
                         (clock clk_pl_0 rise edge)
                                                      0.000     0.000 r  
    PS8_X0Y0             PS8                          0.000     0.000 r  BASIC_i/zynq_ultra_ps_e_0/inst/PS8_i/PLCLK[0]
                         net (fo=1, routed)           0.094     0.094    BASIC_i/zynq_ultra_ps_e_0/inst/pl_clk_unbuffered[0]
    BUFG_PS_X0Y77        BUFG_PS (Prop_BUFG_PS_I_O)
                                                      0.017     0.111 r  BASIC_i/zynq_ultra_ps_e_0/inst/buffer_pl_clk_0.PL_CLK_0_BUFG/O
    X1Y2 (CLOCK_ROOT)    net (fo=6574, routed)        1.154     1.265    dbg_hub/inst/BSCANID.u_xsdbm_id/CORE_XSDB.UUT_MASTER/U_ICON_INTERFACE/clk
    SLICE_X50Y138        FDRE                                         r  dbg_hub/inst/BSCANID.u_xsdbm_id/CORE_XSDB.UUT_MASTER/U_ICON_INTERFACE/rddata_rst_reg/C
  -------------------------------------------------------------------    -------------------
    SLICE_X50Y138        FDRE (Prop_DFF_SLICEL_C_Q)
                                                      0.039     1.304 f  dbg_hub/inst/BSCANID.u_xsdbm_id/CORE_XSDB.UUT_MASTER/U_ICON_INTERFACE/rddata_rst_reg/Q
                         net (fo=20, routed)          0.124     1.428    dbg_hub/inst/BSCANID.u_xsdbm_id/CORE_XSDB.UUT_MASTER/U_ICON_INTERFACE/U_CMD6_RD/U_RD_FIFO/SUBCORE_FIFO.xsdbm_v3_0_0_rdfifo_inst/inst_fifo_gen/gconvfifo.rf/grf.rf/rstblk/rst
    SLICE_X53Y138        FDPE                                         f  dbg_hub/inst/BSCANID.u_xsdbm_id/CORE_XSDB.UUT_MASTER/U_ICON_INTERFACE/U_CMD6_RD/U_RD_FIFO/SUBCORE_FIFO.xsdbm_v3_0_0_rdfifo_inst/inst_fifo_gen/gconvfifo.rf/grf.rf/rstblk/ngwrdrst.grst.g7serrst.rst_wr_reg2_reg/PRE
  -------------------------------------------------------------------    -------------------

                         (clock clk_pl_0 rise edge)
                                                      0.000     0.000 r  
    PS8_X0Y0             PS8                          0.000     0.000 r  BASIC_i/zynq_ultra_ps_e_0/inst/PS8_i/PLCLK[0]
                         net (fo=1, routed)           0.120     0.120    BASIC_i/zynq_ultra_ps_e_0/inst/pl_clk_unbuffered[0]
    BUFG_PS_X0Y77        BUFG_PS (Prop_BUFG_PS_I_O)
                                                      0.018     0.138 r  BASIC_i/zynq_ultra_ps_e_0/inst/buffer_pl_clk_0.PL_CLK_0_BUFG/O
    X1Y2 (CLOCK_ROOT)    net (fo=6574, routed)        1.311     1.449    dbg_hub/inst/BSCANID.u_xsdbm_id/CORE_XSDB.UUT_MASTER/U_ICON_INTERFACE/U_CMD6_RD/U_RD_FIFO/SUBCORE_FIFO.xsdbm_v3_0_0_rdfifo_inst/inst_fifo_gen/gconvfifo.rf/grf.rf/rstblk/wr_clk
    SLICE_X53Y138        FDPE                                         r  dbg_hub/inst/BSCANID.u_xsdbm_id/CORE_XSDB.UUT_MASTER/U_ICON_INTERFACE/U_CMD6_RD/U_RD_FIFO/SUBCORE_FIFO.xsdbm_v3_0_0_rdfifo_inst/inst_fifo_gen/gconvfifo.rf/grf.rf/rstblk/ngwrdrst.grst.g7serrst.rst_wr_reg2_reg/C
                         clock pessimism             -0.122     1.327    
    SLICE_X53Y138        FDPE (Remov_AFF2_SLICEM_C_PRE)
                                                     -0.020     1.307    dbg_hub/inst/BSCANID.u_xsdbm_id/CORE_XSDB.UUT_MASTER/U_ICON_INTERFACE/U_CMD6_RD/U_RD_FIFO/SUBCORE_FIFO.xsdbm_v3_0_0_rdfifo_inst/inst_fifo_gen/gconvfifo.rf/grf.rf/rstblk/ngwrdrst.grst.g7serrst.rst_wr_reg2_reg
  -------------------------------------------------------------------
                         required time                         -1.307    
                         arrival time                           1.428    
  -------------------------------------------------------------------
                         slack                                  0.121    

Slack (MET) :             0.122ns  (arrival time - required time)
  Source:                 dbg_hub/inst/BSCANID.u_xsdbm_id/CORE_XSDB.UUT_MASTER/U_ICON_INTERFACE/U_CMD6_WR/U_WR_FIFO/SUBCORE_FIFO.xsdbm_v3_0_0_wrfifo_inst/inst_fifo_gen/gconvfifo.rf/grf.rf/rstblk/ngwrdrst.grst.g7serrst.rd_rst_reg_reg[2]/C
                            (rising edge-triggered cell FDPE clocked by clk_pl_0  {rise@0.000ns fall@2.625ns period=5.250ns})
  Destination:            dbg_hub/inst/BSCANID.u_xsdbm_id/CORE_XSDB.UUT_MASTER/U_ICON_INTERFACE/U_CMD6_WR/U_WR_FIFO/SUBCORE_FIFO.xsdbm_v3_0_0_wrfifo_inst/inst_fifo_gen/gconvfifo.rf/grf.rf/gntv_or_sync_fifo.gl0.rd/gras.rsts/ram_empty_fb_i_reg/PRE
                            (removal check against rising-edge clock clk_pl_0  {rise@0.000ns fall@2.625ns period=5.250ns})
  Path Group:             **async_default**
  Path Type:              Removal (Min at Fast Process Corner)
  Requirement:            0.000ns  (clk_pl_0 rise@0.000ns - clk_pl_0 rise@0.000ns)
  Data Path Delay:        0.110ns  (logic 0.039ns (35.455%)  route 0.071ns (64.545%))
  Logic Levels:           0  
  Clock Path Skew:        0.008ns (DCD - SCD - CPR)
    Destination Clock Delay (DCD):    1.430ns
    Source Clock Delay      (SCD):    1.262ns
    Clock Pessimism Removal (CPR):    0.160ns
  Clock Net Delay (Source):      1.151ns (routing 0.539ns, distribution 0.612ns)
  Clock Net Delay (Destination): 1.292ns (routing 0.601ns, distribution 0.691ns)

    Location             Delay type                Incr(ns)  Path(ns)    Netlist Resource(s)
  -------------------------------------------------------------------    -------------------
                         (clock clk_pl_0 rise edge)
                                                      0.000     0.000 r  
    PS8_X0Y0             PS8                          0.000     0.000 r  BASIC_i/zynq_ultra_ps_e_0/inst/PS8_i/PLCLK[0]
                         net (fo=1, routed)           0.094     0.094    BASIC_i/zynq_ultra_ps_e_0/inst/pl_clk_unbuffered[0]
    BUFG_PS_X0Y77        BUFG_PS (Prop_BUFG_PS_I_O)
                                                      0.017     0.111 r  BASIC_i/zynq_ultra_ps_e_0/inst/buffer_pl_clk_0.PL_CLK_0_BUFG/O
    X1Y2 (CLOCK_ROOT)    net (fo=6574, routed)        1.151     1.262    dbg_hub/inst/BSCANID.u_xsdbm_id/CORE_XSDB.UUT_MASTER/U_ICON_INTERFACE/U_CMD6_WR/U_WR_FIFO/SUBCORE_FIFO.xsdbm_v3_0_0_wrfifo_inst/inst_fifo_gen/gconvfifo.rf/grf.rf/rstblk/rd_clk
    SLICE_X47Y125        FDPE                                         r  dbg_hub/inst/BSCANID.u_xsdbm_id/CORE_XSDB.UUT_MASTER/U_ICON_INTERFACE/U_CMD6_WR/U_WR_FIFO/SUBCORE_FIFO.xsdbm_v3_0_0_wrfifo_inst/inst_fifo_gen/gconvfifo.rf/grf.rf/rstblk/ngwrdrst.grst.g7serrst.rd_rst_reg_reg[2]/C
  -------------------------------------------------------------------    -------------------
    SLICE_X47Y125        FDPE (Prop_FFF_SLICEL_C_Q)
                                                      0.039     1.301 f  dbg_hub/inst/BSCANID.u_xsdbm_id/CORE_XSDB.UUT_MASTER/U_ICON_INTERFACE/U_CMD6_WR/U_WR_FIFO/SUBCORE_FIFO.xsdbm_v3_0_0_wrfifo_inst/inst_fifo_gen/gconvfifo.rf/grf.rf/rstblk/ngwrdrst.grst.g7serrst.rd_rst_reg_reg[2]/Q
                         net (fo=10, routed)          0.071     1.372    dbg_hub/inst/BSCANID.u_xsdbm_id/CORE_XSDB.UUT_MASTER/U_ICON_INTERFACE/U_CMD6_WR/U_WR_FIFO/SUBCORE_FIFO.xsdbm_v3_0_0_wrfifo_inst/inst_fifo_gen/gconvfifo.rf/grf.rf/gntv_or_sync_fifo.gl0.rd/gras.rsts/AR[0]
    SLICE_X47Y125        FDPE                                         f  dbg_hub/inst/BSCANID.u_xsdbm_id/CORE_XSDB.UUT_MASTER/U_ICON_INTERFACE/U_CMD6_WR/U_WR_FIFO/SUBCORE_FIFO.xsdbm_v3_0_0_wrfifo_inst/inst_fifo_gen/gconvfifo.rf/grf.rf/gntv_or_sync_fifo.gl0.rd/gras.rsts/ram_empty_fb_i_reg/PRE
  -------------------------------------------------------------------    -------------------

                         (clock clk_pl_0 rise edge)
                                                      0.000     0.000 r  
    PS8_X0Y0             PS8                          0.000     0.000 r  BASIC_i/zynq_ultra_ps_e_0/inst/PS8_i/PLCLK[0]
                         net (fo=1, routed)           0.120     0.120    BASIC_i/zynq_ultra_ps_e_0/inst/pl_clk_unbuffered[0]
    BUFG_PS_X0Y77        BUFG_PS (Prop_BUFG_PS_I_O)
                                                      0.018     0.138 r  BASIC_i/zynq_ultra_ps_e_0/inst/buffer_pl_clk_0.PL_CLK_0_BUFG/O
    X1Y2 (CLOCK_ROOT)    net (fo=6574, routed)        1.292     1.430    dbg_hub/inst/BSCANID.u_xsdbm_id/CORE_XSDB.UUT_MASTER/U_ICON_INTERFACE/U_CMD6_WR/U_WR_FIFO/SUBCORE_FIFO.xsdbm_v3_0_0_wrfifo_inst/inst_fifo_gen/gconvfifo.rf/grf.rf/gntv_or_sync_fifo.gl0.rd/gras.rsts/rd_clk
    SLICE_X47Y125        FDPE                                         r  dbg_hub/inst/BSCANID.u_xsdbm_id/CORE_XSDB.UUT_MASTER/U_ICON_INTERFACE/U_CMD6_WR/U_WR_FIFO/SUBCORE_FIFO.xsdbm_v3_0_0_wrfifo_inst/inst_fifo_gen/gconvfifo.rf/grf.rf/gntv_or_sync_fifo.gl0.rd/gras.rsts/ram_empty_fb_i_reg/C
                         clock pessimism             -0.160     1.270    
    SLICE_X47Y125        FDPE (Remov_AFF_SLICEL_C_PRE)
                                                     -0.020     1.250    dbg_hub/inst/BSCANID.u_xsdbm_id/CORE_XSDB.UUT_MASTER/U_ICON_INTERFACE/U_CMD6_WR/U_WR_FIFO/SUBCORE_FIFO.xsdbm_v3_0_0_wrfifo_inst/inst_fifo_gen/gconvfifo.rf/grf.rf/gntv_or_sync_fifo.gl0.rd/gras.rsts/ram_empty_fb_i_reg
  -------------------------------------------------------------------
                         required time                         -1.250    
                         arrival time                           1.372    
  -------------------------------------------------------------------
                         slack                                  0.122    

Slack (MET) :             0.122ns  (arrival time - required time)
  Source:                 dbg_hub/inst/BSCANID.u_xsdbm_id/CORE_XSDB.UUT_MASTER/U_ICON_INTERFACE/U_CMD6_WR/U_WR_FIFO/SUBCORE_FIFO.xsdbm_v3_0_0_wrfifo_inst/inst_fifo_gen/gconvfifo.rf/grf.rf/rstblk/ngwrdrst.grst.g7serrst.rd_rst_reg_reg[2]/C
                            (rising edge-triggered cell FDPE clocked by clk_pl_0  {rise@0.000ns fall@2.625ns period=5.250ns})
  Destination:            dbg_hub/inst/BSCANID.u_xsdbm_id/CORE_XSDB.UUT_MASTER/U_ICON_INTERFACE/U_CMD6_WR/U_WR_FIFO/SUBCORE_FIFO.xsdbm_v3_0_0_wrfifo_inst/inst_fifo_gen/gconvfifo.rf/grf.rf/gntv_or_sync_fifo.gl0.rd/gras.rsts/ram_empty_i_reg/PRE
                            (removal check against rising-edge clock clk_pl_0  {rise@0.000ns fall@2.625ns period=5.250ns})
  Path Group:             **async_default**
  Path Type:              Removal (Min at Fast Process Corner)
  Requirement:            0.000ns  (clk_pl_0 rise@0.000ns - clk_pl_0 rise@0.000ns)
  Data Path Delay:        0.110ns  (logic 0.039ns (35.455%)  route 0.071ns (64.545%))
  Logic Levels:           0  
  Clock Path Skew:        0.008ns (DCD - SCD - CPR)
    Destination Clock Delay (DCD):    1.430ns
    Source Clock Delay      (SCD):    1.262ns
    Clock Pessimism Removal (CPR):    0.160ns
  Clock Net Delay (Source):      1.151ns (routing 0.539ns, distribution 0.612ns)
  Clock Net Delay (Destination): 1.292ns (routing 0.601ns, distribution 0.691ns)

    Location             Delay type                Incr(ns)  Path(ns)    Netlist Resource(s)
  -------------------------------------------------------------------    -------------------
                         (clock clk_pl_0 rise edge)
                                                      0.000     0.000 r  
    PS8_X0Y0             PS8                          0.000     0.000 r  BASIC_i/zynq_ultra_ps_e_0/inst/PS8_i/PLCLK[0]
                         net (fo=1, routed)           0.094     0.094    BASIC_i/zynq_ultra_ps_e_0/inst/pl_clk_unbuffered[0]
    BUFG_PS_X0Y77        BUFG_PS (Prop_BUFG_PS_I_O)
                                                      0.017     0.111 r  BASIC_i/zynq_ultra_ps_e_0/inst/buffer_pl_clk_0.PL_CLK_0_BUFG/O
    X1Y2 (CLOCK_ROOT)    net (fo=6574, routed)        1.151     1.262    dbg_hub/inst/BSCANID.u_xsdbm_id/CORE_XSDB.UUT_MASTER/U_ICON_INTERFACE/U_CMD6_WR/U_WR_FIFO/SUBCORE_FIFO.xsdbm_v3_0_0_wrfifo_inst/inst_fifo_gen/gconvfifo.rf/grf.rf/rstblk/rd_clk
    SLICE_X47Y125        FDPE                                         r  dbg_hub/inst/BSCANID.u_xsdbm_id/CORE_XSDB.UUT_MASTER/U_ICON_INTERFACE/U_CMD6_WR/U_WR_FIFO/SUBCORE_FIFO.xsdbm_v3_0_0_wrfifo_inst/inst_fifo_gen/gconvfifo.rf/grf.rf/rstblk/ngwrdrst.grst.g7serrst.rd_rst_reg_reg[2]/C
  -------------------------------------------------------------------    -------------------
    SLICE_X47Y125        FDPE (Prop_FFF_SLICEL_C_Q)
                                                      0.039     1.301 f  dbg_hub/inst/BSCANID.u_xsdbm_id/CORE_XSDB.UUT_MASTER/U_ICON_INTERFACE/U_CMD6_WR/U_WR_FIFO/SUBCORE_FIFO.xsdbm_v3_0_0_wrfifo_inst/inst_fifo_gen/gconvfifo.rf/grf.rf/rstblk/ngwrdrst.grst.g7serrst.rd_rst_reg_reg[2]/Q
                         net (fo=10, routed)          0.071     1.372    dbg_hub/inst/BSCANID.u_xsdbm_id/CORE_XSDB.UUT_MASTER/U_ICON_INTERFACE/U_CMD6_WR/U_WR_FIFO/SUBCORE_FIFO.xsdbm_v3_0_0_wrfifo_inst/inst_fifo_gen/gconvfifo.rf/grf.rf/gntv_or_sync_fifo.gl0.rd/gras.rsts/AR[0]
    SLICE_X47Y125        FDPE                                         f  dbg_hub/inst/BSCANID.u_xsdbm_id/CORE_XSDB.UUT_MASTER/U_ICON_INTERFACE/U_CMD6_WR/U_WR_FIFO/SUBCORE_FIFO.xsdbm_v3_0_0_wrfifo_inst/inst_fifo_gen/gconvfifo.rf/grf.rf/gntv_or_sync_fifo.gl0.rd/gras.rsts/ram_empty_i_reg/PRE
  -------------------------------------------------------------------    -------------------

                         (clock clk_pl_0 rise edge)
                                                      0.000     0.000 r  
    PS8_X0Y0             PS8                          0.000     0.000 r  BASIC_i/zynq_ultra_ps_e_0/inst/PS8_i/PLCLK[0]
                         net (fo=1, routed)           0.120     0.120    BASIC_i/zynq_ultra_ps_e_0/inst/pl_clk_unbuffered[0]
    BUFG_PS_X0Y77        BUFG_PS (Prop_BUFG_PS_I_O)
                                                      0.018     0.138 r  BASIC_i/zynq_ultra_ps_e_0/inst/buffer_pl_clk_0.PL_CLK_0_BUFG/O
    X1Y2 (CLOCK_ROOT)    net (fo=6574, routed)        1.292     1.430    dbg_hub/inst/BSCANID.u_xsdbm_id/CORE_XSDB.UUT_MASTER/U_ICON_INTERFACE/U_CMD6_WR/U_WR_FIFO/SUBCORE_FIFO.xsdbm_v3_0_0_wrfifo_inst/inst_fifo_gen/gconvfifo.rf/grf.rf/gntv_or_sync_fifo.gl0.rd/gras.rsts/rd_clk
    SLICE_X47Y125        FDPE                                         r  dbg_hub/inst/BSCANID.u_xsdbm_id/CORE_XSDB.UUT_MASTER/U_ICON_INTERFACE/U_CMD6_WR/U_WR_FIFO/SUBCORE_FIFO.xsdbm_v3_0_0_wrfifo_inst/inst_fifo_gen/gconvfifo.rf/grf.rf/gntv_or_sync_fifo.gl0.rd/gras.rsts/ram_empty_i_reg/C
                         clock pessimism             -0.160     1.270    
    SLICE_X47Y125        FDPE (Remov_AFF2_SLICEL_C_PRE)
                                                     -0.020     1.250    dbg_hub/inst/BSCANID.u_xsdbm_id/CORE_XSDB.UUT_MASTER/U_ICON_INTERFACE/U_CMD6_WR/U_WR_FIFO/SUBCORE_FIFO.xsdbm_v3_0_0_wrfifo_inst/inst_fifo_gen/gconvfifo.rf/grf.rf/gntv_or_sync_fifo.gl0.rd/gras.rsts/ram_empty_i_reg
  -------------------------------------------------------------------
                         required time                         -1.250    
                         arrival time                           1.372    
  -------------------------------------------------------------------
                         slack                                  0.122    

Slack (MET) :             0.148ns  (arrival time - required time)
  Source:                 dbg_hub/inst/BSCANID.u_xsdbm_id/CORE_XSDB.UUT_MASTER/U_ICON_INTERFACE/U_CMD6_WR/U_WR_FIFO/SUBCORE_FIFO.xsdbm_v3_0_0_wrfifo_inst/inst_fifo_gen/gconvfifo.rf/grf.rf/rstblk/ngwrdrst.grst.g7serrst.rst_rd_reg2_reg/C
                            (rising edge-triggered cell FDPE clocked by clk_pl_0  {rise@0.000ns fall@2.625ns period=5.250ns})
  Destination:            dbg_hub/inst/BSCANID.u_xsdbm_id/CORE_XSDB.UUT_MASTER/U_ICON_INTERFACE/U_CMD6_WR/U_WR_FIFO/SUBCORE_FIFO.xsdbm_v3_0_0_wrfifo_inst/inst_fifo_gen/gconvfifo.rf/grf.rf/rstblk/ngwrdrst.grst.g7serrst.rd_rst_asreg_reg/PRE
                            (removal check against rising-edge clock clk_pl_0  {rise@0.000ns fall@2.625ns period=5.250ns})
  Path Group:             **async_default**
  Path Type:              Removal (Min at Fast Process Corner)
  Requirement:            0.000ns  (clk_pl_0 rise@0.000ns - clk_pl_0 rise@0.000ns)
  Data Path Delay:        0.150ns  (logic 0.040ns (26.667%)  route 0.110ns (73.333%))
  Logic Levels:           0  
  Clock Path Skew:        0.022ns (DCD - SCD - CPR)
    Destination Clock Delay (DCD):    1.434ns
    Source Clock Delay      (SCD):    1.258ns
    Clock Pessimism Removal (CPR):    0.154ns
  Clock Net Delay (Source):      1.147ns (routing 0.539ns, distribution 0.608ns)
  Clock Net Delay (Destination): 1.296ns (routing 0.601ns, distribution 0.695ns)

    Location             Delay type                Incr(ns)  Path(ns)    Netlist Resource(s)
  -------------------------------------------------------------------    -------------------
                         (clock clk_pl_0 rise edge)
                                                      0.000     0.000 r  
    PS8_X0Y0             PS8                          0.000     0.000 r  BASIC_i/zynq_ultra_ps_e_0/inst/PS8_i/PLCLK[0]
                         net (fo=1, routed)           0.094     0.094    BASIC_i/zynq_ultra_ps_e_0/inst/pl_clk_unbuffered[0]
    BUFG_PS_X0Y77        BUFG_PS (Prop_BUFG_PS_I_O)
                                                      0.017     0.111 r  BASIC_i/zynq_ultra_ps_e_0/inst/buffer_pl_clk_0.PL_CLK_0_BUFG/O
    X1Y2 (CLOCK_ROOT)    net (fo=6574, routed)        1.147     1.258    dbg_hub/inst/BSCANID.u_xsdbm_id/CORE_XSDB.UUT_MASTER/U_ICON_INTERFACE/U_CMD6_WR/U_WR_FIFO/SUBCORE_FIFO.xsdbm_v3_0_0_wrfifo_inst/inst_fifo_gen/gconvfifo.rf/grf.rf/rstblk/rd_clk
    SLICE_X47Y127        FDPE                                         r  dbg_hub/inst/BSCANID.u_xsdbm_id/CORE_XSDB.UUT_MASTER/U_ICON_INTERFACE/U_CMD6_WR/U_WR_FIFO/SUBCORE_FIFO.xsdbm_v3_0_0_wrfifo_inst/inst_fifo_gen/gconvfifo.rf/grf.rf/rstblk/ngwrdrst.grst.g7serrst.rst_rd_reg2_reg/C
  -------------------------------------------------------------------    -------------------
    SLICE_X47Y127        FDPE (Prop_EFF2_SLICEL_C_Q)
                                                      0.040     1.298 f  dbg_hub/inst/BSCANID.u_xsdbm_id/CORE_XSDB.UUT_MASTER/U_ICON_INTERFACE/U_CMD6_WR/U_WR_FIFO/SUBCORE_FIFO.xsdbm_v3_0_0_wrfifo_inst/inst_fifo_gen/gconvfifo.rf/grf.rf/rstblk/ngwrdrst.grst.g7serrst.rst_rd_reg2_reg/Q
                         net (fo=1, routed)           0.110     1.408    dbg_hub/inst/BSCANID.u_xsdbm_id/CORE_XSDB.UUT_MASTER/U_ICON_INTERFACE/U_CMD6_WR/U_WR_FIFO/SUBCORE_FIFO.xsdbm_v3_0_0_wrfifo_inst/inst_fifo_gen/gconvfifo.rf/grf.rf/rstblk/rst_rd_reg2
    SLICE_X47Y126        FDPE                                         f  dbg_hub/inst/BSCANID.u_xsdbm_id/CORE_XSDB.UUT_MASTER/U_ICON_INTERFACE/U_CMD6_WR/U_WR_FIFO/SUBCORE_FIFO.xsdbm_v3_0_0_wrfifo_inst/inst_fifo_gen/gconvfifo.rf/grf.rf/rstblk/ngwrdrst.grst.g7serrst.rd_rst_asreg_reg/PRE
  -------------------------------------------------------------------    -------------------

                         (clock clk_pl_0 rise edge)
                                                      0.000     0.000 r  
    PS8_X0Y0             PS8                          0.000     0.000 r  BASIC_i/zynq_ultra_ps_e_0/inst/PS8_i/PLCLK[0]
                         net (fo=1, routed)           0.120     0.120    BASIC_i/zynq_ultra_ps_e_0/inst/pl_clk_unbuffered[0]
    BUFG_PS_X0Y77        BUFG_PS (Prop_BUFG_PS_I_O)
                                                      0.018     0.138 r  BASIC_i/zynq_ultra_ps_e_0/inst/buffer_pl_clk_0.PL_CLK_0_BUFG/O
    X1Y2 (CLOCK_ROOT)    net (fo=6574, routed)        1.296     1.434    dbg_hub/inst/BSCANID.u_xsdbm_id/CORE_XSDB.UUT_MASTER/U_ICON_INTERFACE/U_CMD6_WR/U_WR_FIFO/SUBCORE_FIFO.xsdbm_v3_0_0_wrfifo_inst/inst_fifo_gen/gconvfifo.rf/grf.rf/rstblk/rd_clk
    SLICE_X47Y126        FDPE                                         r  dbg_hub/inst/BSCANID.u_xsdbm_id/CORE_XSDB.UUT_MASTER/U_ICON_INTERFACE/U_CMD6_WR/U_WR_FIFO/SUBCORE_FIFO.xsdbm_v3_0_0_wrfifo_inst/inst_fifo_gen/gconvfifo.rf/grf.rf/rstblk/ngwrdrst.grst.g7serrst.rd_rst_asreg_reg/C
                         clock pessimism             -0.154     1.280    
    SLICE_X47Y126        FDPE (Remov_HFF2_SLICEL_C_PRE)
                                                     -0.020     1.260    dbg_hub/inst/BSCANID.u_xsdbm_id/CORE_XSDB.UUT_MASTER/U_ICON_INTERFACE/U_CMD6_WR/U_WR_FIFO/SUBCORE_FIFO.xsdbm_v3_0_0_wrfifo_inst/inst_fifo_gen/gconvfifo.rf/grf.rf/rstblk/ngwrdrst.grst.g7serrst.rd_rst_asreg_reg
  -------------------------------------------------------------------
                         required time                         -1.260    
                         arrival time                           1.408    
  -------------------------------------------------------------------
                         slack                                  0.148    

Slack (MET) :             0.156ns  (arrival time - required time)
  Source:                 dbg_hub/inst/BSCANID.u_xsdbm_id/CORE_XSDB.UUT_MASTER/U_XSDB_BUS_CONTROLLER/clr_rd_req_reg/C
                            (rising edge-triggered cell FDCE clocked by clk_pl_0  {rise@0.000ns fall@2.625ns period=5.250ns})
  Destination:            dbg_hub/inst/BSCANID.u_xsdbm_id/CORE_XSDB.UUT_MASTER/U_XSDB_BUS_CONTROLLER/U_RD_REQ_FLAG/G_POS_EDGE.flag_reg/CLR
                            (removal check against rising-edge clock clk_pl_0  {rise@0.000ns fall@2.625ns period=5.250ns})
  Path Group:             **async_default**
  Path Type:              Removal (Min at Fast Process Corner)
  Requirement:            0.000ns  (clk_pl_0 rise@0.000ns - clk_pl_0 rise@0.000ns)
  Data Path Delay:        0.150ns  (logic 0.039ns (26.000%)  route 0.111ns (74.000%))
  Logic Levels:           0  
  Clock Path Skew:        0.014ns (DCD - SCD - CPR)
    Destination Clock Delay (DCD):    1.426ns
    Source Clock Delay      (SCD):    1.258ns
    Clock Pessimism Removal (CPR):    0.154ns
  Clock Net Delay (Source):      1.147ns (routing 0.539ns, distribution 0.608ns)
  Clock Net Delay (Destination): 1.288ns (routing 0.601ns, distribution 0.687ns)

    Location             Delay type                Incr(ns)  Path(ns)    Netlist Resource(s)
  -------------------------------------------------------------------    -------------------
                         (clock clk_pl_0 rise edge)
                                                      0.000     0.000 r  
    PS8_X0Y0             PS8                          0.000     0.000 r  BASIC_i/zynq_ultra_ps_e_0/inst/PS8_i/PLCLK[0]
                         net (fo=1, routed)           0.094     0.094    BASIC_i/zynq_ultra_ps_e_0/inst/pl_clk_unbuffered[0]
    BUFG_PS_X0Y77        BUFG_PS (Prop_BUFG_PS_I_O)
                                                      0.017     0.111 r  BASIC_i/zynq_ultra_ps_e_0/inst/buffer_pl_clk_0.PL_CLK_0_BUFG/O
    X1Y2 (CLOCK_ROOT)    net (fo=6574, routed)        1.147     1.258    dbg_hub/inst/BSCANID.u_xsdbm_id/CORE_XSDB.UUT_MASTER/U_XSDB_BUS_CONTROLLER/clk
    SLICE_X48Y139        FDCE                                         r  dbg_hub/inst/BSCANID.u_xsdbm_id/CORE_XSDB.UUT_MASTER/U_XSDB_BUS_CONTROLLER/clr_rd_req_reg/C
  -------------------------------------------------------------------    -------------------
    SLICE_X48Y139        FDCE (Prop_GFF_SLICEL_C_Q)
                                                      0.039     1.297 f  dbg_hub/inst/BSCANID.u_xsdbm_id/CORE_XSDB.UUT_MASTER/U_XSDB_BUS_CONTROLLER/clr_rd_req_reg/Q
                         net (fo=2, routed)           0.111     1.408    dbg_hub/inst/BSCANID.u_xsdbm_id/CORE_XSDB.UUT_MASTER/U_XSDB_BUS_CONTROLLER/U_RD_REQ_FLAG/clr_rd_req
    SLICE_X48Y140        FDCE                                         f  dbg_hub/inst/BSCANID.u_xsdbm_id/CORE_XSDB.UUT_MASTER/U_XSDB_BUS_CONTROLLER/U_RD_REQ_FLAG/G_POS_EDGE.flag_reg/CLR
  -------------------------------------------------------------------    -------------------

                         (clock clk_pl_0 rise edge)
                                                      0.000     0.000 r  
    PS8_X0Y0             PS8                          0.000     0.000 r  BASIC_i/zynq_ultra_ps_e_0/inst/PS8_i/PLCLK[0]
                         net (fo=1, routed)           0.120     0.120    BASIC_i/zynq_ultra_ps_e_0/inst/pl_clk_unbuffered[0]
    BUFG_PS_X0Y77        BUFG_PS (Prop_BUFG_PS_I_O)
                                                      0.018     0.138 r  BASIC_i/zynq_ultra_ps_e_0/inst/buffer_pl_clk_0.PL_CLK_0_BUFG/O
    X1Y2 (CLOCK_ROOT)    net (fo=6574, routed)        1.288     1.426    dbg_hub/inst/BSCANID.u_xsdbm_id/CORE_XSDB.UUT_MASTER/U_XSDB_BUS_CONTROLLER/U_RD_REQ_FLAG/clk
    SLICE_X48Y140        FDCE                                         r  dbg_hub/inst/BSCANID.u_xsdbm_id/CORE_XSDB.UUT_MASTER/U_XSDB_BUS_CONTROLLER/U_RD_REQ_FLAG/G_POS_EDGE.flag_reg/C
                         clock pessimism             -0.154     1.272    
    SLICE_X48Y140        FDCE (Remov_HFF2_SLICEL_C_CLR)
                                                     -0.020     1.252    dbg_hub/inst/BSCANID.u_xsdbm_id/CORE_XSDB.UUT_MASTER/U_XSDB_BUS_CONTROLLER/U_RD_REQ_FLAG/G_POS_EDGE.flag_reg
  -------------------------------------------------------------------
                         required time                         -1.252    
                         arrival time                           1.408    
  -------------------------------------------------------------------
                         slack                                  0.156    

Slack (MET) :             0.162ns  (arrival time - required time)
  Source:                 dbg_hub/inst/BSCANID.u_xsdbm_id/CORE_XSDB.UUT_MASTER/U_ICON_INTERFACE/U_CMD6_WR/U_WR_FIFO/SUBCORE_FIFO.xsdbm_v3_0_0_wrfifo_inst/inst_fifo_gen/gconvfifo.rf/grf.rf/rstblk/ngwrdrst.grst.g7serrst.rd_rst_reg_reg[1]/C
                            (rising edge-triggered cell FDPE clocked by clk_pl_0  {rise@0.000ns fall@2.625ns period=5.250ns})
  Destination:            dbg_hub/inst/BSCANID.u_xsdbm_id/CORE_XSDB.UUT_MASTER/U_ICON_INTERFACE/U_CMD6_WR/U_WR_FIFO/SUBCORE_FIFO.xsdbm_v3_0_0_wrfifo_inst/inst_fifo_gen/gconvfifo.rf/grf.rf/gntv_or_sync_fifo.gcx.clkx/gnxpm_cdc.gsync_stage[1].rd_stg_inst/Q_reg_reg[2]/CLR
                            (removal check against rising-edge clock clk_pl_0  {rise@0.000ns fall@2.625ns period=5.250ns})
  Path Group:             **async_default**
  Path Type:              Removal (Min at Fast Process Corner)
  Requirement:            0.000ns  (clk_pl_0 rise@0.000ns - clk_pl_0 rise@0.000ns)
  Data Path Delay:        0.153ns  (logic 0.040ns (26.144%)  route 0.113ns (73.856%))
  Logic Levels:           0  
  Clock Path Skew:        0.011ns (DCD - SCD - CPR)
    Destination Clock Delay (DCD):    1.427ns
    Source Clock Delay      (SCD):    1.262ns
    Clock Pessimism Removal (CPR):    0.154ns
  Clock Net Delay (Source):      1.151ns (routing 0.539ns, distribution 0.612ns)
  Clock Net Delay (Destination): 1.289ns (routing 0.601ns, distribution 0.688ns)

    Location             Delay type                Incr(ns)  Path(ns)    Netlist Resource(s)
  -------------------------------------------------------------------    -------------------
                         (clock clk_pl_0 rise edge)
                                                      0.000     0.000 r  
    PS8_X0Y0             PS8                          0.000     0.000 r  BASIC_i/zynq_ultra_ps_e_0/inst/PS8_i/PLCLK[0]
                         net (fo=1, routed)           0.094     0.094    BASIC_i/zynq_ultra_ps_e_0/inst/pl_clk_unbuffered[0]
    BUFG_PS_X0Y77        BUFG_PS (Prop_BUFG_PS_I_O)
                                                      0.017     0.111 r  BASIC_i/zynq_ultra_ps_e_0/inst/buffer_pl_clk_0.PL_CLK_0_BUFG/O
    X1Y2 (CLOCK_ROOT)    net (fo=6574, routed)        1.151     1.262    dbg_hub/inst/BSCANID.u_xsdbm_id/CORE_XSDB.UUT_MASTER/U_ICON_INTERFACE/U_CMD6_WR/U_WR_FIFO/SUBCORE_FIFO.xsdbm_v3_0_0_wrfifo_inst/inst_fifo_gen/gconvfifo.rf/grf.rf/rstblk/rd_clk
    SLICE_X47Y125        FDPE                                         r  dbg_hub/inst/BSCANID.u_xsdbm_id/CORE_XSDB.UUT_MASTER/U_ICON_INTERFACE/U_CMD6_WR/U_WR_FIFO/SUBCORE_FIFO.xsdbm_v3_0_0_wrfifo_inst/inst_fifo_gen/gconvfifo.rf/grf.rf/rstblk/ngwrdrst.grst.g7serrst.rd_rst_reg_reg[1]/C
  -------------------------------------------------------------------    -------------------
    SLICE_X47Y125        FDPE (Prop_EFF2_SLICEL_C_Q)
                                                      0.040     1.302 f  dbg_hub/inst/BSCANID.u_xsdbm_id/CORE_XSDB.UUT_MASTER/U_ICON_INTERFACE/U_CMD6_WR/U_WR_FIFO/SUBCORE_FIFO.xsdbm_v3_0_0_wrfifo_inst/inst_fifo_gen/gconvfifo.rf/grf.rf/rstblk/ngwrdrst.grst.g7serrst.rd_rst_reg_reg[1]/Q
                         net (fo=16, routed)          0.113     1.415    dbg_hub/inst/BSCANID.u_xsdbm_id/CORE_XSDB.UUT_MASTER/U_ICON_INTERFACE/U_CMD6_WR/U_WR_FIFO/SUBCORE_FIFO.xsdbm_v3_0_0_wrfifo_inst/inst_fifo_gen/gconvfifo.rf/grf.rf/gntv_or_sync_fifo.gcx.clkx/gnxpm_cdc.gsync_stage[1].rd_stg_inst/Q_reg_reg[0]_0[0]
    SLICE_X47Y124        FDCE                                         f  dbg_hub/inst/BSCANID.u_xsdbm_id/CORE_XSDB.UUT_MASTER/U_ICON_INTERFACE/U_CMD6_WR/U_WR_FIFO/SUBCORE_FIFO.xsdbm_v3_0_0_wrfifo_inst/inst_fifo_gen/gconvfifo.rf/grf.rf/gntv_or_sync_fifo.gcx.clkx/gnxpm_cdc.gsync_stage[1].rd_stg_inst/Q_reg_reg[2]/CLR
  -------------------------------------------------------------------    -------------------

                         (clock clk_pl_0 rise edge)
                                                      0.000     0.000 r  
    PS8_X0Y0             PS8                          0.000     0.000 r  BASIC_i/zynq_ultra_ps_e_0/inst/PS8_i/PLCLK[0]
                         net (fo=1, routed)           0.120     0.120    BASIC_i/zynq_ultra_ps_e_0/inst/pl_clk_unbuffered[0]
    BUFG_PS_X0Y77        BUFG_PS (Prop_BUFG_PS_I_O)
                                                      0.018     0.138 r  BASIC_i/zynq_ultra_ps_e_0/inst/buffer_pl_clk_0.PL_CLK_0_BUFG/O
    X1Y2 (CLOCK_ROOT)    net (fo=6574, routed)        1.289     1.427    dbg_hub/inst/BSCANID.u_xsdbm_id/CORE_XSDB.UUT_MASTER/U_ICON_INTERFACE/U_CMD6_WR/U_WR_FIFO/SUBCORE_FIFO.xsdbm_v3_0_0_wrfifo_inst/inst_fifo_gen/gconvfifo.rf/grf.rf/gntv_or_sync_fifo.gcx.clkx/gnxpm_cdc.gsync_stage[1].rd_stg_inst/rd_clk
    SLICE_X47Y124        FDCE                                         r  dbg_hub/inst/BSCANID.u_xsdbm_id/CORE_XSDB.UUT_MASTER/U_ICON_INTERFACE/U_CMD6_WR/U_WR_FIFO/SUBCORE_FIFO.xsdbm_v3_0_0_wrfifo_inst/inst_fifo_gen/gconvfifo.rf/grf.rf/gntv_or_sync_fifo.gcx.clkx/gnxpm_cdc.gsync_stage[1].rd_stg_inst/Q_reg_reg[2]/C
                         clock pessimism             -0.154     1.273    
    SLICE_X47Y124        FDCE (Remov_CFF2_SLICEL_C_CLR)
                                                     -0.020     1.253    dbg_hub/inst/BSCANID.u_xsdbm_id/CORE_XSDB.UUT_MASTER/U_ICON_INTERFACE/U_CMD6_WR/U_WR_FIFO/SUBCORE_FIFO.xsdbm_v3_0_0_wrfifo_inst/inst_fifo_gen/gconvfifo.rf/grf.rf/gntv_or_sync_fifo.gcx.clkx/gnxpm_cdc.gsync_stage[1].rd_stg_inst/Q_reg_reg[2]
  -------------------------------------------------------------------
                         required time                         -1.253    
                         arrival time                           1.415    
  -------------------------------------------------------------------
                         slack                                  0.162    

Slack (MET) :             0.162ns  (arrival time - required time)
  Source:                 dbg_hub/inst/BSCANID.u_xsdbm_id/CORE_XSDB.UUT_MASTER/U_ICON_INTERFACE/U_CMD6_WR/U_WR_FIFO/SUBCORE_FIFO.xsdbm_v3_0_0_wrfifo_inst/inst_fifo_gen/gconvfifo.rf/grf.rf/rstblk/ngwrdrst.grst.g7serrst.rd_rst_reg_reg[1]/C
                            (rising edge-triggered cell FDPE clocked by clk_pl_0  {rise@0.000ns fall@2.625ns period=5.250ns})
  Destination:            dbg_hub/inst/BSCANID.u_xsdbm_id/CORE_XSDB.UUT_MASTER/U_ICON_INTERFACE/U_CMD6_WR/U_WR_FIFO/SUBCORE_FIFO.xsdbm_v3_0_0_wrfifo_inst/inst_fifo_gen/gconvfifo.rf/grf.rf/gntv_or_sync_fifo.gcx.clkx/gnxpm_cdc.gsync_stage[1].rd_stg_inst/Q_reg_reg[3]/CLR
                            (removal check against rising-edge clock clk_pl_0  {rise@0.000ns fall@2.625ns period=5.250ns})
  Path Group:             **async_default**
  Path Type:              Removal (Min at Fast Process Corner)
  Requirement:            0.000ns  (clk_pl_0 rise@0.000ns - clk_pl_0 rise@0.000ns)
  Data Path Delay:        0.153ns  (logic 0.040ns (26.144%)  route 0.113ns (73.856%))
  Logic Levels:           0  
  Clock Path Skew:        0.011ns (DCD - SCD - CPR)
    Destination Clock Delay (DCD):    1.427ns
    Source Clock Delay      (SCD):    1.262ns
    Clock Pessimism Removal (CPR):    0.154ns
  Clock Net Delay (Source):      1.151ns (routing 0.539ns, distribution 0.612ns)
  Clock Net Delay (Destination): 1.289ns (routing 0.601ns, distribution 0.688ns)

    Location             Delay type                Incr(ns)  Path(ns)    Netlist Resource(s)
  -------------------------------------------------------------------    -------------------
                         (clock clk_pl_0 rise edge)
                                                      0.000     0.000 r  
    PS8_X0Y0             PS8                          0.000     0.000 r  BASIC_i/zynq_ultra_ps_e_0/inst/PS8_i/PLCLK[0]
                         net (fo=1, routed)           0.094     0.094    BASIC_i/zynq_ultra_ps_e_0/inst/pl_clk_unbuffered[0]
    BUFG_PS_X0Y77        BUFG_PS (Prop_BUFG_PS_I_O)
                                                      0.017     0.111 r  BASIC_i/zynq_ultra_ps_e_0/inst/buffer_pl_clk_0.PL_CLK_0_BUFG/O
    X1Y2 (CLOCK_ROOT)    net (fo=6574, routed)        1.151     1.262    dbg_hub/inst/BSCANID.u_xsdbm_id/CORE_XSDB.UUT_MASTER/U_ICON_INTERFACE/U_CMD6_WR/U_WR_FIFO/SUBCORE_FIFO.xsdbm_v3_0_0_wrfifo_inst/inst_fifo_gen/gconvfifo.rf/grf.rf/rstblk/rd_clk
    SLICE_X47Y125        FDPE                                         r  dbg_hub/inst/BSCANID.u_xsdbm_id/CORE_XSDB.UUT_MASTER/U_ICON_INTERFACE/U_CMD6_WR/U_WR_FIFO/SUBCORE_FIFO.xsdbm_v3_0_0_wrfifo_inst/inst_fifo_gen/gconvfifo.rf/grf.rf/rstblk/ngwrdrst.grst.g7serrst.rd_rst_reg_reg[1]/C
  -------------------------------------------------------------------    -------------------
    SLICE_X47Y125        FDPE (Prop_EFF2_SLICEL_C_Q)
                                                      0.040     1.302 f  dbg_hub/inst/BSCANID.u_xsdbm_id/CORE_XSDB.UUT_MASTER/U_ICON_INTERFACE/U_CMD6_WR/U_WR_FIFO/SUBCORE_FIFO.xsdbm_v3_0_0_wrfifo_inst/inst_fifo_gen/gconvfifo.rf/grf.rf/rstblk/ngwrdrst.grst.g7serrst.rd_rst_reg_reg[1]/Q
                         net (fo=16, routed)          0.113     1.415    dbg_hub/inst/BSCANID.u_xsdbm_id/CORE_XSDB.UUT_MASTER/U_ICON_INTERFACE/U_CMD6_WR/U_WR_FIFO/SUBCORE_FIFO.xsdbm_v3_0_0_wrfifo_inst/inst_fifo_gen/gconvfifo.rf/grf.rf/gntv_or_sync_fifo.gcx.clkx/gnxpm_cdc.gsync_stage[1].rd_stg_inst/Q_reg_reg[0]_0[0]
    SLICE_X47Y124        FDCE                                         f  dbg_hub/inst/BSCANID.u_xsdbm_id/CORE_XSDB.UUT_MASTER/U_ICON_INTERFACE/U_CMD6_WR/U_WR_FIFO/SUBCORE_FIFO.xsdbm_v3_0_0_wrfifo_inst/inst_fifo_gen/gconvfifo.rf/grf.rf/gntv_or_sync_fifo.gcx.clkx/gnxpm_cdc.gsync_stage[1].rd_stg_inst/Q_reg_reg[3]/CLR
  -------------------------------------------------------------------    -------------------

                         (clock clk_pl_0 rise edge)
                                                      0.000     0.000 r  
    PS8_X0Y0             PS8                          0.000     0.000 r  BASIC_i/zynq_ultra_ps_e_0/inst/PS8_i/PLCLK[0]
                         net (fo=1, routed)           0.120     0.120    BASIC_i/zynq_ultra_ps_e_0/inst/pl_clk_unbuffered[0]
    BUFG_PS_X0Y77        BUFG_PS (Prop_BUFG_PS_I_O)
                                                      0.018     0.138 r  BASIC_i/zynq_ultra_ps_e_0/inst/buffer_pl_clk_0.PL_CLK_0_BUFG/O
    X1Y2 (CLOCK_ROOT)    net (fo=6574, routed)        1.289     1.427    dbg_hub/inst/BSCANID.u_xsdbm_id/CORE_XSDB.UUT_MASTER/U_ICON_INTERFACE/U_CMD6_WR/U_WR_FIFO/SUBCORE_FIFO.xsdbm_v3_0_0_wrfifo_inst/inst_fifo_gen/gconvfifo.rf/grf.rf/gntv_or_sync_fifo.gcx.clkx/gnxpm_cdc.gsync_stage[1].rd_stg_inst/rd_clk
    SLICE_X47Y124        FDCE                                         r  dbg_hub/inst/BSCANID.u_xsdbm_id/CORE_XSDB.UUT_MASTER/U_ICON_INTERFACE/U_CMD6_WR/U_WR_FIFO/SUBCORE_FIFO.xsdbm_v3_0_0_wrfifo_inst/inst_fifo_gen/gconvfifo.rf/grf.rf/gntv_or_sync_fifo.gcx.clkx/gnxpm_cdc.gsync_stage[1].rd_stg_inst/Q_reg_reg[3]/C
                         clock pessimism             -0.154     1.273    
    SLICE_X47Y124        FDCE (Remov_BFF2_SLICEL_C_CLR)
                                                     -0.020     1.253    dbg_hub/inst/BSCANID.u_xsdbm_id/CORE_XSDB.UUT_MASTER/U_ICON_INTERFACE/U_CMD6_WR/U_WR_FIFO/SUBCORE_FIFO.xsdbm_v3_0_0_wrfifo_inst/inst_fifo_gen/gconvfifo.rf/grf.rf/gntv_or_sync_fifo.gcx.clkx/gnxpm_cdc.gsync_stage[1].rd_stg_inst/Q_reg_reg[3]
  -------------------------------------------------------------------
                         required time                         -1.253    
                         arrival time                           1.415    
  -------------------------------------------------------------------
                         slack                                  0.162    

Slack (MET) :             0.162ns  (arrival time - required time)
  Source:                 dbg_hub/inst/BSCANID.u_xsdbm_id/CORE_XSDB.UUT_MASTER/U_ICON_INTERFACE/U_CMD6_WR/U_WR_FIFO/SUBCORE_FIFO.xsdbm_v3_0_0_wrfifo_inst/inst_fifo_gen/gconvfifo.rf/grf.rf/rstblk/ngwrdrst.grst.g7serrst.rd_rst_reg_reg[1]/C
                            (rising edge-triggered cell FDPE clocked by clk_pl_0  {rise@0.000ns fall@2.625ns period=5.250ns})
  Destination:            dbg_hub/inst/BSCANID.u_xsdbm_id/CORE_XSDB.UUT_MASTER/U_ICON_INTERFACE/U_CMD6_WR/U_WR_FIFO/SUBCORE_FIFO.xsdbm_v3_0_0_wrfifo_inst/inst_fifo_gen/gconvfifo.rf/grf.rf/gntv_or_sync_fifo.gcx.clkx/gnxpm_cdc.gsync_stage[2].rd_stg_inst/Q_reg_reg[2]/CLR
                            (removal check against rising-edge clock clk_pl_0  {rise@0.000ns fall@2.625ns period=5.250ns})
  Path Group:             **async_default**
  Path Type:              Removal (Min at Fast Process Corner)
  Requirement:            0.000ns  (clk_pl_0 rise@0.000ns - clk_pl_0 rise@0.000ns)
  Data Path Delay:        0.153ns  (logic 0.040ns (26.144%)  route 0.113ns (73.856%))
  Logic Levels:           0  
  Clock Path Skew:        0.011ns (DCD - SCD - CPR)
    Destination Clock Delay (DCD):    1.427ns
    Source Clock Delay      (SCD):    1.262ns
    Clock Pessimism Removal (CPR):    0.154ns
  Clock Net Delay (Source):      1.151ns (routing 0.539ns, distribution 0.612ns)
  Clock Net Delay (Destination): 1.289ns (routing 0.601ns, distribution 0.688ns)

    Location             Delay type                Incr(ns)  Path(ns)    Netlist Resource(s)
  -------------------------------------------------------------------    -------------------
                         (clock clk_pl_0 rise edge)
                                                      0.000     0.000 r  
    PS8_X0Y0             PS8                          0.000     0.000 r  BASIC_i/zynq_ultra_ps_e_0/inst/PS8_i/PLCLK[0]
                         net (fo=1, routed)           0.094     0.094    BASIC_i/zynq_ultra_ps_e_0/inst/pl_clk_unbuffered[0]
    BUFG_PS_X0Y77        BUFG_PS (Prop_BUFG_PS_I_O)
                                                      0.017     0.111 r  BASIC_i/zynq_ultra_ps_e_0/inst/buffer_pl_clk_0.PL_CLK_0_BUFG/O
    X1Y2 (CLOCK_ROOT)    net (fo=6574, routed)        1.151     1.262    dbg_hub/inst/BSCANID.u_xsdbm_id/CORE_XSDB.UUT_MASTER/U_ICON_INTERFACE/U_CMD6_WR/U_WR_FIFO/SUBCORE_FIFO.xsdbm_v3_0_0_wrfifo_inst/inst_fifo_gen/gconvfifo.rf/grf.rf/rstblk/rd_clk
    SLICE_X47Y125        FDPE                                         r  dbg_hub/inst/BSCANID.u_xsdbm_id/CORE_XSDB.UUT_MASTER/U_ICON_INTERFACE/U_CMD6_WR/U_WR_FIFO/SUBCORE_FIFO.xsdbm_v3_0_0_wrfifo_inst/inst_fifo_gen/gconvfifo.rf/grf.rf/rstblk/ngwrdrst.grst.g7serrst.rd_rst_reg_reg[1]/C
  -------------------------------------------------------------------    -------------------
    SLICE_X47Y125        FDPE (Prop_EFF2_SLICEL_C_Q)
                                                      0.040     1.302 f  dbg_hub/inst/BSCANID.u_xsdbm_id/CORE_XSDB.UUT_MASTER/U_ICON_INTERFACE/U_CMD6_WR/U_WR_FIFO/SUBCORE_FIFO.xsdbm_v3_0_0_wrfifo_inst/inst_fifo_gen/gconvfifo.rf/grf.rf/rstblk/ngwrdrst.grst.g7serrst.rd_rst_reg_reg[1]/Q
                         net (fo=16, routed)          0.113     1.415    dbg_hub/inst/BSCANID.u_xsdbm_id/CORE_XSDB.UUT_MASTER/U_ICON_INTERFACE/U_CMD6_WR/U_WR_FIFO/SUBCORE_FIFO.xsdbm_v3_0_0_wrfifo_inst/inst_fifo_gen/gconvfifo.rf/grf.rf/gntv_or_sync_fifo.gcx.clkx/gnxpm_cdc.gsync_stage[2].rd_stg_inst/Q_reg_reg[0]_0[0]
    SLICE_X47Y124        FDCE                                         f  dbg_hub/inst/BSCANID.u_xsdbm_id/CORE_XSDB.UUT_MASTER/U_ICON_INTERFACE/U_CMD6_WR/U_WR_FIFO/SUBCORE_FIFO.xsdbm_v3_0_0_wrfifo_inst/inst_fifo_gen/gconvfifo.rf/grf.rf/gntv_or_sync_fifo.gcx.clkx/gnxpm_cdc.gsync_stage[2].rd_stg_inst/Q_reg_reg[2]/CLR
  -------------------------------------------------------------------    -------------------

                         (clock clk_pl_0 rise edge)
                                                      0.000     0.000 r  
    PS8_X0Y0             PS8                          0.000     0.000 r  BASIC_i/zynq_ultra_ps_e_0/inst/PS8_i/PLCLK[0]
                         net (fo=1, routed)           0.120     0.120    BASIC_i/zynq_ultra_ps_e_0/inst/pl_clk_unbuffered[0]
    BUFG_PS_X0Y77        BUFG_PS (Prop_BUFG_PS_I_O)
                                                      0.018     0.138 r  BASIC_i/zynq_ultra_ps_e_0/inst/buffer_pl_clk_0.PL_CLK_0_BUFG/O
    X1Y2 (CLOCK_ROOT)    net (fo=6574, routed)        1.289     1.427    dbg_hub/inst/BSCANID.u_xsdbm_id/CORE_XSDB.UUT_MASTER/U_ICON_INTERFACE/U_CMD6_WR/U_WR_FIFO/SUBCORE_FIFO.xsdbm_v3_0_0_wrfifo_inst/inst_fifo_gen/gconvfifo.rf/grf.rf/gntv_or_sync_fifo.gcx.clkx/gnxpm_cdc.gsync_stage[2].rd_stg_inst/rd_clk
    SLICE_X47Y124        FDCE                                         r  dbg_hub/inst/BSCANID.u_xsdbm_id/CORE_XSDB.UUT_MASTER/U_ICON_INTERFACE/U_CMD6_WR/U_WR_FIFO/SUBCORE_FIFO.xsdbm_v3_0_0_wrfifo_inst/inst_fifo_gen/gconvfifo.rf/grf.rf/gntv_or_sync_fifo.gcx.clkx/gnxpm_cdc.gsync_stage[2].rd_stg_inst/Q_reg_reg[2]/C
                         clock pessimism             -0.154     1.273    
    SLICE_X47Y124        FDCE (Remov_AFF2_SLICEL_C_CLR)
                                                     -0.020     1.253    dbg_hub/inst/BSCANID.u_xsdbm_id/CORE_XSDB.UUT_MASTER/U_ICON_INTERFACE/U_CMD6_WR/U_WR_FIFO/SUBCORE_FIFO.xsdbm_v3_0_0_wrfifo_inst/inst_fifo_gen/gconvfifo.rf/grf.rf/gntv_or_sync_fifo.gcx.clkx/gnxpm_cdc.gsync_stage[2].rd_stg_inst/Q_reg_reg[2]
  -------------------------------------------------------------------
                         required time                         -1.253    
                         arrival time                           1.415    
  -------------------------------------------------------------------
                         slack                                  0.162    

Slack (MET) :             0.162ns  (arrival time - required time)
  Source:                 dbg_hub/inst/BSCANID.u_xsdbm_id/CORE_XSDB.UUT_MASTER/U_ICON_INTERFACE/U_CMD6_WR/U_WR_FIFO/SUBCORE_FIFO.xsdbm_v3_0_0_wrfifo_inst/inst_fifo_gen/gconvfifo.rf/grf.rf/rstblk/ngwrdrst.grst.g7serrst.rd_rst_reg_reg[1]/C
                            (rising edge-triggered cell FDPE clocked by clk_pl_0  {rise@0.000ns fall@2.625ns period=5.250ns})
  Destination:            dbg_hub/inst/BSCANID.u_xsdbm_id/CORE_XSDB.UUT_MASTER/U_ICON_INTERFACE/U_CMD6_WR/U_WR_FIFO/SUBCORE_FIFO.xsdbm_v3_0_0_wrfifo_inst/inst_fifo_gen/gconvfifo.rf/grf.rf/gntv_or_sync_fifo.gcx.clkx/gnxpm_cdc.gsync_stage[2].rd_stg_inst/Q_reg_reg[3]/CLR
                            (removal check against rising-edge clock clk_pl_0  {rise@0.000ns fall@2.625ns period=5.250ns})
  Path Group:             **async_default**
  Path Type:              Removal (Min at Fast Process Corner)
  Requirement:            0.000ns  (clk_pl_0 rise@0.000ns - clk_pl_0 rise@0.000ns)
  Data Path Delay:        0.153ns  (logic 0.040ns (26.144%)  route 0.113ns (73.856%))
  Logic Levels:           0  
  Clock Path Skew:        0.011ns (DCD - SCD - CPR)
    Destination Clock Delay (DCD):    1.427ns
    Source Clock Delay      (SCD):    1.262ns
    Clock Pessimism Removal (CPR):    0.154ns
  Clock Net Delay (Source):      1.151ns (routing 0.539ns, distribution 0.612ns)
  Clock Net Delay (Destination): 1.289ns (routing 0.601ns, distribution 0.688ns)

    Location             Delay type                Incr(ns)  Path(ns)    Netlist Resource(s)
  -------------------------------------------------------------------    -------------------
                         (clock clk_pl_0 rise edge)
                                                      0.000     0.000 r  
    PS8_X0Y0             PS8                          0.000     0.000 r  BASIC_i/zynq_ultra_ps_e_0/inst/PS8_i/PLCLK[0]
                         net (fo=1, routed)           0.094     0.094    BASIC_i/zynq_ultra_ps_e_0/inst/pl_clk_unbuffered[0]
    BUFG_PS_X0Y77        BUFG_PS (Prop_BUFG_PS_I_O)
                                                      0.017     0.111 r  BASIC_i/zynq_ultra_ps_e_0/inst/buffer_pl_clk_0.PL_CLK_0_BUFG/O
    X1Y2 (CLOCK_ROOT)    net (fo=6574, routed)        1.151     1.262    dbg_hub/inst/BSCANID.u_xsdbm_id/CORE_XSDB.UUT_MASTER/U_ICON_INTERFACE/U_CMD6_WR/U_WR_FIFO/SUBCORE_FIFO.xsdbm_v3_0_0_wrfifo_inst/inst_fifo_gen/gconvfifo.rf/grf.rf/rstblk/rd_clk
    SLICE_X47Y125        FDPE                                         r  dbg_hub/inst/BSCANID.u_xsdbm_id/CORE_XSDB.UUT_MASTER/U_ICON_INTERFACE/U_CMD6_WR/U_WR_FIFO/SUBCORE_FIFO.xsdbm_v3_0_0_wrfifo_inst/inst_fifo_gen/gconvfifo.rf/grf.rf/rstblk/ngwrdrst.grst.g7serrst.rd_rst_reg_reg[1]/C
  -------------------------------------------------------------------    -------------------
    SLICE_X47Y125        FDPE (Prop_EFF2_SLICEL_C_Q)
                                                      0.040     1.302 f  dbg_hub/inst/BSCANID.u_xsdbm_id/CORE_XSDB.UUT_MASTER/U_ICON_INTERFACE/U_CMD6_WR/U_WR_FIFO/SUBCORE_FIFO.xsdbm_v3_0_0_wrfifo_inst/inst_fifo_gen/gconvfifo.rf/grf.rf/rstblk/ngwrdrst.grst.g7serrst.rd_rst_reg_reg[1]/Q
                         net (fo=16, routed)          0.113     1.415    dbg_hub/inst/BSCANID.u_xsdbm_id/CORE_XSDB.UUT_MASTER/U_ICON_INTERFACE/U_CMD6_WR/U_WR_FIFO/SUBCORE_FIFO.xsdbm_v3_0_0_wrfifo_inst/inst_fifo_gen/gconvfifo.rf/grf.rf/gntv_or_sync_fifo.gcx.clkx/gnxpm_cdc.gsync_stage[2].rd_stg_inst/Q_reg_reg[0]_0[0]
    SLICE_X47Y124        FDCE                                         f  dbg_hub/inst/BSCANID.u_xsdbm_id/CORE_XSDB.UUT_MASTER/U_ICON_INTERFACE/U_CMD6_WR/U_WR_FIFO/SUBCORE_FIFO.xsdbm_v3_0_0_wrfifo_inst/inst_fifo_gen/gconvfifo.rf/grf.rf/gntv_or_sync_fifo.gcx.clkx/gnxpm_cdc.gsync_stage[2].rd_stg_inst/Q_reg_reg[3]/CLR
  -------------------------------------------------------------------    -------------------

                         (clock clk_pl_0 rise edge)
                                                      0.000     0.000 r  
    PS8_X0Y0             PS8                          0.000     0.000 r  BASIC_i/zynq_ultra_ps_e_0/inst/PS8_i/PLCLK[0]
                         net (fo=1, routed)           0.120     0.120    BASIC_i/zynq_ultra_ps_e_0/inst/pl_clk_unbuffered[0]
    BUFG_PS_X0Y77        BUFG_PS (Prop_BUFG_PS_I_O)
                                                      0.018     0.138 r  BASIC_i/zynq_ultra_ps_e_0/inst/buffer_pl_clk_0.PL_CLK_0_BUFG/O
    X1Y2 (CLOCK_ROOT)    net (fo=6574, routed)        1.289     1.427    dbg_hub/inst/BSCANID.u_xsdbm_id/CORE_XSDB.UUT_MASTER/U_ICON_INTERFACE/U_CMD6_WR/U_WR_FIFO/SUBCORE_FIFO.xsdbm_v3_0_0_wrfifo_inst/inst_fifo_gen/gconvfifo.rf/grf.rf/gntv_or_sync_fifo.gcx.clkx/gnxpm_cdc.gsync_stage[2].rd_stg_inst/rd_clk
    SLICE_X47Y124        FDCE                                         r  dbg_hub/inst/BSCANID.u_xsdbm_id/CORE_XSDB.UUT_MASTER/U_ICON_INTERFACE/U_CMD6_WR/U_WR_FIFO/SUBCORE_FIFO.xsdbm_v3_0_0_wrfifo_inst/inst_fifo_gen/gconvfifo.rf/grf.rf/gntv_or_sync_fifo.gcx.clkx/gnxpm_cdc.gsync_stage[2].rd_stg_inst/Q_reg_reg[3]/C
                         clock pessimism             -0.154     1.273    
    SLICE_X47Y124        FDCE (Remov_AFF_SLICEL_C_CLR)
                                                     -0.020     1.253    dbg_hub/inst/BSCANID.u_xsdbm_id/CORE_XSDB.UUT_MASTER/U_ICON_INTERFACE/U_CMD6_WR/U_WR_FIFO/SUBCORE_FIFO.xsdbm_v3_0_0_wrfifo_inst/inst_fifo_gen/gconvfifo.rf/grf.rf/gntv_or_sync_fifo.gcx.clkx/gnxpm_cdc.gsync_stage[2].rd_stg_inst/Q_reg_reg[3]
  -------------------------------------------------------------------
                         required time                         -1.253    
                         arrival time                           1.415    
  -------------------------------------------------------------------
                         slack                                  0.162    





---------------------------------------------------------------------------------------------------
Path Group:  **async_default**
From Clock:  dbg_hub/inst/BSCANID.u_xsdbm_id/SWITCH_N_EXT_BSCAN.bscan_inst/SERIES7_BSCAN.bscan_inst/INTERNAL_TCK
  To Clock:  dbg_hub/inst/BSCANID.u_xsdbm_id/SWITCH_N_EXT_BSCAN.bscan_inst/SERIES7_BSCAN.bscan_inst/INTERNAL_TCK

Setup :            0  Failing Endpoints,  Worst Slack       47.554ns,  Total Violation        0.000ns
Hold  :            0  Failing Endpoints,  Worst Slack        0.105ns,  Total Violation        0.000ns
---------------------------------------------------------------------------------------------------


Max Delay Paths
--------------------------------------------------------------------------------------
Slack (MET) :             47.554ns  (required time - arrival time)
  Source:                 dbg_hub/inst/BSCANID.u_xsdbm_id/SWITCH_N_EXT_BSCAN.bscan_switch/portno_reg[5]/C
                            (rising edge-triggered cell FDRE clocked by dbg_hub/inst/BSCANID.u_xsdbm_id/SWITCH_N_EXT_BSCAN.bscan_inst/SERIES7_BSCAN.bscan_inst/INTERNAL_TCK  {rise@0.000ns fall@25.000ns period=50.000ns})
  Destination:            dbg_hub/inst/BSCANID.u_xsdbm_id/CORE_XSDB.U_ICON/U_CMD/iTARGET_reg[12]/CLR
                            (recovery check against rising-edge clock dbg_hub/inst/BSCANID.u_xsdbm_id/SWITCH_N_EXT_BSCAN.bscan_inst/SERIES7_BSCAN.bscan_inst/INTERNAL_TCK  {rise@0.000ns fall@25.000ns period=50.000ns})
  Path Group:             **async_default**
  Path Type:              Recovery (Max at Slow Process Corner)
  Requirement:            50.000ns  (dbg_hub/inst/BSCANID.u_xsdbm_id/SWITCH_N_EXT_BSCAN.bscan_inst/SERIES7_BSCAN.bscan_inst/INTERNAL_TCK rise@50.000ns - dbg_hub/inst/BSCANID.u_xsdbm_id/SWITCH_N_EXT_BSCAN.bscan_inst/SERIES7_BSCAN.bscan_inst/INTERNAL_TCK rise@0.000ns)
  Data Path Delay:        2.263ns  (logic 0.237ns (10.473%)  route 2.026ns (89.527%))
  Logic Levels:           2  (LUT4=1 LUT6=1)
  Clock Path Skew:        -0.082ns (DCD - SCD + CPR)
    Destination Clock Delay (DCD):    2.489ns = ( 52.489 - 50.000 ) 
    Source Clock Delay      (SCD):    6.821ns
    Clock Pessimism Removal (CPR):    4.250ns
  Clock Uncertainty:      0.035ns  ((TSJ^2 + TIJ^2)^1/2 + DJ) / 2 + PE
    Total System Jitter     (TSJ):    0.071ns
    Total Input Jitter      (TIJ):    0.000ns
    Discrete Jitter          (DJ):    0.000ns
    Phase Error              (PE):    0.000ns
  Clock Net Delay (Source):      1.353ns (routing 0.505ns, distribution 0.848ns)
  Clock Net Delay (Destination): 1.192ns (routing 0.460ns, distribution 0.732ns)

    Location             Delay type                Incr(ns)  Path(ns)    Netlist Resource(s)
  -------------------------------------------------------------------    -------------------
                         (clock dbg_hub/inst/BSCANID.u_xsdbm_id/SWITCH_N_EXT_BSCAN.bscan_inst/SERIES7_BSCAN.bscan_inst/INTERNAL_TCK rise edge)
                                                      0.000     0.000 r  
    CONFIG_SITE_X0Y0     BSCANE2                      0.000     0.000 r  dbg_hub/inst/BSCANID.u_xsdbm_id/SWITCH_N_EXT_BSCAN.bscan_inst/SERIES7_BSCAN.bscan_inst/INTERNAL_TCK
    CONFIG_SITE_X0Y0     BSCANE2 (Prop_BSCAN1_CONFIG_SITE_INTERNAL_TCK_TCK)
                                                      4.300     4.300 r  dbg_hub/inst/BSCANID.u_xsdbm_id/SWITCH_N_EXT_BSCAN.bscan_inst/SERIES7_BSCAN.bscan_inst/TCK
                         net (fo=1, routed)           1.140     5.440    dbg_hub/inst/BSCANID.u_xsdbm_id/tck_bs
    BUFGCE_X0Y50         BUFGCE (Prop_BUFCE_BUFGCE_I_O)
                                                      0.028     5.468 r  dbg_hub/inst/BSCANID.u_xsdbm_id/SWITCH_N_EXT_BSCAN.u_bufg_icon_tck/O
    X2Y2 (CLOCK_ROOT)    net (fo=490, routed)         1.353     6.821    dbg_hub/inst/BSCANID.u_xsdbm_id/SWITCH_N_EXT_BSCAN.bscan_switch/s_bscan_tck
    SLICE_X49Y161        FDRE                                         r  dbg_hub/inst/BSCANID.u_xsdbm_id/SWITCH_N_EXT_BSCAN.bscan_switch/portno_reg[5]/C
  -------------------------------------------------------------------    -------------------
    SLICE_X49Y161        FDRE (Prop_GFF2_SLICEL_C_Q)
                                                      0.081     6.902 f  dbg_hub/inst/BSCANID.u_xsdbm_id/SWITCH_N_EXT_BSCAN.bscan_switch/portno_reg[5]/Q
                         net (fo=1, routed)           0.753     7.655    dbg_hub/inst/BSCANID.u_xsdbm_id/SWITCH_N_EXT_BSCAN.bscan_switch/portno[5]
    SLICE_X49Y161        LUT6 (Prop_H6LUT_SLICEL_I5_O)
                                                      0.090     7.745 f  dbg_hub/inst/BSCANID.u_xsdbm_id/SWITCH_N_EXT_BSCAN.bscan_switch/m_bscan_drck[0]_INST_0_i_1/O
                         net (fo=5, routed)           0.247     7.992    dbg_hub/inst/BSCANID.u_xsdbm_id/SWITCH_N_EXT_BSCAN.bscan_switch/m_bscan_drck[0]_INST_0_i_1_n_0
    SLICE_X49Y161        LUT4 (Prop_D5LUT_SLICEL_I3_O)
                                                      0.066     8.058 r  dbg_hub/inst/BSCANID.u_xsdbm_id/SWITCH_N_EXT_BSCAN.bscan_switch/m_bscan_sel[0]_INST_0/O
                         net (fo=11, routed)          1.026     9.084    dbg_hub/inst/BSCANID.u_xsdbm_id/CORE_XSDB.U_ICON/U_CMD/iTARGET_reg[6]_0
    SLICE_X49Y146        FDCE                                         f  dbg_hub/inst/BSCANID.u_xsdbm_id/CORE_XSDB.U_ICON/U_CMD/iTARGET_reg[12]/CLR  (IS_INVERTED)
  -------------------------------------------------------------------    -------------------

                         (clock dbg_hub/inst/BSCANID.u_xsdbm_id/SWITCH_N_EXT_BSCAN.bscan_inst/SERIES7_BSCAN.bscan_inst/INTERNAL_TCK rise edge)
                                                     50.000    50.000 r  
    CONFIG_SITE_X0Y0     BSCANE2                      0.000    50.000 r  dbg_hub/inst/BSCANID.u_xsdbm_id/SWITCH_N_EXT_BSCAN.bscan_inst/SERIES7_BSCAN.bscan_inst/INTERNAL_TCK
    CONFIG_SITE_X0Y0     BSCANE2 (Prop_BSCAN1_CONFIG_SITE_INTERNAL_TCK_TCK)
                                                      0.465    50.465 r  dbg_hub/inst/BSCANID.u_xsdbm_id/SWITCH_N_EXT_BSCAN.bscan_inst/SERIES7_BSCAN.bscan_inst/TCK
                         net (fo=1, routed)           0.808    51.273    dbg_hub/inst/BSCANID.u_xsdbm_id/tck_bs
    BUFGCE_X0Y50         BUFGCE (Prop_BUFCE_BUFGCE_I_O)
                                                      0.024    51.297 r  dbg_hub/inst/BSCANID.u_xsdbm_id/SWITCH_N_EXT_BSCAN.u_bufg_icon_tck/O
    X2Y2 (CLOCK_ROOT)    net (fo=490, routed)         1.192    52.489    dbg_hub/inst/BSCANID.u_xsdbm_id/CORE_XSDB.U_ICON/U_CMD/m_bscan_tck[0]
    SLICE_X49Y146        FDCE                                         r  dbg_hub/inst/BSCANID.u_xsdbm_id/CORE_XSDB.U_ICON/U_CMD/iTARGET_reg[12]/C
                         clock pessimism              4.250    56.739    
                         clock uncertainty           -0.035    56.704    
    SLICE_X49Y146        FDCE (Recov_EFF_SLICEL_C_CLR)
                                                     -0.066    56.638    dbg_hub/inst/BSCANID.u_xsdbm_id/CORE_XSDB.U_ICON/U_CMD/iTARGET_reg[12]
  -------------------------------------------------------------------
                         required time                         56.638    
                         arrival time                          -9.084    
  -------------------------------------------------------------------
                         slack                                 47.554    

Slack (MET) :             47.554ns  (required time - arrival time)
  Source:                 dbg_hub/inst/BSCANID.u_xsdbm_id/SWITCH_N_EXT_BSCAN.bscan_switch/portno_reg[5]/C
                            (rising edge-triggered cell FDRE clocked by dbg_hub/inst/BSCANID.u_xsdbm_id/SWITCH_N_EXT_BSCAN.bscan_inst/SERIES7_BSCAN.bscan_inst/INTERNAL_TCK  {rise@0.000ns fall@25.000ns period=50.000ns})
  Destination:            dbg_hub/inst/BSCANID.u_xsdbm_id/CORE_XSDB.U_ICON/U_CMD/iTARGET_reg[13]/CLR
                            (recovery check against rising-edge clock dbg_hub/inst/BSCANID.u_xsdbm_id/SWITCH_N_EXT_BSCAN.bscan_inst/SERIES7_BSCAN.bscan_inst/INTERNAL_TCK  {rise@0.000ns fall@25.000ns period=50.000ns})
  Path Group:             **async_default**
  Path Type:              Recovery (Max at Slow Process Corner)
  Requirement:            50.000ns  (dbg_hub/inst/BSCANID.u_xsdbm_id/SWITCH_N_EXT_BSCAN.bscan_inst/SERIES7_BSCAN.bscan_inst/INTERNAL_TCK rise@50.000ns - dbg_hub/inst/BSCANID.u_xsdbm_id/SWITCH_N_EXT_BSCAN.bscan_inst/SERIES7_BSCAN.bscan_inst/INTERNAL_TCK rise@0.000ns)
  Data Path Delay:        2.263ns  (logic 0.237ns (10.473%)  route 2.026ns (89.527%))
  Logic Levels:           2  (LUT4=1 LUT6=1)
  Clock Path Skew:        -0.082ns (DCD - SCD + CPR)
    Destination Clock Delay (DCD):    2.489ns = ( 52.489 - 50.000 ) 
    Source Clock Delay      (SCD):    6.821ns
    Clock Pessimism Removal (CPR):    4.250ns
  Clock Uncertainty:      0.035ns  ((TSJ^2 + TIJ^2)^1/2 + DJ) / 2 + PE
    Total System Jitter     (TSJ):    0.071ns
    Total Input Jitter      (TIJ):    0.000ns
    Discrete Jitter          (DJ):    0.000ns
    Phase Error              (PE):    0.000ns
  Clock Net Delay (Source):      1.353ns (routing 0.505ns, distribution 0.848ns)
  Clock Net Delay (Destination): 1.192ns (routing 0.460ns, distribution 0.732ns)

    Location             Delay type                Incr(ns)  Path(ns)    Netlist Resource(s)
  -------------------------------------------------------------------    -------------------
                         (clock dbg_hub/inst/BSCANID.u_xsdbm_id/SWITCH_N_EXT_BSCAN.bscan_inst/SERIES7_BSCAN.bscan_inst/INTERNAL_TCK rise edge)
                                                      0.000     0.000 r  
    CONFIG_SITE_X0Y0     BSCANE2                      0.000     0.000 r  dbg_hub/inst/BSCANID.u_xsdbm_id/SWITCH_N_EXT_BSCAN.bscan_inst/SERIES7_BSCAN.bscan_inst/INTERNAL_TCK
    CONFIG_SITE_X0Y0     BSCANE2 (Prop_BSCAN1_CONFIG_SITE_INTERNAL_TCK_TCK)
                                                      4.300     4.300 r  dbg_hub/inst/BSCANID.u_xsdbm_id/SWITCH_N_EXT_BSCAN.bscan_inst/SERIES7_BSCAN.bscan_inst/TCK
                         net (fo=1, routed)           1.140     5.440    dbg_hub/inst/BSCANID.u_xsdbm_id/tck_bs
    BUFGCE_X0Y50         BUFGCE (Prop_BUFCE_BUFGCE_I_O)
                                                      0.028     5.468 r  dbg_hub/inst/BSCANID.u_xsdbm_id/SWITCH_N_EXT_BSCAN.u_bufg_icon_tck/O
    X2Y2 (CLOCK_ROOT)    net (fo=490, routed)         1.353     6.821    dbg_hub/inst/BSCANID.u_xsdbm_id/SWITCH_N_EXT_BSCAN.bscan_switch/s_bscan_tck
    SLICE_X49Y161        FDRE                                         r  dbg_hub/inst/BSCANID.u_xsdbm_id/SWITCH_N_EXT_BSCAN.bscan_switch/portno_reg[5]/C
  -------------------------------------------------------------------    -------------------
    SLICE_X49Y161        FDRE (Prop_GFF2_SLICEL_C_Q)
                                                      0.081     6.902 f  dbg_hub/inst/BSCANID.u_xsdbm_id/SWITCH_N_EXT_BSCAN.bscan_switch/portno_reg[5]/Q
                         net (fo=1, routed)           0.753     7.655    dbg_hub/inst/BSCANID.u_xsdbm_id/SWITCH_N_EXT_BSCAN.bscan_switch/portno[5]
    SLICE_X49Y161        LUT6 (Prop_H6LUT_SLICEL_I5_O)
                                                      0.090     7.745 f  dbg_hub/inst/BSCANID.u_xsdbm_id/SWITCH_N_EXT_BSCAN.bscan_switch/m_bscan_drck[0]_INST_0_i_1/O
                         net (fo=5, routed)           0.247     7.992    dbg_hub/inst/BSCANID.u_xsdbm_id/SWITCH_N_EXT_BSCAN.bscan_switch/m_bscan_drck[0]_INST_0_i_1_n_0
    SLICE_X49Y161        LUT4 (Prop_D5LUT_SLICEL_I3_O)
                                                      0.066     8.058 r  dbg_hub/inst/BSCANID.u_xsdbm_id/SWITCH_N_EXT_BSCAN.bscan_switch/m_bscan_sel[0]_INST_0/O
                         net (fo=11, routed)          1.026     9.084    dbg_hub/inst/BSCANID.u_xsdbm_id/CORE_XSDB.U_ICON/U_CMD/iTARGET_reg[6]_0
    SLICE_X49Y146        FDCE                                         f  dbg_hub/inst/BSCANID.u_xsdbm_id/CORE_XSDB.U_ICON/U_CMD/iTARGET_reg[13]/CLR  (IS_INVERTED)
  -------------------------------------------------------------------    -------------------

                         (clock dbg_hub/inst/BSCANID.u_xsdbm_id/SWITCH_N_EXT_BSCAN.bscan_inst/SERIES7_BSCAN.bscan_inst/INTERNAL_TCK rise edge)
                                                     50.000    50.000 r  
    CONFIG_SITE_X0Y0     BSCANE2                      0.000    50.000 r  dbg_hub/inst/BSCANID.u_xsdbm_id/SWITCH_N_EXT_BSCAN.bscan_inst/SERIES7_BSCAN.bscan_inst/INTERNAL_TCK
    CONFIG_SITE_X0Y0     BSCANE2 (Prop_BSCAN1_CONFIG_SITE_INTERNAL_TCK_TCK)
                                                      0.465    50.465 r  dbg_hub/inst/BSCANID.u_xsdbm_id/SWITCH_N_EXT_BSCAN.bscan_inst/SERIES7_BSCAN.bscan_inst/TCK
                         net (fo=1, routed)           0.808    51.273    dbg_hub/inst/BSCANID.u_xsdbm_id/tck_bs
    BUFGCE_X0Y50         BUFGCE (Prop_BUFCE_BUFGCE_I_O)
                                                      0.024    51.297 r  dbg_hub/inst/BSCANID.u_xsdbm_id/SWITCH_N_EXT_BSCAN.u_bufg_icon_tck/O
    X2Y2 (CLOCK_ROOT)    net (fo=490, routed)         1.192    52.489    dbg_hub/inst/BSCANID.u_xsdbm_id/CORE_XSDB.U_ICON/U_CMD/m_bscan_tck[0]
    SLICE_X49Y146        FDCE                                         r  dbg_hub/inst/BSCANID.u_xsdbm_id/CORE_XSDB.U_ICON/U_CMD/iTARGET_reg[13]/C
                         clock pessimism              4.250    56.739    
                         clock uncertainty           -0.035    56.704    
    SLICE_X49Y146        FDCE (Recov_EFF2_SLICEL_C_CLR)
                                                     -0.066    56.638    dbg_hub/inst/BSCANID.u_xsdbm_id/CORE_XSDB.U_ICON/U_CMD/iTARGET_reg[13]
  -------------------------------------------------------------------
                         required time                         56.638    
                         arrival time                          -9.084    
  -------------------------------------------------------------------
                         slack                                 47.554    

Slack (MET) :             47.554ns  (required time - arrival time)
  Source:                 dbg_hub/inst/BSCANID.u_xsdbm_id/SWITCH_N_EXT_BSCAN.bscan_switch/portno_reg[5]/C
                            (rising edge-triggered cell FDRE clocked by dbg_hub/inst/BSCANID.u_xsdbm_id/SWITCH_N_EXT_BSCAN.bscan_inst/SERIES7_BSCAN.bscan_inst/INTERNAL_TCK  {rise@0.000ns fall@25.000ns period=50.000ns})
  Destination:            dbg_hub/inst/BSCANID.u_xsdbm_id/CORE_XSDB.U_ICON/U_CMD/iTARGET_reg[14]/CLR
                            (recovery check against rising-edge clock dbg_hub/inst/BSCANID.u_xsdbm_id/SWITCH_N_EXT_BSCAN.bscan_inst/SERIES7_BSCAN.bscan_inst/INTERNAL_TCK  {rise@0.000ns fall@25.000ns period=50.000ns})
  Path Group:             **async_default**
  Path Type:              Recovery (Max at Slow Process Corner)
  Requirement:            50.000ns  (dbg_hub/inst/BSCANID.u_xsdbm_id/SWITCH_N_EXT_BSCAN.bscan_inst/SERIES7_BSCAN.bscan_inst/INTERNAL_TCK rise@50.000ns - dbg_hub/inst/BSCANID.u_xsdbm_id/SWITCH_N_EXT_BSCAN.bscan_inst/SERIES7_BSCAN.bscan_inst/INTERNAL_TCK rise@0.000ns)
  Data Path Delay:        2.263ns  (logic 0.237ns (10.473%)  route 2.026ns (89.527%))
  Logic Levels:           2  (LUT4=1 LUT6=1)
  Clock Path Skew:        -0.082ns (DCD - SCD + CPR)
    Destination Clock Delay (DCD):    2.489ns = ( 52.489 - 50.000 ) 
    Source Clock Delay      (SCD):    6.821ns
    Clock Pessimism Removal (CPR):    4.250ns
  Clock Uncertainty:      0.035ns  ((TSJ^2 + TIJ^2)^1/2 + DJ) / 2 + PE
    Total System Jitter     (TSJ):    0.071ns
    Total Input Jitter      (TIJ):    0.000ns
    Discrete Jitter          (DJ):    0.000ns
    Phase Error              (PE):    0.000ns
  Clock Net Delay (Source):      1.353ns (routing 0.505ns, distribution 0.848ns)
  Clock Net Delay (Destination): 1.192ns (routing 0.460ns, distribution 0.732ns)

    Location             Delay type                Incr(ns)  Path(ns)    Netlist Resource(s)
  -------------------------------------------------------------------    -------------------
                         (clock dbg_hub/inst/BSCANID.u_xsdbm_id/SWITCH_N_EXT_BSCAN.bscan_inst/SERIES7_BSCAN.bscan_inst/INTERNAL_TCK rise edge)
                                                      0.000     0.000 r  
    CONFIG_SITE_X0Y0     BSCANE2                      0.000     0.000 r  dbg_hub/inst/BSCANID.u_xsdbm_id/SWITCH_N_EXT_BSCAN.bscan_inst/SERIES7_BSCAN.bscan_inst/INTERNAL_TCK
    CONFIG_SITE_X0Y0     BSCANE2 (Prop_BSCAN1_CONFIG_SITE_INTERNAL_TCK_TCK)
                                                      4.300     4.300 r  dbg_hub/inst/BSCANID.u_xsdbm_id/SWITCH_N_EXT_BSCAN.bscan_inst/SERIES7_BSCAN.bscan_inst/TCK
                         net (fo=1, routed)           1.140     5.440    dbg_hub/inst/BSCANID.u_xsdbm_id/tck_bs
    BUFGCE_X0Y50         BUFGCE (Prop_BUFCE_BUFGCE_I_O)
                                                      0.028     5.468 r  dbg_hub/inst/BSCANID.u_xsdbm_id/SWITCH_N_EXT_BSCAN.u_bufg_icon_tck/O
    X2Y2 (CLOCK_ROOT)    net (fo=490, routed)         1.353     6.821    dbg_hub/inst/BSCANID.u_xsdbm_id/SWITCH_N_EXT_BSCAN.bscan_switch/s_bscan_tck
    SLICE_X49Y161        FDRE                                         r  dbg_hub/inst/BSCANID.u_xsdbm_id/SWITCH_N_EXT_BSCAN.bscan_switch/portno_reg[5]/C
  -------------------------------------------------------------------    -------------------
    SLICE_X49Y161        FDRE (Prop_GFF2_SLICEL_C_Q)
                                                      0.081     6.902 f  dbg_hub/inst/BSCANID.u_xsdbm_id/SWITCH_N_EXT_BSCAN.bscan_switch/portno_reg[5]/Q
                         net (fo=1, routed)           0.753     7.655    dbg_hub/inst/BSCANID.u_xsdbm_id/SWITCH_N_EXT_BSCAN.bscan_switch/portno[5]
    SLICE_X49Y161        LUT6 (Prop_H6LUT_SLICEL_I5_O)
                                                      0.090     7.745 f  dbg_hub/inst/BSCANID.u_xsdbm_id/SWITCH_N_EXT_BSCAN.bscan_switch/m_bscan_drck[0]_INST_0_i_1/O
                         net (fo=5, routed)           0.247     7.992    dbg_hub/inst/BSCANID.u_xsdbm_id/SWITCH_N_EXT_BSCAN.bscan_switch/m_bscan_drck[0]_INST_0_i_1_n_0
    SLICE_X49Y161        LUT4 (Prop_D5LUT_SLICEL_I3_O)
                                                      0.066     8.058 r  dbg_hub/inst/BSCANID.u_xsdbm_id/SWITCH_N_EXT_BSCAN.bscan_switch/m_bscan_sel[0]_INST_0/O
                         net (fo=11, routed)          1.026     9.084    dbg_hub/inst/BSCANID.u_xsdbm_id/CORE_XSDB.U_ICON/U_CMD/iTARGET_reg[6]_0
    SLICE_X49Y146        FDCE                                         f  dbg_hub/inst/BSCANID.u_xsdbm_id/CORE_XSDB.U_ICON/U_CMD/iTARGET_reg[14]/CLR  (IS_INVERTED)
  -------------------------------------------------------------------    -------------------

                         (clock dbg_hub/inst/BSCANID.u_xsdbm_id/SWITCH_N_EXT_BSCAN.bscan_inst/SERIES7_BSCAN.bscan_inst/INTERNAL_TCK rise edge)
                                                     50.000    50.000 r  
    CONFIG_SITE_X0Y0     BSCANE2                      0.000    50.000 r  dbg_hub/inst/BSCANID.u_xsdbm_id/SWITCH_N_EXT_BSCAN.bscan_inst/SERIES7_BSCAN.bscan_inst/INTERNAL_TCK
    CONFIG_SITE_X0Y0     BSCANE2 (Prop_BSCAN1_CONFIG_SITE_INTERNAL_TCK_TCK)
                                                      0.465    50.465 r  dbg_hub/inst/BSCANID.u_xsdbm_id/SWITCH_N_EXT_BSCAN.bscan_inst/SERIES7_BSCAN.bscan_inst/TCK
                         net (fo=1, routed)           0.808    51.273    dbg_hub/inst/BSCANID.u_xsdbm_id/tck_bs
    BUFGCE_X0Y50         BUFGCE (Prop_BUFCE_BUFGCE_I_O)
                                                      0.024    51.297 r  dbg_hub/inst/BSCANID.u_xsdbm_id/SWITCH_N_EXT_BSCAN.u_bufg_icon_tck/O
    X2Y2 (CLOCK_ROOT)    net (fo=490, routed)         1.192    52.489    dbg_hub/inst/BSCANID.u_xsdbm_id/CORE_XSDB.U_ICON/U_CMD/m_bscan_tck[0]
    SLICE_X49Y146        FDCE                                         r  dbg_hub/inst/BSCANID.u_xsdbm_id/CORE_XSDB.U_ICON/U_CMD/iTARGET_reg[14]/C
                         clock pessimism              4.250    56.739    
                         clock uncertainty           -0.035    56.704    
    SLICE_X49Y146        FDCE (Recov_FFF_SLICEL_C_CLR)
                                                     -0.066    56.638    dbg_hub/inst/BSCANID.u_xsdbm_id/CORE_XSDB.U_ICON/U_CMD/iTARGET_reg[14]
  -------------------------------------------------------------------
                         required time                         56.638    
                         arrival time                          -9.084    
  -------------------------------------------------------------------
                         slack                                 47.554    

Slack (MET) :             47.554ns  (required time - arrival time)
  Source:                 dbg_hub/inst/BSCANID.u_xsdbm_id/SWITCH_N_EXT_BSCAN.bscan_switch/portno_reg[5]/C
                            (rising edge-triggered cell FDRE clocked by dbg_hub/inst/BSCANID.u_xsdbm_id/SWITCH_N_EXT_BSCAN.bscan_inst/SERIES7_BSCAN.bscan_inst/INTERNAL_TCK  {rise@0.000ns fall@25.000ns period=50.000ns})
  Destination:            dbg_hub/inst/BSCANID.u_xsdbm_id/CORE_XSDB.U_ICON/U_CMD/iTARGET_reg[15]/CLR
                            (recovery check against rising-edge clock dbg_hub/inst/BSCANID.u_xsdbm_id/SWITCH_N_EXT_BSCAN.bscan_inst/SERIES7_BSCAN.bscan_inst/INTERNAL_TCK  {rise@0.000ns fall@25.000ns period=50.000ns})
  Path Group:             **async_default**
  Path Type:              Recovery (Max at Slow Process Corner)
  Requirement:            50.000ns  (dbg_hub/inst/BSCANID.u_xsdbm_id/SWITCH_N_EXT_BSCAN.bscan_inst/SERIES7_BSCAN.bscan_inst/INTERNAL_TCK rise@50.000ns - dbg_hub/inst/BSCANID.u_xsdbm_id/SWITCH_N_EXT_BSCAN.bscan_inst/SERIES7_BSCAN.bscan_inst/INTERNAL_TCK rise@0.000ns)
  Data Path Delay:        2.263ns  (logic 0.237ns (10.473%)  route 2.026ns (89.527%))
  Logic Levels:           2  (LUT4=1 LUT6=1)
  Clock Path Skew:        -0.082ns (DCD - SCD + CPR)
    Destination Clock Delay (DCD):    2.489ns = ( 52.489 - 50.000 ) 
    Source Clock Delay      (SCD):    6.821ns
    Clock Pessimism Removal (CPR):    4.250ns
  Clock Uncertainty:      0.035ns  ((TSJ^2 + TIJ^2)^1/2 + DJ) / 2 + PE
    Total System Jitter     (TSJ):    0.071ns
    Total Input Jitter      (TIJ):    0.000ns
    Discrete Jitter          (DJ):    0.000ns
    Phase Error              (PE):    0.000ns
  Clock Net Delay (Source):      1.353ns (routing 0.505ns, distribution 0.848ns)
  Clock Net Delay (Destination): 1.192ns (routing 0.460ns, distribution 0.732ns)

    Location             Delay type                Incr(ns)  Path(ns)    Netlist Resource(s)
  -------------------------------------------------------------------    -------------------
                         (clock dbg_hub/inst/BSCANID.u_xsdbm_id/SWITCH_N_EXT_BSCAN.bscan_inst/SERIES7_BSCAN.bscan_inst/INTERNAL_TCK rise edge)
                                                      0.000     0.000 r  
    CONFIG_SITE_X0Y0     BSCANE2                      0.000     0.000 r  dbg_hub/inst/BSCANID.u_xsdbm_id/SWITCH_N_EXT_BSCAN.bscan_inst/SERIES7_BSCAN.bscan_inst/INTERNAL_TCK
    CONFIG_SITE_X0Y0     BSCANE2 (Prop_BSCAN1_CONFIG_SITE_INTERNAL_TCK_TCK)
                                                      4.300     4.300 r  dbg_hub/inst/BSCANID.u_xsdbm_id/SWITCH_N_EXT_BSCAN.bscan_inst/SERIES7_BSCAN.bscan_inst/TCK
                         net (fo=1, routed)           1.140     5.440    dbg_hub/inst/BSCANID.u_xsdbm_id/tck_bs
    BUFGCE_X0Y50         BUFGCE (Prop_BUFCE_BUFGCE_I_O)
                                                      0.028     5.468 r  dbg_hub/inst/BSCANID.u_xsdbm_id/SWITCH_N_EXT_BSCAN.u_bufg_icon_tck/O
    X2Y2 (CLOCK_ROOT)    net (fo=490, routed)         1.353     6.821    dbg_hub/inst/BSCANID.u_xsdbm_id/SWITCH_N_EXT_BSCAN.bscan_switch/s_bscan_tck
    SLICE_X49Y161        FDRE                                         r  dbg_hub/inst/BSCANID.u_xsdbm_id/SWITCH_N_EXT_BSCAN.bscan_switch/portno_reg[5]/C
  -------------------------------------------------------------------    -------------------
    SLICE_X49Y161        FDRE (Prop_GFF2_SLICEL_C_Q)
                                                      0.081     6.902 f  dbg_hub/inst/BSCANID.u_xsdbm_id/SWITCH_N_EXT_BSCAN.bscan_switch/portno_reg[5]/Q
                         net (fo=1, routed)           0.753     7.655    dbg_hub/inst/BSCANID.u_xsdbm_id/SWITCH_N_EXT_BSCAN.bscan_switch/portno[5]
    SLICE_X49Y161        LUT6 (Prop_H6LUT_SLICEL_I5_O)
                                                      0.090     7.745 f  dbg_hub/inst/BSCANID.u_xsdbm_id/SWITCH_N_EXT_BSCAN.bscan_switch/m_bscan_drck[0]_INST_0_i_1/O
                         net (fo=5, routed)           0.247     7.992    dbg_hub/inst/BSCANID.u_xsdbm_id/SWITCH_N_EXT_BSCAN.bscan_switch/m_bscan_drck[0]_INST_0_i_1_n_0
    SLICE_X49Y161        LUT4 (Prop_D5LUT_SLICEL_I3_O)
                                                      0.066     8.058 r  dbg_hub/inst/BSCANID.u_xsdbm_id/SWITCH_N_EXT_BSCAN.bscan_switch/m_bscan_sel[0]_INST_0/O
                         net (fo=11, routed)          1.026     9.084    dbg_hub/inst/BSCANID.u_xsdbm_id/CORE_XSDB.U_ICON/U_CMD/iTARGET_reg[6]_0
    SLICE_X49Y146        FDCE                                         f  dbg_hub/inst/BSCANID.u_xsdbm_id/CORE_XSDB.U_ICON/U_CMD/iTARGET_reg[15]/CLR  (IS_INVERTED)
  -------------------------------------------------------------------    -------------------

                         (clock dbg_hub/inst/BSCANID.u_xsdbm_id/SWITCH_N_EXT_BSCAN.bscan_inst/SERIES7_BSCAN.bscan_inst/INTERNAL_TCK rise edge)
                                                     50.000    50.000 r  
    CONFIG_SITE_X0Y0     BSCANE2                      0.000    50.000 r  dbg_hub/inst/BSCANID.u_xsdbm_id/SWITCH_N_EXT_BSCAN.bscan_inst/SERIES7_BSCAN.bscan_inst/INTERNAL_TCK
    CONFIG_SITE_X0Y0     BSCANE2 (Prop_BSCAN1_CONFIG_SITE_INTERNAL_TCK_TCK)
                                                      0.465    50.465 r  dbg_hub/inst/BSCANID.u_xsdbm_id/SWITCH_N_EXT_BSCAN.bscan_inst/SERIES7_BSCAN.bscan_inst/TCK
                         net (fo=1, routed)           0.808    51.273    dbg_hub/inst/BSCANID.u_xsdbm_id/tck_bs
    BUFGCE_X0Y50         BUFGCE (Prop_BUFCE_BUFGCE_I_O)
                                                      0.024    51.297 r  dbg_hub/inst/BSCANID.u_xsdbm_id/SWITCH_N_EXT_BSCAN.u_bufg_icon_tck/O
    X2Y2 (CLOCK_ROOT)    net (fo=490, routed)         1.192    52.489    dbg_hub/inst/BSCANID.u_xsdbm_id/CORE_XSDB.U_ICON/U_CMD/m_bscan_tck[0]
    SLICE_X49Y146        FDCE                                         r  dbg_hub/inst/BSCANID.u_xsdbm_id/CORE_XSDB.U_ICON/U_CMD/iTARGET_reg[15]/C
                         clock pessimism              4.250    56.739    
                         clock uncertainty           -0.035    56.704    
    SLICE_X49Y146        FDCE (Recov_FFF2_SLICEL_C_CLR)
                                                     -0.066    56.638    dbg_hub/inst/BSCANID.u_xsdbm_id/CORE_XSDB.U_ICON/U_CMD/iTARGET_reg[15]
  -------------------------------------------------------------------
                         required time                         56.638    
                         arrival time                          -9.084    
  -------------------------------------------------------------------
                         slack                                 47.554    

Slack (MET) :             47.554ns  (required time - arrival time)
  Source:                 dbg_hub/inst/BSCANID.u_xsdbm_id/SWITCH_N_EXT_BSCAN.bscan_switch/portno_reg[5]/C
                            (rising edge-triggered cell FDRE clocked by dbg_hub/inst/BSCANID.u_xsdbm_id/SWITCH_N_EXT_BSCAN.bscan_inst/SERIES7_BSCAN.bscan_inst/INTERNAL_TCK  {rise@0.000ns fall@25.000ns period=50.000ns})
  Destination:            dbg_hub/inst/BSCANID.u_xsdbm_id/CORE_XSDB.U_ICON/U_CMD/iTARGET_reg[6]/CLR
                            (recovery check against rising-edge clock dbg_hub/inst/BSCANID.u_xsdbm_id/SWITCH_N_EXT_BSCAN.bscan_inst/SERIES7_BSCAN.bscan_inst/INTERNAL_TCK  {rise@0.000ns fall@25.000ns period=50.000ns})
  Path Group:             **async_default**
  Path Type:              Recovery (Max at Slow Process Corner)
  Requirement:            50.000ns  (dbg_hub/inst/BSCANID.u_xsdbm_id/SWITCH_N_EXT_BSCAN.bscan_inst/SERIES7_BSCAN.bscan_inst/INTERNAL_TCK rise@50.000ns - dbg_hub/inst/BSCANID.u_xsdbm_id/SWITCH_N_EXT_BSCAN.bscan_inst/SERIES7_BSCAN.bscan_inst/INTERNAL_TCK rise@0.000ns)
  Data Path Delay:        2.263ns  (logic 0.237ns (10.473%)  route 2.026ns (89.527%))
  Logic Levels:           2  (LUT4=1 LUT6=1)
  Clock Path Skew:        -0.082ns (DCD - SCD + CPR)
    Destination Clock Delay (DCD):    2.489ns = ( 52.489 - 50.000 ) 
    Source Clock Delay      (SCD):    6.821ns
    Clock Pessimism Removal (CPR):    4.250ns
  Clock Uncertainty:      0.035ns  ((TSJ^2 + TIJ^2)^1/2 + DJ) / 2 + PE
    Total System Jitter     (TSJ):    0.071ns
    Total Input Jitter      (TIJ):    0.000ns
    Discrete Jitter          (DJ):    0.000ns
    Phase Error              (PE):    0.000ns
  Clock Net Delay (Source):      1.353ns (routing 0.505ns, distribution 0.848ns)
  Clock Net Delay (Destination): 1.192ns (routing 0.460ns, distribution 0.732ns)

    Location             Delay type                Incr(ns)  Path(ns)    Netlist Resource(s)
  -------------------------------------------------------------------    -------------------
                         (clock dbg_hub/inst/BSCANID.u_xsdbm_id/SWITCH_N_EXT_BSCAN.bscan_inst/SERIES7_BSCAN.bscan_inst/INTERNAL_TCK rise edge)
                                                      0.000     0.000 r  
    CONFIG_SITE_X0Y0     BSCANE2                      0.000     0.000 r  dbg_hub/inst/BSCANID.u_xsdbm_id/SWITCH_N_EXT_BSCAN.bscan_inst/SERIES7_BSCAN.bscan_inst/INTERNAL_TCK
    CONFIG_SITE_X0Y0     BSCANE2 (Prop_BSCAN1_CONFIG_SITE_INTERNAL_TCK_TCK)
                                                      4.300     4.300 r  dbg_hub/inst/BSCANID.u_xsdbm_id/SWITCH_N_EXT_BSCAN.bscan_inst/SERIES7_BSCAN.bscan_inst/TCK
                         net (fo=1, routed)           1.140     5.440    dbg_hub/inst/BSCANID.u_xsdbm_id/tck_bs
    BUFGCE_X0Y50         BUFGCE (Prop_BUFCE_BUFGCE_I_O)
                                                      0.028     5.468 r  dbg_hub/inst/BSCANID.u_xsdbm_id/SWITCH_N_EXT_BSCAN.u_bufg_icon_tck/O
    X2Y2 (CLOCK_ROOT)    net (fo=490, routed)         1.353     6.821    dbg_hub/inst/BSCANID.u_xsdbm_id/SWITCH_N_EXT_BSCAN.bscan_switch/s_bscan_tck
    SLICE_X49Y161        FDRE                                         r  dbg_hub/inst/BSCANID.u_xsdbm_id/SWITCH_N_EXT_BSCAN.bscan_switch/portno_reg[5]/C
  -------------------------------------------------------------------    -------------------
    SLICE_X49Y161        FDRE (Prop_GFF2_SLICEL_C_Q)
                                                      0.081     6.902 f  dbg_hub/inst/BSCANID.u_xsdbm_id/SWITCH_N_EXT_BSCAN.bscan_switch/portno_reg[5]/Q
                         net (fo=1, routed)           0.753     7.655    dbg_hub/inst/BSCANID.u_xsdbm_id/SWITCH_N_EXT_BSCAN.bscan_switch/portno[5]
    SLICE_X49Y161        LUT6 (Prop_H6LUT_SLICEL_I5_O)
                                                      0.090     7.745 f  dbg_hub/inst/BSCANID.u_xsdbm_id/SWITCH_N_EXT_BSCAN.bscan_switch/m_bscan_drck[0]_INST_0_i_1/O
                         net (fo=5, routed)           0.247     7.992    dbg_hub/inst/BSCANID.u_xsdbm_id/SWITCH_N_EXT_BSCAN.bscan_switch/m_bscan_drck[0]_INST_0_i_1_n_0
    SLICE_X49Y161        LUT4 (Prop_D5LUT_SLICEL_I3_O)
                                                      0.066     8.058 r  dbg_hub/inst/BSCANID.u_xsdbm_id/SWITCH_N_EXT_BSCAN.bscan_switch/m_bscan_sel[0]_INST_0/O
                         net (fo=11, routed)          1.026     9.084    dbg_hub/inst/BSCANID.u_xsdbm_id/CORE_XSDB.U_ICON/U_CMD/iTARGET_reg[6]_0
    SLICE_X49Y146        FDCE                                         f  dbg_hub/inst/BSCANID.u_xsdbm_id/CORE_XSDB.U_ICON/U_CMD/iTARGET_reg[6]/CLR  (IS_INVERTED)
  -------------------------------------------------------------------    -------------------

                         (clock dbg_hub/inst/BSCANID.u_xsdbm_id/SWITCH_N_EXT_BSCAN.bscan_inst/SERIES7_BSCAN.bscan_inst/INTERNAL_TCK rise edge)
                                                     50.000    50.000 r  
    CONFIG_SITE_X0Y0     BSCANE2                      0.000    50.000 r  dbg_hub/inst/BSCANID.u_xsdbm_id/SWITCH_N_EXT_BSCAN.bscan_inst/SERIES7_BSCAN.bscan_inst/INTERNAL_TCK
    CONFIG_SITE_X0Y0     BSCANE2 (Prop_BSCAN1_CONFIG_SITE_INTERNAL_TCK_TCK)
                                                      0.465    50.465 r  dbg_hub/inst/BSCANID.u_xsdbm_id/SWITCH_N_EXT_BSCAN.bscan_inst/SERIES7_BSCAN.bscan_inst/TCK
                         net (fo=1, routed)           0.808    51.273    dbg_hub/inst/BSCANID.u_xsdbm_id/tck_bs
    BUFGCE_X0Y50         BUFGCE (Prop_BUFCE_BUFGCE_I_O)
                                                      0.024    51.297 r  dbg_hub/inst/BSCANID.u_xsdbm_id/SWITCH_N_EXT_BSCAN.u_bufg_icon_tck/O
    X2Y2 (CLOCK_ROOT)    net (fo=490, routed)         1.192    52.489    dbg_hub/inst/BSCANID.u_xsdbm_id/CORE_XSDB.U_ICON/U_CMD/m_bscan_tck[0]
    SLICE_X49Y146        FDCE                                         r  dbg_hub/inst/BSCANID.u_xsdbm_id/CORE_XSDB.U_ICON/U_CMD/iTARGET_reg[6]/C
                         clock pessimism              4.250    56.739    
                         clock uncertainty           -0.035    56.704    
    SLICE_X49Y146        FDCE (Recov_GFF_SLICEL_C_CLR)
                                                     -0.066    56.638    dbg_hub/inst/BSCANID.u_xsdbm_id/CORE_XSDB.U_ICON/U_CMD/iTARGET_reg[6]
  -------------------------------------------------------------------
                         required time                         56.638    
                         arrival time                          -9.084    
  -------------------------------------------------------------------
                         slack                                 47.554    

Slack (MET) :             47.554ns  (required time - arrival time)
  Source:                 dbg_hub/inst/BSCANID.u_xsdbm_id/SWITCH_N_EXT_BSCAN.bscan_switch/portno_reg[5]/C
                            (rising edge-triggered cell FDRE clocked by dbg_hub/inst/BSCANID.u_xsdbm_id/SWITCH_N_EXT_BSCAN.bscan_inst/SERIES7_BSCAN.bscan_inst/INTERNAL_TCK  {rise@0.000ns fall@25.000ns period=50.000ns})
  Destination:            dbg_hub/inst/BSCANID.u_xsdbm_id/CORE_XSDB.U_ICON/U_CMD/iTARGET_reg[7]/CLR
                            (recovery check against rising-edge clock dbg_hub/inst/BSCANID.u_xsdbm_id/SWITCH_N_EXT_BSCAN.bscan_inst/SERIES7_BSCAN.bscan_inst/INTERNAL_TCK  {rise@0.000ns fall@25.000ns period=50.000ns})
  Path Group:             **async_default**
  Path Type:              Recovery (Max at Slow Process Corner)
  Requirement:            50.000ns  (dbg_hub/inst/BSCANID.u_xsdbm_id/SWITCH_N_EXT_BSCAN.bscan_inst/SERIES7_BSCAN.bscan_inst/INTERNAL_TCK rise@50.000ns - dbg_hub/inst/BSCANID.u_xsdbm_id/SWITCH_N_EXT_BSCAN.bscan_inst/SERIES7_BSCAN.bscan_inst/INTERNAL_TCK rise@0.000ns)
  Data Path Delay:        2.263ns  (logic 0.237ns (10.473%)  route 2.026ns (89.527%))
  Logic Levels:           2  (LUT4=1 LUT6=1)
  Clock Path Skew:        -0.082ns (DCD - SCD + CPR)
    Destination Clock Delay (DCD):    2.489ns = ( 52.489 - 50.000 ) 
    Source Clock Delay      (SCD):    6.821ns
    Clock Pessimism Removal (CPR):    4.250ns
  Clock Uncertainty:      0.035ns  ((TSJ^2 + TIJ^2)^1/2 + DJ) / 2 + PE
    Total System Jitter     (TSJ):    0.071ns
    Total Input Jitter      (TIJ):    0.000ns
    Discrete Jitter          (DJ):    0.000ns
    Phase Error              (PE):    0.000ns
  Clock Net Delay (Source):      1.353ns (routing 0.505ns, distribution 0.848ns)
  Clock Net Delay (Destination): 1.192ns (routing 0.460ns, distribution 0.732ns)

    Location             Delay type                Incr(ns)  Path(ns)    Netlist Resource(s)
  -------------------------------------------------------------------    -------------------
                         (clock dbg_hub/inst/BSCANID.u_xsdbm_id/SWITCH_N_EXT_BSCAN.bscan_inst/SERIES7_BSCAN.bscan_inst/INTERNAL_TCK rise edge)
                                                      0.000     0.000 r  
    CONFIG_SITE_X0Y0     BSCANE2                      0.000     0.000 r  dbg_hub/inst/BSCANID.u_xsdbm_id/SWITCH_N_EXT_BSCAN.bscan_inst/SERIES7_BSCAN.bscan_inst/INTERNAL_TCK
    CONFIG_SITE_X0Y0     BSCANE2 (Prop_BSCAN1_CONFIG_SITE_INTERNAL_TCK_TCK)
                                                      4.300     4.300 r  dbg_hub/inst/BSCANID.u_xsdbm_id/SWITCH_N_EXT_BSCAN.bscan_inst/SERIES7_BSCAN.bscan_inst/TCK
                         net (fo=1, routed)           1.140     5.440    dbg_hub/inst/BSCANID.u_xsdbm_id/tck_bs
    BUFGCE_X0Y50         BUFGCE (Prop_BUFCE_BUFGCE_I_O)
                                                      0.028     5.468 r  dbg_hub/inst/BSCANID.u_xsdbm_id/SWITCH_N_EXT_BSCAN.u_bufg_icon_tck/O
    X2Y2 (CLOCK_ROOT)    net (fo=490, routed)         1.353     6.821    dbg_hub/inst/BSCANID.u_xsdbm_id/SWITCH_N_EXT_BSCAN.bscan_switch/s_bscan_tck
    SLICE_X49Y161        FDRE                                         r  dbg_hub/inst/BSCANID.u_xsdbm_id/SWITCH_N_EXT_BSCAN.bscan_switch/portno_reg[5]/C
  -------------------------------------------------------------------    -------------------
    SLICE_X49Y161        FDRE (Prop_GFF2_SLICEL_C_Q)
                                                      0.081     6.902 f  dbg_hub/inst/BSCANID.u_xsdbm_id/SWITCH_N_EXT_BSCAN.bscan_switch/portno_reg[5]/Q
                         net (fo=1, routed)           0.753     7.655    dbg_hub/inst/BSCANID.u_xsdbm_id/SWITCH_N_EXT_BSCAN.bscan_switch/portno[5]
    SLICE_X49Y161        LUT6 (Prop_H6LUT_SLICEL_I5_O)
                                                      0.090     7.745 f  dbg_hub/inst/BSCANID.u_xsdbm_id/SWITCH_N_EXT_BSCAN.bscan_switch/m_bscan_drck[0]_INST_0_i_1/O
                         net (fo=5, routed)           0.247     7.992    dbg_hub/inst/BSCANID.u_xsdbm_id/SWITCH_N_EXT_BSCAN.bscan_switch/m_bscan_drck[0]_INST_0_i_1_n_0
    SLICE_X49Y161        LUT4 (Prop_D5LUT_SLICEL_I3_O)
                                                      0.066     8.058 r  dbg_hub/inst/BSCANID.u_xsdbm_id/SWITCH_N_EXT_BSCAN.bscan_switch/m_bscan_sel[0]_INST_0/O
                         net (fo=11, routed)          1.026     9.084    dbg_hub/inst/BSCANID.u_xsdbm_id/CORE_XSDB.U_ICON/U_CMD/iTARGET_reg[6]_0
    SLICE_X49Y146        FDCE                                         f  dbg_hub/inst/BSCANID.u_xsdbm_id/CORE_XSDB.U_ICON/U_CMD/iTARGET_reg[7]/CLR  (IS_INVERTED)
  -------------------------------------------------------------------    -------------------

                         (clock dbg_hub/inst/BSCANID.u_xsdbm_id/SWITCH_N_EXT_BSCAN.bscan_inst/SERIES7_BSCAN.bscan_inst/INTERNAL_TCK rise edge)
                                                     50.000    50.000 r  
    CONFIG_SITE_X0Y0     BSCANE2                      0.000    50.000 r  dbg_hub/inst/BSCANID.u_xsdbm_id/SWITCH_N_EXT_BSCAN.bscan_inst/SERIES7_BSCAN.bscan_inst/INTERNAL_TCK
    CONFIG_SITE_X0Y0     BSCANE2 (Prop_BSCAN1_CONFIG_SITE_INTERNAL_TCK_TCK)
                                                      0.465    50.465 r  dbg_hub/inst/BSCANID.u_xsdbm_id/SWITCH_N_EXT_BSCAN.bscan_inst/SERIES7_BSCAN.bscan_inst/TCK
                         net (fo=1, routed)           0.808    51.273    dbg_hub/inst/BSCANID.u_xsdbm_id/tck_bs
    BUFGCE_X0Y50         BUFGCE (Prop_BUFCE_BUFGCE_I_O)
                                                      0.024    51.297 r  dbg_hub/inst/BSCANID.u_xsdbm_id/SWITCH_N_EXT_BSCAN.u_bufg_icon_tck/O
    X2Y2 (CLOCK_ROOT)    net (fo=490, routed)         1.192    52.489    dbg_hub/inst/BSCANID.u_xsdbm_id/CORE_XSDB.U_ICON/U_CMD/m_bscan_tck[0]
    SLICE_X49Y146        FDCE                                         r  dbg_hub/inst/BSCANID.u_xsdbm_id/CORE_XSDB.U_ICON/U_CMD/iTARGET_reg[7]/C
                         clock pessimism              4.250    56.739    
                         clock uncertainty           -0.035    56.704    
    SLICE_X49Y146        FDCE (Recov_GFF2_SLICEL_C_CLR)
                                                     -0.066    56.638    dbg_hub/inst/BSCANID.u_xsdbm_id/CORE_XSDB.U_ICON/U_CMD/iTARGET_reg[7]
  -------------------------------------------------------------------
                         required time                         56.638    
                         arrival time                          -9.084    
  -------------------------------------------------------------------
                         slack                                 47.554    

Slack (MET) :             47.554ns  (required time - arrival time)
  Source:                 dbg_hub/inst/BSCANID.u_xsdbm_id/SWITCH_N_EXT_BSCAN.bscan_switch/portno_reg[5]/C
                            (rising edge-triggered cell FDRE clocked by dbg_hub/inst/BSCANID.u_xsdbm_id/SWITCH_N_EXT_BSCAN.bscan_inst/SERIES7_BSCAN.bscan_inst/INTERNAL_TCK  {rise@0.000ns fall@25.000ns period=50.000ns})
  Destination:            dbg_hub/inst/BSCANID.u_xsdbm_id/CORE_XSDB.U_ICON/U_CMD/iTARGET_reg[8]/CLR
                            (recovery check against rising-edge clock dbg_hub/inst/BSCANID.u_xsdbm_id/SWITCH_N_EXT_BSCAN.bscan_inst/SERIES7_BSCAN.bscan_inst/INTERNAL_TCK  {rise@0.000ns fall@25.000ns period=50.000ns})
  Path Group:             **async_default**
  Path Type:              Recovery (Max at Slow Process Corner)
  Requirement:            50.000ns  (dbg_hub/inst/BSCANID.u_xsdbm_id/SWITCH_N_EXT_BSCAN.bscan_inst/SERIES7_BSCAN.bscan_inst/INTERNAL_TCK rise@50.000ns - dbg_hub/inst/BSCANID.u_xsdbm_id/SWITCH_N_EXT_BSCAN.bscan_inst/SERIES7_BSCAN.bscan_inst/INTERNAL_TCK rise@0.000ns)
  Data Path Delay:        2.263ns  (logic 0.237ns (10.473%)  route 2.026ns (89.527%))
  Logic Levels:           2  (LUT4=1 LUT6=1)
  Clock Path Skew:        -0.082ns (DCD - SCD + CPR)
    Destination Clock Delay (DCD):    2.489ns = ( 52.489 - 50.000 ) 
    Source Clock Delay      (SCD):    6.821ns
    Clock Pessimism Removal (CPR):    4.250ns
  Clock Uncertainty:      0.035ns  ((TSJ^2 + TIJ^2)^1/2 + DJ) / 2 + PE
    Total System Jitter     (TSJ):    0.071ns
    Total Input Jitter      (TIJ):    0.000ns
    Discrete Jitter          (DJ):    0.000ns
    Phase Error              (PE):    0.000ns
  Clock Net Delay (Source):      1.353ns (routing 0.505ns, distribution 0.848ns)
  Clock Net Delay (Destination): 1.192ns (routing 0.460ns, distribution 0.732ns)

    Location             Delay type                Incr(ns)  Path(ns)    Netlist Resource(s)
  -------------------------------------------------------------------    -------------------
                         (clock dbg_hub/inst/BSCANID.u_xsdbm_id/SWITCH_N_EXT_BSCAN.bscan_inst/SERIES7_BSCAN.bscan_inst/INTERNAL_TCK rise edge)
                                                      0.000     0.000 r  
    CONFIG_SITE_X0Y0     BSCANE2                      0.000     0.000 r  dbg_hub/inst/BSCANID.u_xsdbm_id/SWITCH_N_EXT_BSCAN.bscan_inst/SERIES7_BSCAN.bscan_inst/INTERNAL_TCK
    CONFIG_SITE_X0Y0     BSCANE2 (Prop_BSCAN1_CONFIG_SITE_INTERNAL_TCK_TCK)
                                                      4.300     4.300 r  dbg_hub/inst/BSCANID.u_xsdbm_id/SWITCH_N_EXT_BSCAN.bscan_inst/SERIES7_BSCAN.bscan_inst/TCK
                         net (fo=1, routed)           1.140     5.440    dbg_hub/inst/BSCANID.u_xsdbm_id/tck_bs
    BUFGCE_X0Y50         BUFGCE (Prop_BUFCE_BUFGCE_I_O)
                                                      0.028     5.468 r  dbg_hub/inst/BSCANID.u_xsdbm_id/SWITCH_N_EXT_BSCAN.u_bufg_icon_tck/O
    X2Y2 (CLOCK_ROOT)    net (fo=490, routed)         1.353     6.821    dbg_hub/inst/BSCANID.u_xsdbm_id/SWITCH_N_EXT_BSCAN.bscan_switch/s_bscan_tck
    SLICE_X49Y161        FDRE                                         r  dbg_hub/inst/BSCANID.u_xsdbm_id/SWITCH_N_EXT_BSCAN.bscan_switch/portno_reg[5]/C
  -------------------------------------------------------------------    -------------------
    SLICE_X49Y161        FDRE (Prop_GFF2_SLICEL_C_Q)
                                                      0.081     6.902 f  dbg_hub/inst/BSCANID.u_xsdbm_id/SWITCH_N_EXT_BSCAN.bscan_switch/portno_reg[5]/Q
                         net (fo=1, routed)           0.753     7.655    dbg_hub/inst/BSCANID.u_xsdbm_id/SWITCH_N_EXT_BSCAN.bscan_switch/portno[5]
    SLICE_X49Y161        LUT6 (Prop_H6LUT_SLICEL_I5_O)
                                                      0.090     7.745 f  dbg_hub/inst/BSCANID.u_xsdbm_id/SWITCH_N_EXT_BSCAN.bscan_switch/m_bscan_drck[0]_INST_0_i_1/O
                         net (fo=5, routed)           0.247     7.992    dbg_hub/inst/BSCANID.u_xsdbm_id/SWITCH_N_EXT_BSCAN.bscan_switch/m_bscan_drck[0]_INST_0_i_1_n_0
    SLICE_X49Y161        LUT4 (Prop_D5LUT_SLICEL_I3_O)
                                                      0.066     8.058 r  dbg_hub/inst/BSCANID.u_xsdbm_id/SWITCH_N_EXT_BSCAN.bscan_switch/m_bscan_sel[0]_INST_0/O
                         net (fo=11, routed)          1.026     9.084    dbg_hub/inst/BSCANID.u_xsdbm_id/CORE_XSDB.U_ICON/U_CMD/iTARGET_reg[6]_0
    SLICE_X49Y146        FDCE                                         f  dbg_hub/inst/BSCANID.u_xsdbm_id/CORE_XSDB.U_ICON/U_CMD/iTARGET_reg[8]/CLR  (IS_INVERTED)
  -------------------------------------------------------------------    -------------------

                         (clock dbg_hub/inst/BSCANID.u_xsdbm_id/SWITCH_N_EXT_BSCAN.bscan_inst/SERIES7_BSCAN.bscan_inst/INTERNAL_TCK rise edge)
                                                     50.000    50.000 r  
    CONFIG_SITE_X0Y0     BSCANE2                      0.000    50.000 r  dbg_hub/inst/BSCANID.u_xsdbm_id/SWITCH_N_EXT_BSCAN.bscan_inst/SERIES7_BSCAN.bscan_inst/INTERNAL_TCK
    CONFIG_SITE_X0Y0     BSCANE2 (Prop_BSCAN1_CONFIG_SITE_INTERNAL_TCK_TCK)
                                                      0.465    50.465 r  dbg_hub/inst/BSCANID.u_xsdbm_id/SWITCH_N_EXT_BSCAN.bscan_inst/SERIES7_BSCAN.bscan_inst/TCK
                         net (fo=1, routed)           0.808    51.273    dbg_hub/inst/BSCANID.u_xsdbm_id/tck_bs
    BUFGCE_X0Y50         BUFGCE (Prop_BUFCE_BUFGCE_I_O)
                                                      0.024    51.297 r  dbg_hub/inst/BSCANID.u_xsdbm_id/SWITCH_N_EXT_BSCAN.u_bufg_icon_tck/O
    X2Y2 (CLOCK_ROOT)    net (fo=490, routed)         1.192    52.489    dbg_hub/inst/BSCANID.u_xsdbm_id/CORE_XSDB.U_ICON/U_CMD/m_bscan_tck[0]
    SLICE_X49Y146        FDCE                                         r  dbg_hub/inst/BSCANID.u_xsdbm_id/CORE_XSDB.U_ICON/U_CMD/iTARGET_reg[8]/C
                         clock pessimism              4.250    56.739    
                         clock uncertainty           -0.035    56.704    
    SLICE_X49Y146        FDCE (Recov_HFF_SLICEL_C_CLR)
                                                     -0.066    56.638    dbg_hub/inst/BSCANID.u_xsdbm_id/CORE_XSDB.U_ICON/U_CMD/iTARGET_reg[8]
  -------------------------------------------------------------------
                         required time                         56.638    
                         arrival time                          -9.084    
  -------------------------------------------------------------------
                         slack                                 47.554    

Slack (MET) :             47.554ns  (required time - arrival time)
  Source:                 dbg_hub/inst/BSCANID.u_xsdbm_id/SWITCH_N_EXT_BSCAN.bscan_switch/portno_reg[5]/C
                            (rising edge-triggered cell FDRE clocked by dbg_hub/inst/BSCANID.u_xsdbm_id/SWITCH_N_EXT_BSCAN.bscan_inst/SERIES7_BSCAN.bscan_inst/INTERNAL_TCK  {rise@0.000ns fall@25.000ns period=50.000ns})
  Destination:            dbg_hub/inst/BSCANID.u_xsdbm_id/CORE_XSDB.U_ICON/U_CMD/iTARGET_reg[9]/CLR
                            (recovery check against rising-edge clock dbg_hub/inst/BSCANID.u_xsdbm_id/SWITCH_N_EXT_BSCAN.bscan_inst/SERIES7_BSCAN.bscan_inst/INTERNAL_TCK  {rise@0.000ns fall@25.000ns period=50.000ns})
  Path Group:             **async_default**
  Path Type:              Recovery (Max at Slow Process Corner)
  Requirement:            50.000ns  (dbg_hub/inst/BSCANID.u_xsdbm_id/SWITCH_N_EXT_BSCAN.bscan_inst/SERIES7_BSCAN.bscan_inst/INTERNAL_TCK rise@50.000ns - dbg_hub/inst/BSCANID.u_xsdbm_id/SWITCH_N_EXT_BSCAN.bscan_inst/SERIES7_BSCAN.bscan_inst/INTERNAL_TCK rise@0.000ns)
  Data Path Delay:        2.263ns  (logic 0.237ns (10.473%)  route 2.026ns (89.527%))
  Logic Levels:           2  (LUT4=1 LUT6=1)
  Clock Path Skew:        -0.082ns (DCD - SCD + CPR)
    Destination Clock Delay (DCD):    2.489ns = ( 52.489 - 50.000 ) 
    Source Clock Delay      (SCD):    6.821ns
    Clock Pessimism Removal (CPR):    4.250ns
  Clock Uncertainty:      0.035ns  ((TSJ^2 + TIJ^2)^1/2 + DJ) / 2 + PE
    Total System Jitter     (TSJ):    0.071ns
    Total Input Jitter      (TIJ):    0.000ns
    Discrete Jitter          (DJ):    0.000ns
    Phase Error              (PE):    0.000ns
  Clock Net Delay (Source):      1.353ns (routing 0.505ns, distribution 0.848ns)
  Clock Net Delay (Destination): 1.192ns (routing 0.460ns, distribution 0.732ns)

    Location             Delay type                Incr(ns)  Path(ns)    Netlist Resource(s)
  -------------------------------------------------------------------    -------------------
                         (clock dbg_hub/inst/BSCANID.u_xsdbm_id/SWITCH_N_EXT_BSCAN.bscan_inst/SERIES7_BSCAN.bscan_inst/INTERNAL_TCK rise edge)
                                                      0.000     0.000 r  
    CONFIG_SITE_X0Y0     BSCANE2                      0.000     0.000 r  dbg_hub/inst/BSCANID.u_xsdbm_id/SWITCH_N_EXT_BSCAN.bscan_inst/SERIES7_BSCAN.bscan_inst/INTERNAL_TCK
    CONFIG_SITE_X0Y0     BSCANE2 (Prop_BSCAN1_CONFIG_SITE_INTERNAL_TCK_TCK)
                                                      4.300     4.300 r  dbg_hub/inst/BSCANID.u_xsdbm_id/SWITCH_N_EXT_BSCAN.bscan_inst/SERIES7_BSCAN.bscan_inst/TCK
                         net (fo=1, routed)           1.140     5.440    dbg_hub/inst/BSCANID.u_xsdbm_id/tck_bs
    BUFGCE_X0Y50         BUFGCE (Prop_BUFCE_BUFGCE_I_O)
                                                      0.028     5.468 r  dbg_hub/inst/BSCANID.u_xsdbm_id/SWITCH_N_EXT_BSCAN.u_bufg_icon_tck/O
    X2Y2 (CLOCK_ROOT)    net (fo=490, routed)         1.353     6.821    dbg_hub/inst/BSCANID.u_xsdbm_id/SWITCH_N_EXT_BSCAN.bscan_switch/s_bscan_tck
    SLICE_X49Y161        FDRE                                         r  dbg_hub/inst/BSCANID.u_xsdbm_id/SWITCH_N_EXT_BSCAN.bscan_switch/portno_reg[5]/C
  -------------------------------------------------------------------    -------------------
    SLICE_X49Y161        FDRE (Prop_GFF2_SLICEL_C_Q)
                                                      0.081     6.902 f  dbg_hub/inst/BSCANID.u_xsdbm_id/SWITCH_N_EXT_BSCAN.bscan_switch/portno_reg[5]/Q
                         net (fo=1, routed)           0.753     7.655    dbg_hub/inst/BSCANID.u_xsdbm_id/SWITCH_N_EXT_BSCAN.bscan_switch/portno[5]
    SLICE_X49Y161        LUT6 (Prop_H6LUT_SLICEL_I5_O)
                                                      0.090     7.745 f  dbg_hub/inst/BSCANID.u_xsdbm_id/SWITCH_N_EXT_BSCAN.bscan_switch/m_bscan_drck[0]_INST_0_i_1/O
                         net (fo=5, routed)           0.247     7.992    dbg_hub/inst/BSCANID.u_xsdbm_id/SWITCH_N_EXT_BSCAN.bscan_switch/m_bscan_drck[0]_INST_0_i_1_n_0
    SLICE_X49Y161        LUT4 (Prop_D5LUT_SLICEL_I3_O)
                                                      0.066     8.058 r  dbg_hub/inst/BSCANID.u_xsdbm_id/SWITCH_N_EXT_BSCAN.bscan_switch/m_bscan_sel[0]_INST_0/O
                         net (fo=11, routed)          1.026     9.084    dbg_hub/inst/BSCANID.u_xsdbm_id/CORE_XSDB.U_ICON/U_CMD/iTARGET_reg[6]_0
    SLICE_X49Y146        FDCE                                         f  dbg_hub/inst/BSCANID.u_xsdbm_id/CORE_XSDB.U_ICON/U_CMD/iTARGET_reg[9]/CLR  (IS_INVERTED)
  -------------------------------------------------------------------    -------------------

                         (clock dbg_hub/inst/BSCANID.u_xsdbm_id/SWITCH_N_EXT_BSCAN.bscan_inst/SERIES7_BSCAN.bscan_inst/INTERNAL_TCK rise edge)
                                                     50.000    50.000 r  
    CONFIG_SITE_X0Y0     BSCANE2                      0.000    50.000 r  dbg_hub/inst/BSCANID.u_xsdbm_id/SWITCH_N_EXT_BSCAN.bscan_inst/SERIES7_BSCAN.bscan_inst/INTERNAL_TCK
    CONFIG_SITE_X0Y0     BSCANE2 (Prop_BSCAN1_CONFIG_SITE_INTERNAL_TCK_TCK)
                                                      0.465    50.465 r  dbg_hub/inst/BSCANID.u_xsdbm_id/SWITCH_N_EXT_BSCAN.bscan_inst/SERIES7_BSCAN.bscan_inst/TCK
                         net (fo=1, routed)           0.808    51.273    dbg_hub/inst/BSCANID.u_xsdbm_id/tck_bs
    BUFGCE_X0Y50         BUFGCE (Prop_BUFCE_BUFGCE_I_O)
                                                      0.024    51.297 r  dbg_hub/inst/BSCANID.u_xsdbm_id/SWITCH_N_EXT_BSCAN.u_bufg_icon_tck/O
    X2Y2 (CLOCK_ROOT)    net (fo=490, routed)         1.192    52.489    dbg_hub/inst/BSCANID.u_xsdbm_id/CORE_XSDB.U_ICON/U_CMD/m_bscan_tck[0]
    SLICE_X49Y146        FDCE                                         r  dbg_hub/inst/BSCANID.u_xsdbm_id/CORE_XSDB.U_ICON/U_CMD/iTARGET_reg[9]/C
                         clock pessimism              4.250    56.739    
                         clock uncertainty           -0.035    56.704    
    SLICE_X49Y146        FDCE (Recov_HFF2_SLICEL_C_CLR)
                                                     -0.066    56.638    dbg_hub/inst/BSCANID.u_xsdbm_id/CORE_XSDB.U_ICON/U_CMD/iTARGET_reg[9]
  -------------------------------------------------------------------
                         required time                         56.638    
                         arrival time                          -9.084    
  -------------------------------------------------------------------
                         slack                                 47.554    

Slack (MET) :             47.640ns  (required time - arrival time)
  Source:                 dbg_hub/inst/BSCANID.u_xsdbm_id/SWITCH_N_EXT_BSCAN.bscan_switch/portno_reg[5]/C
                            (rising edge-triggered cell FDRE clocked by dbg_hub/inst/BSCANID.u_xsdbm_id/SWITCH_N_EXT_BSCAN.bscan_inst/SERIES7_BSCAN.bscan_inst/INTERNAL_TCK  {rise@0.000ns fall@25.000ns period=50.000ns})
  Destination:            dbg_hub/inst/BSCANID.u_xsdbm_id/CORE_XSDB.U_ICON/U_CMD/iTARGET_reg[10]/CLR
                            (recovery check against rising-edge clock dbg_hub/inst/BSCANID.u_xsdbm_id/SWITCH_N_EXT_BSCAN.bscan_inst/SERIES7_BSCAN.bscan_inst/INTERNAL_TCK  {rise@0.000ns fall@25.000ns period=50.000ns})
  Path Group:             **async_default**
  Path Type:              Recovery (Max at Slow Process Corner)
  Requirement:            50.000ns  (dbg_hub/inst/BSCANID.u_xsdbm_id/SWITCH_N_EXT_BSCAN.bscan_inst/SERIES7_BSCAN.bscan_inst/INTERNAL_TCK rise@50.000ns - dbg_hub/inst/BSCANID.u_xsdbm_id/SWITCH_N_EXT_BSCAN.bscan_inst/SERIES7_BSCAN.bscan_inst/INTERNAL_TCK rise@0.000ns)
  Data Path Delay:        2.170ns  (logic 0.237ns (10.922%)  route 1.933ns (89.078%))
  Logic Levels:           2  (LUT4=1 LUT6=1)
  Clock Path Skew:        -0.089ns (DCD - SCD + CPR)
    Destination Clock Delay (DCD):    2.482ns = ( 52.482 - 50.000 ) 
    Source Clock Delay      (SCD):    6.821ns
    Clock Pessimism Removal (CPR):    4.250ns
  Clock Uncertainty:      0.035ns  ((TSJ^2 + TIJ^2)^1/2 + DJ) / 2 + PE
    Total System Jitter     (TSJ):    0.071ns
    Total Input Jitter      (TIJ):    0.000ns
    Discrete Jitter          (DJ):    0.000ns
    Phase Error              (PE):    0.000ns
  Clock Net Delay (Source):      1.353ns (routing 0.505ns, distribution 0.848ns)
  Clock Net Delay (Destination): 1.185ns (routing 0.460ns, distribution 0.725ns)

    Location             Delay type                Incr(ns)  Path(ns)    Netlist Resource(s)
  -------------------------------------------------------------------    -------------------
                         (clock dbg_hub/inst/BSCANID.u_xsdbm_id/SWITCH_N_EXT_BSCAN.bscan_inst/SERIES7_BSCAN.bscan_inst/INTERNAL_TCK rise edge)
                                                      0.000     0.000 r  
    CONFIG_SITE_X0Y0     BSCANE2                      0.000     0.000 r  dbg_hub/inst/BSCANID.u_xsdbm_id/SWITCH_N_EXT_BSCAN.bscan_inst/SERIES7_BSCAN.bscan_inst/INTERNAL_TCK
    CONFIG_SITE_X0Y0     BSCANE2 (Prop_BSCAN1_CONFIG_SITE_INTERNAL_TCK_TCK)
                                                      4.300     4.300 r  dbg_hub/inst/BSCANID.u_xsdbm_id/SWITCH_N_EXT_BSCAN.bscan_inst/SERIES7_BSCAN.bscan_inst/TCK
                         net (fo=1, routed)           1.140     5.440    dbg_hub/inst/BSCANID.u_xsdbm_id/tck_bs
    BUFGCE_X0Y50         BUFGCE (Prop_BUFCE_BUFGCE_I_O)
                                                      0.028     5.468 r  dbg_hub/inst/BSCANID.u_xsdbm_id/SWITCH_N_EXT_BSCAN.u_bufg_icon_tck/O
    X2Y2 (CLOCK_ROOT)    net (fo=490, routed)         1.353     6.821    dbg_hub/inst/BSCANID.u_xsdbm_id/SWITCH_N_EXT_BSCAN.bscan_switch/s_bscan_tck
    SLICE_X49Y161        FDRE                                         r  dbg_hub/inst/BSCANID.u_xsdbm_id/SWITCH_N_EXT_BSCAN.bscan_switch/portno_reg[5]/C
  -------------------------------------------------------------------    -------------------
    SLICE_X49Y161        FDRE (Prop_GFF2_SLICEL_C_Q)
                                                      0.081     6.902 f  dbg_hub/inst/BSCANID.u_xsdbm_id/SWITCH_N_EXT_BSCAN.bscan_switch/portno_reg[5]/Q
                         net (fo=1, routed)           0.753     7.655    dbg_hub/inst/BSCANID.u_xsdbm_id/SWITCH_N_EXT_BSCAN.bscan_switch/portno[5]
    SLICE_X49Y161        LUT6 (Prop_H6LUT_SLICEL_I5_O)
                                                      0.090     7.745 f  dbg_hub/inst/BSCANID.u_xsdbm_id/SWITCH_N_EXT_BSCAN.bscan_switch/m_bscan_drck[0]_INST_0_i_1/O
                         net (fo=5, routed)           0.247     7.992    dbg_hub/inst/BSCANID.u_xsdbm_id/SWITCH_N_EXT_BSCAN.bscan_switch/m_bscan_drck[0]_INST_0_i_1_n_0
    SLICE_X49Y161        LUT4 (Prop_D5LUT_SLICEL_I3_O)
                                                      0.066     8.058 r  dbg_hub/inst/BSCANID.u_xsdbm_id/SWITCH_N_EXT_BSCAN.bscan_switch/m_bscan_sel[0]_INST_0/O
                         net (fo=11, routed)          0.933     8.991    dbg_hub/inst/BSCANID.u_xsdbm_id/CORE_XSDB.U_ICON/U_CMD/iTARGET_reg[6]_0
    SLICE_X49Y147        FDCE                                         f  dbg_hub/inst/BSCANID.u_xsdbm_id/CORE_XSDB.U_ICON/U_CMD/iTARGET_reg[10]/CLR  (IS_INVERTED)
  -------------------------------------------------------------------    -------------------

                         (clock dbg_hub/inst/BSCANID.u_xsdbm_id/SWITCH_N_EXT_BSCAN.bscan_inst/SERIES7_BSCAN.bscan_inst/INTERNAL_TCK rise edge)
                                                     50.000    50.000 r  
    CONFIG_SITE_X0Y0     BSCANE2                      0.000    50.000 r  dbg_hub/inst/BSCANID.u_xsdbm_id/SWITCH_N_EXT_BSCAN.bscan_inst/SERIES7_BSCAN.bscan_inst/INTERNAL_TCK
    CONFIG_SITE_X0Y0     BSCANE2 (Prop_BSCAN1_CONFIG_SITE_INTERNAL_TCK_TCK)
                                                      0.465    50.465 r  dbg_hub/inst/BSCANID.u_xsdbm_id/SWITCH_N_EXT_BSCAN.bscan_inst/SERIES7_BSCAN.bscan_inst/TCK
                         net (fo=1, routed)           0.808    51.273    dbg_hub/inst/BSCANID.u_xsdbm_id/tck_bs
    BUFGCE_X0Y50         BUFGCE (Prop_BUFCE_BUFGCE_I_O)
                                                      0.024    51.297 r  dbg_hub/inst/BSCANID.u_xsdbm_id/SWITCH_N_EXT_BSCAN.u_bufg_icon_tck/O
    X2Y2 (CLOCK_ROOT)    net (fo=490, routed)         1.185    52.482    dbg_hub/inst/BSCANID.u_xsdbm_id/CORE_XSDB.U_ICON/U_CMD/m_bscan_tck[0]
    SLICE_X49Y147        FDCE                                         r  dbg_hub/inst/BSCANID.u_xsdbm_id/CORE_XSDB.U_ICON/U_CMD/iTARGET_reg[10]/C
                         clock pessimism              4.250    56.732    
                         clock uncertainty           -0.035    56.697    
    SLICE_X49Y147        FDCE (Recov_EFF_SLICEL_C_CLR)
                                                     -0.066    56.631    dbg_hub/inst/BSCANID.u_xsdbm_id/CORE_XSDB.U_ICON/U_CMD/iTARGET_reg[10]
  -------------------------------------------------------------------
                         required time                         56.631    
                         arrival time                          -8.991    
  -------------------------------------------------------------------
                         slack                                 47.640    

Slack (MET) :             47.640ns  (required time - arrival time)
  Source:                 dbg_hub/inst/BSCANID.u_xsdbm_id/SWITCH_N_EXT_BSCAN.bscan_switch/portno_reg[5]/C
                            (rising edge-triggered cell FDRE clocked by dbg_hub/inst/BSCANID.u_xsdbm_id/SWITCH_N_EXT_BSCAN.bscan_inst/SERIES7_BSCAN.bscan_inst/INTERNAL_TCK  {rise@0.000ns fall@25.000ns period=50.000ns})
  Destination:            dbg_hub/inst/BSCANID.u_xsdbm_id/CORE_XSDB.U_ICON/U_CMD/iTARGET_reg[11]/CLR
                            (recovery check against rising-edge clock dbg_hub/inst/BSCANID.u_xsdbm_id/SWITCH_N_EXT_BSCAN.bscan_inst/SERIES7_BSCAN.bscan_inst/INTERNAL_TCK  {rise@0.000ns fall@25.000ns period=50.000ns})
  Path Group:             **async_default**
  Path Type:              Recovery (Max at Slow Process Corner)
  Requirement:            50.000ns  (dbg_hub/inst/BSCANID.u_xsdbm_id/SWITCH_N_EXT_BSCAN.bscan_inst/SERIES7_BSCAN.bscan_inst/INTERNAL_TCK rise@50.000ns - dbg_hub/inst/BSCANID.u_xsdbm_id/SWITCH_N_EXT_BSCAN.bscan_inst/SERIES7_BSCAN.bscan_inst/INTERNAL_TCK rise@0.000ns)
  Data Path Delay:        2.170ns  (logic 0.237ns (10.922%)  route 1.933ns (89.078%))
  Logic Levels:           2  (LUT4=1 LUT6=1)
  Clock Path Skew:        -0.089ns (DCD - SCD + CPR)
    Destination Clock Delay (DCD):    2.482ns = ( 52.482 - 50.000 ) 
    Source Clock Delay      (SCD):    6.821ns
    Clock Pessimism Removal (CPR):    4.250ns
  Clock Uncertainty:      0.035ns  ((TSJ^2 + TIJ^2)^1/2 + DJ) / 2 + PE
    Total System Jitter     (TSJ):    0.071ns
    Total Input Jitter      (TIJ):    0.000ns
    Discrete Jitter          (DJ):    0.000ns
    Phase Error              (PE):    0.000ns
  Clock Net Delay (Source):      1.353ns (routing 0.505ns, distribution 0.848ns)
  Clock Net Delay (Destination): 1.185ns (routing 0.460ns, distribution 0.725ns)

    Location             Delay type                Incr(ns)  Path(ns)    Netlist Resource(s)
  -------------------------------------------------------------------    -------------------
                         (clock dbg_hub/inst/BSCANID.u_xsdbm_id/SWITCH_N_EXT_BSCAN.bscan_inst/SERIES7_BSCAN.bscan_inst/INTERNAL_TCK rise edge)
                                                      0.000     0.000 r  
    CONFIG_SITE_X0Y0     BSCANE2                      0.000     0.000 r  dbg_hub/inst/BSCANID.u_xsdbm_id/SWITCH_N_EXT_BSCAN.bscan_inst/SERIES7_BSCAN.bscan_inst/INTERNAL_TCK
    CONFIG_SITE_X0Y0     BSCANE2 (Prop_BSCAN1_CONFIG_SITE_INTERNAL_TCK_TCK)
                                                      4.300     4.300 r  dbg_hub/inst/BSCANID.u_xsdbm_id/SWITCH_N_EXT_BSCAN.bscan_inst/SERIES7_BSCAN.bscan_inst/TCK
                         net (fo=1, routed)           1.140     5.440    dbg_hub/inst/BSCANID.u_xsdbm_id/tck_bs
    BUFGCE_X0Y50         BUFGCE (Prop_BUFCE_BUFGCE_I_O)
                                                      0.028     5.468 r  dbg_hub/inst/BSCANID.u_xsdbm_id/SWITCH_N_EXT_BSCAN.u_bufg_icon_tck/O
    X2Y2 (CLOCK_ROOT)    net (fo=490, routed)         1.353     6.821    dbg_hub/inst/BSCANID.u_xsdbm_id/SWITCH_N_EXT_BSCAN.bscan_switch/s_bscan_tck
    SLICE_X49Y161        FDRE                                         r  dbg_hub/inst/BSCANID.u_xsdbm_id/SWITCH_N_EXT_BSCAN.bscan_switch/portno_reg[5]/C
  -------------------------------------------------------------------    -------------------
    SLICE_X49Y161        FDRE (Prop_GFF2_SLICEL_C_Q)
                                                      0.081     6.902 f  dbg_hub/inst/BSCANID.u_xsdbm_id/SWITCH_N_EXT_BSCAN.bscan_switch/portno_reg[5]/Q
                         net (fo=1, routed)           0.753     7.655    dbg_hub/inst/BSCANID.u_xsdbm_id/SWITCH_N_EXT_BSCAN.bscan_switch/portno[5]
    SLICE_X49Y161        LUT6 (Prop_H6LUT_SLICEL_I5_O)
                                                      0.090     7.745 f  dbg_hub/inst/BSCANID.u_xsdbm_id/SWITCH_N_EXT_BSCAN.bscan_switch/m_bscan_drck[0]_INST_0_i_1/O
                         net (fo=5, routed)           0.247     7.992    dbg_hub/inst/BSCANID.u_xsdbm_id/SWITCH_N_EXT_BSCAN.bscan_switch/m_bscan_drck[0]_INST_0_i_1_n_0
    SLICE_X49Y161        LUT4 (Prop_D5LUT_SLICEL_I3_O)
                                                      0.066     8.058 r  dbg_hub/inst/BSCANID.u_xsdbm_id/SWITCH_N_EXT_BSCAN.bscan_switch/m_bscan_sel[0]_INST_0/O
                         net (fo=11, routed)          0.933     8.991    dbg_hub/inst/BSCANID.u_xsdbm_id/CORE_XSDB.U_ICON/U_CMD/iTARGET_reg[6]_0
    SLICE_X49Y147        FDCE                                         f  dbg_hub/inst/BSCANID.u_xsdbm_id/CORE_XSDB.U_ICON/U_CMD/iTARGET_reg[11]/CLR  (IS_INVERTED)
  -------------------------------------------------------------------    -------------------

                         (clock dbg_hub/inst/BSCANID.u_xsdbm_id/SWITCH_N_EXT_BSCAN.bscan_inst/SERIES7_BSCAN.bscan_inst/INTERNAL_TCK rise edge)
                                                     50.000    50.000 r  
    CONFIG_SITE_X0Y0     BSCANE2                      0.000    50.000 r  dbg_hub/inst/BSCANID.u_xsdbm_id/SWITCH_N_EXT_BSCAN.bscan_inst/SERIES7_BSCAN.bscan_inst/INTERNAL_TCK
    CONFIG_SITE_X0Y0     BSCANE2 (Prop_BSCAN1_CONFIG_SITE_INTERNAL_TCK_TCK)
                                                      0.465    50.465 r  dbg_hub/inst/BSCANID.u_xsdbm_id/SWITCH_N_EXT_BSCAN.bscan_inst/SERIES7_BSCAN.bscan_inst/TCK
                         net (fo=1, routed)           0.808    51.273    dbg_hub/inst/BSCANID.u_xsdbm_id/tck_bs
    BUFGCE_X0Y50         BUFGCE (Prop_BUFCE_BUFGCE_I_O)
                                                      0.024    51.297 r  dbg_hub/inst/BSCANID.u_xsdbm_id/SWITCH_N_EXT_BSCAN.u_bufg_icon_tck/O
    X2Y2 (CLOCK_ROOT)    net (fo=490, routed)         1.185    52.482    dbg_hub/inst/BSCANID.u_xsdbm_id/CORE_XSDB.U_ICON/U_CMD/m_bscan_tck[0]
    SLICE_X49Y147        FDCE                                         r  dbg_hub/inst/BSCANID.u_xsdbm_id/CORE_XSDB.U_ICON/U_CMD/iTARGET_reg[11]/C
                         clock pessimism              4.250    56.732    
                         clock uncertainty           -0.035    56.697    
    SLICE_X49Y147        FDCE (Recov_EFF2_SLICEL_C_CLR)
                                                     -0.066    56.631    dbg_hub/inst/BSCANID.u_xsdbm_id/CORE_XSDB.U_ICON/U_CMD/iTARGET_reg[11]
  -------------------------------------------------------------------
                         required time                         56.631    
                         arrival time                          -8.991    
  -------------------------------------------------------------------
                         slack                                 47.640    





Min Delay Paths
--------------------------------------------------------------------------------------
Slack (MET) :             0.105ns  (arrival time - required time)
  Source:                 dbg_hub/inst/BSCANID.u_xsdbm_id/CORE_XSDB.UUT_MASTER/U_ICON_INTERFACE/U_CMD6_RD/U_RD_FIFO/SUBCORE_FIFO.xsdbm_v3_0_0_rdfifo_inst/inst_fifo_gen/gconvfifo.rf/grf.rf/rstblk/ngwrdrst.grst.g7serrst.rst_rd_reg2_reg/C
                            (rising edge-triggered cell FDPE clocked by dbg_hub/inst/BSCANID.u_xsdbm_id/SWITCH_N_EXT_BSCAN.bscan_inst/SERIES7_BSCAN.bscan_inst/INTERNAL_TCK  {rise@0.000ns fall@25.000ns period=50.000ns})
  Destination:            dbg_hub/inst/BSCANID.u_xsdbm_id/CORE_XSDB.UUT_MASTER/U_ICON_INTERFACE/U_CMD6_RD/U_RD_FIFO/SUBCORE_FIFO.xsdbm_v3_0_0_rdfifo_inst/inst_fifo_gen/gconvfifo.rf/grf.rf/rstblk/ngwrdrst.grst.g7serrst.rd_rst_asreg_reg/PRE
                            (removal check against rising-edge clock dbg_hub/inst/BSCANID.u_xsdbm_id/SWITCH_N_EXT_BSCAN.bscan_inst/SERIES7_BSCAN.bscan_inst/INTERNAL_TCK  {rise@0.000ns fall@25.000ns period=50.000ns})
  Path Group:             **async_default**
  Path Type:              Removal (Min at Fast Process Corner)
  Requirement:            0.000ns  (dbg_hub/inst/BSCANID.u_xsdbm_id/SWITCH_N_EXT_BSCAN.bscan_inst/SERIES7_BSCAN.bscan_inst/INTERNAL_TCK rise@0.000ns - dbg_hub/inst/BSCANID.u_xsdbm_id/SWITCH_N_EXT_BSCAN.bscan_inst/SERIES7_BSCAN.bscan_inst/INTERNAL_TCK rise@0.000ns)
  Data Path Delay:        0.143ns  (logic 0.039ns (27.273%)  route 0.104ns (72.727%))
  Logic Levels:           0  
  Clock Path Skew:        0.058ns (DCD - SCD - CPR)
    Destination Clock Delay (DCD):    5.985ns
    Source Clock Delay      (SCD):    1.838ns
    Clock Pessimism Removal (CPR):    4.089ns
  Clock Net Delay (Source):      0.753ns (routing 0.277ns, distribution 0.476ns)
  Clock Net Delay (Destination): 0.866ns (routing 0.309ns, distribution 0.557ns)

    Location             Delay type                Incr(ns)  Path(ns)    Netlist Resource(s)
  -------------------------------------------------------------------    -------------------
                         (clock dbg_hub/inst/BSCANID.u_xsdbm_id/SWITCH_N_EXT_BSCAN.bscan_inst/SERIES7_BSCAN.bscan_inst/INTERNAL_TCK rise edge)
                                                      0.000     0.000 r  
    CONFIG_SITE_X0Y0     BSCANE2                      0.000     0.000 r  dbg_hub/inst/BSCANID.u_xsdbm_id/SWITCH_N_EXT_BSCAN.bscan_inst/SERIES7_BSCAN.bscan_inst/INTERNAL_TCK
    CONFIG_SITE_X0Y0     BSCANE2 (Prop_BSCAN1_CONFIG_SITE_INTERNAL_TCK_TCK)
                                                      0.465     0.465 r  dbg_hub/inst/BSCANID.u_xsdbm_id/SWITCH_N_EXT_BSCAN.bscan_inst/SERIES7_BSCAN.bscan_inst/TCK
                         net (fo=1, routed)           0.603     1.068    dbg_hub/inst/BSCANID.u_xsdbm_id/tck_bs
    BUFGCE_X0Y50         BUFGCE (Prop_BUFCE_BUFGCE_I_O)
                                                      0.017     1.085 r  dbg_hub/inst/BSCANID.u_xsdbm_id/SWITCH_N_EXT_BSCAN.u_bufg_icon_tck/O
    X2Y2 (CLOCK_ROOT)    net (fo=490, routed)         0.753     1.838    dbg_hub/inst/BSCANID.u_xsdbm_id/CORE_XSDB.UUT_MASTER/U_ICON_INTERFACE/U_CMD6_RD/U_RD_FIFO/SUBCORE_FIFO.xsdbm_v3_0_0_rdfifo_inst/inst_fifo_gen/gconvfifo.rf/grf.rf/rstblk/rd_clk
    SLICE_X53Y138        FDPE                                         r  dbg_hub/inst/BSCANID.u_xsdbm_id/CORE_XSDB.UUT_MASTER/U_ICON_INTERFACE/U_CMD6_RD/U_RD_FIFO/SUBCORE_FIFO.xsdbm_v3_0_0_rdfifo_inst/inst_fifo_gen/gconvfifo.rf/grf.rf/rstblk/ngwrdrst.grst.g7serrst.rst_rd_reg2_reg/C
  -------------------------------------------------------------------    -------------------
    SLICE_X53Y138        FDPE (Prop_EFF2_SLICEM_C_Q)
                                                      0.039     1.877 f  dbg_hub/inst/BSCANID.u_xsdbm_id/CORE_XSDB.UUT_MASTER/U_ICON_INTERFACE/U_CMD6_RD/U_RD_FIFO/SUBCORE_FIFO.xsdbm_v3_0_0_rdfifo_inst/inst_fifo_gen/gconvfifo.rf/grf.rf/rstblk/ngwrdrst.grst.g7serrst.rst_rd_reg2_reg/Q
                         net (fo=1, routed)           0.104     1.981    dbg_hub/inst/BSCANID.u_xsdbm_id/CORE_XSDB.UUT_MASTER/U_ICON_INTERFACE/U_CMD6_RD/U_RD_FIFO/SUBCORE_FIFO.xsdbm_v3_0_0_rdfifo_inst/inst_fifo_gen/gconvfifo.rf/grf.rf/rstblk/rst_rd_reg2
    SLICE_X54Y138        FDPE                                         f  dbg_hub/inst/BSCANID.u_xsdbm_id/CORE_XSDB.UUT_MASTER/U_ICON_INTERFACE/U_CMD6_RD/U_RD_FIFO/SUBCORE_FIFO.xsdbm_v3_0_0_rdfifo_inst/inst_fifo_gen/gconvfifo.rf/grf.rf/rstblk/ngwrdrst.grst.g7serrst.rd_rst_asreg_reg/PRE
  -------------------------------------------------------------------    -------------------

                         (clock dbg_hub/inst/BSCANID.u_xsdbm_id/SWITCH_N_EXT_BSCAN.bscan_inst/SERIES7_BSCAN.bscan_inst/INTERNAL_TCK rise edge)
                                                      0.000     0.000 r  
    CONFIG_SITE_X0Y0     BSCANE2                      0.000     0.000 r  dbg_hub/inst/BSCANID.u_xsdbm_id/SWITCH_N_EXT_BSCAN.bscan_inst/SERIES7_BSCAN.bscan_inst/INTERNAL_TCK
    CONFIG_SITE_X0Y0     BSCANE2 (Prop_BSCAN1_CONFIG_SITE_INTERNAL_TCK_TCK)
                                                      4.300     4.300 r  dbg_hub/inst/BSCANID.u_xsdbm_id/SWITCH_N_EXT_BSCAN.bscan_inst/SERIES7_BSCAN.bscan_inst/TCK
                         net (fo=1, routed)           0.800     5.100    dbg_hub/inst/BSCANID.u_xsdbm_id/tck_bs
    BUFGCE_X0Y50         BUFGCE (Prop_BUFCE_BUFGCE_I_O)
                                                      0.019     5.119 r  dbg_hub/inst/BSCANID.u_xsdbm_id/SWITCH_N_EXT_BSCAN.u_bufg_icon_tck/O
    X2Y2 (CLOCK_ROOT)    net (fo=490, routed)         0.866     5.985    dbg_hub/inst/BSCANID.u_xsdbm_id/CORE_XSDB.UUT_MASTER/U_ICON_INTERFACE/U_CMD6_RD/U_RD_FIFO/SUBCORE_FIFO.xsdbm_v3_0_0_rdfifo_inst/inst_fifo_gen/gconvfifo.rf/grf.rf/rstblk/rd_clk
    SLICE_X54Y138        FDPE                                         r  dbg_hub/inst/BSCANID.u_xsdbm_id/CORE_XSDB.UUT_MASTER/U_ICON_INTERFACE/U_CMD6_RD/U_RD_FIFO/SUBCORE_FIFO.xsdbm_v3_0_0_rdfifo_inst/inst_fifo_gen/gconvfifo.rf/grf.rf/rstblk/ngwrdrst.grst.g7serrst.rd_rst_asreg_reg/C
                         clock pessimism             -4.089     1.896    
    SLICE_X54Y138        FDPE (Remov_HFF2_SLICEM_C_PRE)
                                                     -0.020     1.876    dbg_hub/inst/BSCANID.u_xsdbm_id/CORE_XSDB.UUT_MASTER/U_ICON_INTERFACE/U_CMD6_RD/U_RD_FIFO/SUBCORE_FIFO.xsdbm_v3_0_0_rdfifo_inst/inst_fifo_gen/gconvfifo.rf/grf.rf/rstblk/ngwrdrst.grst.g7serrst.rd_rst_asreg_reg
  -------------------------------------------------------------------
                         required time                         -1.876    
                         arrival time                           1.981    
  -------------------------------------------------------------------
                         slack                                  0.105    

Slack (MET) :             0.113ns  (arrival time - required time)
  Source:                 dbg_hub/inst/BSCANID.u_xsdbm_id/CORE_XSDB.UUT_MASTER/U_ICON_INTERFACE/U_CMD6_RD/U_RD_FIFO/SUBCORE_FIFO.xsdbm_v3_0_0_rdfifo_inst/inst_fifo_gen/gconvfifo.rf/grf.rf/rstblk/ngwrdrst.grst.g7serrst.rd_rst_reg_reg[2]/C
                            (rising edge-triggered cell FDPE clocked by dbg_hub/inst/BSCANID.u_xsdbm_id/SWITCH_N_EXT_BSCAN.bscan_inst/SERIES7_BSCAN.bscan_inst/INTERNAL_TCK  {rise@0.000ns fall@25.000ns period=50.000ns})
  Destination:            dbg_hub/inst/BSCANID.u_xsdbm_id/CORE_XSDB.UUT_MASTER/U_ICON_INTERFACE/U_CMD6_RD/U_RD_FIFO/SUBCORE_FIFO.xsdbm_v3_0_0_rdfifo_inst/inst_fifo_gen/gconvfifo.rf/grf.rf/gntv_or_sync_fifo.gl0.rd/gr1.gr1_int.rfwft/empty_fwft_fb_o_i_reg/PRE
                            (removal check against rising-edge clock dbg_hub/inst/BSCANID.u_xsdbm_id/SWITCH_N_EXT_BSCAN.bscan_inst/SERIES7_BSCAN.bscan_inst/INTERNAL_TCK  {rise@0.000ns fall@25.000ns period=50.000ns})
  Path Group:             **async_default**
  Path Type:              Removal (Min at Fast Process Corner)
  Requirement:            0.000ns  (dbg_hub/inst/BSCANID.u_xsdbm_id/SWITCH_N_EXT_BSCAN.bscan_inst/SERIES7_BSCAN.bscan_inst/INTERNAL_TCK rise@0.000ns - dbg_hub/inst/BSCANID.u_xsdbm_id/SWITCH_N_EXT_BSCAN.bscan_inst/SERIES7_BSCAN.bscan_inst/INTERNAL_TCK rise@0.000ns)
  Data Path Delay:        0.148ns  (logic 0.037ns (25.000%)  route 0.111ns (75.000%))
  Logic Levels:           0  
  Clock Path Skew:        0.055ns (DCD - SCD - CPR)
    Destination Clock Delay (DCD):    5.985ns
    Source Clock Delay      (SCD):    1.841ns
    Clock Pessimism Removal (CPR):    4.089ns
  Clock Net Delay (Source):      0.756ns (routing 0.277ns, distribution 0.479ns)
  Clock Net Delay (Destination): 0.866ns (routing 0.309ns, distribution 0.557ns)

    Location             Delay type                Incr(ns)  Path(ns)    Netlist Resource(s)
  -------------------------------------------------------------------    -------------------
                         (clock dbg_hub/inst/BSCANID.u_xsdbm_id/SWITCH_N_EXT_BSCAN.bscan_inst/SERIES7_BSCAN.bscan_inst/INTERNAL_TCK rise edge)
                                                      0.000     0.000 r  
    CONFIG_SITE_X0Y0     BSCANE2                      0.000     0.000 r  dbg_hub/inst/BSCANID.u_xsdbm_id/SWITCH_N_EXT_BSCAN.bscan_inst/SERIES7_BSCAN.bscan_inst/INTERNAL_TCK
    CONFIG_SITE_X0Y0     BSCANE2 (Prop_BSCAN1_CONFIG_SITE_INTERNAL_TCK_TCK)
                                                      0.465     0.465 r  dbg_hub/inst/BSCANID.u_xsdbm_id/SWITCH_N_EXT_BSCAN.bscan_inst/SERIES7_BSCAN.bscan_inst/TCK
                         net (fo=1, routed)           0.603     1.068    dbg_hub/inst/BSCANID.u_xsdbm_id/tck_bs
    BUFGCE_X0Y50         BUFGCE (Prop_BUFCE_BUFGCE_I_O)
                                                      0.017     1.085 r  dbg_hub/inst/BSCANID.u_xsdbm_id/SWITCH_N_EXT_BSCAN.u_bufg_icon_tck/O
    X2Y2 (CLOCK_ROOT)    net (fo=490, routed)         0.756     1.841    dbg_hub/inst/BSCANID.u_xsdbm_id/CORE_XSDB.UUT_MASTER/U_ICON_INTERFACE/U_CMD6_RD/U_RD_FIFO/SUBCORE_FIFO.xsdbm_v3_0_0_rdfifo_inst/inst_fifo_gen/gconvfifo.rf/grf.rf/rstblk/rd_clk
    SLICE_X54Y137        FDPE                                         r  dbg_hub/inst/BSCANID.u_xsdbm_id/CORE_XSDB.UUT_MASTER/U_ICON_INTERFACE/U_CMD6_RD/U_RD_FIFO/SUBCORE_FIFO.xsdbm_v3_0_0_rdfifo_inst/inst_fifo_gen/gconvfifo.rf/grf.rf/rstblk/ngwrdrst.grst.g7serrst.rd_rst_reg_reg[2]/C
  -------------------------------------------------------------------    -------------------
    SLICE_X54Y137        FDPE (Prop_FFF_SLICEM_C_Q)
                                                      0.037     1.878 f  dbg_hub/inst/BSCANID.u_xsdbm_id/CORE_XSDB.UUT_MASTER/U_ICON_INTERFACE/U_CMD6_RD/U_RD_FIFO/SUBCORE_FIFO.xsdbm_v3_0_0_rdfifo_inst/inst_fifo_gen/gconvfifo.rf/grf.rf/rstblk/ngwrdrst.grst.g7serrst.rd_rst_reg_reg[2]/Q
                         net (fo=18, routed)          0.111     1.989    dbg_hub/inst/BSCANID.u_xsdbm_id/CORE_XSDB.UUT_MASTER/U_ICON_INTERFACE/U_CMD6_RD/U_RD_FIFO/SUBCORE_FIFO.xsdbm_v3_0_0_rdfifo_inst/inst_fifo_gen/gconvfifo.rf/grf.rf/gntv_or_sync_fifo.gl0.rd/gr1.gr1_int.rfwft/out[1]
    SLICE_X53Y137        FDPE                                         f  dbg_hub/inst/BSCANID.u_xsdbm_id/CORE_XSDB.UUT_MASTER/U_ICON_INTERFACE/U_CMD6_RD/U_RD_FIFO/SUBCORE_FIFO.xsdbm_v3_0_0_rdfifo_inst/inst_fifo_gen/gconvfifo.rf/grf.rf/gntv_or_sync_fifo.gl0.rd/gr1.gr1_int.rfwft/empty_fwft_fb_o_i_reg/PRE
  -------------------------------------------------------------------    -------------------

                         (clock dbg_hub/inst/BSCANID.u_xsdbm_id/SWITCH_N_EXT_BSCAN.bscan_inst/SERIES7_BSCAN.bscan_inst/INTERNAL_TCK rise edge)
                                                      0.000     0.000 r  
    CONFIG_SITE_X0Y0     BSCANE2                      0.000     0.000 r  dbg_hub/inst/BSCANID.u_xsdbm_id/SWITCH_N_EXT_BSCAN.bscan_inst/SERIES7_BSCAN.bscan_inst/INTERNAL_TCK
    CONFIG_SITE_X0Y0     BSCANE2 (Prop_BSCAN1_CONFIG_SITE_INTERNAL_TCK_TCK)
                                                      4.300     4.300 r  dbg_hub/inst/BSCANID.u_xsdbm_id/SWITCH_N_EXT_BSCAN.bscan_inst/SERIES7_BSCAN.bscan_inst/TCK
                         net (fo=1, routed)           0.800     5.100    dbg_hub/inst/BSCANID.u_xsdbm_id/tck_bs
    BUFGCE_X0Y50         BUFGCE (Prop_BUFCE_BUFGCE_I_O)
                                                      0.019     5.119 r  dbg_hub/inst/BSCANID.u_xsdbm_id/SWITCH_N_EXT_BSCAN.u_bufg_icon_tck/O
    X2Y2 (CLOCK_ROOT)    net (fo=490, routed)         0.866     5.985    dbg_hub/inst/BSCANID.u_xsdbm_id/CORE_XSDB.UUT_MASTER/U_ICON_INTERFACE/U_CMD6_RD/U_RD_FIFO/SUBCORE_FIFO.xsdbm_v3_0_0_rdfifo_inst/inst_fifo_gen/gconvfifo.rf/grf.rf/gntv_or_sync_fifo.gl0.rd/gr1.gr1_int.rfwft/rd_clk
    SLICE_X53Y137        FDPE                                         r  dbg_hub/inst/BSCANID.u_xsdbm_id/CORE_XSDB.UUT_MASTER/U_ICON_INTERFACE/U_CMD6_RD/U_RD_FIFO/SUBCORE_FIFO.xsdbm_v3_0_0_rdfifo_inst/inst_fifo_gen/gconvfifo.rf/grf.rf/gntv_or_sync_fifo.gl0.rd/gr1.gr1_int.rfwft/empty_fwft_fb_o_i_reg/C
                         clock pessimism             -4.089     1.896    
    SLICE_X53Y137        FDPE (Remov_DFF2_SLICEM_C_PRE)
                                                     -0.020     1.876    dbg_hub/inst/BSCANID.u_xsdbm_id/CORE_XSDB.UUT_MASTER/U_ICON_INTERFACE/U_CMD6_RD/U_RD_FIFO/SUBCORE_FIFO.xsdbm_v3_0_0_rdfifo_inst/inst_fifo_gen/gconvfifo.rf/grf.rf/gntv_or_sync_fifo.gl0.rd/gr1.gr1_int.rfwft/empty_fwft_fb_o_i_reg
  -------------------------------------------------------------------
                         required time                         -1.876    
                         arrival time                           1.989    
  -------------------------------------------------------------------
                         slack                                  0.113    

Slack (MET) :             0.114ns  (arrival time - required time)
  Source:                 dbg_hub/inst/BSCANID.u_xsdbm_id/CORE_XSDB.UUT_MASTER/U_ICON_INTERFACE/U_CMD6_RD/U_RD_FIFO/SUBCORE_FIFO.xsdbm_v3_0_0_rdfifo_inst/inst_fifo_gen/gconvfifo.rf/grf.rf/rstblk/ngwrdrst.grst.g7serrst.rd_rst_reg_reg[2]/C
                            (rising edge-triggered cell FDPE clocked by dbg_hub/inst/BSCANID.u_xsdbm_id/SWITCH_N_EXT_BSCAN.bscan_inst/SERIES7_BSCAN.bscan_inst/INTERNAL_TCK  {rise@0.000ns fall@25.000ns period=50.000ns})
  Destination:            dbg_hub/inst/BSCANID.u_xsdbm_id/CORE_XSDB.UUT_MASTER/U_ICON_INTERFACE/U_CMD6_RD/U_RD_FIFO/SUBCORE_FIFO.xsdbm_v3_0_0_rdfifo_inst/inst_fifo_gen/gconvfifo.rf/grf.rf/gntv_or_sync_fifo.gl0.rd/gr1.gr1_int.rfwft/empty_fwft_fb_i_reg/PRE
                            (removal check against rising-edge clock dbg_hub/inst/BSCANID.u_xsdbm_id/SWITCH_N_EXT_BSCAN.bscan_inst/SERIES7_BSCAN.bscan_inst/INTERNAL_TCK  {rise@0.000ns fall@25.000ns period=50.000ns})
  Path Group:             **async_default**
  Path Type:              Removal (Min at Fast Process Corner)
  Requirement:            0.000ns  (dbg_hub/inst/BSCANID.u_xsdbm_id/SWITCH_N_EXT_BSCAN.bscan_inst/SERIES7_BSCAN.bscan_inst/INTERNAL_TCK rise@0.000ns - dbg_hub/inst/BSCANID.u_xsdbm_id/SWITCH_N_EXT_BSCAN.bscan_inst/SERIES7_BSCAN.bscan_inst/INTERNAL_TCK rise@0.000ns)
  Data Path Delay:        0.147ns  (logic 0.037ns (25.170%)  route 0.110ns (74.830%))
  Logic Levels:           0  
  Clock Path Skew:        0.053ns (DCD - SCD - CPR)
    Destination Clock Delay (DCD):    5.983ns
    Source Clock Delay      (SCD):    1.841ns
    Clock Pessimism Removal (CPR):    4.089ns
  Clock Net Delay (Source):      0.756ns (routing 0.277ns, distribution 0.479ns)
  Clock Net Delay (Destination): 0.864ns (routing 0.309ns, distribution 0.555ns)

    Location             Delay type                Incr(ns)  Path(ns)    Netlist Resource(s)
  -------------------------------------------------------------------    -------------------
                         (clock dbg_hub/inst/BSCANID.u_xsdbm_id/SWITCH_N_EXT_BSCAN.bscan_inst/SERIES7_BSCAN.bscan_inst/INTERNAL_TCK rise edge)
                                                      0.000     0.000 r  
    CONFIG_SITE_X0Y0     BSCANE2                      0.000     0.000 r  dbg_hub/inst/BSCANID.u_xsdbm_id/SWITCH_N_EXT_BSCAN.bscan_inst/SERIES7_BSCAN.bscan_inst/INTERNAL_TCK
    CONFIG_SITE_X0Y0     BSCANE2 (Prop_BSCAN1_CONFIG_SITE_INTERNAL_TCK_TCK)
                                                      0.465     0.465 r  dbg_hub/inst/BSCANID.u_xsdbm_id/SWITCH_N_EXT_BSCAN.bscan_inst/SERIES7_BSCAN.bscan_inst/TCK
                         net (fo=1, routed)           0.603     1.068    dbg_hub/inst/BSCANID.u_xsdbm_id/tck_bs
    BUFGCE_X0Y50         BUFGCE (Prop_BUFCE_BUFGCE_I_O)
                                                      0.017     1.085 r  dbg_hub/inst/BSCANID.u_xsdbm_id/SWITCH_N_EXT_BSCAN.u_bufg_icon_tck/O
    X2Y2 (CLOCK_ROOT)    net (fo=490, routed)         0.756     1.841    dbg_hub/inst/BSCANID.u_xsdbm_id/CORE_XSDB.UUT_MASTER/U_ICON_INTERFACE/U_CMD6_RD/U_RD_FIFO/SUBCORE_FIFO.xsdbm_v3_0_0_rdfifo_inst/inst_fifo_gen/gconvfifo.rf/grf.rf/rstblk/rd_clk
    SLICE_X54Y137        FDPE                                         r  dbg_hub/inst/BSCANID.u_xsdbm_id/CORE_XSDB.UUT_MASTER/U_ICON_INTERFACE/U_CMD6_RD/U_RD_FIFO/SUBCORE_FIFO.xsdbm_v3_0_0_rdfifo_inst/inst_fifo_gen/gconvfifo.rf/grf.rf/rstblk/ngwrdrst.grst.g7serrst.rd_rst_reg_reg[2]/C
  -------------------------------------------------------------------    -------------------
    SLICE_X54Y137        FDPE (Prop_FFF_SLICEM_C_Q)
                                                      0.037     1.878 f  dbg_hub/inst/BSCANID.u_xsdbm_id/CORE_XSDB.UUT_MASTER/U_ICON_INTERFACE/U_CMD6_RD/U_RD_FIFO/SUBCORE_FIFO.xsdbm_v3_0_0_rdfifo_inst/inst_fifo_gen/gconvfifo.rf/grf.rf/rstblk/ngwrdrst.grst.g7serrst.rd_rst_reg_reg[2]/Q
                         net (fo=18, routed)          0.110     1.988    dbg_hub/inst/BSCANID.u_xsdbm_id/CORE_XSDB.UUT_MASTER/U_ICON_INTERFACE/U_CMD6_RD/U_RD_FIFO/SUBCORE_FIFO.xsdbm_v3_0_0_rdfifo_inst/inst_fifo_gen/gconvfifo.rf/grf.rf/gntv_or_sync_fifo.gl0.rd/gr1.gr1_int.rfwft/out[1]
    SLICE_X53Y137        FDPE                                         f  dbg_hub/inst/BSCANID.u_xsdbm_id/CORE_XSDB.UUT_MASTER/U_ICON_INTERFACE/U_CMD6_RD/U_RD_FIFO/SUBCORE_FIFO.xsdbm_v3_0_0_rdfifo_inst/inst_fifo_gen/gconvfifo.rf/grf.rf/gntv_or_sync_fifo.gl0.rd/gr1.gr1_int.rfwft/empty_fwft_fb_i_reg/PRE
  -------------------------------------------------------------------    -------------------

                         (clock dbg_hub/inst/BSCANID.u_xsdbm_id/SWITCH_N_EXT_BSCAN.bscan_inst/SERIES7_BSCAN.bscan_inst/INTERNAL_TCK rise edge)
                                                      0.000     0.000 r  
    CONFIG_SITE_X0Y0     BSCANE2                      0.000     0.000 r  dbg_hub/inst/BSCANID.u_xsdbm_id/SWITCH_N_EXT_BSCAN.bscan_inst/SERIES7_BSCAN.bscan_inst/INTERNAL_TCK
    CONFIG_SITE_X0Y0     BSCANE2 (Prop_BSCAN1_CONFIG_SITE_INTERNAL_TCK_TCK)
                                                      4.300     4.300 r  dbg_hub/inst/BSCANID.u_xsdbm_id/SWITCH_N_EXT_BSCAN.bscan_inst/SERIES7_BSCAN.bscan_inst/TCK
                         net (fo=1, routed)           0.800     5.100    dbg_hub/inst/BSCANID.u_xsdbm_id/tck_bs
    BUFGCE_X0Y50         BUFGCE (Prop_BUFCE_BUFGCE_I_O)
                                                      0.019     5.119 r  dbg_hub/inst/BSCANID.u_xsdbm_id/SWITCH_N_EXT_BSCAN.u_bufg_icon_tck/O
    X2Y2 (CLOCK_ROOT)    net (fo=490, routed)         0.864     5.983    dbg_hub/inst/BSCANID.u_xsdbm_id/CORE_XSDB.UUT_MASTER/U_ICON_INTERFACE/U_CMD6_RD/U_RD_FIFO/SUBCORE_FIFO.xsdbm_v3_0_0_rdfifo_inst/inst_fifo_gen/gconvfifo.rf/grf.rf/gntv_or_sync_fifo.gl0.rd/gr1.gr1_int.rfwft/rd_clk
    SLICE_X53Y137        FDPE                                         r  dbg_hub/inst/BSCANID.u_xsdbm_id/CORE_XSDB.UUT_MASTER/U_ICON_INTERFACE/U_CMD6_RD/U_RD_FIFO/SUBCORE_FIFO.xsdbm_v3_0_0_rdfifo_inst/inst_fifo_gen/gconvfifo.rf/grf.rf/gntv_or_sync_fifo.gl0.rd/gr1.gr1_int.rfwft/empty_fwft_fb_i_reg/C
                         clock pessimism             -4.089     1.894    
    SLICE_X53Y137        FDPE (Remov_EFF_SLICEM_C_PRE)
                                                     -0.020     1.874    dbg_hub/inst/BSCANID.u_xsdbm_id/CORE_XSDB.UUT_MASTER/U_ICON_INTERFACE/U_CMD6_RD/U_RD_FIFO/SUBCORE_FIFO.xsdbm_v3_0_0_rdfifo_inst/inst_fifo_gen/gconvfifo.rf/grf.rf/gntv_or_sync_fifo.gl0.rd/gr1.gr1_int.rfwft/empty_fwft_fb_i_reg
  -------------------------------------------------------------------
                         required time                         -1.874    
                         arrival time                           1.988    
  -------------------------------------------------------------------
                         slack                                  0.114    

Slack (MET) :             0.114ns  (arrival time - required time)
  Source:                 dbg_hub/inst/BSCANID.u_xsdbm_id/CORE_XSDB.UUT_MASTER/U_ICON_INTERFACE/U_CMD6_RD/U_RD_FIFO/SUBCORE_FIFO.xsdbm_v3_0_0_rdfifo_inst/inst_fifo_gen/gconvfifo.rf/grf.rf/rstblk/ngwrdrst.grst.g7serrst.rd_rst_reg_reg[2]/C
                            (rising edge-triggered cell FDPE clocked by dbg_hub/inst/BSCANID.u_xsdbm_id/SWITCH_N_EXT_BSCAN.bscan_inst/SERIES7_BSCAN.bscan_inst/INTERNAL_TCK  {rise@0.000ns fall@25.000ns period=50.000ns})
  Destination:            dbg_hub/inst/BSCANID.u_xsdbm_id/CORE_XSDB.UUT_MASTER/U_ICON_INTERFACE/U_CMD6_RD/U_RD_FIFO/SUBCORE_FIFO.xsdbm_v3_0_0_rdfifo_inst/inst_fifo_gen/gconvfifo.rf/grf.rf/gntv_or_sync_fifo.gl0.rd/gr1.gr1_int.rfwft/empty_fwft_i_reg/PRE
                            (removal check against rising-edge clock dbg_hub/inst/BSCANID.u_xsdbm_id/SWITCH_N_EXT_BSCAN.bscan_inst/SERIES7_BSCAN.bscan_inst/INTERNAL_TCK  {rise@0.000ns fall@25.000ns period=50.000ns})
  Path Group:             **async_default**
  Path Type:              Removal (Min at Fast Process Corner)
  Requirement:            0.000ns  (dbg_hub/inst/BSCANID.u_xsdbm_id/SWITCH_N_EXT_BSCAN.bscan_inst/SERIES7_BSCAN.bscan_inst/INTERNAL_TCK rise@0.000ns - dbg_hub/inst/BSCANID.u_xsdbm_id/SWITCH_N_EXT_BSCAN.bscan_inst/SERIES7_BSCAN.bscan_inst/INTERNAL_TCK rise@0.000ns)
  Data Path Delay:        0.147ns  (logic 0.037ns (25.170%)  route 0.110ns (74.830%))
  Logic Levels:           0  
  Clock Path Skew:        0.053ns (DCD - SCD - CPR)
    Destination Clock Delay (DCD):    5.983ns
    Source Clock Delay      (SCD):    1.841ns
    Clock Pessimism Removal (CPR):    4.089ns
  Clock Net Delay (Source):      0.756ns (routing 0.277ns, distribution 0.479ns)
  Clock Net Delay (Destination): 0.864ns (routing 0.309ns, distribution 0.555ns)

    Location             Delay type                Incr(ns)  Path(ns)    Netlist Resource(s)
  -------------------------------------------------------------------    -------------------
                         (clock dbg_hub/inst/BSCANID.u_xsdbm_id/SWITCH_N_EXT_BSCAN.bscan_inst/SERIES7_BSCAN.bscan_inst/INTERNAL_TCK rise edge)
                                                      0.000     0.000 r  
    CONFIG_SITE_X0Y0     BSCANE2                      0.000     0.000 r  dbg_hub/inst/BSCANID.u_xsdbm_id/SWITCH_N_EXT_BSCAN.bscan_inst/SERIES7_BSCAN.bscan_inst/INTERNAL_TCK
    CONFIG_SITE_X0Y0     BSCANE2 (Prop_BSCAN1_CONFIG_SITE_INTERNAL_TCK_TCK)
                                                      0.465     0.465 r  dbg_hub/inst/BSCANID.u_xsdbm_id/SWITCH_N_EXT_BSCAN.bscan_inst/SERIES7_BSCAN.bscan_inst/TCK
                         net (fo=1, routed)           0.603     1.068    dbg_hub/inst/BSCANID.u_xsdbm_id/tck_bs
    BUFGCE_X0Y50         BUFGCE (Prop_BUFCE_BUFGCE_I_O)
                                                      0.017     1.085 r  dbg_hub/inst/BSCANID.u_xsdbm_id/SWITCH_N_EXT_BSCAN.u_bufg_icon_tck/O
    X2Y2 (CLOCK_ROOT)    net (fo=490, routed)         0.756     1.841    dbg_hub/inst/BSCANID.u_xsdbm_id/CORE_XSDB.UUT_MASTER/U_ICON_INTERFACE/U_CMD6_RD/U_RD_FIFO/SUBCORE_FIFO.xsdbm_v3_0_0_rdfifo_inst/inst_fifo_gen/gconvfifo.rf/grf.rf/rstblk/rd_clk
    SLICE_X54Y137        FDPE                                         r  dbg_hub/inst/BSCANID.u_xsdbm_id/CORE_XSDB.UUT_MASTER/U_ICON_INTERFACE/U_CMD6_RD/U_RD_FIFO/SUBCORE_FIFO.xsdbm_v3_0_0_rdfifo_inst/inst_fifo_gen/gconvfifo.rf/grf.rf/rstblk/ngwrdrst.grst.g7serrst.rd_rst_reg_reg[2]/C
  -------------------------------------------------------------------    -------------------
    SLICE_X54Y137        FDPE (Prop_FFF_SLICEM_C_Q)
                                                      0.037     1.878 f  dbg_hub/inst/BSCANID.u_xsdbm_id/CORE_XSDB.UUT_MASTER/U_ICON_INTERFACE/U_CMD6_RD/U_RD_FIFO/SUBCORE_FIFO.xsdbm_v3_0_0_rdfifo_inst/inst_fifo_gen/gconvfifo.rf/grf.rf/rstblk/ngwrdrst.grst.g7serrst.rd_rst_reg_reg[2]/Q
                         net (fo=18, routed)          0.110     1.988    dbg_hub/inst/BSCANID.u_xsdbm_id/CORE_XSDB.UUT_MASTER/U_ICON_INTERFACE/U_CMD6_RD/U_RD_FIFO/SUBCORE_FIFO.xsdbm_v3_0_0_rdfifo_inst/inst_fifo_gen/gconvfifo.rf/grf.rf/gntv_or_sync_fifo.gl0.rd/gr1.gr1_int.rfwft/out[1]
    SLICE_X53Y137        FDPE                                         f  dbg_hub/inst/BSCANID.u_xsdbm_id/CORE_XSDB.UUT_MASTER/U_ICON_INTERFACE/U_CMD6_RD/U_RD_FIFO/SUBCORE_FIFO.xsdbm_v3_0_0_rdfifo_inst/inst_fifo_gen/gconvfifo.rf/grf.rf/gntv_or_sync_fifo.gl0.rd/gr1.gr1_int.rfwft/empty_fwft_i_reg/PRE
  -------------------------------------------------------------------    -------------------

                         (clock dbg_hub/inst/BSCANID.u_xsdbm_id/SWITCH_N_EXT_BSCAN.bscan_inst/SERIES7_BSCAN.bscan_inst/INTERNAL_TCK rise edge)
                                                      0.000     0.000 r  
    CONFIG_SITE_X0Y0     BSCANE2                      0.000     0.000 r  dbg_hub/inst/BSCANID.u_xsdbm_id/SWITCH_N_EXT_BSCAN.bscan_inst/SERIES7_BSCAN.bscan_inst/INTERNAL_TCK
    CONFIG_SITE_X0Y0     BSCANE2 (Prop_BSCAN1_CONFIG_SITE_INTERNAL_TCK_TCK)
                                                      4.300     4.300 r  dbg_hub/inst/BSCANID.u_xsdbm_id/SWITCH_N_EXT_BSCAN.bscan_inst/SERIES7_BSCAN.bscan_inst/TCK
                         net (fo=1, routed)           0.800     5.100    dbg_hub/inst/BSCANID.u_xsdbm_id/tck_bs
    BUFGCE_X0Y50         BUFGCE (Prop_BUFCE_BUFGCE_I_O)
                                                      0.019     5.119 r  dbg_hub/inst/BSCANID.u_xsdbm_id/SWITCH_N_EXT_BSCAN.u_bufg_icon_tck/O
    X2Y2 (CLOCK_ROOT)    net (fo=490, routed)         0.864     5.983    dbg_hub/inst/BSCANID.u_xsdbm_id/CORE_XSDB.UUT_MASTER/U_ICON_INTERFACE/U_CMD6_RD/U_RD_FIFO/SUBCORE_FIFO.xsdbm_v3_0_0_rdfifo_inst/inst_fifo_gen/gconvfifo.rf/grf.rf/gntv_or_sync_fifo.gl0.rd/gr1.gr1_int.rfwft/rd_clk
    SLICE_X53Y137        FDPE                                         r  dbg_hub/inst/BSCANID.u_xsdbm_id/CORE_XSDB.UUT_MASTER/U_ICON_INTERFACE/U_CMD6_RD/U_RD_FIFO/SUBCORE_FIFO.xsdbm_v3_0_0_rdfifo_inst/inst_fifo_gen/gconvfifo.rf/grf.rf/gntv_or_sync_fifo.gl0.rd/gr1.gr1_int.rfwft/empty_fwft_i_reg/C
                         clock pessimism             -4.089     1.894    
    SLICE_X53Y137        FDPE (Remov_EFF2_SLICEM_C_PRE)
                                                     -0.020     1.874    dbg_hub/inst/BSCANID.u_xsdbm_id/CORE_XSDB.UUT_MASTER/U_ICON_INTERFACE/U_CMD6_RD/U_RD_FIFO/SUBCORE_FIFO.xsdbm_v3_0_0_rdfifo_inst/inst_fifo_gen/gconvfifo.rf/grf.rf/gntv_or_sync_fifo.gl0.rd/gr1.gr1_int.rfwft/empty_fwft_i_reg
  -------------------------------------------------------------------
                         required time                         -1.874    
                         arrival time                           1.988    
  -------------------------------------------------------------------
                         slack                                  0.114    

Slack (MET) :             0.117ns  (arrival time - required time)
  Source:                 dbg_hub/inst/BSCANID.u_xsdbm_id/CORE_XSDB.UUT_MASTER/U_ICON_INTERFACE/U_CMD6_WR/U_WR_FIFO/SUBCORE_FIFO.xsdbm_v3_0_0_wrfifo_inst/inst_fifo_gen/gconvfifo.rf/grf.rf/rstblk/ngwrdrst.grst.g7serrst.wr_rst_reg_reg[0]/C
                            (rising edge-triggered cell FDPE clocked by dbg_hub/inst/BSCANID.u_xsdbm_id/SWITCH_N_EXT_BSCAN.bscan_inst/SERIES7_BSCAN.bscan_inst/INTERNAL_TCK  {rise@0.000ns fall@25.000ns period=50.000ns})
  Destination:            dbg_hub/inst/BSCANID.u_xsdbm_id/CORE_XSDB.UUT_MASTER/U_ICON_INTERFACE/U_CMD6_WR/U_WR_FIFO/SUBCORE_FIFO.xsdbm_v3_0_0_wrfifo_inst/inst_fifo_gen/gconvfifo.rf/grf.rf/gntv_or_sync_fifo.gcx.clkx/gnxpm_cdc.gsync_stage[1].wr_stg_inst/Q_reg_reg[0]/CLR
                            (removal check against rising-edge clock dbg_hub/inst/BSCANID.u_xsdbm_id/SWITCH_N_EXT_BSCAN.bscan_inst/SERIES7_BSCAN.bscan_inst/INTERNAL_TCK  {rise@0.000ns fall@25.000ns period=50.000ns})
  Path Group:             **async_default**
  Path Type:              Removal (Min at Fast Process Corner)
  Requirement:            0.000ns  (dbg_hub/inst/BSCANID.u_xsdbm_id/SWITCH_N_EXT_BSCAN.bscan_inst/SERIES7_BSCAN.bscan_inst/INTERNAL_TCK rise@0.000ns - dbg_hub/inst/BSCANID.u_xsdbm_id/SWITCH_N_EXT_BSCAN.bscan_inst/SERIES7_BSCAN.bscan_inst/INTERNAL_TCK rise@0.000ns)
  Data Path Delay:        0.141ns  (logic 0.039ns (27.660%)  route 0.102ns (72.340%))
  Logic Levels:           0  
  Clock Path Skew:        0.044ns (DCD - SCD - CPR)
    Destination Clock Delay (DCD):    5.960ns
    Source Clock Delay      (SCD):    1.827ns
    Clock Pessimism Removal (CPR):    4.089ns
  Clock Net Delay (Source):      0.742ns (routing 0.277ns, distribution 0.465ns)
  Clock Net Delay (Destination): 0.841ns (routing 0.309ns, distribution 0.532ns)

    Location             Delay type                Incr(ns)  Path(ns)    Netlist Resource(s)
  -------------------------------------------------------------------    -------------------
                         (clock dbg_hub/inst/BSCANID.u_xsdbm_id/SWITCH_N_EXT_BSCAN.bscan_inst/SERIES7_BSCAN.bscan_inst/INTERNAL_TCK rise edge)
                                                      0.000     0.000 r  
    CONFIG_SITE_X0Y0     BSCANE2                      0.000     0.000 r  dbg_hub/inst/BSCANID.u_xsdbm_id/SWITCH_N_EXT_BSCAN.bscan_inst/SERIES7_BSCAN.bscan_inst/INTERNAL_TCK
    CONFIG_SITE_X0Y0     BSCANE2 (Prop_BSCAN1_CONFIG_SITE_INTERNAL_TCK_TCK)
                                                      0.465     0.465 r  dbg_hub/inst/BSCANID.u_xsdbm_id/SWITCH_N_EXT_BSCAN.bscan_inst/SERIES7_BSCAN.bscan_inst/TCK
                         net (fo=1, routed)           0.603     1.068    dbg_hub/inst/BSCANID.u_xsdbm_id/tck_bs
    BUFGCE_X0Y50         BUFGCE (Prop_BUFCE_BUFGCE_I_O)
                                                      0.017     1.085 r  dbg_hub/inst/BSCANID.u_xsdbm_id/SWITCH_N_EXT_BSCAN.u_bufg_icon_tck/O
    X2Y2 (CLOCK_ROOT)    net (fo=490, routed)         0.742     1.827    dbg_hub/inst/BSCANID.u_xsdbm_id/CORE_XSDB.UUT_MASTER/U_ICON_INTERFACE/U_CMD6_WR/U_WR_FIFO/SUBCORE_FIFO.xsdbm_v3_0_0_wrfifo_inst/inst_fifo_gen/gconvfifo.rf/grf.rf/rstblk/wr_clk
    SLICE_X48Y123        FDPE                                         r  dbg_hub/inst/BSCANID.u_xsdbm_id/CORE_XSDB.UUT_MASTER/U_ICON_INTERFACE/U_CMD6_WR/U_WR_FIFO/SUBCORE_FIFO.xsdbm_v3_0_0_wrfifo_inst/inst_fifo_gen/gconvfifo.rf/grf.rf/rstblk/ngwrdrst.grst.g7serrst.wr_rst_reg_reg[0]/C
  -------------------------------------------------------------------    -------------------
    SLICE_X48Y123        FDPE (Prop_EFF_SLICEL_C_Q)
                                                      0.039     1.866 f  dbg_hub/inst/BSCANID.u_xsdbm_id/CORE_XSDB.UUT_MASTER/U_ICON_INTERFACE/U_CMD6_WR/U_WR_FIFO/SUBCORE_FIFO.xsdbm_v3_0_0_wrfifo_inst/inst_fifo_gen/gconvfifo.rf/grf.rf/rstblk/ngwrdrst.grst.g7serrst.wr_rst_reg_reg[0]/Q
                         net (fo=18, routed)          0.102     1.968    dbg_hub/inst/BSCANID.u_xsdbm_id/CORE_XSDB.UUT_MASTER/U_ICON_INTERFACE/U_CMD6_WR/U_WR_FIFO/SUBCORE_FIFO.xsdbm_v3_0_0_wrfifo_inst/inst_fifo_gen/gconvfifo.rf/grf.rf/gntv_or_sync_fifo.gcx.clkx/gnxpm_cdc.gsync_stage[1].wr_stg_inst/AR[0]
    SLICE_X47Y123        FDCE                                         f  dbg_hub/inst/BSCANID.u_xsdbm_id/CORE_XSDB.UUT_MASTER/U_ICON_INTERFACE/U_CMD6_WR/U_WR_FIFO/SUBCORE_FIFO.xsdbm_v3_0_0_wrfifo_inst/inst_fifo_gen/gconvfifo.rf/grf.rf/gntv_or_sync_fifo.gcx.clkx/gnxpm_cdc.gsync_stage[1].wr_stg_inst/Q_reg_reg[0]/CLR
  -------------------------------------------------------------------    -------------------

                         (clock dbg_hub/inst/BSCANID.u_xsdbm_id/SWITCH_N_EXT_BSCAN.bscan_inst/SERIES7_BSCAN.bscan_inst/INTERNAL_TCK rise edge)
                                                      0.000     0.000 r  
    CONFIG_SITE_X0Y0     BSCANE2                      0.000     0.000 r  dbg_hub/inst/BSCANID.u_xsdbm_id/SWITCH_N_EXT_BSCAN.bscan_inst/SERIES7_BSCAN.bscan_inst/INTERNAL_TCK
    CONFIG_SITE_X0Y0     BSCANE2 (Prop_BSCAN1_CONFIG_SITE_INTERNAL_TCK_TCK)
                                                      4.300     4.300 r  dbg_hub/inst/BSCANID.u_xsdbm_id/SWITCH_N_EXT_BSCAN.bscan_inst/SERIES7_BSCAN.bscan_inst/TCK
                         net (fo=1, routed)           0.800     5.100    dbg_hub/inst/BSCANID.u_xsdbm_id/tck_bs
    BUFGCE_X0Y50         BUFGCE (Prop_BUFCE_BUFGCE_I_O)
                                                      0.019     5.119 r  dbg_hub/inst/BSCANID.u_xsdbm_id/SWITCH_N_EXT_BSCAN.u_bufg_icon_tck/O
    X2Y2 (CLOCK_ROOT)    net (fo=490, routed)         0.841     5.960    dbg_hub/inst/BSCANID.u_xsdbm_id/CORE_XSDB.UUT_MASTER/U_ICON_INTERFACE/U_CMD6_WR/U_WR_FIFO/SUBCORE_FIFO.xsdbm_v3_0_0_wrfifo_inst/inst_fifo_gen/gconvfifo.rf/grf.rf/gntv_or_sync_fifo.gcx.clkx/gnxpm_cdc.gsync_stage[1].wr_stg_inst/wr_clk
    SLICE_X47Y123        FDCE                                         r  dbg_hub/inst/BSCANID.u_xsdbm_id/CORE_XSDB.UUT_MASTER/U_ICON_INTERFACE/U_CMD6_WR/U_WR_FIFO/SUBCORE_FIFO.xsdbm_v3_0_0_wrfifo_inst/inst_fifo_gen/gconvfifo.rf/grf.rf/gntv_or_sync_fifo.gcx.clkx/gnxpm_cdc.gsync_stage[1].wr_stg_inst/Q_reg_reg[0]/C
                         clock pessimism             -4.089     1.871    
    SLICE_X47Y123        FDCE (Remov_CFF2_SLICEL_C_CLR)
                                                     -0.020     1.851    dbg_hub/inst/BSCANID.u_xsdbm_id/CORE_XSDB.UUT_MASTER/U_ICON_INTERFACE/U_CMD6_WR/U_WR_FIFO/SUBCORE_FIFO.xsdbm_v3_0_0_wrfifo_inst/inst_fifo_gen/gconvfifo.rf/grf.rf/gntv_or_sync_fifo.gcx.clkx/gnxpm_cdc.gsync_stage[1].wr_stg_inst/Q_reg_reg[0]
  -------------------------------------------------------------------
                         required time                         -1.851    
                         arrival time                           1.968    
  -------------------------------------------------------------------
                         slack                                  0.117    

Slack (MET) :             0.117ns  (arrival time - required time)
  Source:                 dbg_hub/inst/BSCANID.u_xsdbm_id/CORE_XSDB.UUT_MASTER/U_ICON_INTERFACE/U_CMD6_WR/U_WR_FIFO/SUBCORE_FIFO.xsdbm_v3_0_0_wrfifo_inst/inst_fifo_gen/gconvfifo.rf/grf.rf/rstblk/ngwrdrst.grst.g7serrst.wr_rst_reg_reg[0]/C
                            (rising edge-triggered cell FDPE clocked by dbg_hub/inst/BSCANID.u_xsdbm_id/SWITCH_N_EXT_BSCAN.bscan_inst/SERIES7_BSCAN.bscan_inst/INTERNAL_TCK  {rise@0.000ns fall@25.000ns period=50.000ns})
  Destination:            dbg_hub/inst/BSCANID.u_xsdbm_id/CORE_XSDB.UUT_MASTER/U_ICON_INTERFACE/U_CMD6_WR/U_WR_FIFO/SUBCORE_FIFO.xsdbm_v3_0_0_wrfifo_inst/inst_fifo_gen/gconvfifo.rf/grf.rf/gntv_or_sync_fifo.gcx.clkx/gnxpm_cdc.gsync_stage[2].wr_stg_inst/Q_reg_reg[0]/CLR
                            (removal check against rising-edge clock dbg_hub/inst/BSCANID.u_xsdbm_id/SWITCH_N_EXT_BSCAN.bscan_inst/SERIES7_BSCAN.bscan_inst/INTERNAL_TCK  {rise@0.000ns fall@25.000ns period=50.000ns})
  Path Group:             **async_default**
  Path Type:              Removal (Min at Fast Process Corner)
  Requirement:            0.000ns  (dbg_hub/inst/BSCANID.u_xsdbm_id/SWITCH_N_EXT_BSCAN.bscan_inst/SERIES7_BSCAN.bscan_inst/INTERNAL_TCK rise@0.000ns - dbg_hub/inst/BSCANID.u_xsdbm_id/SWITCH_N_EXT_BSCAN.bscan_inst/SERIES7_BSCAN.bscan_inst/INTERNAL_TCK rise@0.000ns)
  Data Path Delay:        0.141ns  (logic 0.039ns (27.660%)  route 0.102ns (72.340%))
  Logic Levels:           0  
  Clock Path Skew:        0.044ns (DCD - SCD - CPR)
    Destination Clock Delay (DCD):    5.960ns
    Source Clock Delay      (SCD):    1.827ns
    Clock Pessimism Removal (CPR):    4.089ns
  Clock Net Delay (Source):      0.742ns (routing 0.277ns, distribution 0.465ns)
  Clock Net Delay (Destination): 0.841ns (routing 0.309ns, distribution 0.532ns)

    Location             Delay type                Incr(ns)  Path(ns)    Netlist Resource(s)
  -------------------------------------------------------------------    -------------------
                         (clock dbg_hub/inst/BSCANID.u_xsdbm_id/SWITCH_N_EXT_BSCAN.bscan_inst/SERIES7_BSCAN.bscan_inst/INTERNAL_TCK rise edge)
                                                      0.000     0.000 r  
    CONFIG_SITE_X0Y0     BSCANE2                      0.000     0.000 r  dbg_hub/inst/BSCANID.u_xsdbm_id/SWITCH_N_EXT_BSCAN.bscan_inst/SERIES7_BSCAN.bscan_inst/INTERNAL_TCK
    CONFIG_SITE_X0Y0     BSCANE2 (Prop_BSCAN1_CONFIG_SITE_INTERNAL_TCK_TCK)
                                                      0.465     0.465 r  dbg_hub/inst/BSCANID.u_xsdbm_id/SWITCH_N_EXT_BSCAN.bscan_inst/SERIES7_BSCAN.bscan_inst/TCK
                         net (fo=1, routed)           0.603     1.068    dbg_hub/inst/BSCANID.u_xsdbm_id/tck_bs
    BUFGCE_X0Y50         BUFGCE (Prop_BUFCE_BUFGCE_I_O)
                                                      0.017     1.085 r  dbg_hub/inst/BSCANID.u_xsdbm_id/SWITCH_N_EXT_BSCAN.u_bufg_icon_tck/O
    X2Y2 (CLOCK_ROOT)    net (fo=490, routed)         0.742     1.827    dbg_hub/inst/BSCANID.u_xsdbm_id/CORE_XSDB.UUT_MASTER/U_ICON_INTERFACE/U_CMD6_WR/U_WR_FIFO/SUBCORE_FIFO.xsdbm_v3_0_0_wrfifo_inst/inst_fifo_gen/gconvfifo.rf/grf.rf/rstblk/wr_clk
    SLICE_X48Y123        FDPE                                         r  dbg_hub/inst/BSCANID.u_xsdbm_id/CORE_XSDB.UUT_MASTER/U_ICON_INTERFACE/U_CMD6_WR/U_WR_FIFO/SUBCORE_FIFO.xsdbm_v3_0_0_wrfifo_inst/inst_fifo_gen/gconvfifo.rf/grf.rf/rstblk/ngwrdrst.grst.g7serrst.wr_rst_reg_reg[0]/C
  -------------------------------------------------------------------    -------------------
    SLICE_X48Y123        FDPE (Prop_EFF_SLICEL_C_Q)
                                                      0.039     1.866 f  dbg_hub/inst/BSCANID.u_xsdbm_id/CORE_XSDB.UUT_MASTER/U_ICON_INTERFACE/U_CMD6_WR/U_WR_FIFO/SUBCORE_FIFO.xsdbm_v3_0_0_wrfifo_inst/inst_fifo_gen/gconvfifo.rf/grf.rf/rstblk/ngwrdrst.grst.g7serrst.wr_rst_reg_reg[0]/Q
                         net (fo=18, routed)          0.102     1.968    dbg_hub/inst/BSCANID.u_xsdbm_id/CORE_XSDB.UUT_MASTER/U_ICON_INTERFACE/U_CMD6_WR/U_WR_FIFO/SUBCORE_FIFO.xsdbm_v3_0_0_wrfifo_inst/inst_fifo_gen/gconvfifo.rf/grf.rf/gntv_or_sync_fifo.gcx.clkx/gnxpm_cdc.gsync_stage[2].wr_stg_inst/AR[0]
    SLICE_X47Y123        FDCE                                         f  dbg_hub/inst/BSCANID.u_xsdbm_id/CORE_XSDB.UUT_MASTER/U_ICON_INTERFACE/U_CMD6_WR/U_WR_FIFO/SUBCORE_FIFO.xsdbm_v3_0_0_wrfifo_inst/inst_fifo_gen/gconvfifo.rf/grf.rf/gntv_or_sync_fifo.gcx.clkx/gnxpm_cdc.gsync_stage[2].wr_stg_inst/Q_reg_reg[0]/CLR
  -------------------------------------------------------------------    -------------------

                         (clock dbg_hub/inst/BSCANID.u_xsdbm_id/SWITCH_N_EXT_BSCAN.bscan_inst/SERIES7_BSCAN.bscan_inst/INTERNAL_TCK rise edge)
                                                      0.000     0.000 r  
    CONFIG_SITE_X0Y0     BSCANE2                      0.000     0.000 r  dbg_hub/inst/BSCANID.u_xsdbm_id/SWITCH_N_EXT_BSCAN.bscan_inst/SERIES7_BSCAN.bscan_inst/INTERNAL_TCK
    CONFIG_SITE_X0Y0     BSCANE2 (Prop_BSCAN1_CONFIG_SITE_INTERNAL_TCK_TCK)
                                                      4.300     4.300 r  dbg_hub/inst/BSCANID.u_xsdbm_id/SWITCH_N_EXT_BSCAN.bscan_inst/SERIES7_BSCAN.bscan_inst/TCK
                         net (fo=1, routed)           0.800     5.100    dbg_hub/inst/BSCANID.u_xsdbm_id/tck_bs
    BUFGCE_X0Y50         BUFGCE (Prop_BUFCE_BUFGCE_I_O)
                                                      0.019     5.119 r  dbg_hub/inst/BSCANID.u_xsdbm_id/SWITCH_N_EXT_BSCAN.u_bufg_icon_tck/O
    X2Y2 (CLOCK_ROOT)    net (fo=490, routed)         0.841     5.960    dbg_hub/inst/BSCANID.u_xsdbm_id/CORE_XSDB.UUT_MASTER/U_ICON_INTERFACE/U_CMD6_WR/U_WR_FIFO/SUBCORE_FIFO.xsdbm_v3_0_0_wrfifo_inst/inst_fifo_gen/gconvfifo.rf/grf.rf/gntv_or_sync_fifo.gcx.clkx/gnxpm_cdc.gsync_stage[2].wr_stg_inst/wr_clk
    SLICE_X47Y123        FDCE                                         r  dbg_hub/inst/BSCANID.u_xsdbm_id/CORE_XSDB.UUT_MASTER/U_ICON_INTERFACE/U_CMD6_WR/U_WR_FIFO/SUBCORE_FIFO.xsdbm_v3_0_0_wrfifo_inst/inst_fifo_gen/gconvfifo.rf/grf.rf/gntv_or_sync_fifo.gcx.clkx/gnxpm_cdc.gsync_stage[2].wr_stg_inst/Q_reg_reg[0]/C
                         clock pessimism             -4.089     1.871    
    SLICE_X47Y123        FDCE (Remov_AFF2_SLICEL_C_CLR)
                                                     -0.020     1.851    dbg_hub/inst/BSCANID.u_xsdbm_id/CORE_XSDB.UUT_MASTER/U_ICON_INTERFACE/U_CMD6_WR/U_WR_FIFO/SUBCORE_FIFO.xsdbm_v3_0_0_wrfifo_inst/inst_fifo_gen/gconvfifo.rf/grf.rf/gntv_or_sync_fifo.gcx.clkx/gnxpm_cdc.gsync_stage[2].wr_stg_inst/Q_reg_reg[0]
  -------------------------------------------------------------------
                         required time                         -1.851    
                         arrival time                           1.968    
  -------------------------------------------------------------------
                         slack                                  0.117    

Slack (MET) :             0.117ns  (arrival time - required time)
  Source:                 dbg_hub/inst/BSCANID.u_xsdbm_id/CORE_XSDB.UUT_MASTER/U_ICON_INTERFACE/U_CMD6_WR/U_WR_FIFO/SUBCORE_FIFO.xsdbm_v3_0_0_wrfifo_inst/inst_fifo_gen/gconvfifo.rf/grf.rf/rstblk/ngwrdrst.grst.g7serrst.wr_rst_reg_reg[0]/C
                            (rising edge-triggered cell FDPE clocked by dbg_hub/inst/BSCANID.u_xsdbm_id/SWITCH_N_EXT_BSCAN.bscan_inst/SERIES7_BSCAN.bscan_inst/INTERNAL_TCK  {rise@0.000ns fall@25.000ns period=50.000ns})
  Destination:            dbg_hub/inst/BSCANID.u_xsdbm_id/CORE_XSDB.UUT_MASTER/U_ICON_INTERFACE/U_CMD6_WR/U_WR_FIFO/SUBCORE_FIFO.xsdbm_v3_0_0_wrfifo_inst/inst_fifo_gen/gconvfifo.rf/grf.rf/gntv_or_sync_fifo.gcx.clkx/gnxpm_cdc.wr_pntr_gc_reg[0]/CLR
                            (removal check against rising-edge clock dbg_hub/inst/BSCANID.u_xsdbm_id/SWITCH_N_EXT_BSCAN.bscan_inst/SERIES7_BSCAN.bscan_inst/INTERNAL_TCK  {rise@0.000ns fall@25.000ns period=50.000ns})
  Path Group:             **async_default**
  Path Type:              Removal (Min at Fast Process Corner)
  Requirement:            0.000ns  (dbg_hub/inst/BSCANID.u_xsdbm_id/SWITCH_N_EXT_BSCAN.bscan_inst/SERIES7_BSCAN.bscan_inst/INTERNAL_TCK rise@0.000ns - dbg_hub/inst/BSCANID.u_xsdbm_id/SWITCH_N_EXT_BSCAN.bscan_inst/SERIES7_BSCAN.bscan_inst/INTERNAL_TCK rise@0.000ns)
  Data Path Delay:        0.141ns  (logic 0.039ns (27.660%)  route 0.102ns (72.340%))
  Logic Levels:           0  
  Clock Path Skew:        0.044ns (DCD - SCD - CPR)
    Destination Clock Delay (DCD):    5.960ns
    Source Clock Delay      (SCD):    1.827ns
    Clock Pessimism Removal (CPR):    4.089ns
  Clock Net Delay (Source):      0.742ns (routing 0.277ns, distribution 0.465ns)
  Clock Net Delay (Destination): 0.841ns (routing 0.309ns, distribution 0.532ns)

    Location             Delay type                Incr(ns)  Path(ns)    Netlist Resource(s)
  -------------------------------------------------------------------    -------------------
                         (clock dbg_hub/inst/BSCANID.u_xsdbm_id/SWITCH_N_EXT_BSCAN.bscan_inst/SERIES7_BSCAN.bscan_inst/INTERNAL_TCK rise edge)
                                                      0.000     0.000 r  
    CONFIG_SITE_X0Y0     BSCANE2                      0.000     0.000 r  dbg_hub/inst/BSCANID.u_xsdbm_id/SWITCH_N_EXT_BSCAN.bscan_inst/SERIES7_BSCAN.bscan_inst/INTERNAL_TCK
    CONFIG_SITE_X0Y0     BSCANE2 (Prop_BSCAN1_CONFIG_SITE_INTERNAL_TCK_TCK)
                                                      0.465     0.465 r  dbg_hub/inst/BSCANID.u_xsdbm_id/SWITCH_N_EXT_BSCAN.bscan_inst/SERIES7_BSCAN.bscan_inst/TCK
                         net (fo=1, routed)           0.603     1.068    dbg_hub/inst/BSCANID.u_xsdbm_id/tck_bs
    BUFGCE_X0Y50         BUFGCE (Prop_BUFCE_BUFGCE_I_O)
                                                      0.017     1.085 r  dbg_hub/inst/BSCANID.u_xsdbm_id/SWITCH_N_EXT_BSCAN.u_bufg_icon_tck/O
    X2Y2 (CLOCK_ROOT)    net (fo=490, routed)         0.742     1.827    dbg_hub/inst/BSCANID.u_xsdbm_id/CORE_XSDB.UUT_MASTER/U_ICON_INTERFACE/U_CMD6_WR/U_WR_FIFO/SUBCORE_FIFO.xsdbm_v3_0_0_wrfifo_inst/inst_fifo_gen/gconvfifo.rf/grf.rf/rstblk/wr_clk
    SLICE_X48Y123        FDPE                                         r  dbg_hub/inst/BSCANID.u_xsdbm_id/CORE_XSDB.UUT_MASTER/U_ICON_INTERFACE/U_CMD6_WR/U_WR_FIFO/SUBCORE_FIFO.xsdbm_v3_0_0_wrfifo_inst/inst_fifo_gen/gconvfifo.rf/grf.rf/rstblk/ngwrdrst.grst.g7serrst.wr_rst_reg_reg[0]/C
  -------------------------------------------------------------------    -------------------
    SLICE_X48Y123        FDPE (Prop_EFF_SLICEL_C_Q)
                                                      0.039     1.866 f  dbg_hub/inst/BSCANID.u_xsdbm_id/CORE_XSDB.UUT_MASTER/U_ICON_INTERFACE/U_CMD6_WR/U_WR_FIFO/SUBCORE_FIFO.xsdbm_v3_0_0_wrfifo_inst/inst_fifo_gen/gconvfifo.rf/grf.rf/rstblk/ngwrdrst.grst.g7serrst.wr_rst_reg_reg[0]/Q
                         net (fo=18, routed)          0.102     1.968    dbg_hub/inst/BSCANID.u_xsdbm_id/CORE_XSDB.UUT_MASTER/U_ICON_INTERFACE/U_CMD6_WR/U_WR_FIFO/SUBCORE_FIFO.xsdbm_v3_0_0_wrfifo_inst/inst_fifo_gen/gconvfifo.rf/grf.rf/gntv_or_sync_fifo.gcx.clkx/AR[0]
    SLICE_X47Y123        FDCE                                         f  dbg_hub/inst/BSCANID.u_xsdbm_id/CORE_XSDB.UUT_MASTER/U_ICON_INTERFACE/U_CMD6_WR/U_WR_FIFO/SUBCORE_FIFO.xsdbm_v3_0_0_wrfifo_inst/inst_fifo_gen/gconvfifo.rf/grf.rf/gntv_or_sync_fifo.gcx.clkx/gnxpm_cdc.wr_pntr_gc_reg[0]/CLR
  -------------------------------------------------------------------    -------------------

                         (clock dbg_hub/inst/BSCANID.u_xsdbm_id/SWITCH_N_EXT_BSCAN.bscan_inst/SERIES7_BSCAN.bscan_inst/INTERNAL_TCK rise edge)
                                                      0.000     0.000 r  
    CONFIG_SITE_X0Y0     BSCANE2                      0.000     0.000 r  dbg_hub/inst/BSCANID.u_xsdbm_id/SWITCH_N_EXT_BSCAN.bscan_inst/SERIES7_BSCAN.bscan_inst/INTERNAL_TCK
    CONFIG_SITE_X0Y0     BSCANE2 (Prop_BSCAN1_CONFIG_SITE_INTERNAL_TCK_TCK)
                                                      4.300     4.300 r  dbg_hub/inst/BSCANID.u_xsdbm_id/SWITCH_N_EXT_BSCAN.bscan_inst/SERIES7_BSCAN.bscan_inst/TCK
                         net (fo=1, routed)           0.800     5.100    dbg_hub/inst/BSCANID.u_xsdbm_id/tck_bs
    BUFGCE_X0Y50         BUFGCE (Prop_BUFCE_BUFGCE_I_O)
                                                      0.019     5.119 r  dbg_hub/inst/BSCANID.u_xsdbm_id/SWITCH_N_EXT_BSCAN.u_bufg_icon_tck/O
    X2Y2 (CLOCK_ROOT)    net (fo=490, routed)         0.841     5.960    dbg_hub/inst/BSCANID.u_xsdbm_id/CORE_XSDB.UUT_MASTER/U_ICON_INTERFACE/U_CMD6_WR/U_WR_FIFO/SUBCORE_FIFO.xsdbm_v3_0_0_wrfifo_inst/inst_fifo_gen/gconvfifo.rf/grf.rf/gntv_or_sync_fifo.gcx.clkx/wr_clk
    SLICE_X47Y123        FDCE                                         r  dbg_hub/inst/BSCANID.u_xsdbm_id/CORE_XSDB.UUT_MASTER/U_ICON_INTERFACE/U_CMD6_WR/U_WR_FIFO/SUBCORE_FIFO.xsdbm_v3_0_0_wrfifo_inst/inst_fifo_gen/gconvfifo.rf/grf.rf/gntv_or_sync_fifo.gcx.clkx/gnxpm_cdc.wr_pntr_gc_reg[0]/C
                         clock pessimism             -4.089     1.871    
    SLICE_X47Y123        FDCE (Remov_DFF_SLICEL_C_CLR)
                                                     -0.020     1.851    dbg_hub/inst/BSCANID.u_xsdbm_id/CORE_XSDB.UUT_MASTER/U_ICON_INTERFACE/U_CMD6_WR/U_WR_FIFO/SUBCORE_FIFO.xsdbm_v3_0_0_wrfifo_inst/inst_fifo_gen/gconvfifo.rf/grf.rf/gntv_or_sync_fifo.gcx.clkx/gnxpm_cdc.wr_pntr_gc_reg[0]
  -------------------------------------------------------------------
                         required time                         -1.851    
                         arrival time                           1.968    
  -------------------------------------------------------------------
                         slack                                  0.117    

Slack (MET) :             0.117ns  (arrival time - required time)
  Source:                 dbg_hub/inst/BSCANID.u_xsdbm_id/CORE_XSDB.UUT_MASTER/U_ICON_INTERFACE/U_CMD6_WR/U_WR_FIFO/SUBCORE_FIFO.xsdbm_v3_0_0_wrfifo_inst/inst_fifo_gen/gconvfifo.rf/grf.rf/rstblk/ngwrdrst.grst.g7serrst.wr_rst_reg_reg[0]/C
                            (rising edge-triggered cell FDPE clocked by dbg_hub/inst/BSCANID.u_xsdbm_id/SWITCH_N_EXT_BSCAN.bscan_inst/SERIES7_BSCAN.bscan_inst/INTERNAL_TCK  {rise@0.000ns fall@25.000ns period=50.000ns})
  Destination:            dbg_hub/inst/BSCANID.u_xsdbm_id/CORE_XSDB.UUT_MASTER/U_ICON_INTERFACE/U_CMD6_WR/U_WR_FIFO/SUBCORE_FIFO.xsdbm_v3_0_0_wrfifo_inst/inst_fifo_gen/gconvfifo.rf/grf.rf/gntv_or_sync_fifo.gcx.clkx/gnxpm_cdc.wr_pntr_gc_reg[1]/CLR
                            (removal check against rising-edge clock dbg_hub/inst/BSCANID.u_xsdbm_id/SWITCH_N_EXT_BSCAN.bscan_inst/SERIES7_BSCAN.bscan_inst/INTERNAL_TCK  {rise@0.000ns fall@25.000ns period=50.000ns})
  Path Group:             **async_default**
  Path Type:              Removal (Min at Fast Process Corner)
  Requirement:            0.000ns  (dbg_hub/inst/BSCANID.u_xsdbm_id/SWITCH_N_EXT_BSCAN.bscan_inst/SERIES7_BSCAN.bscan_inst/INTERNAL_TCK rise@0.000ns - dbg_hub/inst/BSCANID.u_xsdbm_id/SWITCH_N_EXT_BSCAN.bscan_inst/SERIES7_BSCAN.bscan_inst/INTERNAL_TCK rise@0.000ns)
  Data Path Delay:        0.141ns  (logic 0.039ns (27.660%)  route 0.102ns (72.340%))
  Logic Levels:           0  
  Clock Path Skew:        0.044ns (DCD - SCD - CPR)
    Destination Clock Delay (DCD):    5.960ns
    Source Clock Delay      (SCD):    1.827ns
    Clock Pessimism Removal (CPR):    4.089ns
  Clock Net Delay (Source):      0.742ns (routing 0.277ns, distribution 0.465ns)
  Clock Net Delay (Destination): 0.841ns (routing 0.309ns, distribution 0.532ns)

    Location             Delay type                Incr(ns)  Path(ns)    Netlist Resource(s)
  -------------------------------------------------------------------    -------------------
                         (clock dbg_hub/inst/BSCANID.u_xsdbm_id/SWITCH_N_EXT_BSCAN.bscan_inst/SERIES7_BSCAN.bscan_inst/INTERNAL_TCK rise edge)
                                                      0.000     0.000 r  
    CONFIG_SITE_X0Y0     BSCANE2                      0.000     0.000 r  dbg_hub/inst/BSCANID.u_xsdbm_id/SWITCH_N_EXT_BSCAN.bscan_inst/SERIES7_BSCAN.bscan_inst/INTERNAL_TCK
    CONFIG_SITE_X0Y0     BSCANE2 (Prop_BSCAN1_CONFIG_SITE_INTERNAL_TCK_TCK)
                                                      0.465     0.465 r  dbg_hub/inst/BSCANID.u_xsdbm_id/SWITCH_N_EXT_BSCAN.bscan_inst/SERIES7_BSCAN.bscan_inst/TCK
                         net (fo=1, routed)           0.603     1.068    dbg_hub/inst/BSCANID.u_xsdbm_id/tck_bs
    BUFGCE_X0Y50         BUFGCE (Prop_BUFCE_BUFGCE_I_O)
                                                      0.017     1.085 r  dbg_hub/inst/BSCANID.u_xsdbm_id/SWITCH_N_EXT_BSCAN.u_bufg_icon_tck/O
    X2Y2 (CLOCK_ROOT)    net (fo=490, routed)         0.742     1.827    dbg_hub/inst/BSCANID.u_xsdbm_id/CORE_XSDB.UUT_MASTER/U_ICON_INTERFACE/U_CMD6_WR/U_WR_FIFO/SUBCORE_FIFO.xsdbm_v3_0_0_wrfifo_inst/inst_fifo_gen/gconvfifo.rf/grf.rf/rstblk/wr_clk
    SLICE_X48Y123        FDPE                                         r  dbg_hub/inst/BSCANID.u_xsdbm_id/CORE_XSDB.UUT_MASTER/U_ICON_INTERFACE/U_CMD6_WR/U_WR_FIFO/SUBCORE_FIFO.xsdbm_v3_0_0_wrfifo_inst/inst_fifo_gen/gconvfifo.rf/grf.rf/rstblk/ngwrdrst.grst.g7serrst.wr_rst_reg_reg[0]/C
  -------------------------------------------------------------------    -------------------
    SLICE_X48Y123        FDPE (Prop_EFF_SLICEL_C_Q)
                                                      0.039     1.866 f  dbg_hub/inst/BSCANID.u_xsdbm_id/CORE_XSDB.UUT_MASTER/U_ICON_INTERFACE/U_CMD6_WR/U_WR_FIFO/SUBCORE_FIFO.xsdbm_v3_0_0_wrfifo_inst/inst_fifo_gen/gconvfifo.rf/grf.rf/rstblk/ngwrdrst.grst.g7serrst.wr_rst_reg_reg[0]/Q
                         net (fo=18, routed)          0.102     1.968    dbg_hub/inst/BSCANID.u_xsdbm_id/CORE_XSDB.UUT_MASTER/U_ICON_INTERFACE/U_CMD6_WR/U_WR_FIFO/SUBCORE_FIFO.xsdbm_v3_0_0_wrfifo_inst/inst_fifo_gen/gconvfifo.rf/grf.rf/gntv_or_sync_fifo.gcx.clkx/AR[0]
    SLICE_X47Y123        FDCE                                         f  dbg_hub/inst/BSCANID.u_xsdbm_id/CORE_XSDB.UUT_MASTER/U_ICON_INTERFACE/U_CMD6_WR/U_WR_FIFO/SUBCORE_FIFO.xsdbm_v3_0_0_wrfifo_inst/inst_fifo_gen/gconvfifo.rf/grf.rf/gntv_or_sync_fifo.gcx.clkx/gnxpm_cdc.wr_pntr_gc_reg[1]/CLR
  -------------------------------------------------------------------    -------------------

                         (clock dbg_hub/inst/BSCANID.u_xsdbm_id/SWITCH_N_EXT_BSCAN.bscan_inst/SERIES7_BSCAN.bscan_inst/INTERNAL_TCK rise edge)
                                                      0.000     0.000 r  
    CONFIG_SITE_X0Y0     BSCANE2                      0.000     0.000 r  dbg_hub/inst/BSCANID.u_xsdbm_id/SWITCH_N_EXT_BSCAN.bscan_inst/SERIES7_BSCAN.bscan_inst/INTERNAL_TCK
    CONFIG_SITE_X0Y0     BSCANE2 (Prop_BSCAN1_CONFIG_SITE_INTERNAL_TCK_TCK)
                                                      4.300     4.300 r  dbg_hub/inst/BSCANID.u_xsdbm_id/SWITCH_N_EXT_BSCAN.bscan_inst/SERIES7_BSCAN.bscan_inst/TCK
                         net (fo=1, routed)           0.800     5.100    dbg_hub/inst/BSCANID.u_xsdbm_id/tck_bs
    BUFGCE_X0Y50         BUFGCE (Prop_BUFCE_BUFGCE_I_O)
                                                      0.019     5.119 r  dbg_hub/inst/BSCANID.u_xsdbm_id/SWITCH_N_EXT_BSCAN.u_bufg_icon_tck/O
    X2Y2 (CLOCK_ROOT)    net (fo=490, routed)         0.841     5.960    dbg_hub/inst/BSCANID.u_xsdbm_id/CORE_XSDB.UUT_MASTER/U_ICON_INTERFACE/U_CMD6_WR/U_WR_FIFO/SUBCORE_FIFO.xsdbm_v3_0_0_wrfifo_inst/inst_fifo_gen/gconvfifo.rf/grf.rf/gntv_or_sync_fifo.gcx.clkx/wr_clk
    SLICE_X47Y123        FDCE                                         r  dbg_hub/inst/BSCANID.u_xsdbm_id/CORE_XSDB.UUT_MASTER/U_ICON_INTERFACE/U_CMD6_WR/U_WR_FIFO/SUBCORE_FIFO.xsdbm_v3_0_0_wrfifo_inst/inst_fifo_gen/gconvfifo.rf/grf.rf/gntv_or_sync_fifo.gcx.clkx/gnxpm_cdc.wr_pntr_gc_reg[1]/C
                         clock pessimism             -4.089     1.871    
    SLICE_X47Y123        FDCE (Remov_DFF2_SLICEL_C_CLR)
                                                     -0.020     1.851    dbg_hub/inst/BSCANID.u_xsdbm_id/CORE_XSDB.UUT_MASTER/U_ICON_INTERFACE/U_CMD6_WR/U_WR_FIFO/SUBCORE_FIFO.xsdbm_v3_0_0_wrfifo_inst/inst_fifo_gen/gconvfifo.rf/grf.rf/gntv_or_sync_fifo.gcx.clkx/gnxpm_cdc.wr_pntr_gc_reg[1]
  -------------------------------------------------------------------
                         required time                         -1.851    
                         arrival time                           1.968    
  -------------------------------------------------------------------
                         slack                                  0.117    

Slack (MET) :             0.127ns  (arrival time - required time)
  Source:                 dbg_hub/inst/BSCANID.u_xsdbm_id/CORE_XSDB.UUT_MASTER/U_ICON_INTERFACE/U_CMD6_RD/U_RD_FIFO/SUBCORE_FIFO.xsdbm_v3_0_0_rdfifo_inst/inst_fifo_gen/gconvfifo.rf/grf.rf/rstblk/ngwrdrst.grst.g7serrst.rd_rst_reg_reg[2]/C
                            (rising edge-triggered cell FDPE clocked by dbg_hub/inst/BSCANID.u_xsdbm_id/SWITCH_N_EXT_BSCAN.bscan_inst/SERIES7_BSCAN.bscan_inst/INTERNAL_TCK  {rise@0.000ns fall@25.000ns period=50.000ns})
  Destination:            dbg_hub/inst/BSCANID.u_xsdbm_id/CORE_XSDB.UUT_MASTER/U_ICON_INTERFACE/U_CMD6_RD/U_RD_FIFO/SUBCORE_FIFO.xsdbm_v3_0_0_rdfifo_inst/inst_fifo_gen/gconvfifo.rf/grf.rf/gntv_or_sync_fifo.gl0.rd/gr1.gr1_int.rfwft/gpregsm1.user_valid_reg/CLR
                            (removal check against rising-edge clock dbg_hub/inst/BSCANID.u_xsdbm_id/SWITCH_N_EXT_BSCAN.bscan_inst/SERIES7_BSCAN.bscan_inst/INTERNAL_TCK  {rise@0.000ns fall@25.000ns period=50.000ns})
  Path Group:             **async_default**
  Path Type:              Removal (Min at Fast Process Corner)
  Requirement:            0.000ns  (dbg_hub/inst/BSCANID.u_xsdbm_id/SWITCH_N_EXT_BSCAN.bscan_inst/SERIES7_BSCAN.bscan_inst/INTERNAL_TCK rise@0.000ns - dbg_hub/inst/BSCANID.u_xsdbm_id/SWITCH_N_EXT_BSCAN.bscan_inst/SERIES7_BSCAN.bscan_inst/INTERNAL_TCK rise@0.000ns)
  Data Path Delay:        0.160ns  (logic 0.037ns (23.125%)  route 0.123ns (76.875%))
  Logic Levels:           0  
  Clock Path Skew:        0.053ns (DCD - SCD - CPR)
    Destination Clock Delay (DCD):    5.983ns
    Source Clock Delay      (SCD):    1.841ns
    Clock Pessimism Removal (CPR):    4.089ns
  Clock Net Delay (Source):      0.756ns (routing 0.277ns, distribution 0.479ns)
  Clock Net Delay (Destination): 0.864ns (routing 0.309ns, distribution 0.555ns)

    Location             Delay type                Incr(ns)  Path(ns)    Netlist Resource(s)
  -------------------------------------------------------------------    -------------------
                         (clock dbg_hub/inst/BSCANID.u_xsdbm_id/SWITCH_N_EXT_BSCAN.bscan_inst/SERIES7_BSCAN.bscan_inst/INTERNAL_TCK rise edge)
                                                      0.000     0.000 r  
    CONFIG_SITE_X0Y0     BSCANE2                      0.000     0.000 r  dbg_hub/inst/BSCANID.u_xsdbm_id/SWITCH_N_EXT_BSCAN.bscan_inst/SERIES7_BSCAN.bscan_inst/INTERNAL_TCK
    CONFIG_SITE_X0Y0     BSCANE2 (Prop_BSCAN1_CONFIG_SITE_INTERNAL_TCK_TCK)
                                                      0.465     0.465 r  dbg_hub/inst/BSCANID.u_xsdbm_id/SWITCH_N_EXT_BSCAN.bscan_inst/SERIES7_BSCAN.bscan_inst/TCK
                         net (fo=1, routed)           0.603     1.068    dbg_hub/inst/BSCANID.u_xsdbm_id/tck_bs
    BUFGCE_X0Y50         BUFGCE (Prop_BUFCE_BUFGCE_I_O)
                                                      0.017     1.085 r  dbg_hub/inst/BSCANID.u_xsdbm_id/SWITCH_N_EXT_BSCAN.u_bufg_icon_tck/O
    X2Y2 (CLOCK_ROOT)    net (fo=490, routed)         0.756     1.841    dbg_hub/inst/BSCANID.u_xsdbm_id/CORE_XSDB.UUT_MASTER/U_ICON_INTERFACE/U_CMD6_RD/U_RD_FIFO/SUBCORE_FIFO.xsdbm_v3_0_0_rdfifo_inst/inst_fifo_gen/gconvfifo.rf/grf.rf/rstblk/rd_clk
    SLICE_X54Y137        FDPE                                         r  dbg_hub/inst/BSCANID.u_xsdbm_id/CORE_XSDB.UUT_MASTER/U_ICON_INTERFACE/U_CMD6_RD/U_RD_FIFO/SUBCORE_FIFO.xsdbm_v3_0_0_rdfifo_inst/inst_fifo_gen/gconvfifo.rf/grf.rf/rstblk/ngwrdrst.grst.g7serrst.rd_rst_reg_reg[2]/C
  -------------------------------------------------------------------    -------------------
    SLICE_X54Y137        FDPE (Prop_FFF_SLICEM_C_Q)
                                                      0.037     1.878 f  dbg_hub/inst/BSCANID.u_xsdbm_id/CORE_XSDB.UUT_MASTER/U_ICON_INTERFACE/U_CMD6_RD/U_RD_FIFO/SUBCORE_FIFO.xsdbm_v3_0_0_rdfifo_inst/inst_fifo_gen/gconvfifo.rf/grf.rf/rstblk/ngwrdrst.grst.g7serrst.rd_rst_reg_reg[2]/Q
                         net (fo=18, routed)          0.123     2.001    dbg_hub/inst/BSCANID.u_xsdbm_id/CORE_XSDB.UUT_MASTER/U_ICON_INTERFACE/U_CMD6_RD/U_RD_FIFO/SUBCORE_FIFO.xsdbm_v3_0_0_rdfifo_inst/inst_fifo_gen/gconvfifo.rf/grf.rf/gntv_or_sync_fifo.gl0.rd/gr1.gr1_int.rfwft/out[1]
    SLICE_X52Y136        FDCE                                         f  dbg_hub/inst/BSCANID.u_xsdbm_id/CORE_XSDB.UUT_MASTER/U_ICON_INTERFACE/U_CMD6_RD/U_RD_FIFO/SUBCORE_FIFO.xsdbm_v3_0_0_rdfifo_inst/inst_fifo_gen/gconvfifo.rf/grf.rf/gntv_or_sync_fifo.gl0.rd/gr1.gr1_int.rfwft/gpregsm1.user_valid_reg/CLR
  -------------------------------------------------------------------    -------------------

                         (clock dbg_hub/inst/BSCANID.u_xsdbm_id/SWITCH_N_EXT_BSCAN.bscan_inst/SERIES7_BSCAN.bscan_inst/INTERNAL_TCK rise edge)
                                                      0.000     0.000 r  
    CONFIG_SITE_X0Y0     BSCANE2                      0.000     0.000 r  dbg_hub/inst/BSCANID.u_xsdbm_id/SWITCH_N_EXT_BSCAN.bscan_inst/SERIES7_BSCAN.bscan_inst/INTERNAL_TCK
    CONFIG_SITE_X0Y0     BSCANE2 (Prop_BSCAN1_CONFIG_SITE_INTERNAL_TCK_TCK)
                                                      4.300     4.300 r  dbg_hub/inst/BSCANID.u_xsdbm_id/SWITCH_N_EXT_BSCAN.bscan_inst/SERIES7_BSCAN.bscan_inst/TCK
                         net (fo=1, routed)           0.800     5.100    dbg_hub/inst/BSCANID.u_xsdbm_id/tck_bs
    BUFGCE_X0Y50         BUFGCE (Prop_BUFCE_BUFGCE_I_O)
                                                      0.019     5.119 r  dbg_hub/inst/BSCANID.u_xsdbm_id/SWITCH_N_EXT_BSCAN.u_bufg_icon_tck/O
    X2Y2 (CLOCK_ROOT)    net (fo=490, routed)         0.864     5.983    dbg_hub/inst/BSCANID.u_xsdbm_id/CORE_XSDB.UUT_MASTER/U_ICON_INTERFACE/U_CMD6_RD/U_RD_FIFO/SUBCORE_FIFO.xsdbm_v3_0_0_rdfifo_inst/inst_fifo_gen/gconvfifo.rf/grf.rf/gntv_or_sync_fifo.gl0.rd/gr1.gr1_int.rfwft/rd_clk
    SLICE_X52Y136        FDCE                                         r  dbg_hub/inst/BSCANID.u_xsdbm_id/CORE_XSDB.UUT_MASTER/U_ICON_INTERFACE/U_CMD6_RD/U_RD_FIFO/SUBCORE_FIFO.xsdbm_v3_0_0_rdfifo_inst/inst_fifo_gen/gconvfifo.rf/grf.rf/gntv_or_sync_fifo.gl0.rd/gr1.gr1_int.rfwft/gpregsm1.user_valid_reg/C
                         clock pessimism             -4.089     1.894    
    SLICE_X52Y136        FDCE (Remov_HFF_SLICEL_C_CLR)
                                                     -0.020     1.874    dbg_hub/inst/BSCANID.u_xsdbm_id/CORE_XSDB.UUT_MASTER/U_ICON_INTERFACE/U_CMD6_RD/U_RD_FIFO/SUBCORE_FIFO.xsdbm_v3_0_0_rdfifo_inst/inst_fifo_gen/gconvfifo.rf/grf.rf/gntv_or_sync_fifo.gl0.rd/gr1.gr1_int.rfwft/gpregsm1.user_valid_reg
  -------------------------------------------------------------------
                         required time                         -1.874    
                         arrival time                           2.001    
  -------------------------------------------------------------------
                         slack                                  0.127    

Slack (MET) :             0.127ns  (arrival time - required time)
  Source:                 dbg_hub/inst/BSCANID.u_xsdbm_id/CORE_XSDB.UUT_MASTER/U_ICON_INTERFACE/U_CMD6_RD/U_RD_FIFO/SUBCORE_FIFO.xsdbm_v3_0_0_rdfifo_inst/inst_fifo_gen/gconvfifo.rf/grf.rf/rstblk/ngwrdrst.grst.g7serrst.rd_rst_reg_reg[2]/C
                            (rising edge-triggered cell FDPE clocked by dbg_hub/inst/BSCANID.u_xsdbm_id/SWITCH_N_EXT_BSCAN.bscan_inst/SERIES7_BSCAN.bscan_inst/INTERNAL_TCK  {rise@0.000ns fall@25.000ns period=50.000ns})
  Destination:            dbg_hub/inst/BSCANID.u_xsdbm_id/CORE_XSDB.UUT_MASTER/U_ICON_INTERFACE/U_CMD6_RD/U_RD_FIFO/SUBCORE_FIFO.xsdbm_v3_0_0_rdfifo_inst/inst_fifo_gen/gconvfifo.rf/grf.rf/gntv_or_sync_fifo.gl0.rd/rpntr/gc0.count_d1_reg[0]/CLR
                            (removal check against rising-edge clock dbg_hub/inst/BSCANID.u_xsdbm_id/SWITCH_N_EXT_BSCAN.bscan_inst/SERIES7_BSCAN.bscan_inst/INTERNAL_TCK  {rise@0.000ns fall@25.000ns period=50.000ns})
  Path Group:             **async_default**
  Path Type:              Removal (Min at Fast Process Corner)
  Requirement:            0.000ns  (dbg_hub/inst/BSCANID.u_xsdbm_id/SWITCH_N_EXT_BSCAN.bscan_inst/SERIES7_BSCAN.bscan_inst/INTERNAL_TCK rise@0.000ns - dbg_hub/inst/BSCANID.u_xsdbm_id/SWITCH_N_EXT_BSCAN.bscan_inst/SERIES7_BSCAN.bscan_inst/INTERNAL_TCK rise@0.000ns)
  Data Path Delay:        0.160ns  (logic 0.037ns (23.125%)  route 0.123ns (76.875%))
  Logic Levels:           0  
  Clock Path Skew:        0.053ns (DCD - SCD - CPR)
    Destination Clock Delay (DCD):    5.983ns
    Source Clock Delay      (SCD):    1.841ns
    Clock Pessimism Removal (CPR):    4.089ns
  Clock Net Delay (Source):      0.756ns (routing 0.277ns, distribution 0.479ns)
  Clock Net Delay (Destination): 0.864ns (routing 0.309ns, distribution 0.555ns)

    Location             Delay type                Incr(ns)  Path(ns)    Netlist Resource(s)
  -------------------------------------------------------------------    -------------------
                         (clock dbg_hub/inst/BSCANID.u_xsdbm_id/SWITCH_N_EXT_BSCAN.bscan_inst/SERIES7_BSCAN.bscan_inst/INTERNAL_TCK rise edge)
                                                      0.000     0.000 r  
    CONFIG_SITE_X0Y0     BSCANE2                      0.000     0.000 r  dbg_hub/inst/BSCANID.u_xsdbm_id/SWITCH_N_EXT_BSCAN.bscan_inst/SERIES7_BSCAN.bscan_inst/INTERNAL_TCK
    CONFIG_SITE_X0Y0     BSCANE2 (Prop_BSCAN1_CONFIG_SITE_INTERNAL_TCK_TCK)
                                                      0.465     0.465 r  dbg_hub/inst/BSCANID.u_xsdbm_id/SWITCH_N_EXT_BSCAN.bscan_inst/SERIES7_BSCAN.bscan_inst/TCK
                         net (fo=1, routed)           0.603     1.068    dbg_hub/inst/BSCANID.u_xsdbm_id/tck_bs
    BUFGCE_X0Y50         BUFGCE (Prop_BUFCE_BUFGCE_I_O)
                                                      0.017     1.085 r  dbg_hub/inst/BSCANID.u_xsdbm_id/SWITCH_N_EXT_BSCAN.u_bufg_icon_tck/O
    X2Y2 (CLOCK_ROOT)    net (fo=490, routed)         0.756     1.841    dbg_hub/inst/BSCANID.u_xsdbm_id/CORE_XSDB.UUT_MASTER/U_ICON_INTERFACE/U_CMD6_RD/U_RD_FIFO/SUBCORE_FIFO.xsdbm_v3_0_0_rdfifo_inst/inst_fifo_gen/gconvfifo.rf/grf.rf/rstblk/rd_clk
    SLICE_X54Y137        FDPE                                         r  dbg_hub/inst/BSCANID.u_xsdbm_id/CORE_XSDB.UUT_MASTER/U_ICON_INTERFACE/U_CMD6_RD/U_RD_FIFO/SUBCORE_FIFO.xsdbm_v3_0_0_rdfifo_inst/inst_fifo_gen/gconvfifo.rf/grf.rf/rstblk/ngwrdrst.grst.g7serrst.rd_rst_reg_reg[2]/C
  -------------------------------------------------------------------    -------------------
    SLICE_X54Y137        FDPE (Prop_FFF_SLICEM_C_Q)
                                                      0.037     1.878 f  dbg_hub/inst/BSCANID.u_xsdbm_id/CORE_XSDB.UUT_MASTER/U_ICON_INTERFACE/U_CMD6_RD/U_RD_FIFO/SUBCORE_FIFO.xsdbm_v3_0_0_rdfifo_inst/inst_fifo_gen/gconvfifo.rf/grf.rf/rstblk/ngwrdrst.grst.g7serrst.rd_rst_reg_reg[2]/Q
                         net (fo=18, routed)          0.123     2.001    dbg_hub/inst/BSCANID.u_xsdbm_id/CORE_XSDB.UUT_MASTER/U_ICON_INTERFACE/U_CMD6_RD/U_RD_FIFO/SUBCORE_FIFO.xsdbm_v3_0_0_rdfifo_inst/inst_fifo_gen/gconvfifo.rf/grf.rf/gntv_or_sync_fifo.gl0.rd/rpntr/out[0]
    SLICE_X52Y136        FDCE                                         f  dbg_hub/inst/BSCANID.u_xsdbm_id/CORE_XSDB.UUT_MASTER/U_ICON_INTERFACE/U_CMD6_RD/U_RD_FIFO/SUBCORE_FIFO.xsdbm_v3_0_0_rdfifo_inst/inst_fifo_gen/gconvfifo.rf/grf.rf/gntv_or_sync_fifo.gl0.rd/rpntr/gc0.count_d1_reg[0]/CLR
  -------------------------------------------------------------------    -------------------

                         (clock dbg_hub/inst/BSCANID.u_xsdbm_id/SWITCH_N_EXT_BSCAN.bscan_inst/SERIES7_BSCAN.bscan_inst/INTERNAL_TCK rise edge)
                                                      0.000     0.000 r  
    CONFIG_SITE_X0Y0     BSCANE2                      0.000     0.000 r  dbg_hub/inst/BSCANID.u_xsdbm_id/SWITCH_N_EXT_BSCAN.bscan_inst/SERIES7_BSCAN.bscan_inst/INTERNAL_TCK
    CONFIG_SITE_X0Y0     BSCANE2 (Prop_BSCAN1_CONFIG_SITE_INTERNAL_TCK_TCK)
                                                      4.300     4.300 r  dbg_hub/inst/BSCANID.u_xsdbm_id/SWITCH_N_EXT_BSCAN.bscan_inst/SERIES7_BSCAN.bscan_inst/TCK
                         net (fo=1, routed)           0.800     5.100    dbg_hub/inst/BSCANID.u_xsdbm_id/tck_bs
    BUFGCE_X0Y50         BUFGCE (Prop_BUFCE_BUFGCE_I_O)
                                                      0.019     5.119 r  dbg_hub/inst/BSCANID.u_xsdbm_id/SWITCH_N_EXT_BSCAN.u_bufg_icon_tck/O
    X2Y2 (CLOCK_ROOT)    net (fo=490, routed)         0.864     5.983    dbg_hub/inst/BSCANID.u_xsdbm_id/CORE_XSDB.UUT_MASTER/U_ICON_INTERFACE/U_CMD6_RD/U_RD_FIFO/SUBCORE_FIFO.xsdbm_v3_0_0_rdfifo_inst/inst_fifo_gen/gconvfifo.rf/grf.rf/gntv_or_sync_fifo.gl0.rd/rpntr/rd_clk
    SLICE_X52Y136        FDCE                                         r  dbg_hub/inst/BSCANID.u_xsdbm_id/CORE_XSDB.UUT_MASTER/U_ICON_INTERFACE/U_CMD6_RD/U_RD_FIFO/SUBCORE_FIFO.xsdbm_v3_0_0_rdfifo_inst/inst_fifo_gen/gconvfifo.rf/grf.rf/gntv_or_sync_fifo.gl0.rd/rpntr/gc0.count_d1_reg[0]/C
                         clock pessimism             -4.089     1.894    
    SLICE_X52Y136        FDCE (Remov_HFF2_SLICEL_C_CLR)
                                                     -0.020     1.874    dbg_hub/inst/BSCANID.u_xsdbm_id/CORE_XSDB.UUT_MASTER/U_ICON_INTERFACE/U_CMD6_RD/U_RD_FIFO/SUBCORE_FIFO.xsdbm_v3_0_0_rdfifo_inst/inst_fifo_gen/gconvfifo.rf/grf.rf/gntv_or_sync_fifo.gl0.rd/rpntr/gc0.count_d1_reg[0]
  -------------------------------------------------------------------
                         required time                         -1.874    
                         arrival time                           2.001    
  -------------------------------------------------------------------
                         slack                                  0.127    





