
*** Running vivado
    with args -log RISCV_COCOTB.vds -m64 -product Vivado -mode batch -messageDb vivado.pb -notrace -source RISCV_COCOTB.tcl


****** Vivado v2020.1 (64-bit)
  **** SW Build 2902540 on Wed May 27 19:54:35 MDT 2020
  **** IP Build 2902112 on Wed May 27 22:43:36 MDT 2020
    ** Copyright 1986-2020 Xilinx, Inc. All Rights Reserved.

source RISCV_COCOTB.tcl -notrace
INFO: [IP_Flow 19-234] Refreshing IP repositories
INFO: [IP_Flow 19-1704] No user IP repositories specified
INFO: [IP_Flow 19-2313] Loaded Vivado IP repository '/media/steckler/xilinx_linux/vitis_2020.1/Vivado/2020.1/data/ip'.
INFO: [IP_Flow 19-5107] Inferred bus interface 'rst' of definition 'xilinx.com:signal:reset:1.0' (from Xilinx Repository).
INFO: [IP_Flow 19-5107] Inferred bus interface 'clk' of definition 'xilinx.com:signal:clock:1.0' (from Xilinx Repository).
INFO: [IP_Flow 19-4728] Bus Interface 'clk': Added interface parameter 'ASSOCIATED_RESET' with value 'rst'.
WARNING: [IP_Flow 19-5661] Bus Interface 'clk' does not have any bus interfaces associated with it.
INFO: [IP_Flow 19-234] Refreshing IP repositories
INFO: [IP_Flow 19-1704] No user IP repositories specified
INFO: [IP_Flow 19-5151] The Range '31:0' is present in all ports of the interface 'dmem'. It is assumed that this is meant to declare an array of interface. If this is not the desired behaviour, switch of this feature by disabling the parameter 'ips.enableInterfaceArrayInference'.
INFO: [IP_Flow 19-5107] Inferred bus interface 'rst' of definition 'xilinx.com:signal:reset:1.0' (from Xilinx Repository).
INFO: [IP_Flow 19-5107] Inferred bus interface 'clk' of definition 'xilinx.com:signal:clock:1.0' (from Xilinx Repository).
INFO: [IP_Flow 19-4728] Bus Interface 'clk': Added interface parameter 'ASSOCIATED_RESET' with value 'rst'.
WARNING: [IP_Flow 19-5661] Bus Interface 'clk' does not have any bus interfaces associated with it.
INFO: [IP_Flow 19-234] Refreshing IP repositories
INFO: [IP_Flow 19-1704] No user IP repositories specified
INFO: [IP_Flow 19-234] Refreshing IP repositories
INFO: [IP_Flow 19-1704] No user IP repositories specified
INFO: [IP_Flow 19-234] Refreshing IP repositories
INFO: [IP_Flow 19-1704] No user IP repositories specified
INFO: [IP_Flow 19-234] Refreshing IP repositories
INFO: [IP_Flow 19-1704] No user IP repositories specified
INFO: [IP_Flow 19-234] Refreshing IP repositories
INFO: [IP_Flow 19-1704] No user IP repositories specified
INFO: [IP_Flow 19-234] Refreshing IP repositories
INFO: [IP_Flow 19-1704] No user IP repositories specified
INFO: [IP_Flow 19-234] Refreshing IP repositories
INFO: [IP_Flow 19-1704] No user IP repositories specified
INFO: [IP_Flow 19-234] Refreshing IP repositories
INFO: [IP_Flow 19-1704] No user IP repositories specified
INFO: [IP_Flow 19-5107] Inferred bus interface 'rst' of definition 'xilinx.com:signal:reset:1.0' (from Xilinx Repository).
INFO: [IP_Flow 19-5107] Inferred bus interface 'clk' of definition 'xilinx.com:signal:clock:1.0' (from Xilinx Repository).
INFO: [IP_Flow 19-4728] Bus Interface 'clk': Added interface parameter 'ASSOCIATED_RESET' with value 'rst'.
WARNING: [IP_Flow 19-5661] Bus Interface 'clk' does not have any bus interfaces associated with it.
INFO: [IP_Flow 19-234] Refreshing IP repositories
INFO: [IP_Flow 19-1704] No user IP repositories specified
INFO: [IP_Flow 19-234] Refreshing IP repositories
INFO: [IP_Flow 19-1704] No user IP repositories specified
INFO: [IP_Flow 19-5151] The Range '31:0' is present in all ports of the interface 'rd'. It is assumed that this is meant to declare an array of interface. If this is not the desired behaviour, switch of this feature by disabling the parameter 'ips.enableInterfaceArrayInference'.
INFO: [IP_Flow 19-234] Refreshing IP repositories
INFO: [IP_Flow 19-1704] No user IP repositories specified
INFO: [IP_Flow 19-5151] The Range '31:0' is present in all ports of the interface 'rd'. It is assumed that this is meant to declare an array of interface. If this is not the desired behaviour, switch of this feature by disabling the parameter 'ips.enableInterfaceArrayInference'.
INFO: [IP_Flow 19-5151] The Range '31:0' is present in all ports of the interface 'rs1'. It is assumed that this is meant to declare an array of interface. If this is not the desired behaviour, switch of this feature by disabling the parameter 'ips.enableInterfaceArrayInference'.
INFO: [IP_Flow 19-5151] The Range '31:0' is present in all ports of the interface 'rs2'. It is assumed that this is meant to declare an array of interface. If this is not the desired behaviour, switch of this feature by disabling the parameter 'ips.enableInterfaceArrayInference'.
INFO: [IP_Flow 19-5107] Inferred bus interface 'clk' of definition 'xilinx.com:signal:clock:1.0' (from Xilinx Repository).
WARNING: [IP_Flow 19-5661] Bus Interface 'clk' does not have any bus interfaces associated with it.
INFO: [IP_Flow 19-234] Refreshing IP repositories
INFO: [IP_Flow 19-1704] No user IP repositories specified
INFO: [IP_Flow 19-234] Refreshing IP repositories
INFO: [IP_Flow 19-1704] No user IP repositories specified
INFO: [IP_Flow 19-5107] Inferred bus interface 'rst' of definition 'xilinx.com:signal:reset:1.0' (from Xilinx Repository).
INFO: [IP_Flow 19-5107] Inferred bus interface 'clk' of definition 'xilinx.com:signal:clock:1.0' (from Xilinx Repository).
INFO: [IP_Flow 19-4728] Bus Interface 'clk': Added interface parameter 'ASSOCIATED_RESET' with value 'rst'.
WARNING: [IP_Flow 19-5661] Bus Interface 'clk' does not have any bus interfaces associated with it.
INFO: [IP_Flow 19-234] Refreshing IP repositories
INFO: [IP_Flow 19-1704] No user IP repositories specified
INFO: [IP_Flow 19-234] Refreshing IP repositories
INFO: [IP_Flow 19-1704] No user IP repositories specified
INFO: [IP_Flow 19-234] Refreshing IP repositories
INFO: [IP_Flow 19-1704] No user IP repositories specified
INFO: [IP_Flow 19-234] Refreshing IP repositories
INFO: [IP_Flow 19-1704] No user IP repositories specified
INFO: [IP_Flow 19-234] Refreshing IP repositories
INFO: [IP_Flow 19-1704] No user IP repositories specified
INFO: [IP_Flow 19-234] Refreshing IP repositories
INFO: [IP_Flow 19-1704] No user IP repositories specified
WARNING: [IP_Flow 19-587] [HDL Parser] HDL port or parameter 'if_tag' has a dependency on the module local parameter or undefined parameter 'TAG_BITS'.
WARNING: [IP_Flow 19-587] [HDL Parser] HDL port or parameter 'update_tag' has a dependency on the module local parameter or undefined parameter 'TAG_BITS'.
INFO: [IP_Flow 19-5107] Inferred bus interface 'rst' of definition 'xilinx.com:signal:reset:1.0' (from Xilinx Repository).
INFO: [IP_Flow 19-5107] Inferred bus interface 'clk' of definition 'xilinx.com:signal:clock:1.0' (from Xilinx Repository).
INFO: [IP_Flow 19-4728] Bus Interface 'clk': Added interface parameter 'ASSOCIATED_RESET' with value 'rst'.
INFO: [IP_Flow 19-818] Not transferring value dependency attribute "(1 << spirit:decode(id('MODELPARAM_VALUE.ENTRY_BITS')))" into user parameter "ENTRY_NUM".
WARNING: [IP_Flow 19-5661] Bus Interface 'clk' does not have any bus interfaces associated with it.
INFO: [IP_Flow 19-234] Refreshing IP repositories
INFO: [IP_Flow 19-1704] No user IP repositories specified
INFO: [IP_Flow 19-5107] Inferred bus interface 'rst' of definition 'xilinx.com:signal:reset:1.0' (from Xilinx Repository).
INFO: [IP_Flow 19-5107] Inferred bus interface 'clk' of definition 'xilinx.com:signal:clock:1.0' (from Xilinx Repository).
INFO: [IP_Flow 19-4728] Bus Interface 'clk': Added interface parameter 'ASSOCIATED_RESET' with value 'rst'.
WARNING: [IP_Flow 19-5661] Bus Interface 'clk' does not have any bus interfaces associated with it.
INFO: [IP_Flow 19-234] Refreshing IP repositories
INFO: [IP_Flow 19-1704] No user IP repositories specified
INFO: [IP_Flow 19-5107] Inferred bus interface 'rst' of definition 'xilinx.com:signal:reset:1.0' (from Xilinx Repository).
INFO: [IP_Flow 19-5107] Inferred bus interface 'clk' of definition 'xilinx.com:signal:clock:1.0' (from Xilinx Repository).
INFO: [IP_Flow 19-4728] Bus Interface 'clk': Added interface parameter 'ASSOCIATED_RESET' with value 'rst'.
WARNING: [IP_Flow 19-5661] Bus Interface 'clk' does not have any bus interfaces associated with it.
INFO: [IP_Flow 19-234] Refreshing IP repositories
INFO: [IP_Flow 19-1704] No user IP repositories specified
INFO: [IP_Flow 19-234] Refreshing IP repositories
INFO: [IP_Flow 19-1704] No user IP repositories specified
INFO: [IP_Flow 19-234] Refreshing IP repositories
INFO: [IP_Flow 19-1704] No user IP repositories specified
INFO: [IP_Flow 19-5151] The Range '31:0' is present in all ports of the interface 'interface_aximm'. It is assumed that this is meant to declare an array of interface. If this is not the desired behaviour, switch of this feature by disabling the parameter 'ips.enableInterfaceArrayInference'.
INFO: [IP_Flow 19-5107] Inferred bus interface 'rst' of definition 'xilinx.com:signal:reset:1.0' (from Xilinx Repository).
INFO: [IP_Flow 19-5107] Inferred bus interface 'clk' of definition 'xilinx.com:signal:clock:1.0' (from Xilinx Repository).
INFO: [IP_Flow 19-4728] Bus Interface 'clk': Added interface parameter 'ASSOCIATED_RESET' with value 'rst'.
WARNING: [IP_Flow 19-5661] Bus Interface 'clk' does not have any bus interfaces associated with it.
INFO: [IP_Flow 19-234] Refreshing IP repositories
INFO: [IP_Flow 19-1704] No user IP repositories specified
INFO: [IP_Flow 19-5151] The Range '31:0' is present in all ports of the interface 'gpio'. It is assumed that this is meant to declare an array of interface. If this is not the desired behaviour, switch of this feature by disabling the parameter 'ips.enableInterfaceArrayInference'.
INFO: [IP_Flow 19-5151] The Range '31:0' is present in all ports of the interface 'mem_req'. It is assumed that this is meant to declare an array of interface. If this is not the desired behaviour, switch of this feature by disabling the parameter 'ips.enableInterfaceArrayInference'.
INFO: [IP_Flow 19-5151] The Range '31:0' is present in all ports of the interface 'mem_rsp'. It is assumed that this is meant to declare an array of interface. If this is not the desired behaviour, switch of this feature by disabling the parameter 'ips.enableInterfaceArrayInference'.
INFO: [IP_Flow 19-5151] The Range '31:0' is present in all ports of the interface 'ram'. It is assumed that this is meant to declare an array of interface. If this is not the desired behaviour, switch of this feature by disabling the parameter 'ips.enableInterfaceArrayInference'.
INFO: [IP_Flow 19-5151] The Range '31:0' is present in all ports of the interface 'timer'. It is assumed that this is meant to declare an array of interface. If this is not the desired behaviour, switch of this feature by disabling the parameter 'ips.enableInterfaceArrayInference'.
INFO: [IP_Flow 19-5151] The Range '31:0' is present in all ports of the interface 'uart'. It is assumed that this is meant to declare an array of interface. If this is not the desired behaviour, switch of this feature by disabling the parameter 'ips.enableInterfaceArrayInference'.
INFO: [IP_Flow 19-5107] Inferred bus interface 'rst' of definition 'xilinx.com:signal:reset:1.0' (from Xilinx Repository).
INFO: [IP_Flow 19-5107] Inferred bus interface 'clk' of definition 'xilinx.com:signal:clock:1.0' (from Xilinx Repository).
INFO: [IP_Flow 19-4728] Bus Interface 'clk': Added interface parameter 'ASSOCIATED_RESET' with value 'rst'.
WARNING: [IP_Flow 19-5661] Bus Interface 'clk' does not have any bus interfaces associated with it.
INFO: [IP_Flow 19-234] Refreshing IP repositories
INFO: [IP_Flow 19-1704] No user IP repositories specified
INFO: [IP_Flow 19-5151] The Range '31:0' is present in all ports of the interface 'interface_aximm'. It is assumed that this is meant to declare an array of interface. If this is not the desired behaviour, switch of this feature by disabling the parameter 'ips.enableInterfaceArrayInference'.
INFO: [IP_Flow 19-5107] Inferred bus interface 'rst' of definition 'xilinx.com:signal:reset:1.0' (from Xilinx Repository).
INFO: [IP_Flow 19-5107] Inferred bus interface 'clk' of definition 'xilinx.com:signal:clock:1.0' (from Xilinx Repository).
INFO: [IP_Flow 19-4728] Bus Interface 'clk': Added interface parameter 'ASSOCIATED_RESET' with value 'rst'.
INFO: [IP_Flow 19-818] Not transferring value dependency attribute "(1 << spirit:decode(id('MODELPARAM_VALUE.ADDR_WIDTH')))" into user parameter "WORDS".
WARNING: [IP_Flow 19-5661] Bus Interface 'clk' does not have any bus interfaces associated with it.
INFO: [IP_Flow 19-234] Refreshing IP repositories
INFO: [IP_Flow 19-1704] No user IP repositories specified
WARNING: [IP_Flow 19-587] [HDL Parser] HDL port or parameter 'hit_value' has a dependency on the module local parameter or undefined parameter 'ADDR_VALUE'.
WARNING: [IP_Flow 19-587] [HDL Parser] HDL port or parameter 'hit_cmp' has a dependency on the module local parameter or undefined parameter 'ADDR_CMP'.
WARNING: [IP_Flow 19-587] [HDL Parser] HDL port or parameter 'hit_ctrl' has a dependency on the module local parameter or undefined parameter 'ADDR_CTRL'.
WARNING: [IP_Flow 19-587] [HDL Parser] HDL port or parameter 'hit_status' has a dependency on the module local parameter or undefined parameter 'ADDR_STATUS'.
INFO: [IP_Flow 19-5151] The Range '31:0' is present in all ports of the interface 'interface_aximm'. It is assumed that this is meant to declare an array of interface. If this is not the desired behaviour, switch of this feature by disabling the parameter 'ips.enableInterfaceArrayInference'.
INFO: [IP_Flow 19-5107] Inferred bus interface 'rst' of definition 'xilinx.com:signal:reset:1.0' (from Xilinx Repository).
INFO: [IP_Flow 19-5107] Inferred bus interface 'clk' of definition 'xilinx.com:signal:clock:1.0' (from Xilinx Repository).
INFO: [IP_Flow 19-5107] Inferred bus interface 'timer_irq' of definition 'xilinx.com:signal:interrupt:1.0' (from Xilinx Repository).
INFO: [IP_Flow 19-4728] Bus Interface 'timer_irq': Added interface parameter 'SENSITIVITY' with value 'LEVEL_HIGH'.
INFO: [IP_Flow 19-4728] Bus Interface 'clk': Added interface parameter 'ASSOCIATED_RESET' with value 'rst'.
WARNING: [IP_Flow 19-5661] Bus Interface 'clk' does not have any bus interfaces associated with it.
INFO: [IP_Flow 19-234] Refreshing IP repositories
INFO: [IP_Flow 19-1704] No user IP repositories specified
WARNING: [IP_Flow 19-587] [HDL Parser] HDL port or parameter 'write_txdata' has a dependency on the module local parameter or undefined parameter 'UART_TXDATA'.
WARNING: [IP_Flow 19-587] [HDL Parser] HDL port or parameter 'read_rxdata' has a dependency on the module local parameter or undefined parameter 'UART_RXDATA'.
INFO: [IP_Flow 19-5151] The Range '31:0' is present in all ports of the interface 'interface_aximm'. It is assumed that this is meant to declare an array of interface. If this is not the desired behaviour, switch of this feature by disabling the parameter 'ips.enableInterfaceArrayInference'.
INFO: [IP_Flow 19-5107] Inferred bus interface 'rst' of definition 'xilinx.com:signal:reset:1.0' (from Xilinx Repository).
INFO: [IP_Flow 19-5107] Inferred bus interface 'clk' of definition 'xilinx.com:signal:clock:1.0' (from Xilinx Repository).
INFO: [IP_Flow 19-4728] Bus Interface 'clk': Added interface parameter 'ASSOCIATED_RESET' with value 'rst'.
WARNING: [IP_Flow 19-5661] Bus Interface 'clk' does not have any bus interfaces associated with it.
INFO: [IP_Flow 19-234] Refreshing IP repositories
INFO: [IP_Flow 19-1704] No user IP repositories specified
WARNING: [IP_Flow 19-587] [HDL Parser] HDL port or parameter 'mem' has a dependency on the module local parameter or undefined parameter 'DEPTH'.
INFO: [IP_Flow 19-5107] Inferred bus interface 'clk' of definition 'xilinx.com:signal:clock:1.0' (from Xilinx Repository).
WARNING: [IP_Flow 19-5661] Bus Interface 'clk' does not have any bus interfaces associated with it.
INFO: [IP_Flow 19-234] Refreshing IP repositories
INFO: [IP_Flow 19-1704] No user IP repositories specified
INFO: [IP_Flow 19-234] Refreshing IP repositories
INFO: [IP_Flow 19-1704] No user IP repositories specified
add_files: Time (s): cpu = 00:00:49 ; elapsed = 00:00:20 . Memory (MB): peak = 2464.035 ; gain = 312.156 ; free physical = 2009 ; free virtual = 24513
Command: synth_design -top RISCV_COCOTB -part xczu5ev-sfvc784-2-i -mode out_of_context
Starting synth_design
WARNING: [Vivado_Tcl 4-393] The 'Synthesis' target of the following IPs are stale, please generate the output products using the generate_target or synth_ip command before running synth_design.
/media/steckler/xilinx_linux/RISCV_ZYNQ/V2/RVI20U32/RV32I_COCOTB/RISCV_/RISCV.srcs/sources_1/bd/RISCV_COCOTB/RISCV_COCOTB.bd

WARNING: [Vivado_Tcl 4-393] The 'Implementation' target of the following IPs are stale, please generate the output products using the generate_target or synth_ip command before running synth_design.
/media/steckler/xilinx_linux/RISCV_ZYNQ/V2/RVI20U32/RV32I_COCOTB/RISCV_/RISCV.srcs/sources_1/bd/RISCV_COCOTB/RISCV_COCOTB.bd

Attempting to get a license for feature 'Synthesis' and/or device 'xczu5ev'
INFO: [Common 17-349] Got license for feature 'Synthesis' and/or device 'xczu5ev'
INFO: [Device 21-403] Loading part xczu5ev-sfvc784-2-i
INFO: [Synth 8-7079] Multithreading enabled for synth_design using a maximum of 4 processes.
INFO: [Synth 8-7078] Launching helper process for spawning children vivado processes
INFO: [Synth 8-7075] Helper process launched with PID 19658
---------------------------------------------------------------------------------
Starting RTL Elaboration : Time (s): cpu = 00:00:03 ; elapsed = 00:00:04 . Memory (MB): peak = 2629.199 ; gain = 9.902 ; free physical = 989 ; free virtual = 23489
---------------------------------------------------------------------------------
INFO: [Synth 8-6157] synthesizing module 'RISCV_COCOTB' [/media/steckler/xilinx_linux/RISCV_ZYNQ/V2/RVI20U32/RV32I_COCOTB/RISCV_/RISCV.srcs/sources_1/bd/RISCV_COCOTB/synth/RISCV_COCOTB.v:656]
INFO: [Synth 8-6157] synthesizing module 'Core_RV32I_imp_BFBAKD' [/media/steckler/xilinx_linux/RISCV_ZYNQ/V2/RVI20U32/RV32I_COCOTB/RISCV_/RISCV.srcs/sources_1/bd/RISCV_COCOTB/synth/RISCV_COCOTB.v:12]
INFO: [Synth 8-6157] synthesizing module 'RV32I_EX_imp_J96COH' [/media/steckler/xilinx_linux/RISCV_ZYNQ/V2/RVI20U32/RV32I_COCOTB/RISCV_/RISCV.srcs/sources_1/bd/RISCV_COCOTB/synth/RISCV_COCOTB.v:930]
INFO: [Synth 8-6157] synthesizing module 'RISCV_COCOTB_alu_0_0' [/media/steckler/xilinx_linux/RISCV_ZYNQ/V2/RVI20U32/RV32I_COCOTB/RISCV_/RISCV.srcs/sources_1/bd/RISCV_COCOTB/ip/RISCV_COCOTB_alu_0_0/synth/RISCV_COCOTB_alu_0_0.v:58]
INFO: [Synth 8-6157] synthesizing module 'alu' [/media/steckler/xilinx_linux/RISCV_ZYNQ/V2/RVI20U32/RV32I_COCOTB/RISCV_FOR_COCOTB/COCOTB/rtl/core/alu.v:3]
	Parameter ALU_ADD bound to: 4'b0000 
	Parameter ALU_SUB bound to: 4'b0001 
	Parameter ALU_AND bound to: 4'b0010 
	Parameter ALU_OR bound to: 4'b0011 
	Parameter ALU_XOR bound to: 4'b0100 
	Parameter ALU_SLL bound to: 4'b0101 
	Parameter ALU_SRL bound to: 4'b0110 
	Parameter ALU_SRA bound to: 4'b0111 
	Parameter ALU_SLT bound to: 4'b1000 
	Parameter ALU_SLTU bound to: 4'b1001 
	Parameter ALU_COPY_B bound to: 4'b1010 
INFO: [Synth 8-6155] done synthesizing module 'alu' (1#1) [/media/steckler/xilinx_linux/RISCV_ZYNQ/V2/RVI20U32/RV32I_COCOTB/RISCV_FOR_COCOTB/COCOTB/rtl/core/alu.v:3]
INFO: [Synth 8-6155] done synthesizing module 'RISCV_COCOTB_alu_0_0' (2#1) [/media/steckler/xilinx_linux/RISCV_ZYNQ/V2/RVI20U32/RV32I_COCOTB/RISCV_/RISCV.srcs/sources_1/bd/RISCV_COCOTB/ip/RISCV_COCOTB_alu_0_0/synth/RISCV_COCOTB_alu_0_0.v:58]
INFO: [Synth 8-6157] synthesizing module 'RISCV_COCOTB_branch_0_0' [/media/steckler/xilinx_linux/RISCV_ZYNQ/V2/RVI20U32/RV32I_COCOTB/RISCV_/RISCV.srcs/sources_1/bd/RISCV_COCOTB/ip/RISCV_COCOTB_branch_0_0/synth/RISCV_COCOTB_branch_0_0.v:58]
INFO: [Synth 8-6157] synthesizing module 'branch' [/media/steckler/xilinx_linux/RISCV_ZYNQ/V2/RVI20U32/RV32I_COCOTB/RISCV_FOR_COCOTB/COCOTB/rtl/core/branch.v:3]
	Parameter BR_BEQ bound to: 3'b000 
	Parameter BR_BNE bound to: 3'b001 
	Parameter BR_BLT bound to: 3'b100 
	Parameter BR_BGE bound to: 3'b101 
	Parameter BR_BLTU bound to: 3'b110 
	Parameter BR_BGEU bound to: 3'b111 
	Parameter EXC_NONE bound to: 4'b1111 
	Parameter EXC_INSTR_ADDR_MISALIGNED bound to: 4'b0000 
INFO: [Synth 8-6155] done synthesizing module 'branch' (3#1) [/media/steckler/xilinx_linux/RISCV_ZYNQ/V2/RVI20U32/RV32I_COCOTB/RISCV_FOR_COCOTB/COCOTB/rtl/core/branch.v:3]
INFO: [Synth 8-6155] done synthesizing module 'RISCV_COCOTB_branch_0_0' (4#1) [/media/steckler/xilinx_linux/RISCV_ZYNQ/V2/RVI20U32/RV32I_COCOTB/RISCV_/RISCV.srcs/sources_1/bd/RISCV_COCOTB/ip/RISCV_COCOTB_branch_0_0/synth/RISCV_COCOTB_branch_0_0.v:58]
WARNING: [Synth 8-7071] port 'branch_taken' of module 'RISCV_COCOTB_branch_0_0' is unconnected for instance 'branch_0' [/media/steckler/xilinx_linux/RISCV_ZYNQ/V2/RVI20U32/RV32I_COCOTB/RISCV_/RISCV.srcs/sources_1/bd/RISCV_COCOTB/synth/RISCV_COCOTB.v:1213]
WARNING: [Synth 8-7071] port 'instr_addr_misaligned' of module 'RISCV_COCOTB_branch_0_0' is unconnected for instance 'branch_0' [/media/steckler/xilinx_linux/RISCV_ZYNQ/V2/RVI20U32/RV32I_COCOTB/RISCV_/RISCV.srcs/sources_1/bd/RISCV_COCOTB/synth/RISCV_COCOTB.v:1213]
WARNING: [Synth 8-7071] port 'instr_addr_misaligned_target' of module 'RISCV_COCOTB_branch_0_0' is unconnected for instance 'branch_0' [/media/steckler/xilinx_linux/RISCV_ZYNQ/V2/RVI20U32/RV32I_COCOTB/RISCV_/RISCV.srcs/sources_1/bd/RISCV_COCOTB/synth/RISCV_COCOTB.v:1213]
WARNING: [Synth 8-7071] port 'ex_control_flow_change' of module 'RISCV_COCOTB_branch_0_0' is unconnected for instance 'branch_0' [/media/steckler/xilinx_linux/RISCV_ZYNQ/V2/RVI20U32/RV32I_COCOTB/RISCV_/RISCV.srcs/sources_1/bd/RISCV_COCOTB/synth/RISCV_COCOTB.v:1213]
WARNING: [Synth 8-7071] port 'ex_mispredict' of module 'RISCV_COCOTB_branch_0_0' is unconnected for instance 'branch_0' [/media/steckler/xilinx_linux/RISCV_ZYNQ/V2/RVI20U32/RV32I_COCOTB/RISCV_/RISCV.srcs/sources_1/bd/RISCV_COCOTB/synth/RISCV_COCOTB.v:1213]
WARNING: [Synth 8-7023] instance 'branch_0' of module 'RISCV_COCOTB_branch_0_0' has 26 connections declared, but only 21 given [/media/steckler/xilinx_linux/RISCV_ZYNQ/V2/RVI20U32/RV32I_COCOTB/RISCV_/RISCV.srcs/sources_1/bd/RISCV_COCOTB/synth/RISCV_COCOTB.v:1213]
INFO: [Synth 8-6157] synthesizing module 'RISCV_COCOTB_ex_mem_reg_0' [/media/steckler/xilinx_linux/RISCV_ZYNQ/V2/RVI20U32/RV32I_COCOTB/RISCV_/RISCV.srcs/sources_1/bd/RISCV_COCOTB/ip/RISCV_COCOTB_ex_mem_reg_0/synth/RISCV_COCOTB_ex_mem_reg_0.v:58]
INFO: [Synth 8-6157] synthesizing module 'ex_mem_reg' [/media/steckler/xilinx_linux/RISCV_ZYNQ/V2/RVI20U32/RV32I_COCOTB/RISCV_FOR_COCOTB/COCOTB/rtl/core/ex_mem_reg.v:3]
INFO: [Synth 8-6155] done synthesizing module 'ex_mem_reg' (5#1) [/media/steckler/xilinx_linux/RISCV_ZYNQ/V2/RVI20U32/RV32I_COCOTB/RISCV_FOR_COCOTB/COCOTB/rtl/core/ex_mem_reg.v:3]
INFO: [Synth 8-6155] done synthesizing module 'RISCV_COCOTB_ex_mem_reg_0' (6#1) [/media/steckler/xilinx_linux/RISCV_ZYNQ/V2/RVI20U32/RV32I_COCOTB/RISCV_/RISCV.srcs/sources_1/bd/RISCV_COCOTB/ip/RISCV_COCOTB_ex_mem_reg_0/synth/RISCV_COCOTB_ex_mem_reg_0.v:58]
INFO: [Synth 8-6157] synthesizing module 'RISCV_COCOTB_forward_mux_0_0' [/media/steckler/xilinx_linux/RISCV_ZYNQ/V2/RVI20U32/RV32I_COCOTB/RISCV_/RISCV.srcs/sources_1/bd/RISCV_COCOTB/ip/RISCV_COCOTB_forward_mux_0_0/synth/RISCV_COCOTB_forward_mux_0_0.v:58]
INFO: [Synth 8-6157] synthesizing module 'forward_mux' [/media/steckler/xilinx_linux/RISCV_ZYNQ/V2/RVI20U32/RV32I_COCOTB/RISCV_FOR_COCOTB/COCOTB/rtl/core/forward_mux.v:3]
INFO: [Synth 8-226] default block is never used [/media/steckler/xilinx_linux/RISCV_ZYNQ/V2/RVI20U32/RV32I_COCOTB/RISCV_FOR_COCOTB/COCOTB/rtl/core/forward_mux.v:15]
INFO: [Synth 8-6155] done synthesizing module 'forward_mux' (7#1) [/media/steckler/xilinx_linux/RISCV_ZYNQ/V2/RVI20U32/RV32I_COCOTB/RISCV_FOR_COCOTB/COCOTB/rtl/core/forward_mux.v:3]
INFO: [Synth 8-6155] done synthesizing module 'RISCV_COCOTB_forward_mux_0_0' (8#1) [/media/steckler/xilinx_linux/RISCV_ZYNQ/V2/RVI20U32/RV32I_COCOTB/RISCV_/RISCV.srcs/sources_1/bd/RISCV_COCOTB/ip/RISCV_COCOTB_forward_mux_0_0/synth/RISCV_COCOTB_forward_mux_0_0.v:58]
INFO: [Synth 8-6157] synthesizing module 'RISCV_COCOTB_forward_mux_1_0' [/media/steckler/xilinx_linux/RISCV_ZYNQ/V2/RVI20U32/RV32I_COCOTB/RISCV_/RISCV.srcs/sources_1/bd/RISCV_COCOTB/ip/RISCV_COCOTB_forward_mux_1_0/synth/RISCV_COCOTB_forward_mux_1_0.v:58]
INFO: [Synth 8-6155] done synthesizing module 'RISCV_COCOTB_forward_mux_1_0' (9#1) [/media/steckler/xilinx_linux/RISCV_ZYNQ/V2/RVI20U32/RV32I_COCOTB/RISCV_/RISCV.srcs/sources_1/bd/RISCV_COCOTB/ip/RISCV_COCOTB_forward_mux_1_0/synth/RISCV_COCOTB_forward_mux_1_0.v:58]
INFO: [Synth 8-6157] synthesizing module 'RISCV_COCOTB_forward_mux_2_0' [/media/steckler/xilinx_linux/RISCV_ZYNQ/V2/RVI20U32/RV32I_COCOTB/RISCV_/RISCV.srcs/sources_1/bd/RISCV_COCOTB/ip/RISCV_COCOTB_forward_mux_2_0/synth/RISCV_COCOTB_forward_mux_2_0.v:58]
INFO: [Synth 8-6155] done synthesizing module 'RISCV_COCOTB_forward_mux_2_0' (10#1) [/media/steckler/xilinx_linux/RISCV_ZYNQ/V2/RVI20U32/RV32I_COCOTB/RISCV_/RISCV.srcs/sources_1/bd/RISCV_COCOTB/ip/RISCV_COCOTB_forward_mux_2_0/synth/RISCV_COCOTB_forward_mux_2_0.v:58]
INFO: [Synth 8-6157] synthesizing module 'RISCV_COCOTB_forwarding_0_0' [/media/steckler/xilinx_linux/RISCV_ZYNQ/V2/RVI20U32/RV32I_COCOTB/RISCV_/RISCV.srcs/sources_1/bd/RISCV_COCOTB/ip/RISCV_COCOTB_forwarding_0_0/synth/RISCV_COCOTB_forwarding_0_0.v:58]
INFO: [Synth 8-6157] synthesizing module 'forwarding' [/media/steckler/xilinx_linux/RISCV_ZYNQ/V2/RVI20U32/RV32I_COCOTB/RISCV_FOR_COCOTB/COCOTB/rtl/core/forwarding.v:3]
	Parameter B_RS2 bound to: 2'b00 
INFO: [Synth 8-6155] done synthesizing module 'forwarding' (11#1) [/media/steckler/xilinx_linux/RISCV_ZYNQ/V2/RVI20U32/RV32I_COCOTB/RISCV_FOR_COCOTB/COCOTB/rtl/core/forwarding.v:3]
INFO: [Synth 8-6155] done synthesizing module 'RISCV_COCOTB_forwarding_0_0' (12#1) [/media/steckler/xilinx_linux/RISCV_ZYNQ/V2/RVI20U32/RV32I_COCOTB/RISCV_/RISCV.srcs/sources_1/bd/RISCV_COCOTB/ip/RISCV_COCOTB_forwarding_0_0/synth/RISCV_COCOTB_forwarding_0_0.v:58]
INFO: [Synth 8-6157] synthesizing module 'RISCV_COCOTB_operand_a_mux_0_0' [/media/steckler/xilinx_linux/RISCV_ZYNQ/V2/RVI20U32/RV32I_COCOTB/RISCV_/RISCV.srcs/sources_1/bd/RISCV_COCOTB/ip/RISCV_COCOTB_operand_a_mux_0_0/synth/RISCV_COCOTB_operand_a_mux_0_0.v:58]
INFO: [Synth 8-6157] synthesizing module 'operand_a_mux' [/media/steckler/xilinx_linux/RISCV_ZYNQ/V2/RVI20U32/RV32I_COCOTB/RISCV_FOR_COCOTB/COCOTB/rtl/core/operand_a_mux.v:3]
	Parameter A_RS1 bound to: 2'b00 
	Parameter A_PC bound to: 2'b01 
	Parameter A_ZERO bound to: 2'b10 
INFO: [Synth 8-6155] done synthesizing module 'operand_a_mux' (13#1) [/media/steckler/xilinx_linux/RISCV_ZYNQ/V2/RVI20U32/RV32I_COCOTB/RISCV_FOR_COCOTB/COCOTB/rtl/core/operand_a_mux.v:3]
INFO: [Synth 8-6155] done synthesizing module 'RISCV_COCOTB_operand_a_mux_0_0' (14#1) [/media/steckler/xilinx_linux/RISCV_ZYNQ/V2/RVI20U32/RV32I_COCOTB/RISCV_/RISCV.srcs/sources_1/bd/RISCV_COCOTB/ip/RISCV_COCOTB_operand_a_mux_0_0/synth/RISCV_COCOTB_operand_a_mux_0_0.v:58]
INFO: [Synth 8-6157] synthesizing module 'RISCV_COCOTB_operand_b_mux_0_0' [/media/steckler/xilinx_linux/RISCV_ZYNQ/V2/RVI20U32/RV32I_COCOTB/RISCV_/RISCV.srcs/sources_1/bd/RISCV_COCOTB/ip/RISCV_COCOTB_operand_b_mux_0_0/synth/RISCV_COCOTB_operand_b_mux_0_0.v:58]
INFO: [Synth 8-6157] synthesizing module 'operand_b_mux' [/media/steckler/xilinx_linux/RISCV_ZYNQ/V2/RVI20U32/RV32I_COCOTB/RISCV_FOR_COCOTB/COCOTB/rtl/core/operand_b_mux.v:3]
	Parameter B_RS2 bound to: 2'b00 
	Parameter B_IMM bound to: 2'b01 
	Parameter B_FOUR bound to: 2'b10 
INFO: [Synth 8-6155] done synthesizing module 'operand_b_mux' (15#1) [/media/steckler/xilinx_linux/RISCV_ZYNQ/V2/RVI20U32/RV32I_COCOTB/RISCV_FOR_COCOTB/COCOTB/rtl/core/operand_b_mux.v:3]
INFO: [Synth 8-6155] done synthesizing module 'RISCV_COCOTB_operand_b_mux_0_0' (16#1) [/media/steckler/xilinx_linux/RISCV_ZYNQ/V2/RVI20U32/RV32I_COCOTB/RISCV_/RISCV.srcs/sources_1/bd/RISCV_COCOTB/ip/RISCV_COCOTB_operand_b_mux_0_0/synth/RISCV_COCOTB_operand_b_mux_0_0.v:58]
INFO: [Synth 8-6157] synthesizing module 'RISCV_COCOTB_sim_constant_0_1' [/media/steckler/xilinx_linux/RISCV_ZYNQ/V2/RVI20U32/RV32I_COCOTB/RISCV_/RISCV.srcs/sources_1/bd/RISCV_COCOTB/ip/RISCV_COCOTB_sim_constant_0_1/synth/RISCV_COCOTB_sim_constant_0_1.v:58]
INFO: [Synth 8-6157] synthesizing module 'sim_constant' [/media/steckler/xilinx_linux/RISCV_ZYNQ/V2/RVI20U32/RV32I_COCOTB/RISCV_FOR_COCOTB/COCOTB/rtl/core/sim_constant.v:7]
	Parameter WIDTH bound to: 1 - type: integer 
	Parameter VALUE bound to: 0 - type: integer 
INFO: [Synth 8-6155] done synthesizing module 'sim_constant' (17#1) [/media/steckler/xilinx_linux/RISCV_ZYNQ/V2/RVI20U32/RV32I_COCOTB/RISCV_FOR_COCOTB/COCOTB/rtl/core/sim_constant.v:7]
INFO: [Synth 8-6155] done synthesizing module 'RISCV_COCOTB_sim_constant_0_1' (18#1) [/media/steckler/xilinx_linux/RISCV_ZYNQ/V2/RVI20U32/RV32I_COCOTB/RISCV_/RISCV.srcs/sources_1/bd/RISCV_COCOTB/ip/RISCV_COCOTB_sim_constant_0_1/synth/RISCV_COCOTB_sim_constant_0_1.v:58]
INFO: [Synth 8-6157] synthesizing module 'RISCV_COCOTB_util_vector_and_0_0' [/media/steckler/xilinx_linux/RISCV_ZYNQ/V2/RVI20U32/RV32I_COCOTB/RISCV_/RISCV.srcs/sources_1/bd/RISCV_COCOTB/ip/RISCV_COCOTB_util_vector_and_0_0/synth/RISCV_COCOTB_util_vector_and_0_0.v:58]
INFO: [Synth 8-6157] synthesizing module 'util_vector_and' [/media/steckler/xilinx_linux/RISCV_ZYNQ/V2/RVI20U32/RV32I_COCOTB/RISCV_FOR_COCOTB/COCOTB/rtl/core/util_vector_and.v:1]
	Parameter WIDTH bound to: 1 - type: integer 
INFO: [Synth 8-6155] done synthesizing module 'util_vector_and' (19#1) [/media/steckler/xilinx_linux/RISCV_ZYNQ/V2/RVI20U32/RV32I_COCOTB/RISCV_FOR_COCOTB/COCOTB/rtl/core/util_vector_and.v:1]
INFO: [Synth 8-6155] done synthesizing module 'RISCV_COCOTB_util_vector_and_0_0' (20#1) [/media/steckler/xilinx_linux/RISCV_ZYNQ/V2/RVI20U32/RV32I_COCOTB/RISCV_/RISCV.srcs/sources_1/bd/RISCV_COCOTB/ip/RISCV_COCOTB_util_vector_and_0_0/synth/RISCV_COCOTB_util_vector_and_0_0.v:58]
INFO: [Synth 8-6157] synthesizing module 'RISCV_COCOTB_util_vector_and_1_0' [/media/steckler/xilinx_linux/RISCV_ZYNQ/V2/RVI20U32/RV32I_COCOTB/RISCV_/RISCV.srcs/sources_1/bd/RISCV_COCOTB/ip/RISCV_COCOTB_util_vector_and_1_0/synth/RISCV_COCOTB_util_vector_and_1_0.v:58]
INFO: [Synth 8-6155] done synthesizing module 'RISCV_COCOTB_util_vector_and_1_0' (21#1) [/media/steckler/xilinx_linux/RISCV_ZYNQ/V2/RVI20U32/RV32I_COCOTB/RISCV_/RISCV.srcs/sources_1/bd/RISCV_COCOTB/ip/RISCV_COCOTB_util_vector_and_1_0/synth/RISCV_COCOTB_util_vector_and_1_0.v:58]
INFO: [Synth 8-6155] done synthesizing module 'RV32I_EX_imp_J96COH' (22#1) [/media/steckler/xilinx_linux/RISCV_ZYNQ/V2/RVI20U32/RV32I_COCOTB/RISCV_/RISCV.srcs/sources_1/bd/RISCV_COCOTB/synth/RISCV_COCOTB.v:930]
WARNING: [Synth 8-7071] port 'ex_actual_next_pc' of module 'RV32I_EX_imp_J96COH' is unconnected for instance 'RV32I_EX' [/media/steckler/xilinx_linux/RISCV_ZYNQ/V2/RVI20U32/RV32I_COCOTB/RISCV_/RISCV.srcs/sources_1/bd/RISCV_COCOTB/synth/RISCV_COCOTB.v:185]
WARNING: [Synth 8-7071] port 'ex_exception_cause' of module 'RV32I_EX_imp_J96COH' is unconnected for instance 'RV32I_EX' [/media/steckler/xilinx_linux/RISCV_ZYNQ/V2/RVI20U32/RV32I_COCOTB/RISCV_/RISCV.srcs/sources_1/bd/RISCV_COCOTB/synth/RISCV_COCOTB.v:185]
WARNING: [Synth 8-7071] port 'ex_exception_tval' of module 'RV32I_EX_imp_J96COH' is unconnected for instance 'RV32I_EX' [/media/steckler/xilinx_linux/RISCV_ZYNQ/V2/RVI20U32/RV32I_COCOTB/RISCV_/RISCV.srcs/sources_1/bd/RISCV_COCOTB/synth/RISCV_COCOTB.v:185]
WARNING: [Synth 8-7071] port 'ex_exception_valid' of module 'RV32I_EX_imp_J96COH' is unconnected for instance 'RV32I_EX' [/media/steckler/xilinx_linux/RISCV_ZYNQ/V2/RVI20U32/RV32I_COCOTB/RISCV_/RISCV.srcs/sources_1/bd/RISCV_COCOTB/synth/RISCV_COCOTB.v:185]
WARNING: [Synth 8-7071] port 'mem_exception_cause' of module 'RV32I_EX_imp_J96COH' is unconnected for instance 'RV32I_EX' [/media/steckler/xilinx_linux/RISCV_ZYNQ/V2/RVI20U32/RV32I_COCOTB/RISCV_/RISCV.srcs/sources_1/bd/RISCV_COCOTB/synth/RISCV_COCOTB.v:185]
WARNING: [Synth 8-7071] port 'mem_exception_tval' of module 'RV32I_EX_imp_J96COH' is unconnected for instance 'RV32I_EX' [/media/steckler/xilinx_linux/RISCV_ZYNQ/V2/RVI20U32/RV32I_COCOTB/RISCV_/RISCV.srcs/sources_1/bd/RISCV_COCOTB/synth/RISCV_COCOTB.v:185]
WARNING: [Synth 8-7071] port 'mem_exception_valid' of module 'RV32I_EX_imp_J96COH' is unconnected for instance 'RV32I_EX' [/media/steckler/xilinx_linux/RISCV_ZYNQ/V2/RVI20U32/RV32I_COCOTB/RISCV_/RISCV.srcs/sources_1/bd/RISCV_COCOTB/synth/RISCV_COCOTB.v:185]
WARNING: [Synth 8-7071] port 'mem_pc' of module 'RV32I_EX_imp_J96COH' is unconnected for instance 'RV32I_EX' [/media/steckler/xilinx_linux/RISCV_ZYNQ/V2/RVI20U32/RV32I_COCOTB/RISCV_/RISCV.srcs/sources_1/bd/RISCV_COCOTB/synth/RISCV_COCOTB.v:185]
WARNING: [Synth 8-7071] port 'out_data' of module 'RV32I_EX_imp_J96COH' is unconnected for instance 'RV32I_EX' [/media/steckler/xilinx_linux/RISCV_ZYNQ/V2/RVI20U32/RV32I_COCOTB/RISCV_/RISCV.srcs/sources_1/bd/RISCV_COCOTB/synth/RISCV_COCOTB.v:185]
WARNING: [Synth 8-7023] instance 'RV32I_EX' of module 'RV32I_EX_imp_J96COH' has 66 connections declared, but only 57 given [/media/steckler/xilinx_linux/RISCV_ZYNQ/V2/RVI20U32/RV32I_COCOTB/RISCV_/RISCV.srcs/sources_1/bd/RISCV_COCOTB/synth/RISCV_COCOTB.v:185]
INFO: [Synth 8-6157] synthesizing module 'RV32I_ID_imp_I31ZGD' [/media/steckler/xilinx_linux/RISCV_ZYNQ/V2/RVI20U32/RV32I_COCOTB/RISCV_/RISCV.srcs/sources_1/bd/RISCV_COCOTB/synth/RISCV_COCOTB.v:1338]
INFO: [Synth 8-6157] synthesizing module 'RISCV_COCOTB_control_0_0' [/media/steckler/xilinx_linux/RISCV_ZYNQ/V2/RVI20U32/RV32I_COCOTB/RISCV_/RISCV.srcs/sources_1/bd/RISCV_COCOTB/ip/RISCV_COCOTB_control_0_0/synth/RISCV_COCOTB_control_0_0.v:58]
INFO: [Synth 8-6157] synthesizing module 'control' [/media/steckler/xilinx_linux/RISCV_ZYNQ/V2/RVI20U32/RV32I_COCOTB/RISCV_FOR_COCOTB/COCOTB/rtl/core/control.v:3]
	Parameter IMM_I bound to: 3'b000 
	Parameter IMM_S bound to: 3'b001 
	Parameter IMM_B bound to: 3'b010 
	Parameter IMM_U bound to: 3'b011 
	Parameter IMM_J bound to: 3'b100 
	Parameter A_RS1 bound to: 2'b00 
	Parameter A_PC bound to: 2'b01 
	Parameter A_ZERO bound to: 2'b10 
	Parameter B_RS2 bound to: 2'b00 
	Parameter B_IMM bound to: 2'b01 
	Parameter B_4 bound to: 2'b10 
	Parameter WB_ALU bound to: 3'b000 
	Parameter WB_MEM bound to: 3'b001 
	Parameter WB_PC4 bound to: 3'b010 
	Parameter WB_IMM bound to: 3'b011 
	Parameter ALU_ADD bound to: 4'b0000 
	Parameter ALU_SUB bound to: 4'b0001 
	Parameter ALU_AND bound to: 4'b0010 
	Parameter ALU_OR bound to: 4'b0011 
	Parameter ALU_XOR bound to: 4'b0100 
	Parameter ALU_SLL bound to: 4'b0101 
	Parameter ALU_SRL bound to: 4'b0110 
	Parameter ALU_SRA bound to: 4'b0111 
	Parameter ALU_SLT bound to: 4'b1000 
	Parameter ALU_SLTU bound to: 4'b1001 
	Parameter SZ_B bound to: 2'b00 
	Parameter SZ_H bound to: 2'b01 
	Parameter SZ_W bound to: 2'b10 
INFO: [Synth 8-155] case statement is not full and has no default [/media/steckler/xilinx_linux/RISCV_ZYNQ/V2/RVI20U32/RV32I_COCOTB/RISCV_FOR_COCOTB/COCOTB/rtl/core/control.v:146]
INFO: [Synth 8-155] case statement is not full and has no default [/media/steckler/xilinx_linux/RISCV_ZYNQ/V2/RVI20U32/RV32I_COCOTB/RISCV_FOR_COCOTB/COCOTB/rtl/core/control.v:81]
INFO: [Synth 8-6155] done synthesizing module 'control' (23#1) [/media/steckler/xilinx_linux/RISCV_ZYNQ/V2/RVI20U32/RV32I_COCOTB/RISCV_FOR_COCOTB/COCOTB/rtl/core/control.v:3]
INFO: [Synth 8-6155] done synthesizing module 'RISCV_COCOTB_control_0_0' (24#1) [/media/steckler/xilinx_linux/RISCV_ZYNQ/V2/RVI20U32/RV32I_COCOTB/RISCV_/RISCV.srcs/sources_1/bd/RISCV_COCOTB/ip/RISCV_COCOTB_control_0_0/synth/RISCV_COCOTB_control_0_0.v:58]
WARNING: [Synth 8-7071] port 'mem_unsigned' of module 'RISCV_COCOTB_control_0_0' is unconnected for instance 'control_0' [/media/steckler/xilinx_linux/RISCV_ZYNQ/V2/RVI20U32/RV32I_COCOTB/RISCV_/RISCV.srcs/sources_1/bd/RISCV_COCOTB/synth/RISCV_COCOTB.v:1543]
WARNING: [Synth 8-7023] instance 'control_0' of module 'RISCV_COCOTB_control_0_0' has 19 connections declared, but only 18 given [/media/steckler/xilinx_linux/RISCV_ZYNQ/V2/RVI20U32/RV32I_COCOTB/RISCV_/RISCV.srcs/sources_1/bd/RISCV_COCOTB/synth/RISCV_COCOTB.v:1543]
INFO: [Synth 8-6157] synthesizing module 'RISCV_COCOTB_decoder_0_0' [/media/steckler/xilinx_linux/RISCV_ZYNQ/V2/RVI20U32/RV32I_COCOTB/RISCV_/RISCV.srcs/sources_1/bd/RISCV_COCOTB/ip/RISCV_COCOTB_decoder_0_0/synth/RISCV_COCOTB_decoder_0_0.v:58]
INFO: [Synth 8-6157] synthesizing module 'decoder' [/media/steckler/xilinx_linux/RISCV_ZYNQ/V2/RVI20U32/RV32I_COCOTB/RISCV_FOR_COCOTB/COCOTB/rtl/core/decoder.v:3]
	Parameter FMT_R bound to: 3'b000 
	Parameter FMT_I bound to: 3'b001 
	Parameter FMT_S bound to: 3'b010 
	Parameter FMT_B bound to: 3'b011 
	Parameter FMT_U bound to: 3'b100 
	Parameter FMT_J bound to: 3'b101 
	Parameter FMT_UNKNOWN bound to: 3'b111 
INFO: [Synth 8-6155] done synthesizing module 'decoder' (25#1) [/media/steckler/xilinx_linux/RISCV_ZYNQ/V2/RVI20U32/RV32I_COCOTB/RISCV_FOR_COCOTB/COCOTB/rtl/core/decoder.v:3]
INFO: [Synth 8-6155] done synthesizing module 'RISCV_COCOTB_decoder_0_0' (26#1) [/media/steckler/xilinx_linux/RISCV_ZYNQ/V2/RVI20U32/RV32I_COCOTB/RISCV_/RISCV.srcs/sources_1/bd/RISCV_COCOTB/ip/RISCV_COCOTB_decoder_0_0/synth/RISCV_COCOTB_decoder_0_0.v:58]
INFO: [Synth 8-6157] synthesizing module 'RISCV_COCOTB_id_ex_reg_0' [/media/steckler/xilinx_linux/RISCV_ZYNQ/V2/RVI20U32/RV32I_COCOTB/RISCV_/RISCV.srcs/sources_1/bd/RISCV_COCOTB/ip/RISCV_COCOTB_id_ex_reg_0/synth/RISCV_COCOTB_id_ex_reg_0.v:58]
INFO: [Synth 8-6157] synthesizing module 'id_ex_reg' [/media/steckler/xilinx_linux/RISCV_ZYNQ/V2/RVI20U32/RV32I_COCOTB/RISCV_FOR_COCOTB/COCOTB/rtl/core/id_ex_reg.v:3]
INFO: [Synth 8-6155] done synthesizing module 'id_ex_reg' (27#1) [/media/steckler/xilinx_linux/RISCV_ZYNQ/V2/RVI20U32/RV32I_COCOTB/RISCV_FOR_COCOTB/COCOTB/rtl/core/id_ex_reg.v:3]
INFO: [Synth 8-6155] done synthesizing module 'RISCV_COCOTB_id_ex_reg_0' (28#1) [/media/steckler/xilinx_linux/RISCV_ZYNQ/V2/RVI20U32/RV32I_COCOTB/RISCV_/RISCV.srcs/sources_1/bd/RISCV_COCOTB/ip/RISCV_COCOTB_id_ex_reg_0/synth/RISCV_COCOTB_id_ex_reg_0.v:58]
WARNING: [Synth 8-7071] port 'id_mem_unsigned' of module 'RISCV_COCOTB_id_ex_reg_0' is unconnected for instance 'id_ex_reg' [/media/steckler/xilinx_linux/RISCV_ZYNQ/V2/RVI20U32/RV32I_COCOTB/RISCV_/RISCV.srcs/sources_1/bd/RISCV_COCOTB/synth/RISCV_COCOTB.v:1580]
WARNING: [Synth 8-7023] instance 'id_ex_reg' of module 'RISCV_COCOTB_id_ex_reg_0' has 56 connections declared, but only 55 given [/media/steckler/xilinx_linux/RISCV_ZYNQ/V2/RVI20U32/RV32I_COCOTB/RISCV_/RISCV.srcs/sources_1/bd/RISCV_COCOTB/synth/RISCV_COCOTB.v:1580]
INFO: [Synth 8-6157] synthesizing module 'RISCV_COCOTB_imm_mux_0_0' [/media/steckler/xilinx_linux/RISCV_ZYNQ/V2/RVI20U32/RV32I_COCOTB/RISCV_/RISCV.srcs/sources_1/bd/RISCV_COCOTB/ip/RISCV_COCOTB_imm_mux_0_0/synth/RISCV_COCOTB_imm_mux_0_0.v:58]
INFO: [Synth 8-6157] synthesizing module 'imm_mux' [/media/steckler/xilinx_linux/RISCV_ZYNQ/V2/RVI20U32/RV32I_COCOTB/RISCV_FOR_COCOTB/COCOTB/rtl/core/imm_mux.v:3]
	Parameter IMM_I bound to: 3'b000 
	Parameter IMM_S bound to: 3'b001 
	Parameter IMM_B bound to: 3'b010 
	Parameter IMM_U bound to: 3'b011 
	Parameter IMM_J bound to: 3'b100 
INFO: [Synth 8-6155] done synthesizing module 'imm_mux' (29#1) [/media/steckler/xilinx_linux/RISCV_ZYNQ/V2/RVI20U32/RV32I_COCOTB/RISCV_FOR_COCOTB/COCOTB/rtl/core/imm_mux.v:3]
INFO: [Synth 8-6155] done synthesizing module 'RISCV_COCOTB_imm_mux_0_0' (30#1) [/media/steckler/xilinx_linux/RISCV_ZYNQ/V2/RVI20U32/RV32I_COCOTB/RISCV_/RISCV.srcs/sources_1/bd/RISCV_COCOTB/ip/RISCV_COCOTB_imm_mux_0_0/synth/RISCV_COCOTB_imm_mux_0_0.v:58]
INFO: [Synth 8-6157] synthesizing module 'RISCV_COCOTB_regfile_0_0' [/media/steckler/xilinx_linux/RISCV_ZYNQ/V2/RVI20U32/RV32I_COCOTB/RISCV_/RISCV.srcs/sources_1/bd/RISCV_COCOTB/ip/RISCV_COCOTB_regfile_0_0/synth/RISCV_COCOTB_regfile_0_0.v:58]
INFO: [Synth 8-6157] synthesizing module 'regfile' [/media/steckler/xilinx_linux/RISCV_ZYNQ/V2/RVI20U32/RV32I_COCOTB/RISCV_FOR_COCOTB/COCOTB/rtl/core/regfile.v:3]
INFO: [Synth 8-6155] done synthesizing module 'regfile' (31#1) [/media/steckler/xilinx_linux/RISCV_ZYNQ/V2/RVI20U32/RV32I_COCOTB/RISCV_FOR_COCOTB/COCOTB/rtl/core/regfile.v:3]
INFO: [Synth 8-6155] done synthesizing module 'RISCV_COCOTB_regfile_0_0' (32#1) [/media/steckler/xilinx_linux/RISCV_ZYNQ/V2/RVI20U32/RV32I_COCOTB/RISCV_/RISCV.srcs/sources_1/bd/RISCV_COCOTB/ip/RISCV_COCOTB_regfile_0_0/synth/RISCV_COCOTB_regfile_0_0.v:58]
INFO: [Synth 8-6155] done synthesizing module 'RV32I_ID_imp_I31ZGD' (33#1) [/media/steckler/xilinx_linux/RISCV_ZYNQ/V2/RVI20U32/RV32I_COCOTB/RISCV_/RISCV.srcs/sources_1/bd/RISCV_COCOTB/synth/RISCV_COCOTB.v:1338]
WARNING: [Synth 8-7071] port 'ex_illegal_instr' of module 'RV32I_ID_imp_I31ZGD' is unconnected for instance 'RV32I_ID' [/media/steckler/xilinx_linux/RISCV_ZYNQ/V2/RVI20U32/RV32I_COCOTB/RISCV_/RISCV.srcs/sources_1/bd/RISCV_COCOTB/synth/RISCV_COCOTB.v:243]
WARNING: [Synth 8-7071] port 'ex_instr' of module 'RV32I_ID_imp_I31ZGD' is unconnected for instance 'RV32I_ID' [/media/steckler/xilinx_linux/RISCV_ZYNQ/V2/RVI20U32/RV32I_COCOTB/RISCV_/RISCV.srcs/sources_1/bd/RISCV_COCOTB/synth/RISCV_COCOTB.v:243]
WARNING: [Synth 8-7071] port 'rs1_rdata' of module 'RV32I_ID_imp_I31ZGD' is unconnected for instance 'RV32I_ID' [/media/steckler/xilinx_linux/RISCV_ZYNQ/V2/RVI20U32/RV32I_COCOTB/RISCV_/RISCV.srcs/sources_1/bd/RISCV_COCOTB/synth/RISCV_COCOTB.v:243]
WARNING: [Synth 8-7071] port 'rs2_rdata' of module 'RV32I_ID_imp_I31ZGD' is unconnected for instance 'RV32I_ID' [/media/steckler/xilinx_linux/RISCV_ZYNQ/V2/RVI20U32/RV32I_COCOTB/RISCV_/RISCV.srcs/sources_1/bd/RISCV_COCOTB/synth/RISCV_COCOTB.v:243]
WARNING: [Synth 8-7023] instance 'RV32I_ID' of module 'RV32I_ID_imp_I31ZGD' has 44 connections declared, but only 40 given [/media/steckler/xilinx_linux/RISCV_ZYNQ/V2/RVI20U32/RV32I_COCOTB/RISCV_/RISCV.srcs/sources_1/bd/RISCV_COCOTB/synth/RISCV_COCOTB.v:243]
INFO: [Synth 8-6157] synthesizing module 'RV32I_IF_imp_9A1V5I' [/media/steckler/xilinx_linux/RISCV_ZYNQ/V2/RVI20U32/RV32I_COCOTB/RISCV_/RISCV.srcs/sources_1/bd/RISCV_COCOTB/synth/RISCV_COCOTB.v:1655]
INFO: [Synth 8-6157] synthesizing module 'RISCV_COCOTB_branch_predictor_btb_0_0' [/media/steckler/xilinx_linux/RISCV_ZYNQ/V2/RVI20U32/RV32I_COCOTB/RISCV_/RISCV.srcs/sources_1/bd/RISCV_COCOTB/ip/RISCV_COCOTB_branch_predictor_btb_0_0/synth/RISCV_COCOTB_branch_predictor_btb_0_0.v:58]
INFO: [Synth 8-6157] synthesizing module 'branch_predictor_btb_bht' [/media/steckler/xilinx_linux/RISCV_ZYNQ/V2/RVI20U32/RV32I_COCOTB/RISCV_FOR_COCOTB/COCOTB/rtl/core/branch_predictor_btb_bht.v:3]
	Parameter ENTRY_BITS bound to: 6 - type: integer 
	Parameter ENTRY_NUM bound to: 64 - type: integer 
	Parameter TAG_BITS bound to: 24 - type: integer 
INFO: [Synth 8-6155] done synthesizing module 'branch_predictor_btb_bht' (34#1) [/media/steckler/xilinx_linux/RISCV_ZYNQ/V2/RVI20U32/RV32I_COCOTB/RISCV_FOR_COCOTB/COCOTB/rtl/core/branch_predictor_btb_bht.v:3]
INFO: [Synth 8-6155] done synthesizing module 'RISCV_COCOTB_branch_predictor_btb_0_0' (35#1) [/media/steckler/xilinx_linux/RISCV_ZYNQ/V2/RVI20U32/RV32I_COCOTB/RISCV_/RISCV.srcs/sources_1/bd/RISCV_COCOTB/ip/RISCV_COCOTB_branch_predictor_btb_0_0/synth/RISCV_COCOTB_branch_predictor_btb_0_0.v:58]
WARNING: [Synth 8-7071] port 'pred_target' of module 'RISCV_COCOTB_branch_predictor_btb_0_0' is unconnected for instance 'branch_predictor_btb_0' [/media/steckler/xilinx_linux/RISCV_ZYNQ/V2/RVI20U32/RV32I_COCOTB/RISCV_/RISCV.srcs/sources_1/bd/RISCV_COCOTB/synth/RISCV_COCOTB.v:1787]
WARNING: [Synth 8-7023] instance 'branch_predictor_btb_0' of module 'RISCV_COCOTB_branch_predictor_btb_0_0' has 12 connections declared, but only 11 given [/media/steckler/xilinx_linux/RISCV_ZYNQ/V2/RVI20U32/RV32I_COCOTB/RISCV_/RISCV.srcs/sources_1/bd/RISCV_COCOTB/synth/RISCV_COCOTB.v:1787]
INFO: [Synth 8-6157] synthesizing module 'RISCV_COCOTB_if_id_reg_0_0' [/media/steckler/xilinx_linux/RISCV_ZYNQ/V2/RVI20U32/RV32I_COCOTB/RISCV_/RISCV.srcs/sources_1/bd/RISCV_COCOTB/ip/RISCV_COCOTB_if_id_reg_0_0/synth/RISCV_COCOTB_if_id_reg_0_0.v:58]
INFO: [Synth 8-6157] synthesizing module 'if_id_reg' [/media/steckler/xilinx_linux/RISCV_ZYNQ/V2/RVI20U32/RV32I_COCOTB/RISCV_FOR_COCOTB/COCOTB/rtl/core/if_id_reg.v:3]
	Parameter RV32I_NOP bound to: 19 - type: integer 
INFO: [Synth 8-6155] done synthesizing module 'if_id_reg' (36#1) [/media/steckler/xilinx_linux/RISCV_ZYNQ/V2/RVI20U32/RV32I_COCOTB/RISCV_FOR_COCOTB/COCOTB/rtl/core/if_id_reg.v:3]
INFO: [Synth 8-6155] done synthesizing module 'RISCV_COCOTB_if_id_reg_0_0' (37#1) [/media/steckler/xilinx_linux/RISCV_ZYNQ/V2/RVI20U32/RV32I_COCOTB/RISCV_/RISCV.srcs/sources_1/bd/RISCV_COCOTB/ip/RISCV_COCOTB_if_id_reg_0_0/synth/RISCV_COCOTB_if_id_reg_0_0.v:58]
INFO: [Synth 8-6157] synthesizing module 'RISCV_COCOTB_pc_to_imem_addr_0_0' [/media/steckler/xilinx_linux/RISCV_ZYNQ/V2/RVI20U32/RV32I_COCOTB/RISCV_/RISCV.srcs/sources_1/bd/RISCV_COCOTB/ip/RISCV_COCOTB_pc_to_imem_addr_0_0/synth/RISCV_COCOTB_pc_to_imem_addr_0_0.v:58]
INFO: [Synth 8-6157] synthesizing module 'pc_to_imem_addr' [/media/steckler/xilinx_linux/RISCV_ZYNQ/V2/RVI20U32/RV32I_COCOTB/RISCV_FOR_COCOTB/COCOTB/rtl/core/pc_to_imem_addr.v:3]
	Parameter ADDR_W bound to: 11 - type: integer 
INFO: [Synth 8-6155] done synthesizing module 'pc_to_imem_addr' (38#1) [/media/steckler/xilinx_linux/RISCV_ZYNQ/V2/RVI20U32/RV32I_COCOTB/RISCV_FOR_COCOTB/COCOTB/rtl/core/pc_to_imem_addr.v:3]
INFO: [Synth 8-6155] done synthesizing module 'RISCV_COCOTB_pc_to_imem_addr_0_0' (39#1) [/media/steckler/xilinx_linux/RISCV_ZYNQ/V2/RVI20U32/RV32I_COCOTB/RISCV_/RISCV.srcs/sources_1/bd/RISCV_COCOTB/ip/RISCV_COCOTB_pc_to_imem_addr_0_0/synth/RISCV_COCOTB_pc_to_imem_addr_0_0.v:58]
INFO: [Synth 8-6157] synthesizing module 'RISCV_COCOTB_pc_unit_0_0' [/media/steckler/xilinx_linux/RISCV_ZYNQ/V2/RVI20U32/RV32I_COCOTB/RISCV_/RISCV.srcs/sources_1/bd/RISCV_COCOTB/ip/RISCV_COCOTB_pc_unit_0_0/synth/RISCV_COCOTB_pc_unit_0_0.v:58]
INFO: [Synth 8-6157] synthesizing module 'pc_unit' [/media/steckler/xilinx_linux/RISCV_ZYNQ/V2/RVI20U32/RV32I_COCOTB/RISCV_FOR_COCOTB/COCOTB/rtl/core/pc_unit.v:3]
	Parameter RESET_PC bound to: 0 - type: integer 
INFO: [Synth 8-6155] done synthesizing module 'pc_unit' (40#1) [/media/steckler/xilinx_linux/RISCV_ZYNQ/V2/RVI20U32/RV32I_COCOTB/RISCV_FOR_COCOTB/COCOTB/rtl/core/pc_unit.v:3]
INFO: [Synth 8-6155] done synthesizing module 'RISCV_COCOTB_pc_unit_0_0' (41#1) [/media/steckler/xilinx_linux/RISCV_ZYNQ/V2/RVI20U32/RV32I_COCOTB/RISCV_/RISCV.srcs/sources_1/bd/RISCV_COCOTB/ip/RISCV_COCOTB_pc_unit_0_0/synth/RISCV_COCOTB_pc_unit_0_0.v:58]
INFO: [Synth 8-6157] synthesizing module 'RISCV_COCOTB_rom_memory_0_0' [/media/steckler/xilinx_linux/RISCV_ZYNQ/V2/RVI20U32/RV32I_COCOTB/RISCV_/RISCV.srcs/sources_1/bd/RISCV_COCOTB/ip/RISCV_COCOTB_rom_memory_0_0/synth/RISCV_COCOTB_rom_memory_0_0.v:58]
INFO: [Synth 8-6157] synthesizing module 'rom_memory' [/media/steckler/xilinx_linux/RISCV_ZYNQ/V2/RVI20U32/RV32I_COCOTB/RISCV_FOR_COCOTB/COCOTB/rtl/core/rom_memory.v:3]
	Parameter ADDR_WIDTH bound to: 11 - type: integer 
	Parameter DATA_WIDTH bound to: 32 - type: integer 
	Parameter INIT_FILE bound to: /media/steckler/xilinx_linux/RISCV_ZYNQ/V2/RVI20U32/RV32I_COCOTB/RISCV_FOR_COCOTB/COCOTB/programs/prog_asm.mem - type: string 
	Parameter DEPTH bound to: 2048 - type: integer 
INFO: [Synth 8-3876] $readmem data file '/media/steckler/xilinx_linux/RISCV_ZYNQ/V2/RVI20U32/RV32I_COCOTB/RISCV_FOR_COCOTB/COCOTB/programs/prog_asm.mem' is read successfully [/media/steckler/xilinx_linux/RISCV_ZYNQ/V2/RVI20U32/RV32I_COCOTB/RISCV_FOR_COCOTB/COCOTB/rtl/core/rom_memory.v:20]
INFO: [Synth 8-6155] done synthesizing module 'rom_memory' (42#1) [/media/steckler/xilinx_linux/RISCV_ZYNQ/V2/RVI20U32/RV32I_COCOTB/RISCV_FOR_COCOTB/COCOTB/rtl/core/rom_memory.v:3]
INFO: [Synth 8-6155] done synthesizing module 'RISCV_COCOTB_rom_memory_0_0' (43#1) [/media/steckler/xilinx_linux/RISCV_ZYNQ/V2/RVI20U32/RV32I_COCOTB/RISCV_/RISCV.srcs/sources_1/bd/RISCV_COCOTB/ip/RISCV_COCOTB_rom_memory_0_0/synth/RISCV_COCOTB_rom_memory_0_0.v:58]
INFO: [Synth 8-6157] synthesizing module 'RISCV_COCOTB_util_vector_and_0_1' [/media/steckler/xilinx_linux/RISCV_ZYNQ/V2/RVI20U32/RV32I_COCOTB/RISCV_/RISCV.srcs/sources_1/bd/RISCV_COCOTB/ip/RISCV_COCOTB_util_vector_and_0_1/synth/RISCV_COCOTB_util_vector_and_0_1.v:58]
INFO: [Synth 8-6155] done synthesizing module 'RISCV_COCOTB_util_vector_and_0_1' (44#1) [/media/steckler/xilinx_linux/RISCV_ZYNQ/V2/RVI20U32/RV32I_COCOTB/RISCV_/RISCV.srcs/sources_1/bd/RISCV_COCOTB/ip/RISCV_COCOTB_util_vector_and_0_1/synth/RISCV_COCOTB_util_vector_and_0_1.v:58]
INFO: [Synth 8-6157] synthesizing module 'RISCV_COCOTB_util_vector_and_1_1' [/media/steckler/xilinx_linux/RISCV_ZYNQ/V2/RVI20U32/RV32I_COCOTB/RISCV_/RISCV.srcs/sources_1/bd/RISCV_COCOTB/ip/RISCV_COCOTB_util_vector_and_1_1/synth/RISCV_COCOTB_util_vector_and_1_1.v:58]
INFO: [Synth 8-6155] done synthesizing module 'RISCV_COCOTB_util_vector_and_1_1' (45#1) [/media/steckler/xilinx_linux/RISCV_ZYNQ/V2/RVI20U32/RV32I_COCOTB/RISCV_/RISCV.srcs/sources_1/bd/RISCV_COCOTB/ip/RISCV_COCOTB_util_vector_and_1_1/synth/RISCV_COCOTB_util_vector_and_1_1.v:58]
INFO: [Synth 8-6157] synthesizing module 'RISCV_COCOTB_util_vector_not_0_0' [/media/steckler/xilinx_linux/RISCV_ZYNQ/V2/RVI20U32/RV32I_COCOTB/RISCV_/RISCV.srcs/sources_1/bd/RISCV_COCOTB/ip/RISCV_COCOTB_util_vector_not_0_0/synth/RISCV_COCOTB_util_vector_not_0_0.v:58]
INFO: [Synth 8-6157] synthesizing module 'util_vector_not' [/media/steckler/xilinx_linux/RISCV_ZYNQ/V2/RVI20U32/RV32I_COCOTB/RISCV_FOR_COCOTB/COCOTB/rtl/core/util_vector_not.v:1]
	Parameter WIDTH bound to: 1 - type: integer 
INFO: [Synth 8-6155] done synthesizing module 'util_vector_not' (46#1) [/media/steckler/xilinx_linux/RISCV_ZYNQ/V2/RVI20U32/RV32I_COCOTB/RISCV_FOR_COCOTB/COCOTB/rtl/core/util_vector_not.v:1]
INFO: [Synth 8-6155] done synthesizing module 'RISCV_COCOTB_util_vector_not_0_0' (47#1) [/media/steckler/xilinx_linux/RISCV_ZYNQ/V2/RVI20U32/RV32I_COCOTB/RISCV_/RISCV.srcs/sources_1/bd/RISCV_COCOTB/ip/RISCV_COCOTB_util_vector_not_0_0/synth/RISCV_COCOTB_util_vector_not_0_0.v:58]
INFO: [Synth 8-6157] synthesizing module 'RISCV_COCOTB_util_vector_not_1_0' [/media/steckler/xilinx_linux/RISCV_ZYNQ/V2/RVI20U32/RV32I_COCOTB/RISCV_/RISCV.srcs/sources_1/bd/RISCV_COCOTB/ip/RISCV_COCOTB_util_vector_not_1_0/synth/RISCV_COCOTB_util_vector_not_1_0.v:58]
INFO: [Synth 8-6155] done synthesizing module 'RISCV_COCOTB_util_vector_not_1_0' (48#1) [/media/steckler/xilinx_linux/RISCV_ZYNQ/V2/RVI20U32/RV32I_COCOTB/RISCV_/RISCV.srcs/sources_1/bd/RISCV_COCOTB/ip/RISCV_COCOTB_util_vector_not_1_0/synth/RISCV_COCOTB_util_vector_not_1_0.v:58]
INFO: [Synth 8-6157] synthesizing module 'RISCV_COCOTB_util_vector_or_1_0' [/media/steckler/xilinx_linux/RISCV_ZYNQ/V2/RVI20U32/RV32I_COCOTB/RISCV_/RISCV.srcs/sources_1/bd/RISCV_COCOTB/ip/RISCV_COCOTB_util_vector_or_1_0/synth/RISCV_COCOTB_util_vector_or_1_0.v:58]
INFO: [Synth 8-6157] synthesizing module 'util_vector_or' [/media/steckler/xilinx_linux/RISCV_ZYNQ/V2/RVI20U32/RV32I_COCOTB/RISCV_FOR_COCOTB/COCOTB/rtl/core/util_vector_or.v:1]
	Parameter WIDTH bound to: 1 - type: integer 
INFO: [Synth 8-6155] done synthesizing module 'util_vector_or' (49#1) [/media/steckler/xilinx_linux/RISCV_ZYNQ/V2/RVI20U32/RV32I_COCOTB/RISCV_FOR_COCOTB/COCOTB/rtl/core/util_vector_or.v:1]
INFO: [Synth 8-6155] done synthesizing module 'RISCV_COCOTB_util_vector_or_1_0' (50#1) [/media/steckler/xilinx_linux/RISCV_ZYNQ/V2/RVI20U32/RV32I_COCOTB/RISCV_/RISCV.srcs/sources_1/bd/RISCV_COCOTB/ip/RISCV_COCOTB_util_vector_or_1_0/synth/RISCV_COCOTB_util_vector_or_1_0.v:58]
INFO: [Synth 8-6157] synthesizing module 'RISCV_COCOTB_xlconstant_3_0' [/media/steckler/xilinx_linux/RISCV_ZYNQ/V2/RVI20U32/RV32I_COCOTB/RISCV_/RISCV.srcs/sources_1/bd/RISCV_COCOTB/ip/RISCV_COCOTB_xlconstant_3_0/synth/RISCV_COCOTB_xlconstant_3_0.v:57]
INFO: [Synth 8-6157] synthesizing module 'xlconstant_v1_1_7_xlconstant' [/media/steckler/xilinx_linux/RISCV_ZYNQ/V2/RVI20U32/RV32I_COCOTB/RISCV_/RISCV.srcs/sources_1/bd/RISCV_COCOTB/ipshared/fcfc/hdl/xlconstant_v1_1_vl_rfs.v:23]
	Parameter CONST_VAL bound to: 1 - type: integer 
	Parameter CONST_WIDTH bound to: 1 - type: integer 
INFO: [Synth 8-6155] done synthesizing module 'xlconstant_v1_1_7_xlconstant' (51#1) [/media/steckler/xilinx_linux/RISCV_ZYNQ/V2/RVI20U32/RV32I_COCOTB/RISCV_/RISCV.srcs/sources_1/bd/RISCV_COCOTB/ipshared/fcfc/hdl/xlconstant_v1_1_vl_rfs.v:23]
INFO: [Synth 8-6155] done synthesizing module 'RISCV_COCOTB_xlconstant_3_0' (52#1) [/media/steckler/xilinx_linux/RISCV_ZYNQ/V2/RVI20U32/RV32I_COCOTB/RISCV_/RISCV.srcs/sources_1/bd/RISCV_COCOTB/ip/RISCV_COCOTB_xlconstant_3_0/synth/RISCV_COCOTB_xlconstant_3_0.v:57]
INFO: [Synth 8-6155] done synthesizing module 'RV32I_IF_imp_9A1V5I' (53#1) [/media/steckler/xilinx_linux/RISCV_ZYNQ/V2/RVI20U32/RV32I_COCOTB/RISCV_/RISCV.srcs/sources_1/bd/RISCV_COCOTB/synth/RISCV_COCOTB.v:1655]
WARNING: [Synth 8-7071] port 'dout' of module 'RV32I_IF_imp_9A1V5I' is unconnected for instance 'RV32I_IF' [/media/steckler/xilinx_linux/RISCV_ZYNQ/V2/RVI20U32/RV32I_COCOTB/RISCV_/RISCV.srcs/sources_1/bd/RISCV_COCOTB/synth/RISCV_COCOTB.v:284]
WARNING: [Synth 8-7071] port 'id_instr_out_1' of module 'RV32I_IF_imp_9A1V5I' is unconnected for instance 'RV32I_IF' [/media/steckler/xilinx_linux/RISCV_ZYNQ/V2/RVI20U32/RV32I_COCOTB/RISCV_/RISCV.srcs/sources_1/bd/RISCV_COCOTB/synth/RISCV_COCOTB.v:284]
WARNING: [Synth 8-7071] port 'id_pc_out_1' of module 'RV32I_IF_imp_9A1V5I' is unconnected for instance 'RV32I_IF' [/media/steckler/xilinx_linux/RISCV_ZYNQ/V2/RVI20U32/RV32I_COCOTB/RISCV_/RISCV.srcs/sources_1/bd/RISCV_COCOTB/synth/RISCV_COCOTB.v:284]
WARNING: [Synth 8-7071] port 'pc' of module 'RV32I_IF_imp_9A1V5I' is unconnected for instance 'RV32I_IF' [/media/steckler/xilinx_linux/RISCV_ZYNQ/V2/RVI20U32/RV32I_COCOTB/RISCV_/RISCV.srcs/sources_1/bd/RISCV_COCOTB/synth/RISCV_COCOTB.v:284]
WARNING: [Synth 8-7023] instance 'RV32I_IF' of module 'RV32I_IF_imp_9A1V5I' has 30 connections declared, but only 26 given [/media/steckler/xilinx_linux/RISCV_ZYNQ/V2/RVI20U32/RV32I_COCOTB/RISCV_/RISCV.srcs/sources_1/bd/RISCV_COCOTB/synth/RISCV_COCOTB.v:284]
INFO: [Synth 8-6157] synthesizing module 'RV32I_MEM_imp_1HCZWI8' [/media/steckler/xilinx_linux/RISCV_ZYNQ/V2/RVI20U32/RV32I_COCOTB/RISCV_/RISCV.srcs/sources_1/bd/RISCV_COCOTB/synth/RISCV_COCOTB.v:1862]
INFO: [Synth 8-6157] synthesizing module 'RISCV_COCOTB_mem_stage_0_0' [/media/steckler/xilinx_linux/RISCV_ZYNQ/V2/RVI20U32/RV32I_COCOTB/RISCV_/RISCV.srcs/sources_1/bd/RISCV_COCOTB/ip/RISCV_COCOTB_mem_stage_0_0/synth/RISCV_COCOTB_mem_stage_0_0.v:58]
INFO: [Synth 8-6157] synthesizing module 'mem_stage' [/media/steckler/xilinx_linux/RISCV_ZYNQ/V2/RVI20U32/RV32I_COCOTB/RISCV_FOR_COCOTB/COCOTB/rtl/core/mem_stage.v:3]
	Parameter SZ_B bound to: 2'b00 
	Parameter SZ_H bound to: 2'b01 
	Parameter SZ_W bound to: 2'b10 
	Parameter WB_ALU bound to: 3'b000 
	Parameter WB_MEM bound to: 3'b001 
	Parameter WB_PC4 bound to: 3'b010 
	Parameter WB_IMM bound to: 3'b011 
INFO: [Synth 8-6155] done synthesizing module 'mem_stage' (54#1) [/media/steckler/xilinx_linux/RISCV_ZYNQ/V2/RVI20U32/RV32I_COCOTB/RISCV_FOR_COCOTB/COCOTB/rtl/core/mem_stage.v:3]
INFO: [Synth 8-6155] done synthesizing module 'RISCV_COCOTB_mem_stage_0_0' (55#1) [/media/steckler/xilinx_linux/RISCV_ZYNQ/V2/RVI20U32/RV32I_COCOTB/RISCV_/RISCV.srcs/sources_1/bd/RISCV_COCOTB/ip/RISCV_COCOTB_mem_stage_0_0/synth/RISCV_COCOTB_mem_stage_0_0.v:58]
WARNING: [Synth 8-7071] port 'dmem_re' of module 'RISCV_COCOTB_mem_stage_0_0' is unconnected for instance 'mem_stage_0' [/media/steckler/xilinx_linux/RISCV_ZYNQ/V2/RVI20U32/RV32I_COCOTB/RISCV_/RISCV.srcs/sources_1/bd/RISCV_COCOTB/synth/RISCV_COCOTB.v:2028]
WARNING: [Synth 8-7071] port 'load_access_fault' of module 'RISCV_COCOTB_mem_stage_0_0' is unconnected for instance 'mem_stage_0' [/media/steckler/xilinx_linux/RISCV_ZYNQ/V2/RVI20U32/RV32I_COCOTB/RISCV_/RISCV.srcs/sources_1/bd/RISCV_COCOTB/synth/RISCV_COCOTB.v:2028]
WARNING: [Synth 8-7071] port 'store_access_fault' of module 'RISCV_COCOTB_mem_stage_0_0' is unconnected for instance 'mem_stage_0' [/media/steckler/xilinx_linux/RISCV_ZYNQ/V2/RVI20U32/RV32I_COCOTB/RISCV_/RISCV.srcs/sources_1/bd/RISCV_COCOTB/synth/RISCV_COCOTB.v:2028]
WARNING: [Synth 8-7071] port 'mem_fault_valid' of module 'RISCV_COCOTB_mem_stage_0_0' is unconnected for instance 'mem_stage_0' [/media/steckler/xilinx_linux/RISCV_ZYNQ/V2/RVI20U32/RV32I_COCOTB/RISCV_/RISCV.srcs/sources_1/bd/RISCV_COCOTB/synth/RISCV_COCOTB.v:2028]
WARNING: [Synth 8-7071] port 'mem_fault_cause' of module 'RISCV_COCOTB_mem_stage_0_0' is unconnected for instance 'mem_stage_0' [/media/steckler/xilinx_linux/RISCV_ZYNQ/V2/RVI20U32/RV32I_COCOTB/RISCV_/RISCV.srcs/sources_1/bd/RISCV_COCOTB/synth/RISCV_COCOTB.v:2028]
WARNING: [Synth 8-7071] port 'mem_fault_tval' of module 'RISCV_COCOTB_mem_stage_0_0' is unconnected for instance 'mem_stage_0' [/media/steckler/xilinx_linux/RISCV_ZYNQ/V2/RVI20U32/RV32I_COCOTB/RISCV_/RISCV.srcs/sources_1/bd/RISCV_COCOTB/synth/RISCV_COCOTB.v:2028]
WARNING: [Synth 8-7071] port 'mem_out_mem_size' of module 'RISCV_COCOTB_mem_stage_0_0' is unconnected for instance 'mem_stage_0' [/media/steckler/xilinx_linux/RISCV_ZYNQ/V2/RVI20U32/RV32I_COCOTB/RISCV_/RISCV.srcs/sources_1/bd/RISCV_COCOTB/synth/RISCV_COCOTB.v:2028]
WARNING: [Synth 8-7071] port 'mem_out_mem_unsigned' of module 'RISCV_COCOTB_mem_stage_0_0' is unconnected for instance 'mem_stage_0' [/media/steckler/xilinx_linux/RISCV_ZYNQ/V2/RVI20U32/RV32I_COCOTB/RISCV_/RISCV.srcs/sources_1/bd/RISCV_COCOTB/synth/RISCV_COCOTB.v:2028]
WARNING: [Synth 8-7023] instance 'mem_stage_0' of module 'RISCV_COCOTB_mem_stage_0_0' has 43 connections declared, but only 35 given [/media/steckler/xilinx_linux/RISCV_ZYNQ/V2/RVI20U32/RV32I_COCOTB/RISCV_/RISCV.srcs/sources_1/bd/RISCV_COCOTB/synth/RISCV_COCOTB.v:2028]
INFO: [Synth 8-6157] synthesizing module 'RISCV_COCOTB_mem_wb_reg_0_0' [/media/steckler/xilinx_linux/RISCV_ZYNQ/V2/RVI20U32/RV32I_COCOTB/RISCV_/RISCV.srcs/sources_1/bd/RISCV_COCOTB/ip/RISCV_COCOTB_mem_wb_reg_0_0/synth/RISCV_COCOTB_mem_wb_reg_0_0.v:58]
INFO: [Synth 8-6157] synthesizing module 'mem_wb_reg' [/media/steckler/xilinx_linux/RISCV_ZYNQ/V2/RVI20U32/RV32I_COCOTB/RISCV_FOR_COCOTB/COCOTB/rtl/core/mem_wb_reg.v:3]
INFO: [Synth 8-6155] done synthesizing module 'mem_wb_reg' (56#1) [/media/steckler/xilinx_linux/RISCV_ZYNQ/V2/RVI20U32/RV32I_COCOTB/RISCV_FOR_COCOTB/COCOTB/rtl/core/mem_wb_reg.v:3]
INFO: [Synth 8-6155] done synthesizing module 'RISCV_COCOTB_mem_wb_reg_0_0' (57#1) [/media/steckler/xilinx_linux/RISCV_ZYNQ/V2/RVI20U32/RV32I_COCOTB/RISCV_/RISCV.srcs/sources_1/bd/RISCV_COCOTB/ip/RISCV_COCOTB_mem_wb_reg_0_0/synth/RISCV_COCOTB_mem_wb_reg_0_0.v:58]
WARNING: [Synth 8-7071] port 'wb_csr_rd_we' of module 'RISCV_COCOTB_mem_wb_reg_0_0' is unconnected for instance 'mem_wb_reg_0' [/media/steckler/xilinx_linux/RISCV_ZYNQ/V2/RVI20U32/RV32I_COCOTB/RISCV_/RISCV.srcs/sources_1/bd/RISCV_COCOTB/synth/RISCV_COCOTB.v:2064]
WARNING: [Synth 8-7071] port 'wb_csr_rd_addr' of module 'RISCV_COCOTB_mem_wb_reg_0_0' is unconnected for instance 'mem_wb_reg_0' [/media/steckler/xilinx_linux/RISCV_ZYNQ/V2/RVI20U32/RV32I_COCOTB/RISCV_/RISCV.srcs/sources_1/bd/RISCV_COCOTB/synth/RISCV_COCOTB.v:2064]
WARNING: [Synth 8-7071] port 'wb_csr_rd_data' of module 'RISCV_COCOTB_mem_wb_reg_0_0' is unconnected for instance 'mem_wb_reg_0' [/media/steckler/xilinx_linux/RISCV_ZYNQ/V2/RVI20U32/RV32I_COCOTB/RISCV_/RISCV.srcs/sources_1/bd/RISCV_COCOTB/synth/RISCV_COCOTB.v:2064]
WARNING: [Synth 8-7023] instance 'mem_wb_reg_0' of module 'RISCV_COCOTB_mem_wb_reg_0_0' has 26 connections declared, but only 23 given [/media/steckler/xilinx_linux/RISCV_ZYNQ/V2/RVI20U32/RV32I_COCOTB/RISCV_/RISCV.srcs/sources_1/bd/RISCV_COCOTB/synth/RISCV_COCOTB.v:2064]
INFO: [Synth 8-6157] synthesizing module 'RISCV_COCOTB_regfile_we_gen_0_0' [/media/steckler/xilinx_linux/RISCV_ZYNQ/V2/RVI20U32/RV32I_COCOTB/RISCV_/RISCV.srcs/sources_1/bd/RISCV_COCOTB/ip/RISCV_COCOTB_regfile_we_gen_0_0/synth/RISCV_COCOTB_regfile_we_gen_0_0.v:58]
INFO: [Synth 8-6157] synthesizing module 'regfile_we_gen' [/media/steckler/xilinx_linux/RISCV_ZYNQ/V2/RVI20U32/RV32I_COCOTB/RISCV_FOR_COCOTB/COCOTB/rtl/core/regfile_we_gen.v:3]
INFO: [Synth 8-6155] done synthesizing module 'regfile_we_gen' (58#1) [/media/steckler/xilinx_linux/RISCV_ZYNQ/V2/RVI20U32/RV32I_COCOTB/RISCV_FOR_COCOTB/COCOTB/rtl/core/regfile_we_gen.v:3]
INFO: [Synth 8-6155] done synthesizing module 'RISCV_COCOTB_regfile_we_gen_0_0' (59#1) [/media/steckler/xilinx_linux/RISCV_ZYNQ/V2/RVI20U32/RV32I_COCOTB/RISCV_/RISCV.srcs/sources_1/bd/RISCV_COCOTB/ip/RISCV_COCOTB_regfile_we_gen_0_0/synth/RISCV_COCOTB_regfile_we_gen_0_0.v:58]
INFO: [Synth 8-6157] synthesizing module 'RISCV_COCOTB_sim_constant_0_0' [/media/steckler/xilinx_linux/RISCV_ZYNQ/V2/RVI20U32/RV32I_COCOTB/RISCV_/RISCV.srcs/sources_1/bd/RISCV_COCOTB/ip/RISCV_COCOTB_sim_constant_0_0/synth/RISCV_COCOTB_sim_constant_0_0.v:58]
INFO: [Synth 8-6155] done synthesizing module 'RISCV_COCOTB_sim_constant_0_0' (60#1) [/media/steckler/xilinx_linux/RISCV_ZYNQ/V2/RVI20U32/RV32I_COCOTB/RISCV_/RISCV.srcs/sources_1/bd/RISCV_COCOTB/ip/RISCV_COCOTB_sim_constant_0_0/synth/RISCV_COCOTB_sim_constant_0_0.v:58]
INFO: [Synth 8-6155] done synthesizing module 'RV32I_MEM_imp_1HCZWI8' (61#1) [/media/steckler/xilinx_linux/RISCV_ZYNQ/V2/RVI20U32/RV32I_COCOTB/RISCV_/RISCV.srcs/sources_1/bd/RISCV_COCOTB/synth/RISCV_COCOTB.v:1862]
INFO: [Synth 8-6157] synthesizing module 'RV32I_WB_imp_LBXQBW' [/media/steckler/xilinx_linux/RISCV_ZYNQ/V2/RVI20U32/RV32I_COCOTB/RISCV_/RISCV.srcs/sources_1/bd/RISCV_COCOTB/synth/RISCV_COCOTB.v:2148]
INFO: [Synth 8-6157] synthesizing module 'RISCV_COCOTB_wb_mux_0_0' [/media/steckler/xilinx_linux/RISCV_ZYNQ/V2/RVI20U32/RV32I_COCOTB/RISCV_/RISCV.srcs/sources_1/bd/RISCV_COCOTB/ip/RISCV_COCOTB_wb_mux_0_0/synth/RISCV_COCOTB_wb_mux_0_0.v:58]
INFO: [Synth 8-6157] synthesizing module 'wb_mux' [/media/steckler/xilinx_linux/RISCV_ZYNQ/V2/RVI20U32/RV32I_COCOTB/RISCV_FOR_COCOTB/COCOTB/rtl/core/wb_mux.v:3]
	Parameter WB_ALU bound to: 3'b000 
	Parameter WB_MEM bound to: 3'b001 
	Parameter WB_PC4 bound to: 3'b010 
	Parameter WB_IMM bound to: 3'b011 
INFO: [Synth 8-6155] done synthesizing module 'wb_mux' (62#1) [/media/steckler/xilinx_linux/RISCV_ZYNQ/V2/RVI20U32/RV32I_COCOTB/RISCV_FOR_COCOTB/COCOTB/rtl/core/wb_mux.v:3]
INFO: [Synth 8-6155] done synthesizing module 'RISCV_COCOTB_wb_mux_0_0' (63#1) [/media/steckler/xilinx_linux/RISCV_ZYNQ/V2/RVI20U32/RV32I_COCOTB/RISCV_/RISCV.srcs/sources_1/bd/RISCV_COCOTB/ip/RISCV_COCOTB_wb_mux_0_0/synth/RISCV_COCOTB_wb_mux_0_0.v:58]
INFO: [Synth 8-6155] done synthesizing module 'RV32I_WB_imp_LBXQBW' (64#1) [/media/steckler/xilinx_linux/RISCV_ZYNQ/V2/RVI20U32/RV32I_COCOTB/RISCV_/RISCV.srcs/sources_1/bd/RISCV_COCOTB/synth/RISCV_COCOTB.v:2148]
INFO: [Synth 8-6157] synthesizing module 'RISCV_COCOTB_load_use_detection_0_0' [/media/steckler/xilinx_linux/RISCV_ZYNQ/V2/RVI20U32/RV32I_COCOTB/RISCV_/RISCV.srcs/sources_1/bd/RISCV_COCOTB/ip/RISCV_COCOTB_load_use_detection_0_0/synth/RISCV_COCOTB_load_use_detection_0_0.v:58]
INFO: [Synth 8-6157] synthesizing module 'load_use_detection' [/media/steckler/xilinx_linux/RISCV_ZYNQ/V2/RVI20U32/RV32I_COCOTB/RISCV_FOR_COCOTB/COCOTB/rtl/core/load_use_detection.v:3]
INFO: [Synth 8-6155] done synthesizing module 'load_use_detection' (65#1) [/media/steckler/xilinx_linux/RISCV_ZYNQ/V2/RVI20U32/RV32I_COCOTB/RISCV_FOR_COCOTB/COCOTB/rtl/core/load_use_detection.v:3]
INFO: [Synth 8-6155] done synthesizing module 'RISCV_COCOTB_load_use_detection_0_0' (66#1) [/media/steckler/xilinx_linux/RISCV_ZYNQ/V2/RVI20U32/RV32I_COCOTB/RISCV_/RISCV.srcs/sources_1/bd/RISCV_COCOTB/ip/RISCV_COCOTB_load_use_detection_0_0/synth/RISCV_COCOTB_load_use_detection_0_0.v:58]
WARNING: [Synth 8-7071] port 'load_use_hazard' of module 'RISCV_COCOTB_load_use_detection_0_0' is unconnected for instance 'load_use_detection_0' [/media/steckler/xilinx_linux/RISCV_ZYNQ/V2/RVI20U32/RV32I_COCOTB/RISCV_/RISCV.srcs/sources_1/bd/RISCV_COCOTB/synth/RISCV_COCOTB.v:358]
WARNING: [Synth 8-7023] instance 'load_use_detection_0' of module 'RISCV_COCOTB_load_use_detection_0_0' has 12 connections declared, but only 11 given [/media/steckler/xilinx_linux/RISCV_ZYNQ/V2/RVI20U32/RV32I_COCOTB/RISCV_/RISCV.srcs/sources_1/bd/RISCV_COCOTB/synth/RISCV_COCOTB.v:358]
INFO: [Synth 8-6157] synthesizing module 'RISCV_COCOTB_priority_branch_OR_l_0_0' [/media/steckler/xilinx_linux/RISCV_ZYNQ/V2/RVI20U32/RV32I_COCOTB/RISCV_/RISCV.srcs/sources_1/bd/RISCV_COCOTB/ip/RISCV_COCOTB_priority_branch_OR_l_0_0/synth/RISCV_COCOTB_priority_branch_OR_l_0_0.v:58]
INFO: [Synth 8-6157] synthesizing module 'priority_branch_OR_load_use' [/media/steckler/xilinx_linux/RISCV_ZYNQ/V2/RVI20U32/RV32I_COCOTB/RISCV_FOR_COCOTB/COCOTB/rtl/core/priority_branch_OR_load_use.v:3]
INFO: [Synth 8-6155] done synthesizing module 'priority_branch_OR_load_use' (67#1) [/media/steckler/xilinx_linux/RISCV_ZYNQ/V2/RVI20U32/RV32I_COCOTB/RISCV_FOR_COCOTB/COCOTB/rtl/core/priority_branch_OR_load_use.v:3]
INFO: [Synth 8-6155] done synthesizing module 'RISCV_COCOTB_priority_branch_OR_l_0_0' (68#1) [/media/steckler/xilinx_linux/RISCV_ZYNQ/V2/RVI20U32/RV32I_COCOTB/RISCV_/RISCV.srcs/sources_1/bd/RISCV_COCOTB/ip/RISCV_COCOTB_priority_branch_OR_l_0_0/synth/RISCV_COCOTB_priority_branch_OR_l_0_0.v:58]
INFO: [Synth 8-6155] done synthesizing module 'Core_RV32I_imp_BFBAKD' (69#1) [/media/steckler/xilinx_linux/RISCV_ZYNQ/V2/RVI20U32/RV32I_COCOTB/RISCV_/RISCV.srcs/sources_1/bd/RISCV_COCOTB/synth/RISCV_COCOTB.v:12]
INFO: [Synth 8-6157] synthesizing module 'GPIO_imp_QQRY0N' [/media/steckler/xilinx_linux/RISCV_ZYNQ/V2/RVI20U32/RV32I_COCOTB/RISCV_/RISCV.srcs/sources_1/bd/RISCV_COCOTB/synth/RISCV_COCOTB.v:383]
INFO: [Synth 8-6157] synthesizing module 'RISCV_COCOTB_gpio_0_0' [/media/steckler/xilinx_linux/RISCV_ZYNQ/V2/RVI20U32/RV32I_COCOTB/RISCV_/RISCV.srcs/sources_1/bd/RISCV_COCOTB/ip/RISCV_COCOTB_gpio_0_0/synth/RISCV_COCOTB_gpio_0_0.v:58]
INFO: [Synth 8-6157] synthesizing module 'gpio' [/media/steckler/xilinx_linux/RISCV_ZYNQ/V2/RVI20U32/RV32I_COCOTB/RISCV_FOR_COCOTB/COCOTB/rtl/core/gpio.v:3]
INFO: [Synth 8-6155] done synthesizing module 'gpio' (70#1) [/media/steckler/xilinx_linux/RISCV_ZYNQ/V2/RVI20U32/RV32I_COCOTB/RISCV_FOR_COCOTB/COCOTB/rtl/core/gpio.v:3]
INFO: [Synth 8-6155] done synthesizing module 'RISCV_COCOTB_gpio_0_0' (71#1) [/media/steckler/xilinx_linux/RISCV_ZYNQ/V2/RVI20U32/RV32I_COCOTB/RISCV_/RISCV.srcs/sources_1/bd/RISCV_COCOTB/ip/RISCV_COCOTB_gpio_0_0/synth/RISCV_COCOTB_gpio_0_0.v:58]
INFO: [Synth 8-6155] done synthesizing module 'GPIO_imp_QQRY0N' (72#1) [/media/steckler/xilinx_linux/RISCV_ZYNQ/V2/RVI20U32/RV32I_COCOTB/RISCV_/RISCV.srcs/sources_1/bd/RISCV_COCOTB/synth/RISCV_COCOTB.v:383]
INFO: [Synth 8-6157] synthesizing module 'MMIO_imp_CEWL94' [/media/steckler/xilinx_linux/RISCV_ZYNQ/V2/RVI20U32/RV32I_COCOTB/RISCV_/RISCV.srcs/sources_1/bd/RISCV_COCOTB/synth/RISCV_COCOTB.v:449]
INFO: [Synth 8-6157] synthesizing module 'RISCV_COCOTB_mem_bus_registered_0_0' [/media/steckler/xilinx_linux/RISCV_ZYNQ/V2/RVI20U32/RV32I_COCOTB/RISCV_/RISCV.srcs/sources_1/bd/RISCV_COCOTB/ip/RISCV_COCOTB_mem_bus_registered_0_0/synth/RISCV_COCOTB_mem_bus_registered_0_0.v:58]
INFO: [Synth 8-6157] synthesizing module 'mem_bus_registered' [/media/steckler/xilinx_linux/RISCV_ZYNQ/V2/RVI20U32/RV32I_COCOTB/RISCV_FOR_COCOTB/COCOTB/rtl/core/mem_bus_registered.v:1]
	Parameter RAM_BASE bound to: 8192 - type: integer 
	Parameter RAM_SIZE bound to: 4096 - type: integer 
	Parameter GPIO_BASE bound to: 12288 - type: integer 
	Parameter GPIO_SIZE bound to: 16 - type: integer 
	Parameter UART_BASE bound to: 12304 - type: integer 
	Parameter UART_SIZE bound to: 16 - type: integer 
	Parameter TIMER_BASE bound to: 12320 - type: integer 
	Parameter TIMER_SIZE bound to: 16 - type: integer 
	Parameter TIMEOUT_CYCLES bound to: 100000 - type: integer 
	Parameter SEL_NONE bound to: 3'b000 
	Parameter SEL_RAM bound to: 3'b001 
	Parameter SEL_GPIO bound to: 3'b010 
	Parameter SEL_UART bound to: 3'b011 
	Parameter SEL_TIMER bound to: 3'b100 
INFO: [Synth 8-6155] done synthesizing module 'mem_bus_registered' (73#1) [/media/steckler/xilinx_linux/RISCV_ZYNQ/V2/RVI20U32/RV32I_COCOTB/RISCV_FOR_COCOTB/COCOTB/rtl/core/mem_bus_registered.v:1]
INFO: [Synth 8-6155] done synthesizing module 'RISCV_COCOTB_mem_bus_registered_0_0' (74#1) [/media/steckler/xilinx_linux/RISCV_ZYNQ/V2/RVI20U32/RV32I_COCOTB/RISCV_/RISCV.srcs/sources_1/bd/RISCV_COCOTB/ip/RISCV_COCOTB_mem_bus_registered_0_0/synth/RISCV_COCOTB_mem_bus_registered_0_0.v:58]
INFO: [Synth 8-6155] done synthesizing module 'MMIO_imp_CEWL94' (75#1) [/media/steckler/xilinx_linux/RISCV_ZYNQ/V2/RVI20U32/RV32I_COCOTB/RISCV_/RISCV.srcs/sources_1/bd/RISCV_COCOTB/synth/RISCV_COCOTB.v:449]
INFO: [Synth 8-6157] synthesizing module 'RV32I_RAM_MEMORY_imp_1PB3UDL' [/media/steckler/xilinx_linux/RISCV_ZYNQ/V2/RVI20U32/RV32I_COCOTB/RISCV_/RISCV.srcs/sources_1/bd/RISCV_COCOTB/synth/RISCV_COCOTB.v:2097]
INFO: [Synth 8-6157] synthesizing module 'RISCV_COCOTB_ram_data_1_0' [/media/steckler/xilinx_linux/RISCV_ZYNQ/V2/RVI20U32/RV32I_COCOTB/RISCV_/RISCV.srcs/sources_1/bd/RISCV_COCOTB/ip/RISCV_COCOTB_ram_data_1_0/synth/RISCV_COCOTB_ram_data_1_0.v:58]
INFO: [Synth 8-6157] synthesizing module 'ram_data' [/media/steckler/xilinx_linux/RISCV_ZYNQ/V2/RVI20U32/RV32I_COCOTB/RISCV_FOR_COCOTB/COCOTB/rtl/core/ram_data.v:3]
	Parameter ADDR_WIDTH bound to: 10 - type: integer 
	Parameter WORDS bound to: 1024 - type: integer 
INFO: [Synth 8-6155] done synthesizing module 'ram_data' (76#1) [/media/steckler/xilinx_linux/RISCV_ZYNQ/V2/RVI20U32/RV32I_COCOTB/RISCV_FOR_COCOTB/COCOTB/rtl/core/ram_data.v:3]
INFO: [Synth 8-6155] done synthesizing module 'RISCV_COCOTB_ram_data_1_0' (77#1) [/media/steckler/xilinx_linux/RISCV_ZYNQ/V2/RVI20U32/RV32I_COCOTB/RISCV_/RISCV.srcs/sources_1/bd/RISCV_COCOTB/ip/RISCV_COCOTB_ram_data_1_0/synth/RISCV_COCOTB_ram_data_1_0.v:58]
INFO: [Synth 8-6155] done synthesizing module 'RV32I_RAM_MEMORY_imp_1PB3UDL' (78#1) [/media/steckler/xilinx_linux/RISCV_ZYNQ/V2/RVI20U32/RV32I_COCOTB/RISCV_/RISCV.srcs/sources_1/bd/RISCV_COCOTB/synth/RISCV_COCOTB.v:2097]
INFO: [Synth 8-6157] synthesizing module 'TIMER_imp_1W5J4GN' [/media/steckler/xilinx_linux/RISCV_ZYNQ/V2/RVI20U32/RV32I_COCOTB/RISCV_/RISCV.srcs/sources_1/bd/RISCV_COCOTB/synth/RISCV_COCOTB.v:2184]
INFO: [Synth 8-6157] synthesizing module 'RISCV_COCOTB_timer_0_0' [/media/steckler/xilinx_linux/RISCV_ZYNQ/V2/RVI20U32/RV32I_COCOTB/RISCV_/RISCV.srcs/sources_1/bd/RISCV_COCOTB/ip/RISCV_COCOTB_timer_0_0/synth/RISCV_COCOTB_timer_0_0.v:58]
INFO: [Synth 8-6157] synthesizing module 'timer' [/media/steckler/xilinx_linux/RISCV_ZYNQ/V2/RVI20U32/RV32I_COCOTB/RISCV_FOR_COCOTB/COCOTB/rtl/core/timer.v:3]
	Parameter RESET_CMP bound to: 190410 - type: integer 
	Parameter ADDR_VALUE bound to: 4'b0000 
	Parameter ADDR_CMP bound to: 4'b0100 
	Parameter ADDR_CTRL bound to: 4'b1000 
	Parameter ADDR_STATUS bound to: 4'b1100 
INFO: [Synth 8-155] case statement is not full and has no default [/media/steckler/xilinx_linux/RISCV_ZYNQ/V2/RVI20U32/RV32I_COCOTB/RISCV_FOR_COCOTB/COCOTB/rtl/core/timer.v:93]
INFO: [Synth 8-6155] done synthesizing module 'timer' (79#1) [/media/steckler/xilinx_linux/RISCV_ZYNQ/V2/RVI20U32/RV32I_COCOTB/RISCV_FOR_COCOTB/COCOTB/rtl/core/timer.v:3]
INFO: [Synth 8-6155] done synthesizing module 'RISCV_COCOTB_timer_0_0' (80#1) [/media/steckler/xilinx_linux/RISCV_ZYNQ/V2/RVI20U32/RV32I_COCOTB/RISCV_/RISCV.srcs/sources_1/bd/RISCV_COCOTB/ip/RISCV_COCOTB_timer_0_0/synth/RISCV_COCOTB_timer_0_0.v:58]
WARNING: [Synth 8-7071] port 'timer_irq' of module 'RISCV_COCOTB_timer_0_0' is unconnected for instance 'timer_0' [/media/steckler/xilinx_linux/RISCV_ZYNQ/V2/RVI20U32/RV32I_COCOTB/RISCV_/RISCV.srcs/sources_1/bd/RISCV_COCOTB/synth/RISCV_COCOTB.v:2227]
WARNING: [Synth 8-7023] instance 'timer_0' of module 'RISCV_COCOTB_timer_0_0' has 11 connections declared, but only 10 given [/media/steckler/xilinx_linux/RISCV_ZYNQ/V2/RVI20U32/RV32I_COCOTB/RISCV_/RISCV.srcs/sources_1/bd/RISCV_COCOTB/synth/RISCV_COCOTB.v:2227]
INFO: [Synth 8-6155] done synthesizing module 'TIMER_imp_1W5J4GN' (81#1) [/media/steckler/xilinx_linux/RISCV_ZYNQ/V2/RVI20U32/RV32I_COCOTB/RISCV_/RISCV.srcs/sources_1/bd/RISCV_COCOTB/synth/RISCV_COCOTB.v:2184]
INFO: [Synth 8-6157] synthesizing module 'UART_imp_118P651' [/media/steckler/xilinx_linux/RISCV_ZYNQ/V2/RVI20U32/RV32I_COCOTB/RISCV_/RISCV.srcs/sources_1/bd/RISCV_COCOTB/synth/RISCV_COCOTB.v:2240]
INFO: [Synth 8-6157] synthesizing module 'RISCV_COCOTB_uart_0_0' [/media/steckler/xilinx_linux/RISCV_ZYNQ/V2/RVI20U32/RV32I_COCOTB/RISCV_/RISCV.srcs/sources_1/bd/RISCV_COCOTB/ip/RISCV_COCOTB_uart_0_0/synth/RISCV_COCOTB_uart_0_0.v:58]
INFO: [Synth 8-6157] synthesizing module 'uart' [/media/steckler/xilinx_linux/RISCV_ZYNQ/V2/RVI20U32/RV32I_COCOTB/RISCV_FOR_COCOTB/COCOTB/rtl/core/uart.v:1]
	Parameter CLK_FREQ bound to: 100000000 - type: integer 
	Parameter BAUD bound to: 115200 - type: integer 
	Parameter CLKS_PER_BIT bound to: 868 - type: integer 
	Parameter HALF_BIT_CLKS bound to: 434 - type: integer 
	Parameter UART_TXDATA bound to: 4'b0000 
	Parameter UART_STATUS bound to: 4'b0100 
	Parameter UART_RXDATA bound to: 4'b1000 
	Parameter RX_IDLE bound to: 2'b00 
	Parameter RX_START bound to: 2'b01 
	Parameter RX_DATA bound to: 2'b10 
	Parameter RX_STOP bound to: 2'b11 
INFO: [Synth 8-6155] done synthesizing module 'uart' (82#1) [/media/steckler/xilinx_linux/RISCV_ZYNQ/V2/RVI20U32/RV32I_COCOTB/RISCV_FOR_COCOTB/COCOTB/rtl/core/uart.v:1]
INFO: [Synth 8-6155] done synthesizing module 'RISCV_COCOTB_uart_0_0' (83#1) [/media/steckler/xilinx_linux/RISCV_ZYNQ/V2/RVI20U32/RV32I_COCOTB/RISCV_/RISCV.srcs/sources_1/bd/RISCV_COCOTB/ip/RISCV_COCOTB_uart_0_0/synth/RISCV_COCOTB_uart_0_0.v:58]
WARNING: [Synth 8-7071] port 'tx_busy' of module 'RISCV_COCOTB_uart_0_0' is unconnected for instance 'uart_0' [/media/steckler/xilinx_linux/RISCV_ZYNQ/V2/RVI20U32/RV32I_COCOTB/RISCV_/RISCV.srcs/sources_1/bd/RISCV_COCOTB/synth/RISCV_COCOTB.v:2287]
WARNING: [Synth 8-7071] port 'tx_ready' of module 'RISCV_COCOTB_uart_0_0' is unconnected for instance 'uart_0' [/media/steckler/xilinx_linux/RISCV_ZYNQ/V2/RVI20U32/RV32I_COCOTB/RISCV_/RISCV.srcs/sources_1/bd/RISCV_COCOTB/synth/RISCV_COCOTB.v:2287]
WARNING: [Synth 8-7071] port 'rx_busy' of module 'RISCV_COCOTB_uart_0_0' is unconnected for instance 'uart_0' [/media/steckler/xilinx_linux/RISCV_ZYNQ/V2/RVI20U32/RV32I_COCOTB/RISCV_/RISCV.srcs/sources_1/bd/RISCV_COCOTB/synth/RISCV_COCOTB.v:2287]
WARNING: [Synth 8-7071] port 'rx_ready' of module 'RISCV_COCOTB_uart_0_0' is unconnected for instance 'uart_0' [/media/steckler/xilinx_linux/RISCV_ZYNQ/V2/RVI20U32/RV32I_COCOTB/RISCV_/RISCV.srcs/sources_1/bd/RISCV_COCOTB/synth/RISCV_COCOTB.v:2287]
WARNING: [Synth 8-7023] instance 'uart_0' of module 'RISCV_COCOTB_uart_0_0' has 15 connections declared, but only 11 given [/media/steckler/xilinx_linux/RISCV_ZYNQ/V2/RVI20U32/RV32I_COCOTB/RISCV_/RISCV.srcs/sources_1/bd/RISCV_COCOTB/synth/RISCV_COCOTB.v:2287]
INFO: [Synth 8-6155] done synthesizing module 'UART_imp_118P651' (84#1) [/media/steckler/xilinx_linux/RISCV_ZYNQ/V2/RVI20U32/RV32I_COCOTB/RISCV_/RISCV.srcs/sources_1/bd/RISCV_COCOTB/synth/RISCV_COCOTB.v:2240]
INFO: [Synth 8-6155] done synthesizing module 'RISCV_COCOTB' (85#1) [/media/steckler/xilinx_linux/RISCV_ZYNQ/V2/RVI20U32/RV32I_COCOTB/RISCV_/RISCV.srcs/sources_1/bd/RISCV_COCOTB/synth/RISCV_COCOTB.v:656]
---------------------------------------------------------------------------------
Finished RTL Elaboration : Time (s): cpu = 00:00:05 ; elapsed = 00:00:07 . Memory (MB): peak = 2711.137 ; gain = 91.840 ; free physical = 1018 ; free virtual = 23521
---------------------------------------------------------------------------------
---------------------------------------------------------------------------------
Start Handling Custom Attributes
---------------------------------------------------------------------------------
---------------------------------------------------------------------------------
Finished Handling Custom Attributes : Time (s): cpu = 00:00:06 ; elapsed = 00:00:08 . Memory (MB): peak = 2725.980 ; gain = 106.684 ; free physical = 1016 ; free virtual = 23519
---------------------------------------------------------------------------------
---------------------------------------------------------------------------------
Finished RTL Optimization Phase 1 : Time (s): cpu = 00:00:06 ; elapsed = 00:00:08 . Memory (MB): peak = 2725.980 ; gain = 106.684 ; free physical = 1015 ; free virtual = 23519
---------------------------------------------------------------------------------
Netlist sorting complete. Time (s): cpu = 00:00:00.13 ; elapsed = 00:00:00.13 . Memory (MB): peak = 2725.980 ; gain = 0.000 ; free physical = 993 ; free virtual = 23496
INFO: [Project 1-570] Preparing netlist for logic optimization

Processing XDC Constraints
Initializing timing engine
Parsing XDC File [/media/steckler/xilinx_linux/RISCV_ZYNQ/V2/RVI20U32/RV32I_COCOTB/RISCV_/RISCV.srcs/sources_1/bd/RISCV_COCOTB/RISCV_COCOTB_ooc.xdc]
Finished Parsing XDC File [/media/steckler/xilinx_linux/RISCV_ZYNQ/V2/RVI20U32/RV32I_COCOTB/RISCV_/RISCV.srcs/sources_1/bd/RISCV_COCOTB/RISCV_COCOTB_ooc.xdc]
Parsing XDC File [/media/steckler/xilinx_linux/RISCV_ZYNQ/V2/RVI20U32/RV32I_COCOTB/RISCV_/RISCV.runs/RISCV_COCOTB_synth_1/dont_touch.xdc]
Finished Parsing XDC File [/media/steckler/xilinx_linux/RISCV_ZYNQ/V2/RVI20U32/RV32I_COCOTB/RISCV_/RISCV.runs/RISCV_COCOTB_synth_1/dont_touch.xdc]
Completed Processing XDC Constraints

Netlist sorting complete. Time (s): cpu = 00:00:00 ; elapsed = 00:00:00.01 . Memory (MB): peak = 2865.684 ; gain = 0.000 ; free physical = 931 ; free virtual = 23435
INFO: [Project 1-111] Unisim Transformation Summary:
No Unisim elements were transformed.

Constraint Validation Runtime : Time (s): cpu = 00:00:00.31 ; elapsed = 00:00:00.11 . Memory (MB): peak = 2865.684 ; gain = 0.000 ; free physical = 932 ; free virtual = 23435
---------------------------------------------------------------------------------
Finished Constraint Validation : Time (s): cpu = 00:00:14 ; elapsed = 00:00:17 . Memory (MB): peak = 2865.684 ; gain = 246.387 ; free physical = 987 ; free virtual = 23490
---------------------------------------------------------------------------------
---------------------------------------------------------------------------------
Start Loading Part and Timing Information
---------------------------------------------------------------------------------
Loading part: xczu5ev-sfvc784-2-i
INFO: [Synth 8-6742] Reading net delay rules and data
---------------------------------------------------------------------------------
Finished Loading Part and Timing Information : Time (s): cpu = 00:00:14 ; elapsed = 00:00:17 . Memory (MB): peak = 2865.684 ; gain = 246.387 ; free physical = 987 ; free virtual = 23490
---------------------------------------------------------------------------------
---------------------------------------------------------------------------------
Start Applying 'set_property' XDC Constraints
---------------------------------------------------------------------------------
Applied set_property DONT_TOUCH = true for Core_RV32I/RV32I_MEM/regfile_we_gen_0. (constraint file  auto generated constraint, line ).
Applied set_property DONT_TOUCH = true for Core_RV32I/RV32I_MEM/mem_wb_reg_0. (constraint file  auto generated constraint, line ).
Applied set_property DONT_TOUCH = true for Core_RV32I/RV32I_MEM/mem_stage_0. (constraint file  auto generated constraint, line ).
Applied set_property DONT_TOUCH = true for Core_RV32I/RV32I_MEM/sim_constant_0. (constraint file  auto generated constraint, line ).
Applied set_property DONT_TOUCH = true for Core_RV32I/RV32I_EX/alu_0. (constraint file  auto generated constraint, line ).
Applied set_property DONT_TOUCH = true for Core_RV32I/RV32I_EX/operand_b_mux_0. (constraint file  auto generated constraint, line ).
Applied set_property DONT_TOUCH = true for Core_RV32I/RV32I_EX/operand_a_mux_0. (constraint file  auto generated constraint, line ).
Applied set_property DONT_TOUCH = true for Core_RV32I/RV32I_EX/forward_mux_0. (constraint file  auto generated constraint, line ).
Applied set_property DONT_TOUCH = true for Core_RV32I/RV32I_EX/forward_mux_1. (constraint file  auto generated constraint, line ).
Applied set_property DONT_TOUCH = true for Core_RV32I/RV32I_EX/forward_mux_2. (constraint file  auto generated constraint, line ).
Applied set_property DONT_TOUCH = true for Core_RV32I/RV32I_EX/forwarding_0. (constraint file  auto generated constraint, line ).
Applied set_property DONT_TOUCH = true for Core_RV32I/RV32I_EX/branch_0. (constraint file  auto generated constraint, line ).
Applied set_property DONT_TOUCH = true for Core_RV32I/RV32I_EX/ex_mem_reg. (constraint file  auto generated constraint, line ).
Applied set_property DONT_TOUCH = true for Core_RV32I/RV32I_EX/sim_constant_0. (constraint file  auto generated constraint, line ).
Applied set_property DONT_TOUCH = true for Core_RV32I/RV32I_EX/util_vector_and_0. (constraint file  auto generated constraint, line ).
Applied set_property DONT_TOUCH = true for Core_RV32I/RV32I_EX/util_vector_and_1. (constraint file  auto generated constraint, line ).
Applied set_property DONT_TOUCH = true for Core_RV32I/RV32I_WB/wb_mux_0. (constraint file  auto generated constraint, line ).
Applied set_property DONT_TOUCH = true for Core_RV32I/RV32I_ID/regfile_0. (constraint file  auto generated constraint, line ).
Applied set_property DONT_TOUCH = true for Core_RV32I/RV32I_ID/imm_mux_0. (constraint file  auto generated constraint, line ).
Applied set_property DONT_TOUCH = true for Core_RV32I/RV32I_ID/id_ex_reg. (constraint file  auto generated constraint, line ).
Applied set_property DONT_TOUCH = true for Core_RV32I/RV32I_ID/decoder_0. (constraint file  auto generated constraint, line ).
Applied set_property DONT_TOUCH = true for Core_RV32I/RV32I_ID/control_0. (constraint file  auto generated constraint, line ).
Applied set_property DONT_TOUCH = true for Core_RV32I/load_use_detection_0. (constraint file  auto generated constraint, line ).
Applied set_property DONT_TOUCH = true for Core_RV32I/priority_branch_OR_l_0. (constraint file  auto generated constraint, line ).
Applied set_property DONT_TOUCH = true for Core_RV32I/RV32I_IF/pc_to_imem_addr_0. (constraint file  auto generated constraint, line ).
Applied set_property DONT_TOUCH = true for Core_RV32I/RV32I_IF/xlconstant_3. (constraint file  auto generated constraint, line ).
Applied set_property DONT_TOUCH = true for Core_RV32I/RV32I_IF/branch_predictor_btb_0. (constraint file  auto generated constraint, line ).
Applied set_property DONT_TOUCH = true for Core_RV32I/RV32I_IF/if_id_reg_0. (constraint file  auto generated constraint, line ).
Applied set_property DONT_TOUCH = true for Core_RV32I/RV32I_IF/pc_unit_0. (constraint file  auto generated constraint, line ).
Applied set_property DONT_TOUCH = true for Core_RV32I/RV32I_IF/util_vector_or_1. (constraint file  auto generated constraint, line ).
Applied set_property DONT_TOUCH = true for Core_RV32I/RV32I_IF/util_vector_and_0. (constraint file  auto generated constraint, line ).
Applied set_property DONT_TOUCH = true for Core_RV32I/RV32I_IF/util_vector_not_0. (constraint file  auto generated constraint, line ).
Applied set_property DONT_TOUCH = true for Core_RV32I/RV32I_IF/util_vector_not_1. (constraint file  auto generated constraint, line ).
Applied set_property DONT_TOUCH = true for Core_RV32I/RV32I_IF/util_vector_and_1. (constraint file  auto generated constraint, line ).
Applied set_property DONT_TOUCH = true for GPIO/gpio_0. (constraint file  auto generated constraint, line ).
Applied set_property DONT_TOUCH = true for MMIO/mem_bus_registered_0. (constraint file  auto generated constraint, line ).
Applied set_property DONT_TOUCH = true for RV32I_RAM_MEMORY/ram_data. (constraint file  auto generated constraint, line ).
Applied set_property DONT_TOUCH = true for TIMER/timer_0. (constraint file  auto generated constraint, line ).
Applied set_property DONT_TOUCH = true for UART/uart_0. (constraint file  auto generated constraint, line ).
Applied set_property DONT_TOUCH = true for Core_RV32I/RV32I_IF/rom_memory_0. (constraint file  auto generated constraint, line ).
---------------------------------------------------------------------------------
Finished applying 'set_property' XDC Constraints : Time (s): cpu = 00:00:14 ; elapsed = 00:00:17 . Memory (MB): peak = 2865.684 ; gain = 246.387 ; free physical = 983 ; free virtual = 23487
---------------------------------------------------------------------------------
INFO: [Synth 8-802] inferred FSM for state register 'rx_state_reg' in module 'uart'
INFO: [Synth 8-6904] The RAM "regfile:/regs_reg" of size (depth=32 x width=32) is automatically implemented using LUTRAM. BRAM implementation would be inefficient 
---------------------------------------------------------------------------------------------------
                   State |                     New Encoding |                Previous Encoding 
---------------------------------------------------------------------------------------------------
                 RX_IDLE |                               00 |                               00
                RX_START |                               01 |                               01
                 RX_DATA |                               10 |                               10
                 RX_STOP |                               11 |                               11
---------------------------------------------------------------------------------------------------
INFO: [Synth 8-3354] encoded FSM with state register 'rx_state_reg' using encoding 'sequential' in module 'uart'
---------------------------------------------------------------------------------
Finished RTL Optimization Phase 2 : Time (s): cpu = 00:00:16 ; elapsed = 00:00:20 . Memory (MB): peak = 2865.684 ; gain = 246.387 ; free physical = 987 ; free virtual = 23492
---------------------------------------------------------------------------------
---------------------------------------------------------------------------------
Start RTL Component Statistics 
---------------------------------------------------------------------------------
Detailed RTL Component Info : 
+---Adders : 
	   2 Input   32 Bit       Adders := 10    
	   3 Input   32 Bit       Adders := 1     
	   2 Input    4 Bit       Adders := 1     
	   2 Input    3 Bit       Adders := 1     
	   2 Input    2 Bit       Adders := 1     
+---XORs : 
	   2 Input     32 Bit         XORs := 1     
+---Registers : 
	               32 Bit    Registers := 109   
	               31 Bit    Registers := 1     
	               24 Bit    Registers := 64    
	               10 Bit    Registers := 1     
	                8 Bit    Registers := 4     
	                5 Bit    Registers := 8     
	                4 Bit    Registers := 4     
	                3 Bit    Registers := 7     
	                2 Bit    Registers := 69    
	                1 Bit    Registers := 112   
+---RAMs : 
	               8K Bit	(1024 X 8 bit)          RAMs := 4     
	             1024 Bit	(32 X 32 bit)          RAMs := 1     
+---ROMs : 
	                    ROMs := 1     
+---Muxes : 
	   2 Input   32 Bit        Muxes := 46    
	   4 Input   32 Bit        Muxes := 14    
	   5 Input   32 Bit        Muxes := 3     
	   2 Input   10 Bit        Muxes := 2     
	   2 Input    8 Bit        Muxes := 4     
	   4 Input    8 Bit        Muxes := 1     
	   2 Input    4 Bit        Muxes := 2     
	   8 Input    4 Bit        Muxes := 2     
	  11 Input    4 Bit        Muxes := 1     
	   9 Input    4 Bit        Muxes := 1     
	   2 Input    3 Bit        Muxes := 5     
	  11 Input    3 Bit        Muxes := 2     
	   7 Input    3 Bit        Muxes := 1     
	   6 Input    3 Bit        Muxes := 1     
	   4 Input    3 Bit        Muxes := 1     
	   2 Input    2 Bit        Muxes := 7     
	  11 Input    2 Bit        Muxes := 4     
	   6 Input    2 Bit        Muxes := 1     
	   4 Input    2 Bit        Muxes := 2     
	   2 Input    1 Bit        Muxes := 169   
	  11 Input    1 Bit        Muxes := 8     
	   6 Input    1 Bit        Muxes := 1     
	   3 Input    1 Bit        Muxes := 2     
	   5 Input    1 Bit        Muxes := 12    
	   4 Input    1 Bit        Muxes := 9     
---------------------------------------------------------------------------------
Finished RTL Component Statistics 
---------------------------------------------------------------------------------
---------------------------------------------------------------------------------
Start Part Resource Summary
---------------------------------------------------------------------------------
Part Resources:
DSPs: 1248 (col length:96)
BRAMs: 288 (col length: RAMB18 96 RAMB36 48)
---------------------------------------------------------------------------------
Finished Part Resource Summary
---------------------------------------------------------------------------------
---------------------------------------------------------------------------------
Start Cross Boundary and Area Optimization
---------------------------------------------------------------------------------
INFO: [Synth 8-6904] The RAM "\Core_RV32I/RV32I_ID/regfile_0/inst/regs_reg " of size (depth=32 x width=32) is automatically implemented using LUTRAM. BRAM implementation would be inefficient 
---------------------------------------------------------------------------------
Finished Cross Boundary and Area Optimization : Time (s): cpu = 00:00:31 ; elapsed = 00:00:35 . Memory (MB): peak = 2865.684 ; gain = 246.387 ; free physical = 959 ; free virtual = 23474
---------------------------------------------------------------------------------
---------------------------------------------------------------------------------
Start ROM, RAM, DSP and Shift Register Reporting
---------------------------------------------------------------------------------

ROM: Preliminary Mapping	Report
+----------------------------+---------------+---------------+----------------+
|Module Name                 | RTL Object    | Depth x Width | Implemented As | 
+----------------------------+---------------+---------------+----------------+
|RISCV_COCOTB_rom_memory_0_0 | inst/dout_reg | 2048x31       | Block RAM      | 
|RISCV_COCOTB_rom_memory_0_0 | inst/dout_reg | 2048x31       | Block RAM      | 
+----------------------------+---------------+---------------+----------------+


Distributed RAM: Preliminary Mapping	Report (see note below)
+--------------------------------+---------------+-----------+----------------------+-----------------+
|Module Name                     | RTL Object    | Inference | Size (Depth x Width) | Primitives      | 
+--------------------------------+---------------+-----------+----------------------+-----------------+
|\Core_RV32I/RV32I_ID/regfile_0  | inst/regs_reg | Implied   | 32 x 32              | RAM32M16 x 6	   | 
|\RV32I_RAM_MEMORY/ram_data      | inst/mem0_reg | Implied   | 1 K x 8              | RAM512X1S x 16	 | 
|\RV32I_RAM_MEMORY/ram_data      | inst/mem1_reg | Implied   | 1 K x 8              | RAM512X1S x 16	 | 
|\RV32I_RAM_MEMORY/ram_data      | inst/mem2_reg | Implied   | 1 K x 8              | RAM512X1S x 16	 | 
|\RV32I_RAM_MEMORY/ram_data      | inst/mem3_reg | Implied   | 1 K x 8              | RAM512X1S x 16	 | 
+--------------------------------+---------------+-----------+----------------------+-----------------+

Note: The table above is a preliminary report that shows the Distributed RAMs at the current stage of the synthesis flow. Some Distributed RAMs may be reimplemented as non Distributed RAM primitives later in the synthesis flow. Multiple instantiated RAMs are reported only once.
---------------------------------------------------------------------------------
Finished ROM, RAM, DSP and Shift Register Reporting
---------------------------------------------------------------------------------
---------------------------------------------------------------------------------
Start Applying XDC Timing Constraints
---------------------------------------------------------------------------------
---------------------------------------------------------------------------------
Finished Applying XDC Timing Constraints : Time (s): cpu = 00:00:48 ; elapsed = 00:01:07 . Memory (MB): peak = 3260.926 ; gain = 641.629 ; free physical = 402 ; free virtual = 22917
---------------------------------------------------------------------------------
---------------------------------------------------------------------------------
Start Timing Optimization
---------------------------------------------------------------------------------
---------------------------------------------------------------------------------
Finished Timing Optimization : Time (s): cpu = 00:00:49 ; elapsed = 00:01:08 . Memory (MB): peak = 3263.926 ; gain = 644.629 ; free physical = 400 ; free virtual = 22915
---------------------------------------------------------------------------------
---------------------------------------------------------------------------------
Start ROM, RAM, DSP and Shift Register Reporting
---------------------------------------------------------------------------------

Distributed RAM: Final Mapping	Report
+--------------------------------+---------------+-----------+----------------------+-----------------+
|Module Name                     | RTL Object    | Inference | Size (Depth x Width) | Primitives      | 
+--------------------------------+---------------+-----------+----------------------+-----------------+
|\Core_RV32I/RV32I_ID/regfile_0  | inst/regs_reg | Implied   | 32 x 32              | RAM32M16 x 6	   | 
|\RV32I_RAM_MEMORY/ram_data      | inst/mem0_reg | Implied   | 1 K x 8              | RAM512X1S x 16	 | 
|\RV32I_RAM_MEMORY/ram_data      | inst/mem1_reg | Implied   | 1 K x 8              | RAM512X1S x 16	 | 
|\RV32I_RAM_MEMORY/ram_data      | inst/mem2_reg | Implied   | 1 K x 8              | RAM512X1S x 16	 | 
|\RV32I_RAM_MEMORY/ram_data      | inst/mem3_reg | Implied   | 1 K x 8              | RAM512X1S x 16	 | 
+--------------------------------+---------------+-----------+----------------------+-----------------+

---------------------------------------------------------------------------------
Finished ROM, RAM, DSP and Shift Register Reporting
---------------------------------------------------------------------------------
---------------------------------------------------------------------------------
Start Technology Mapping
---------------------------------------------------------------------------------
INFO: [Synth 8-7052] The timing for the instance Core_RV32I/RV32I_IF/rom_memory_0/inst/dout_reg_0 (implemented as a Block RAM) might be sub-optimal as no optional output register could be merged into the ram block. Providing additional output register may help in improving timing.
INFO: [Synth 8-7052] The timing for the instance Core_RV32I/RV32I_IF/rom_memory_0/inst/dout_reg_1 (implemented as a Block RAM) might be sub-optimal as no optional output register could be merged into the ram block. Providing additional output register may help in improving timing.
---------------------------------------------------------------------------------
Finished Technology Mapping : Time (s): cpu = 00:00:50 ; elapsed = 00:01:10 . Memory (MB): peak = 3292.980 ; gain = 673.684 ; free physical = 394 ; free virtual = 22909
---------------------------------------------------------------------------------
---------------------------------------------------------------------------------
Start IO Insertion
---------------------------------------------------------------------------------
---------------------------------------------------------------------------------
Start Flattening Before IO Insertion
---------------------------------------------------------------------------------
---------------------------------------------------------------------------------
Finished Flattening Before IO Insertion
---------------------------------------------------------------------------------
---------------------------------------------------------------------------------
Start Final Netlist Cleanup
---------------------------------------------------------------------------------
---------------------------------------------------------------------------------
Finished Final Netlist Cleanup
---------------------------------------------------------------------------------
WARNING: [Synth 8-3295] tying undriven pin Core_RV32I/RV32I_ID/id_ex_reg:id_mem_unsigned to constant 0
---------------------------------------------------------------------------------
Finished IO Insertion : Time (s): cpu = 00:00:53 ; elapsed = 00:01:13 . Memory (MB): peak = 3292.980 ; gain = 673.684 ; free physical = 394 ; free virtual = 22909
---------------------------------------------------------------------------------
---------------------------------------------------------------------------------
Start Renaming Generated Instances
---------------------------------------------------------------------------------
---------------------------------------------------------------------------------
Finished Renaming Generated Instances : Time (s): cpu = 00:00:53 ; elapsed = 00:01:13 . Memory (MB): peak = 3292.980 ; gain = 673.684 ; free physical = 394 ; free virtual = 22909
---------------------------------------------------------------------------------
---------------------------------------------------------------------------------
Start Rebuilding User Hierarchy
---------------------------------------------------------------------------------
---------------------------------------------------------------------------------
Finished Rebuilding User Hierarchy : Time (s): cpu = 00:00:53 ; elapsed = 00:01:13 . Memory (MB): peak = 3292.980 ; gain = 673.684 ; free physical = 393 ; free virtual = 22908
---------------------------------------------------------------------------------
---------------------------------------------------------------------------------
Start Renaming Generated Ports
---------------------------------------------------------------------------------
---------------------------------------------------------------------------------
Finished Renaming Generated Ports : Time (s): cpu = 00:00:53 ; elapsed = 00:01:13 . Memory (MB): peak = 3292.980 ; gain = 673.684 ; free physical = 393 ; free virtual = 22908
---------------------------------------------------------------------------------
---------------------------------------------------------------------------------
Start Handling Custom Attributes
---------------------------------------------------------------------------------
---------------------------------------------------------------------------------
Finished Handling Custom Attributes : Time (s): cpu = 00:00:53 ; elapsed = 00:01:14 . Memory (MB): peak = 3292.980 ; gain = 673.684 ; free physical = 393 ; free virtual = 22908
---------------------------------------------------------------------------------
---------------------------------------------------------------------------------
Start Renaming Generated Nets
---------------------------------------------------------------------------------
---------------------------------------------------------------------------------
Finished Renaming Generated Nets : Time (s): cpu = 00:00:54 ; elapsed = 00:01:14 . Memory (MB): peak = 3292.980 ; gain = 673.684 ; free physical = 393 ; free virtual = 22908
---------------------------------------------------------------------------------
---------------------------------------------------------------------------------
Start Writing Synthesis Report
---------------------------------------------------------------------------------

Report BlackBoxes: 
+-+--------------+----------+
| |BlackBox name |Instances |
+-+--------------+----------+
+-+--------------+----------+

Report Cell Usage: 
+------+----------+------+
|      |Cell      |Count |
+------+----------+------+
|1     |CARRY8    |    63|
|2     |LUT1      |    17|
|3     |LUT2      |   344|
|4     |LUT3      |   117|
|5     |LUT4      |   424|
|6     |LUT5      |   366|
|7     |LUT6      |  2089|
|8     |MUXF7     |   513|
|9     |MUXF8     |   240|
|10    |RAM32M16  |     6|
|11    |RAM512X1S |    64|
|12    |RAMB36E2  |     2|
|14    |FDCE      |   131|
|15    |FDRE      |  5156|
|16    |FDSE      |    83|
+------+----------+------+
---------------------------------------------------------------------------------
Finished Writing Synthesis Report : Time (s): cpu = 00:00:54 ; elapsed = 00:01:14 . Memory (MB): peak = 3292.980 ; gain = 673.684 ; free physical = 393 ; free virtual = 22908
---------------------------------------------------------------------------------
Synthesis finished with 0 errors, 0 critical warnings and 1 warnings.
Synthesis Optimization Runtime : Time (s): cpu = 00:00:50 ; elapsed = 00:01:08 . Memory (MB): peak = 3292.980 ; gain = 533.980 ; free physical = 432 ; free virtual = 22947
Synthesis Optimization Complete : Time (s): cpu = 00:00:54 ; elapsed = 00:01:14 . Memory (MB): peak = 3292.988 ; gain = 673.684 ; free physical = 432 ; free virtual = 22947
INFO: [Project 1-571] Translating synthesized netlist
Netlist sorting complete. Time (s): cpu = 00:00:00.11 ; elapsed = 00:00:00.12 . Memory (MB): peak = 3303.949 ; gain = 0.000 ; free physical = 499 ; free virtual = 23013
INFO: [Netlist 29-17] Analyzing 886 Unisim elements for replacement
INFO: [Netlist 29-28] Unisim Transformation completed in 0 CPU seconds
INFO: [Project 1-570] Preparing netlist for logic optimization
INFO: [Opt 31-138] Pushed 0 inverter(s) to 0 load pin(s).
Netlist sorting complete. Time (s): cpu = 00:00:00 ; elapsed = 00:00:00 . Memory (MB): peak = 3353.809 ; gain = 0.000 ; free physical = 438 ; free virtual = 22953
INFO: [Project 1-111] Unisim Transformation Summary:
  A total of 70 instances were transformed.
  RAM32M16 => RAM32M16 (RAMD32(x14), RAMS32(x2)): 6 instances
  RAM512X1S => RAM512X1S (MUXF7(x4), MUXF8(x2), MUXF9, RAMS64E1(x8)): 64 instances

INFO: [Common 17-83] Releasing license: Synthesis
320 Infos, 94 Warnings, 0 Critical Warnings and 0 Errors encountered.
synth_design completed successfully
synth_design: Time (s): cpu = 00:01:11 ; elapsed = 00:01:36 . Memory (MB): peak = 3353.809 ; gain = 889.773 ; free physical = 577 ; free virtual = 23091
INFO: [Coretcl 2-1174] Renamed 75 cell refs.
INFO: [Common 17-1381] The checkpoint '/media/steckler/xilinx_linux/RISCV_ZYNQ/V2/RVI20U32/RV32I_COCOTB/RISCV_/RISCV.runs/RISCV_COCOTB_synth_1/RISCV_COCOTB.dcp' has been generated.
INFO: [runtcl-4] Executing : report_utilization -file RISCV_COCOTB_utilization_synth.rpt -pb RISCV_COCOTB_utilization_synth.pb
INFO: [Common 17-206] Exiting Vivado at Sat May 30 23:27:57 2026...
